solid ASCII
  facet normal 0.000000e+00 0.000000e+00 1.000000e+00
    outer loop
      vertex   1.116823e+01 -8.532406e+00 1.300000e+01
      vertex   4.176693e+00 -8.641150e+00 1.300000e+01
      vertex   1.117500e+01 -8.750000e+00 1.300000e+01
    endloop
  endfacet
  facet normal 0.000000e+00 0.000000e+00 1.000000e+00
    outer loop
      vertex   1.117500e+01 -8.750000e+00 1.300000e+01
      vertex   4.176693e+00 -8.641150e+00 1.300000e+01
      vertex   4.176693e+00 -8.858850e+00 1.300000e+01
    endloop
  endfacet
  facet normal 0.000000e+00 0.000000e+00 1.000000e+00
    outer loop
      vertex   1.117500e+01 -8.750000e+00 1.300000e+01
      vertex   4.176693e+00 -8.858850e+00 1.300000e+01
      vertex   1.116823e+01 -8.967594e+00 1.300000e+01
    endloop
  endfacet
  facet normal 0.000000e+00 0.000000e+00 1.000000e+00
    outer loop
      vertex   1.116823e+01 -8.967594e+00 1.300000e+01
      vertex   4.176693e+00 -8.858850e+00 1.300000e+01
      vertex   4.190227e+00 -9.076127e+00 1.300000e+01
    endloop
  endfacet
  facet normal 0.000000e+00 0.000000e+00 1.000000e+00
    outer loop
      vertex   1.116823e+01 -8.967594e+00 1.300000e+01
      vertex   4.190227e+00 -9.076127e+00 1.300000e+01
      vertex   1.114794e+01 -9.184346e+00 1.300000e+01
    endloop
  endfacet
  facet normal 0.000000e+00 0.000000e+00 1.000000e+00
    outer loop
      vertex   1.114794e+01 -9.184346e+00 1.300000e+01
      vertex   4.190227e+00 -9.076127e+00 1.300000e+01
      vertex   4.217243e+00 -9.292144e+00 1.300000e+01
    endloop
  endfacet
  facet normal 0.000000e+00 0.000000e+00 1.000000e+00
    outer loop
      vertex   1.114794e+01 -9.184346e+00 1.300000e+01
      vertex   4.217243e+00 -9.292144e+00 1.300000e+01
      vertex   1.111422e+01 -9.399417e+00 1.300000e+01
    endloop
  endfacet
  facet normal 0.000000e+00 0.000000e+00 1.000000e+00
    outer loop
      vertex   1.111422e+01 -9.399417e+00 1.300000e+01
      vertex   4.217243e+00 -9.292144e+00 1.300000e+01
      vertex   4.257637e+00 -9.506062e+00 1.300000e+01
    endloop
  endfacet
  facet normal 0.000000e+00 0.000000e+00 1.000000e+00
    outer loop
      vertex   1.111422e+01 -9.399417e+00 1.300000e+01
      vertex   4.257637e+00 -9.506062e+00 1.300000e+01
      vertex   1.106720e+01 -9.611976e+00 1.300000e+01
    endloop
  endfacet
  facet normal 0.000000e+00 0.000000e+00 1.000000e+00
    outer loop
      vertex   1.106720e+01 -9.611976e+00 1.300000e+01
      vertex   4.257637e+00 -9.506062e+00 1.300000e+01
      vertex   4.311252e+00 -9.717056e+00 1.300000e+01
    endloop
  endfacet
  facet normal 0.000000e+00 0.000000e+00 1.000000e+00
    outer loop
      vertex   1.106720e+01 -9.611976e+00 1.300000e+01
      vertex   4.311252e+00 -9.717056e+00 1.300000e+01
      vertex   1.100705e+01 -9.821200e+00 1.300000e+01
    endloop
  endfacet
  facet normal 0.000000e+00 0.000000e+00 1.000000e+00
    outer loop
      vertex   1.100705e+01 -9.821200e+00 1.300000e+01
      vertex   4.311252e+00 -9.717056e+00 1.300000e+01
      vertex   1.093400e+01 -1.002628e+01 1.300000e+01
    endloop
  endfacet
  facet normal 0.000000e+00 0.000000e+00 1.000000e+00
    outer loop
      vertex   1.093400e+01 -1.002628e+01 1.300000e+01
      vertex   4.311252e+00 -9.717056e+00 1.300000e+01
      vertex   1.084835e+01 -1.022642e+01 1.300000e+01
    endloop
  endfacet
  facet normal 0.000000e+00 0.000000e+00 1.000000e+00
    outer loop
      vertex   1.084835e+01 -1.022642e+01 1.300000e+01
      vertex   4.311252e+00 -9.717056e+00 1.300000e+01
      vertex   1.075043e+01 -1.042085e+01 1.300000e+01
    endloop
  endfacet
  facet normal 0.000000e+00 0.000000e+00 1.000000e+00
    outer loop
      vertex   1.075043e+01 -1.042085e+01 1.300000e+01
      vertex   4.311252e+00 -9.717056e+00 1.300000e+01
      vertex   1.064060e+01 -1.060882e+01 1.300000e+01
    endloop
  endfacet
  facet normal 0.000000e+00 0.000000e+00 1.000000e+00
    outer loop
      vertex   1.064060e+01 -1.060882e+01 1.300000e+01
      vertex   4.311252e+00 -9.717056e+00 1.300000e+01
      vertex   1.051930e+01 -1.078959e+01 1.300000e+01
    endloop
  endfacet
  facet normal 0.000000e+00 0.000000e+00 1.000000e+00
    outer loop
      vertex   1.051930e+01 -1.078959e+01 1.300000e+01
      vertex   4.311252e+00 -9.717056e+00 1.300000e+01
      vertex   1.038700e+01 -1.096248e+01 1.300000e+01
    endloop
  endfacet
  facet normal 0.000000e+00 0.000000e+00 1.000000e+00
    outer loop
      vertex   1.038700e+01 -1.096248e+01 1.300000e+01
      vertex   4.311252e+00 -9.717056e+00 1.300000e+01
      vertex   1.024420e+01 -1.112680e+01 1.300000e+01
    endloop
  endfacet
  facet normal 0.000000e+00 0.000000e+00 1.000000e+00
    outer loop
      vertex   1.024420e+01 -1.112680e+01 1.300000e+01
      vertex   4.311252e+00 -9.717056e+00 1.300000e+01
      vertex   1.009147e+01 -1.128193e+01 1.300000e+01
    endloop
  endfacet
  facet normal 0.000000e+00 0.000000e+00 1.000000e+00
    outer loop
      vertex   1.009147e+01 -1.128193e+01 1.300000e+01
      vertex   4.311252e+00 -9.717056e+00 1.300000e+01
      vertex   9.929386e+00 -1.142726e+01 1.300000e+01
    endloop
  endfacet
  facet normal 0.000000e+00 0.000000e+00 1.000000e+00
    outer loop
      vertex   9.929386e+00 -1.142726e+01 1.300000e+01
      vertex   4.311252e+00 -9.717056e+00 1.300000e+01
      vertex   9.758581e+00 -1.156224e+01 1.300000e+01
    endloop
  endfacet
  facet normal 0.000000e+00 0.000000e+00 1.000000e+00
    outer loop
      vertex   9.758581e+00 -1.156224e+01 1.300000e+01
      vertex   4.311252e+00 -9.717056e+00 1.300000e+01
      vertex   9.579715e+00 -1.168633e+01 1.300000e+01
    endloop
  endfacet
  facet normal 0.000000e+00 0.000000e+00 1.000000e+00
    outer loop
      vertex   9.579715e+00 -1.168633e+01 1.300000e+01
      vertex   4.311252e+00 -9.717056e+00 1.300000e+01
      vertex   9.393479e+00 -1.179907e+01 1.300000e+01
    endloop
  endfacet
  facet normal 0.000000e+00 0.000000e+00 1.000000e+00
    outer loop
      vertex   9.393479e+00 -1.179907e+01 1.300000e+01
      vertex   4.311252e+00 -9.717056e+00 1.300000e+01
      vertex   9.200595e+00 -1.190001e+01 1.300000e+01
    endloop
  endfacet
  facet normal 0.000000e+00 0.000000e+00 1.000000e+00
    outer loop
      vertex   9.200595e+00 -1.190001e+01 1.300000e+01
      vertex   4.311252e+00 -9.717056e+00 1.300000e+01
      vertex   9.001809e+00 -1.198876e+01 1.300000e+01
    endloop
  endfacet
  facet normal 0.000000e+00 0.000000e+00 1.000000e+00
    outer loop
      vertex   9.001809e+00 -1.198876e+01 1.300000e+01
      vertex   4.311252e+00 -9.717056e+00 1.300000e+01
      vertex   8.797890e+00 -1.206498e+01 1.300000e+01
    endloop
  endfacet
  facet normal 0.000000e+00 0.000000e+00 1.000000e+00
    outer loop
      vertex   8.797890e+00 -1.206498e+01 1.300000e+01
      vertex   4.311252e+00 -9.717056e+00 1.300000e+01
      vertex   8.589627e+00 -1.212838e+01 1.300000e+01
    endloop
  endfacet
  facet normal 0.000000e+00 0.000000e+00 1.000000e+00
    outer loop
      vertex   8.589627e+00 -1.212838e+01 1.300000e+01
      vertex   4.311252e+00 -9.717056e+00 1.300000e+01
      vertex   8.377825e+00 -1.217871e+01 1.300000e+01
    endloop
  endfacet
  facet normal 0.000000e+00 0.000000e+00 1.000000e+00
    outer loop
      vertex   8.377825e+00 -1.217871e+01 1.300000e+01
      vertex   4.311252e+00 -9.717056e+00 1.300000e+01
      vertex   8.163304e+00 -1.221577e+01 1.300000e+01
    endloop
  endfacet
  facet normal 0.000000e+00 0.000000e+00 1.000000e+00
    outer loop
      vertex   8.163304e+00 -1.221577e+01 1.300000e+01
      vertex   4.311252e+00 -9.717056e+00 1.300000e+01
      vertex   7.946893e+00 -1.223942e+01 1.300000e+01
    endloop
  endfacet
  facet normal 0.000000e+00 0.000000e+00 1.000000e+00
    outer loop
      vertex   7.946893e+00 -1.223942e+01 1.300000e+01
      vertex   4.311252e+00 -9.717056e+00 1.300000e+01
      vertex   7.729431e+00 -1.224958e+01 1.300000e+01
    endloop
  endfacet
  facet normal 0.000000e+00 0.000000e+00 1.000000e+00
    outer loop
      vertex   7.729431e+00 -1.224958e+01 1.300000e+01
      vertex   4.311252e+00 -9.717056e+00 1.300000e+01
      vertex   7.511759e+00 -1.224619e+01 1.300000e+01
    endloop
  endfacet
  facet normal 0.000000e+00 0.000000e+00 1.000000e+00
    outer loop
      vertex   7.511759e+00 -1.224619e+01 1.300000e+01
      vertex   4.311252e+00 -9.717056e+00 1.300000e+01
      vertex   7.294717e+00 -1.222928e+01 1.300000e+01
    endloop
  endfacet
  facet normal 0.000000e+00 0.000000e+00 1.000000e+00
    outer loop
      vertex   7.294717e+00 -1.222928e+01 1.300000e+01
      vertex   4.311252e+00 -9.717056e+00 1.300000e+01
      vertex   7.079148e+00 -1.219891e+01 1.300000e+01
    endloop
  endfacet
  facet normal 0.000000e+00 0.000000e+00 1.000000e+00
    outer loop
      vertex   7.079148e+00 -1.219891e+01 1.300000e+01
      vertex   4.311252e+00 -9.717056e+00 1.300000e+01
      vertex   6.865883e+00 -1.215519e+01 1.300000e+01
    endloop
  endfacet
  facet normal 0.000000e+00 0.000000e+00 1.000000e+00
    outer loop
      vertex   6.865883e+00 -1.215519e+01 1.300000e+01
      vertex   4.311252e+00 -9.717056e+00 1.300000e+01
      vertex   6.655749e+00 -1.209830e+01 1.300000e+01
    endloop
  endfacet
  facet normal 0.000000e+00 0.000000e+00 1.000000e+00
    outer loop
      vertex   6.655749e+00 -1.209830e+01 1.300000e+01
      vertex   4.311252e+00 -9.717056e+00 1.300000e+01
      vertex   6.449557e+00 -1.202846e+01 1.300000e+01
    endloop
  endfacet
  facet normal 0.000000e+00 0.000000e+00 1.000000e+00
    outer loop
      vertex   6.449557e+00 -1.202846e+01 1.300000e+01
      vertex   4.311252e+00 -9.717056e+00 1.300000e+01
      vertex   6.248107e+00 -1.194593e+01 1.300000e+01
    endloop
  endfacet
  facet normal 0.000000e+00 0.000000e+00 1.000000e+00
    outer loop
      vertex   6.248107e+00 -1.194593e+01 1.300000e+01
      vertex   4.311252e+00 -9.717056e+00 1.300000e+01
      vertex   6.052178e+00 -1.185104e+01 1.300000e+01
    endloop
  endfacet
  facet normal 0.000000e+00 0.000000e+00 1.000000e+00
    outer loop
      vertex   6.052178e+00 -1.185104e+01 1.300000e+01
      vertex   4.311252e+00 -9.717056e+00 1.300000e+01
      vertex   5.862526e+00 -1.174415e+01 1.300000e+01
    endloop
  endfacet
  facet normal 0.000000e+00 0.000000e+00 1.000000e+00
    outer loop
      vertex   5.862526e+00 -1.174415e+01 1.300000e+01
      vertex   4.311252e+00 -9.717056e+00 1.300000e+01
      vertex   5.679887e+00 -1.162568e+01 1.300000e+01
    endloop
  endfacet
  facet normal 0.000000e+00 0.000000e+00 1.000000e+00
    outer loop
      vertex   5.679887e+00 -1.162568e+01 1.300000e+01
      vertex   4.311252e+00 -9.717056e+00 1.300000e+01
      vertex   5.504967e+00 -1.149608e+01 1.300000e+01
    endloop
  endfacet
  facet normal 0.000000e+00 0.000000e+00 1.000000e+00
    outer loop
      vertex   5.504967e+00 -1.149608e+01 1.300000e+01
      vertex   4.311252e+00 -9.717056e+00 1.300000e+01
      vertex   5.338442e+00 -1.135586e+01 1.300000e+01
    endloop
  endfacet
  facet normal 0.000000e+00 0.000000e+00 1.000000e+00
    outer loop
      vertex   5.338442e+00 -1.135586e+01 1.300000e+01
      vertex   4.311252e+00 -9.717056e+00 1.300000e+01
      vertex   5.180956e+00 -1.120555e+01 1.300000e+01
    endloop
  endfacet
  facet normal 0.000000e+00 0.000000e+00 1.000000e+00
    outer loop
      vertex   5.180956e+00 -1.120555e+01 1.300000e+01
      vertex   4.311252e+00 -9.717056e+00 1.300000e+01
      vertex   5.033120e+00 -1.104575e+01 1.300000e+01
    endloop
  endfacet
  facet normal 0.000000e+00 0.000000e+00 1.000000e+00
    outer loop
      vertex   5.033120e+00 -1.104575e+01 1.300000e+01
      vertex   4.311252e+00 -9.717056e+00 1.300000e+01
      vertex   4.377880e+00 -9.924308e+00 1.300000e+01
    endloop
  endfacet
  facet normal 0.000000e+00 0.000000e+00 1.000000e+00
    outer loop
      vertex   5.033120e+00 -1.104575e+01 1.300000e+01
      vertex   4.377880e+00 -9.924308e+00 1.300000e+01
      vertex   4.895504e+00 -1.087706e+01 1.300000e+01
    endloop
  endfacet
  facet normal 0.000000e+00 0.000000e+00 1.000000e+00
    outer loop
      vertex   4.895504e+00 -1.087706e+01 1.300000e+01
      vertex   4.377880e+00 -9.924308e+00 1.300000e+01
      vertex   4.768642e+00 -1.070015e+01 1.300000e+01
    endloop
  endfacet
  facet normal 0.000000e+00 0.000000e+00 1.000000e+00
    outer loop
      vertex   4.768642e+00 -1.070015e+01 1.300000e+01
      vertex   4.377880e+00 -9.924308e+00 1.300000e+01
      vertex   4.653024e+00 -1.051569e+01 1.300000e+01
    endloop
  endfacet
  facet normal 0.000000e+00 0.000000e+00 1.000000e+00
    outer loop
      vertex   4.653024e+00 -1.051569e+01 1.300000e+01
      vertex   4.377880e+00 -9.924308e+00 1.300000e+01
      vertex   4.549097e+00 -1.032440e+01 1.300000e+01
    endloop
  endfacet
  facet normal 0.000000e+00 0.000000e+00 1.000000e+00
    outer loop
      vertex   4.549097e+00 -1.032440e+01 1.300000e+01
      vertex   4.377880e+00 -9.924308e+00 1.300000e+01
      vertex   4.457264e+00 -1.012702e+01 1.300000e+01
    endloop
  endfacet
  facet normal 0.000000e+00 0.000000e+00 1.000000e+00
    outer loop
      vertex   4.176693e+00 -8.641150e+00 1.300000e+01
      vertex   1.116823e+01 -8.532406e+00 1.300000e+01
      vertex   4.190227e+00 -8.423873e+00 1.300000e+01
    endloop
  endfacet
  facet normal -0.000000e+00 0.000000e+00 1.000000e+00
    outer loop
      vertex   4.190227e+00 -8.423873e+00 1.300000e+01
      vertex   1.116823e+01 -8.532406e+00 1.300000e+01
      vertex   1.114794e+01 -8.315654e+00 1.300000e+01
    endloop
  endfacet
  facet normal 0.000000e+00 0.000000e+00 1.000000e+00
    outer loop
      vertex   4.190227e+00 -8.423873e+00 1.300000e+01
      vertex   1.114794e+01 -8.315654e+00 1.300000e+01
      vertex   4.217243e+00 -8.207856e+00 1.300000e+01
    endloop
  endfacet
  facet normal -0.000000e+00 0.000000e+00 1.000000e+00
    outer loop
      vertex   4.217243e+00 -8.207856e+00 1.300000e+01
      vertex   1.114794e+01 -8.315654e+00 1.300000e+01
      vertex   1.111422e+01 -8.100583e+00 1.300000e+01
    endloop
  endfacet
  facet normal 0.000000e+00 0.000000e+00 1.000000e+00
    outer loop
      vertex   4.217243e+00 -8.207856e+00 1.300000e+01
      vertex   1.111422e+01 -8.100583e+00 1.300000e+01
      vertex   4.257637e+00 -7.993938e+00 1.300000e+01
    endloop
  endfacet
  facet normal -0.000000e+00 0.000000e+00 1.000000e+00
    outer loop
      vertex   4.257637e+00 -7.993938e+00 1.300000e+01
      vertex   1.111422e+01 -8.100583e+00 1.300000e+01
      vertex   1.106720e+01 -7.888024e+00 1.300000e+01
    endloop
  endfacet
  facet normal 0.000000e+00 0.000000e+00 1.000000e+00
    outer loop
      vertex   4.257637e+00 -7.993938e+00 1.300000e+01
      vertex   1.106720e+01 -7.888024e+00 1.300000e+01
      vertex   4.311252e+00 -7.782944e+00 1.300000e+01
    endloop
  endfacet
  facet normal -0.000000e+00 0.000000e+00 1.000000e+00
    outer loop
      vertex   4.311252e+00 -7.782944e+00 1.300000e+01
      vertex   1.106720e+01 -7.888024e+00 1.300000e+01
      vertex   1.100705e+01 -7.678800e+00 1.300000e+01
    endloop
  endfacet
  facet normal 0.000000e+00 0.000000e+00 1.000000e+00
    outer loop
      vertex   4.311252e+00 -7.782944e+00 1.300000e+01
      vertex   1.100705e+01 -7.678800e+00 1.300000e+01
      vertex   4.377880e+00 -7.575692e+00 1.300000e+01
    endloop
  endfacet
  facet normal -0.000000e+00 0.000000e+00 1.000000e+00
    outer loop
      vertex   4.377880e+00 -7.575692e+00 1.300000e+01
      vertex   1.100705e+01 -7.678800e+00 1.300000e+01
      vertex   1.093400e+01 -7.473720e+00 1.300000e+01
    endloop
  endfacet
  facet normal 0.000000e+00 0.000000e+00 1.000000e+00
    outer loop
      vertex   4.377880e+00 -7.575692e+00 1.300000e+01
      vertex   1.093400e+01 -7.473720e+00 1.300000e+01
      vertex   4.457264e+00 -7.372982e+00 1.300000e+01
    endloop
  endfacet
  facet normal -0.000000e+00 0.000000e+00 1.000000e+00
    outer loop
      vertex   4.457264e+00 -7.372982e+00 1.300000e+01
      vertex   1.093400e+01 -7.473720e+00 1.300000e+01
      vertex   1.084835e+01 -7.273577e+00 1.300000e+01
    endloop
  endfacet
  facet normal 0.000000e+00 0.000000e+00 1.000000e+00
    outer loop
      vertex   4.457264e+00 -7.372982e+00 1.300000e+01
      vertex   1.084835e+01 -7.273577e+00 1.300000e+01
      vertex   4.549097e+00 -7.175601e+00 1.300000e+01
    endloop
  endfacet
  facet normal -0.000000e+00 0.000000e+00 1.000000e+00
    outer loop
      vertex   4.549097e+00 -7.175601e+00 1.300000e+01
      vertex   1.084835e+01 -7.273577e+00 1.300000e+01
      vertex   1.075043e+01 -7.079147e+00 1.300000e+01
    endloop
  endfacet
  facet normal 0.000000e+00 0.000000e+00 1.000000e+00
    outer loop
      vertex   4.549097e+00 -7.175601e+00 1.300000e+01
      vertex   1.075043e+01 -7.079147e+00 1.300000e+01
      vertex   4.653024e+00 -6.984310e+00 1.300000e+01
    endloop
  endfacet
  facet normal -0.000000e+00 0.000000e+00 1.000000e+00
    outer loop
      vertex   4.653024e+00 -6.984310e+00 1.300000e+01
      vertex   1.075043e+01 -7.079147e+00 1.300000e+01
      vertex   1.064060e+01 -6.891181e+00 1.300000e+01
    endloop
  endfacet
  facet normal 0.000000e+00 0.000000e+00 1.000000e+00
    outer loop
      vertex   4.653024e+00 -6.984310e+00 1.300000e+01
      vertex   1.064060e+01 -6.891181e+00 1.300000e+01
      vertex   4.768642e+00 -6.799850e+00 1.300000e+01
    endloop
  endfacet
  facet normal -0.000000e+00 0.000000e+00 1.000000e+00
    outer loop
      vertex   4.768642e+00 -6.799850e+00 1.300000e+01
      vertex   1.064060e+01 -6.891181e+00 1.300000e+01
      vertex   1.051930e+01 -6.710406e+00 1.300000e+01
    endloop
  endfacet
  facet normal 0.000000e+00 0.000000e+00 1.000000e+00
    outer loop
      vertex   4.768642e+00 -6.799850e+00 1.300000e+01
      vertex   1.051930e+01 -6.710406e+00 1.300000e+01
      vertex   4.895504e+00 -6.622936e+00 1.300000e+01
    endloop
  endfacet
  facet normal -0.000000e+00 0.000000e+00 1.000000e+00
    outer loop
      vertex   4.895504e+00 -6.622936e+00 1.300000e+01
      vertex   1.051930e+01 -6.710406e+00 1.300000e+01
      vertex   1.038700e+01 -6.537523e+00 1.300000e+01
    endloop
  endfacet
  facet normal 0.000000e+00 0.000000e+00 1.000000e+00
    outer loop
      vertex   4.895504e+00 -6.622936e+00 1.300000e+01
      vertex   1.038700e+01 -6.537523e+00 1.300000e+01
      vertex   5.033120e+00 -6.454250e+00 1.300000e+01
    endloop
  endfacet
  facet normal -0.000000e+00 0.000000e+00 1.000000e+00
    outer loop
      vertex   5.033120e+00 -6.454250e+00 1.300000e+01
      vertex   1.038700e+01 -6.537523e+00 1.300000e+01
      vertex   1.024420e+01 -6.373198e+00 1.300000e+01
    endloop
  endfacet
  facet normal 0.000000e+00 0.000000e+00 1.000000e+00
    outer loop
      vertex   5.033120e+00 -6.454250e+00 1.300000e+01
      vertex   1.024420e+01 -6.373198e+00 1.300000e+01
      vertex   5.180956e+00 -6.294446e+00 1.300000e+01
    endloop
  endfacet
  facet normal -0.000000e+00 0.000000e+00 1.000000e+00
    outer loop
      vertex   5.180956e+00 -6.294446e+00 1.300000e+01
      vertex   1.024420e+01 -6.373198e+00 1.300000e+01
      vertex   1.009147e+01 -6.218069e+00 1.300000e+01
    endloop
  endfacet
  facet normal 0.000000e+00 0.000000e+00 1.000000e+00
    outer loop
      vertex   5.180956e+00 -6.294446e+00 1.300000e+01
      vertex   1.009147e+01 -6.218069e+00 1.300000e+01
      vertex   5.338442e+00 -6.144142e+00 1.300000e+01
    endloop
  endfacet
  facet normal -0.000000e+00 0.000000e+00 1.000000e+00
    outer loop
      vertex   5.338442e+00 -6.144142e+00 1.300000e+01
      vertex   1.009147e+01 -6.218069e+00 1.300000e+01
      vertex   9.929386e+00 -6.072736e+00 1.300000e+01
    endloop
  endfacet
  facet normal 0.000000e+00 0.000000e+00 1.000000e+00
    outer loop
      vertex   5.338442e+00 -6.144142e+00 1.300000e+01
      vertex   9.929386e+00 -6.072736e+00 1.300000e+01
      vertex   5.504967e+00 -6.003920e+00 1.300000e+01
    endloop
  endfacet
  facet normal -0.000000e+00 0.000000e+00 1.000000e+00
    outer loop
      vertex   5.504967e+00 -6.003920e+00 1.300000e+01
      vertex   9.929386e+00 -6.072736e+00 1.300000e+01
      vertex   9.758581e+00 -5.937761e+00 1.300000e+01
    endloop
  endfacet
  facet normal 0.000000e+00 0.000000e+00 1.000000e+00
    outer loop
      vertex   5.504967e+00 -6.003920e+00 1.300000e+01
      vertex   9.758581e+00 -5.937761e+00 1.300000e+01
      vertex   5.679887e+00 -5.874322e+00 1.300000e+01
    endloop
  endfacet
  facet normal -0.000000e+00 0.000000e+00 1.000000e+00
    outer loop
      vertex   5.679887e+00 -5.874322e+00 1.300000e+01
      vertex   9.758581e+00 -5.937761e+00 1.300000e+01
      vertex   9.579715e+00 -5.813665e+00 1.300000e+01
    endloop
  endfacet
  facet normal 0.000000e+00 0.000000e+00 1.000000e+00
    outer loop
      vertex   5.679887e+00 -5.874322e+00 1.300000e+01
      vertex   9.579715e+00 -5.813665e+00 1.300000e+01
      vertex   5.862526e+00 -5.755849e+00 1.300000e+01
    endloop
  endfacet
  facet normal -0.000000e+00 0.000000e+00 1.000000e+00
    outer loop
      vertex   5.862526e+00 -5.755849e+00 1.300000e+01
      vertex   9.579715e+00 -5.813665e+00 1.300000e+01
      vertex   9.393479e+00 -5.700930e+00 1.300000e+01
    endloop
  endfacet
  facet normal 0.000000e+00 0.000000e+00 1.000000e+00
    outer loop
      vertex   5.862526e+00 -5.755849e+00 1.300000e+01
      vertex   9.393479e+00 -5.700930e+00 1.300000e+01
      vertex   6.052178e+00 -5.648960e+00 1.300000e+01
    endloop
  endfacet
  facet normal -0.000000e+00 0.000000e+00 1.000000e+00
    outer loop
      vertex   6.052178e+00 -5.648960e+00 1.300000e+01
      vertex   9.393479e+00 -5.700930e+00 1.300000e+01
      vertex   9.200595e+00 -5.599991e+00 1.300000e+01
    endloop
  endfacet
  facet normal 0.000000e+00 0.000000e+00 1.000000e+00
    outer loop
      vertex   6.052178e+00 -5.648960e+00 1.300000e+01
      vertex   9.200595e+00 -5.599991e+00 1.300000e+01
      vertex   6.248107e+00 -5.554069e+00 1.300000e+01
    endloop
  endfacet
  facet normal -0.000000e+00 0.000000e+00 1.000000e+00
    outer loop
      vertex   6.248107e+00 -5.554069e+00 1.300000e+01
      vertex   9.200595e+00 -5.599991e+00 1.300000e+01
      vertex   9.001809e+00 -5.511238e+00 1.300000e+01
    endloop
  endfacet
  facet normal 0.000000e+00 0.000000e+00 1.000000e+00
    outer loop
      vertex   6.248107e+00 -5.554069e+00 1.300000e+01
      vertex   9.001809e+00 -5.511238e+00 1.300000e+01
      vertex   6.449557e+00 -5.471541e+00 1.300000e+01
    endloop
  endfacet
  facet normal -0.000000e+00 0.000000e+00 1.000000e+00
    outer loop
      vertex   6.449557e+00 -5.471541e+00 1.300000e+01
      vertex   9.001809e+00 -5.511238e+00 1.300000e+01
      vertex   8.797890e+00 -5.435016e+00 1.300000e+01
    endloop
  endfacet
  facet normal 0.000000e+00 0.000000e+00 1.000000e+00
    outer loop
      vertex   6.449557e+00 -5.471541e+00 1.300000e+01
      vertex   8.797890e+00 -5.435016e+00 1.300000e+01
      vertex   6.655749e+00 -5.401698e+00 1.300000e+01
    endloop
  endfacet
  facet normal -0.000000e+00 0.000000e+00 1.000000e+00
    outer loop
      vertex   6.655749e+00 -5.401698e+00 1.300000e+01
      vertex   8.797890e+00 -5.435016e+00 1.300000e+01
      vertex   8.589627e+00 -5.371619e+00 1.300000e+01
    endloop
  endfacet
  facet normal 0.000000e+00 0.000000e+00 1.000000e+00
    outer loop
      vertex   6.655749e+00 -5.401698e+00 1.300000e+01
      vertex   8.589627e+00 -5.371619e+00 1.300000e+01
      vertex   6.865883e+00 -5.344808e+00 1.300000e+01
    endloop
  endfacet
  facet normal -0.000000e+00 0.000000e+00 1.000000e+00
    outer loop
      vertex   6.865883e+00 -5.344808e+00 1.300000e+01
      vertex   8.589627e+00 -5.371619e+00 1.300000e+01
      vertex   8.377825e+00 -5.321292e+00 1.300000e+01
    endloop
  endfacet
  facet normal 0.000000e+00 0.000000e+00 1.000000e+00
    outer loop
      vertex   6.865883e+00 -5.344808e+00 1.300000e+01
      vertex   8.377825e+00 -5.321292e+00 1.300000e+01
      vertex   7.079148e+00 -5.301093e+00 1.300000e+01
    endloop
  endfacet
  facet normal -0.000000e+00 0.000000e+00 1.000000e+00
    outer loop
      vertex   7.079148e+00 -5.301093e+00 1.300000e+01
      vertex   8.377825e+00 -5.321292e+00 1.300000e+01
      vertex   8.163304e+00 -5.284230e+00 1.300000e+01
    endloop
  endfacet
  facet normal 0.000000e+00 0.000000e+00 1.000000e+00
    outer loop
      vertex   7.079148e+00 -5.301093e+00 1.300000e+01
      vertex   8.163304e+00 -5.284230e+00 1.300000e+01
      vertex   7.294717e+00 -5.270721e+00 1.300000e+01
    endloop
  endfacet
  facet normal -0.000000e+00 0.000000e+00 1.000000e+00
    outer loop
      vertex   7.294717e+00 -5.270721e+00 1.300000e+01
      vertex   8.163304e+00 -5.284230e+00 1.300000e+01
      vertex   7.946893e+00 -5.260577e+00 1.300000e+01
    endloop
  endfacet
  facet normal 0.000000e+00 0.000000e+00 1.000000e+00
    outer loop
      vertex   7.294717e+00 -5.270721e+00 1.300000e+01
      vertex   7.946893e+00 -5.260577e+00 1.300000e+01
      vertex   7.511759e+00 -5.253809e+00 1.300000e+01
    endloop
  endfacet
  facet normal -0.000000e+00 0.000000e+00 1.000000e+00
    outer loop
      vertex   7.511759e+00 -5.253809e+00 1.300000e+01
      vertex   7.946893e+00 -5.260577e+00 1.300000e+01
      vertex   7.729431e+00 -5.250423e+00 1.300000e+01
    endloop
  endfacet
  facet normal 0.000000e+00 -0.000000e+00 -1.000000e+00
    outer loop
      vertex   1.116823e+01 -8.532406e+00 1.000000e+01
      vertex   1.117500e+01 -8.750000e+00 1.000000e+01
      vertex   8.775000e+00 -8.750000e+00 1.000000e+01
    endloop
  endfacet
  facet normal 0.000000e+00 0.000000e+00 -1.000000e+00
    outer loop
      vertex   8.775000e+00 -8.750000e+00 1.000000e+01
      vertex   1.117500e+01 -8.750000e+00 1.000000e+01
      vertex   1.116823e+01 -8.967594e+00 1.000000e+01
    endloop
  endfacet
  facet normal 0.000000e+00 -0.000000e+00 -1.000000e+00
    outer loop
      vertex   8.775000e+00 -8.750000e+00 1.000000e+01
      vertex   1.116823e+01 -8.967594e+00 1.000000e+01
      vertex   8.768324e+00 -8.871009e+00 1.000000e+01
    endloop
  endfacet
  facet normal 0.000000e+00 0.000000e+00 -1.000000e+00
    outer loop
      vertex   8.768324e+00 -8.871009e+00 1.000000e+01
      vertex   1.116823e+01 -8.967594e+00 1.000000e+01
      vertex   1.114794e+01 -9.184346e+00 1.000000e+01
    endloop
  endfacet
  facet normal 0.000000e+00 0.000000e+00 -1.000000e+00
    outer loop
      vertex   8.768324e+00 -8.871009e+00 1.000000e+01
      vertex   1.114794e+01 -9.184346e+00 1.000000e+01
      vertex   1.111422e+01 -9.399417e+00 1.000000e+01
    endloop
  endfacet
  facet normal 0.000000e+00 -0.000000e+00 -1.000000e+00
    outer loop
      vertex   8.768324e+00 -8.871009e+00 1.000000e+01
      vertex   1.111422e+01 -9.399417e+00 1.000000e+01
      vertex   8.748376e+00 -8.990549e+00 1.000000e+01
    endloop
  endfacet
  facet normal 0.000000e+00 0.000000e+00 -1.000000e+00
    outer loop
      vertex   8.748376e+00 -8.990549e+00 1.000000e+01
      vertex   1.111422e+01 -9.399417e+00 1.000000e+01
      vertex   1.106720e+01 -9.611976e+00 1.000000e+01
    endloop
  endfacet
  facet normal 0.000000e+00 -0.000000e+00 -1.000000e+00
    outer loop
      vertex   8.748376e+00 -8.990549e+00 1.000000e+01
      vertex   1.106720e+01 -9.611976e+00 1.000000e+01
      vertex   8.715399e+00 -9.107169e+00 1.000000e+01
    endloop
  endfacet
  facet normal 0.000000e+00 0.000000e+00 -1.000000e+00
    outer loop
      vertex   8.715399e+00 -9.107169e+00 1.000000e+01
      vertex   1.106720e+01 -9.611976e+00 1.000000e+01
      vertex   1.100705e+01 -9.821200e+00 1.000000e+01
    endloop
  endfacet
  facet normal 0.000000e+00 0.000000e+00 -1.000000e+00
    outer loop
      vertex   8.715399e+00 -9.107169e+00 1.000000e+01
      vertex   1.100705e+01 -9.821200e+00 1.000000e+01
      vertex   1.093400e+01 -1.002628e+01 1.000000e+01
    endloop
  endfacet
  facet normal 0.000000e+00 -0.000000e+00 -1.000000e+00
    outer loop
      vertex   8.715399e+00 -9.107169e+00 1.000000e+01
      vertex   1.093400e+01 -1.002628e+01 1.000000e+01
      vertex   8.669793e+00 -9.219454e+00 1.000000e+01
    endloop
  endfacet
  facet normal 0.000000e+00 0.000000e+00 -1.000000e+00
    outer loop
      vertex   8.669793e+00 -9.219454e+00 1.000000e+01
      vertex   1.093400e+01 -1.002628e+01 1.000000e+01
      vertex   1.084835e+01 -1.022642e+01 1.000000e+01
    endloop
  endfacet
  facet normal 0.000000e+00 0.000000e+00 -1.000000e+00
    outer loop
      vertex   8.669793e+00 -9.219454e+00 1.000000e+01
      vertex   1.084835e+01 -1.022642e+01 1.000000e+01
      vertex   1.075043e+01 -1.042085e+01 1.000000e+01
    endloop
  endfacet
  facet normal 0.000000e+00 -0.000000e+00 -1.000000e+00
    outer loop
      vertex   8.669793e+00 -9.219454e+00 1.000000e+01
      vertex   1.075043e+01 -1.042085e+01 1.000000e+01
      vertex   8.612111e+00 -9.326040e+00 1.000000e+01
    endloop
  endfacet
  facet normal 0.000000e+00 0.000000e+00 -1.000000e+00
    outer loop
      vertex   8.612111e+00 -9.326040e+00 1.000000e+01
      vertex   1.075043e+01 -1.042085e+01 1.000000e+01
      vertex   1.064060e+01 -1.060882e+01 1.000000e+01
    endloop
  endfacet
  facet normal 0.000000e+00 0.000000e+00 -1.000000e+00
    outer loop
      vertex   8.612111e+00 -9.326040e+00 1.000000e+01
      vertex   1.064060e+01 -1.060882e+01 1.000000e+01
      vertex   1.051930e+01 -1.078959e+01 1.000000e+01
    endloop
  endfacet
  facet normal 0.000000e+00 -0.000000e+00 -1.000000e+00
    outer loop
      vertex   8.612111e+00 -9.326040e+00 1.000000e+01
      vertex   1.051930e+01 -1.078959e+01 1.000000e+01
      vertex   8.543055e+00 -9.425634e+00 1.000000e+01
    endloop
  endfacet
  facet normal 0.000000e+00 0.000000e+00 -1.000000e+00
    outer loop
      vertex   8.543055e+00 -9.425634e+00 1.000000e+01
      vertex   1.051930e+01 -1.078959e+01 1.000000e+01
      vertex   1.038700e+01 -1.096248e+01 1.000000e+01
    endloop
  endfacet
  facet normal 0.000000e+00 0.000000e+00 -1.000000e+00
    outer loop
      vertex   8.543055e+00 -9.425634e+00 1.000000e+01
      vertex   1.038700e+01 -1.096248e+01 1.000000e+01
      vertex   1.024420e+01 -1.112680e+01 1.000000e+01
    endloop
  endfacet
  facet normal 0.000000e+00 -0.000000e+00 -1.000000e+00
    outer loop
      vertex   8.543055e+00 -9.425634e+00 1.000000e+01
      vertex   1.024420e+01 -1.112680e+01 1.000000e+01
      vertex   8.463461e+00 -9.517026e+00 1.000000e+01
    endloop
  endfacet
  facet normal 0.000000e+00 0.000000e+00 -1.000000e+00
    outer loop
      vertex   8.463461e+00 -9.517026e+00 1.000000e+01
      vertex   1.024420e+01 -1.112680e+01 1.000000e+01
      vertex   1.009147e+01 -1.128193e+01 1.000000e+01
    endloop
  endfacet
  facet normal 0.000000e+00 -0.000000e+00 -1.000000e+00
    outer loop
      vertex   8.463461e+00 -9.517026e+00 1.000000e+01
      vertex   1.009147e+01 -1.128193e+01 1.000000e+01
      vertex   8.374296e+00 -9.599108e+00 1.000000e+01
    endloop
  endfacet
  facet normal 0.000000e+00 0.000000e+00 -1.000000e+00
    outer loop
      vertex   8.374296e+00 -9.599108e+00 1.000000e+01
      vertex   1.009147e+01 -1.128193e+01 1.000000e+01
      vertex   9.929386e+00 -1.142726e+01 1.000000e+01
    endloop
  endfacet
  facet normal 0.000000e+00 0.000000e+00 -1.000000e+00
    outer loop
      vertex   8.374296e+00 -9.599108e+00 1.000000e+01
      vertex   9.929386e+00 -1.142726e+01 1.000000e+01
      vertex   9.758581e+00 -1.156224e+01 1.000000e+01
    endloop
  endfacet
  facet normal 0.000000e+00 -0.000000e+00 -1.000000e+00
    outer loop
      vertex   8.374296e+00 -9.599108e+00 1.000000e+01
      vertex   9.758581e+00 -1.156224e+01 1.000000e+01
      vertex   8.276643e+00 -9.670883e+00 1.000000e+01
    endloop
  endfacet
  facet normal 0.000000e+00 0.000000e+00 -1.000000e+00
    outer loop
      vertex   8.276643e+00 -9.670883e+00 1.000000e+01
      vertex   9.758581e+00 -1.156224e+01 1.000000e+01
      vertex   9.579715e+00 -1.168633e+01 1.000000e+01
    endloop
  endfacet
  facet normal 0.000000e+00 0.000000e+00 -1.000000e+00
    outer loop
      vertex   8.276643e+00 -9.670883e+00 1.000000e+01
      vertex   9.579715e+00 -1.168633e+01 1.000000e+01
      vertex   9.393479e+00 -1.179907e+01 1.000000e+01
    endloop
  endfacet
  facet normal 0.000000e+00 -0.000000e+00 -1.000000e+00
    outer loop
      vertex   8.276643e+00 -9.670883e+00 1.000000e+01
      vertex   9.393479e+00 -1.179907e+01 1.000000e+01
      vertex   8.171687e+00 -9.731480e+00 1.000000e+01
    endloop
  endfacet
  facet normal 0.000000e+00 0.000000e+00 -1.000000e+00
    outer loop
      vertex   8.171687e+00 -9.731480e+00 1.000000e+01
      vertex   9.393479e+00 -1.179907e+01 1.000000e+01
      vertex   9.200595e+00 -1.190001e+01 1.000000e+01
    endloop
  endfacet
  facet normal 0.000000e+00 0.000000e+00 -1.000000e+00
    outer loop
      vertex   8.171687e+00 -9.731480e+00 1.000000e+01
      vertex   9.200595e+00 -1.190001e+01 1.000000e+01
      vertex   9.001809e+00 -1.198876e+01 1.000000e+01
    endloop
  endfacet
  facet normal 0.000000e+00 -0.000000e+00 -1.000000e+00
    outer loop
      vertex   8.171687e+00 -9.731480e+00 1.000000e+01
      vertex   9.001809e+00 -1.198876e+01 1.000000e+01
      vertex   8.060701e+00 -9.780162e+00 1.000000e+01
    endloop
  endfacet
  facet normal 0.000000e+00 0.000000e+00 -1.000000e+00
    outer loop
      vertex   8.060701e+00 -9.780162e+00 1.000000e+01
      vertex   9.001809e+00 -1.198876e+01 1.000000e+01
      vertex   8.797890e+00 -1.206498e+01 1.000000e+01
    endloop
  endfacet
  facet normal 0.000000e+00 -0.000000e+00 -1.000000e+00
    outer loop
      vertex   8.060701e+00 -9.780162e+00 1.000000e+01
      vertex   8.797890e+00 -1.206498e+01 1.000000e+01
      vertex   7.945034e+00 -9.816340e+00 1.000000e+01
    endloop
  endfacet
  facet normal 0.000000e+00 0.000000e+00 -1.000000e+00
    outer loop
      vertex   7.945034e+00 -9.816340e+00 1.000000e+01
      vertex   8.797890e+00 -1.206498e+01 1.000000e+01
      vertex   8.589627e+00 -1.212838e+01 1.000000e+01
    endloop
  endfacet
  facet normal 0.000000e+00 0.000000e+00 -1.000000e+00
    outer loop
      vertex   7.945034e+00 -9.816340e+00 1.000000e+01
      vertex   8.589627e+00 -1.212838e+01 1.000000e+01
      vertex   8.377825e+00 -1.217871e+01 1.000000e+01
    endloop
  endfacet
  facet normal 0.000000e+00 -0.000000e+00 -1.000000e+00
    outer loop
      vertex   7.945034e+00 -9.816340e+00 1.000000e+01
      vertex   8.377825e+00 -1.217871e+01 1.000000e+01
      vertex   7.826089e+00 -9.839574e+00 1.000000e+01
    endloop
  endfacet
  facet normal 0.000000e+00 0.000000e+00 -1.000000e+00
    outer loop
      vertex   7.826089e+00 -9.839574e+00 1.000000e+01
      vertex   8.377825e+00 -1.217871e+01 1.000000e+01
      vertex   8.163304e+00 -1.221577e+01 1.000000e+01
    endloop
  endfacet
  facet normal 0.000000e+00 0.000000e+00 -1.000000e+00
    outer loop
      vertex   7.826089e+00 -9.839574e+00 1.000000e+01
      vertex   8.163304e+00 -1.221577e+01 1.000000e+01
      vertex   7.946893e+00 -1.223942e+01 1.000000e+01
    endloop
  endfacet
  facet normal 0.000000e+00 -0.000000e+00 -1.000000e+00
    outer loop
      vertex   7.826089e+00 -9.839574e+00 1.000000e+01
      vertex   7.946893e+00 -1.223942e+01 1.000000e+01
      vertex   7.705310e+00 -9.849582e+00 1.000000e+01
    endloop
  endfacet
  facet normal 0.000000e+00 0.000000e+00 -1.000000e+00
    outer loop
      vertex   7.705310e+00 -9.849582e+00 1.000000e+01
      vertex   7.946893e+00 -1.223942e+01 1.000000e+01
      vertex   7.729431e+00 -1.224958e+01 1.000000e+01
    endloop
  endfacet
  facet normal 0.000000e+00 -0.000000e+00 -1.000000e+00
    outer loop
      vertex   7.705310e+00 -9.849582e+00 1.000000e+01
      vertex   7.729431e+00 -1.224958e+01 1.000000e+01
      vertex   7.511759e+00 -1.224619e+01 1.000000e+01
    endloop
  endfacet
  facet normal 0.000000e+00 0.000000e+00 -1.000000e+00
    outer loop
      vertex   7.511759e+00 -1.224619e+01 1.000000e+01
      vertex   7.294717e+00 -1.222928e+01 1.000000e+01
      vertex   7.705310e+00 -9.849582e+00 1.000000e+01
    endloop
  endfacet
  facet normal 0.000000e+00 0.000000e+00 -1.000000e+00
    outer loop
      vertex   7.705310e+00 -9.849582e+00 1.000000e+01
      vertex   7.294717e+00 -1.222928e+01 1.000000e+01
      vertex   7.079148e+00 -1.219891e+01 1.000000e+01
    endloop
  endfacet
  facet normal 0.000000e+00 0.000000e+00 -1.000000e+00
    outer loop
      vertex   7.705310e+00 -9.849582e+00 1.000000e+01
      vertex   7.079148e+00 -1.219891e+01 1.000000e+01
      vertex   6.865883e+00 -1.215519e+01 1.000000e+01
    endloop
  endfacet
  facet normal 0.000000e+00 0.000000e+00 -1.000000e+00
    outer loop
      vertex   6.865883e+00 -1.215519e+01 1.000000e+01
      vertex   6.655749e+00 -1.209830e+01 1.000000e+01
      vertex   7.705310e+00 -9.849582e+00 1.000000e+01
    endloop
  endfacet
  facet normal 0.000000e+00 0.000000e+00 -1.000000e+00
    outer loop
      vertex   7.705310e+00 -9.849582e+00 1.000000e+01
      vertex   6.655749e+00 -1.209830e+01 1.000000e+01
      vertex   6.449557e+00 -1.202846e+01 1.000000e+01
    endloop
  endfacet
  facet normal 0.000000e+00 0.000000e+00 -1.000000e+00
    outer loop
      vertex   7.705310e+00 -9.849582e+00 1.000000e+01
      vertex   6.449557e+00 -1.202846e+01 1.000000e+01
      vertex   6.248107e+00 -1.194593e+01 1.000000e+01
    endloop
  endfacet
  facet normal 0.000000e+00 0.000000e+00 -1.000000e+00
    outer loop
      vertex   6.248107e+00 -1.194593e+01 1.000000e+01
      vertex   6.052178e+00 -1.185104e+01 1.000000e+01
      vertex   7.705310e+00 -9.849582e+00 1.000000e+01
    endloop
  endfacet
  facet normal 0.000000e+00 0.000000e+00 -1.000000e+00
    outer loop
      vertex   7.705310e+00 -9.849582e+00 1.000000e+01
      vertex   6.052178e+00 -1.185104e+01 1.000000e+01
      vertex   5.862526e+00 -1.174415e+01 1.000000e+01
    endloop
  endfacet
  facet normal 0.000000e+00 0.000000e+00 -1.000000e+00
    outer loop
      vertex   7.705310e+00 -9.849582e+00 1.000000e+01
      vertex   5.862526e+00 -1.174415e+01 1.000000e+01
      vertex   5.679887e+00 -1.162568e+01 1.000000e+01
    endloop
  endfacet
  facet normal 0.000000e+00 0.000000e+00 -1.000000e+00
    outer loop
      vertex   5.679887e+00 -1.162568e+01 1.000000e+01
      vertex   5.504967e+00 -1.149608e+01 1.000000e+01
      vertex   7.705310e+00 -9.849582e+00 1.000000e+01
    endloop
  endfacet
  facet normal 0.000000e+00 0.000000e+00 -1.000000e+00
    outer loop
      vertex   7.705310e+00 -9.849582e+00 1.000000e+01
      vertex   5.504967e+00 -1.149608e+01 1.000000e+01
      vertex   5.338442e+00 -1.135586e+01 1.000000e+01
    endloop
  endfacet
  facet normal 0.000000e+00 0.000000e+00 -1.000000e+00
    outer loop
      vertex   7.705310e+00 -9.849582e+00 1.000000e+01
      vertex   5.338442e+00 -1.135586e+01 1.000000e+01
      vertex   5.180956e+00 -1.120555e+01 1.000000e+01
    endloop
  endfacet
  facet normal 0.000000e+00 0.000000e+00 -1.000000e+00
    outer loop
      vertex   5.180956e+00 -1.120555e+01 1.000000e+01
      vertex   5.033120e+00 -1.104575e+01 1.000000e+01
      vertex   7.705310e+00 -9.849582e+00 1.000000e+01
    endloop
  endfacet
  facet normal 0.000000e+00 0.000000e+00 -1.000000e+00
    outer loop
      vertex   7.705310e+00 -9.849582e+00 1.000000e+01
      vertex   5.033120e+00 -1.104575e+01 1.000000e+01
      vertex   4.895504e+00 -1.087706e+01 1.000000e+01
    endloop
  endfacet
  facet normal 0.000000e+00 0.000000e+00 -1.000000e+00
    outer loop
      vertex   7.705310e+00 -9.849582e+00 1.000000e+01
      vertex   4.895504e+00 -1.087706e+01 1.000000e+01
      vertex   4.768642e+00 -1.070015e+01 1.000000e+01
    endloop
  endfacet
  facet normal 0.000000e+00 0.000000e+00 -1.000000e+00
    outer loop
      vertex   4.768642e+00 -1.070015e+01 1.000000e+01
      vertex   4.653024e+00 -1.051569e+01 1.000000e+01
      vertex   7.705310e+00 -9.849582e+00 1.000000e+01
    endloop
  endfacet
  facet normal 0.000000e+00 0.000000e+00 -1.000000e+00
    outer loop
      vertex   7.705310e+00 -9.849582e+00 1.000000e+01
      vertex   4.653024e+00 -1.051569e+01 1.000000e+01
      vertex   4.549097e+00 -1.032440e+01 1.000000e+01
    endloop
  endfacet
  facet normal 0.000000e+00 0.000000e+00 -1.000000e+00
    outer loop
      vertex   7.705310e+00 -9.849582e+00 1.000000e+01
      vertex   4.549097e+00 -1.032440e+01 1.000000e+01
      vertex   4.457264e+00 -1.012702e+01 1.000000e+01
    endloop
  endfacet
  facet normal 0.000000e+00 0.000000e+00 -1.000000e+00
    outer loop
      vertex   4.457264e+00 -1.012702e+01 1.000000e+01
      vertex   4.377880e+00 -9.924308e+00 1.000000e+01
      vertex   7.705310e+00 -9.849582e+00 1.000000e+01
    endloop
  endfacet
  facet normal -0.000000e+00 0.000000e+00 -1.000000e+00
    outer loop
      vertex   7.705310e+00 -9.849582e+00 1.000000e+01
      vertex   4.377880e+00 -9.924308e+00 1.000000e+01
      vertex   7.584163e+00 -9.846243e+00 1.000000e+01
    endloop
  endfacet
  facet normal -0.000000e+00 0.000000e+00 -1.000000e+00
    outer loop
      vertex   7.584163e+00 -9.846243e+00 1.000000e+01
      vertex   4.377880e+00 -9.924308e+00 1.000000e+01
      vertex   7.464118e+00 -9.829597e+00 1.000000e+01
    endloop
  endfacet
  facet normal -0.000000e+00 0.000000e+00 -1.000000e+00
    outer loop
      vertex   7.464118e+00 -9.829597e+00 1.000000e+01
      vertex   4.377880e+00 -9.924308e+00 1.000000e+01
      vertex   7.346634e+00 -9.799846e+00 1.000000e+01
    endloop
  endfacet
  facet normal -0.000000e+00 0.000000e+00 -1.000000e+00
    outer loop
      vertex   7.346634e+00 -9.799846e+00 1.000000e+01
      vertex   4.377880e+00 -9.924308e+00 1.000000e+01
      vertex   7.233135e+00 -9.757351e+00 1.000000e+01
    endloop
  endfacet
  facet normal -0.000000e+00 0.000000e+00 -1.000000e+00
    outer loop
      vertex   7.233135e+00 -9.757351e+00 1.000000e+01
      vertex   4.377880e+00 -9.924308e+00 1.000000e+01
      vertex   7.125000e+00 -9.702628e+00 1.000000e+01
    endloop
  endfacet
  facet normal -0.000000e+00 0.000000e+00 -1.000000e+00
    outer loop
      vertex   7.125000e+00 -9.702628e+00 1.000000e+01
      vertex   4.377880e+00 -9.924308e+00 1.000000e+01
      vertex   7.023541e+00 -9.636342e+00 1.000000e+01
    endloop
  endfacet
  facet normal -0.000000e+00 0.000000e+00 -1.000000e+00
    outer loop
      vertex   7.023541e+00 -9.636342e+00 1.000000e+01
      vertex   4.377880e+00 -9.924308e+00 1.000000e+01
      vertex   6.929990e+00 -9.559296e+00 1.000000e+01
    endloop
  endfacet
  facet normal -0.000000e+00 0.000000e+00 -1.000000e+00
    outer loop
      vertex   6.929990e+00 -9.559296e+00 1.000000e+01
      vertex   4.377880e+00 -9.924308e+00 1.000000e+01
      vertex   6.845483e+00 -9.472427e+00 1.000000e+01
    endloop
  endfacet
  facet normal -0.000000e+00 0.000000e+00 -1.000000e+00
    outer loop
      vertex   6.845483e+00 -9.472427e+00 1.000000e+01
      vertex   4.377880e+00 -9.924308e+00 1.000000e+01
      vertex   6.771044e+00 -9.376789e+00 1.000000e+01
    endloop
  endfacet
  facet normal -0.000000e+00 0.000000e+00 -1.000000e+00
    outer loop
      vertex   6.771044e+00 -9.376789e+00 1.000000e+01
      vertex   4.377880e+00 -9.924308e+00 1.000000e+01
      vertex   6.707579e+00 -9.273542e+00 1.000000e+01
    endloop
  endfacet
  facet normal -0.000000e+00 0.000000e+00 -1.000000e+00
    outer loop
      vertex   6.707579e+00 -9.273542e+00 1.000000e+01
      vertex   4.377880e+00 -9.924308e+00 1.000000e+01
      vertex   6.655857e+00 -9.163940e+00 1.000000e+01
    endloop
  endfacet
  facet normal -0.000000e+00 0.000000e+00 -1.000000e+00
    outer loop
      vertex   6.655857e+00 -9.163940e+00 1.000000e+01
      vertex   4.377880e+00 -9.924308e+00 1.000000e+01
      vertex   6.616505e+00 -9.049314e+00 1.000000e+01
    endloop
  endfacet
  facet normal 0.000000e+00 0.000000e+00 -1.000000e+00
    outer loop
      vertex   6.616505e+00 -9.049314e+00 1.000000e+01
      vertex   4.377880e+00 -9.924308e+00 1.000000e+01
      vertex   4.311252e+00 -9.717056e+00 1.000000e+01
    endloop
  endfacet
  facet normal 0.000000e+00 0.000000e+00 -1.000000e+00
    outer loop
      vertex   6.616505e+00 -9.049314e+00 1.000000e+01
      vertex   4.311252e+00 -9.717056e+00 1.000000e+01
      vertex   4.257637e+00 -9.506062e+00 1.000000e+01
    endloop
  endfacet
  facet normal -0.000000e+00 0.000000e+00 -1.000000e+00
    outer loop
      vertex   6.616505e+00 -9.049314e+00 1.000000e+01
      vertex   4.257637e+00 -9.506062e+00 1.000000e+01
      vertex   6.590003e+00 -8.931054e+00 1.000000e+01
    endloop
  endfacet
  facet normal 0.000000e+00 0.000000e+00 -1.000000e+00
    outer loop
      vertex   6.590003e+00 -8.931054e+00 1.000000e+01
      vertex   4.257637e+00 -9.506062e+00 1.000000e+01
      vertex   4.217243e+00 -9.292144e+00 1.000000e+01
    endloop
  endfacet
  facet normal 0.000000e+00 0.000000e+00 -1.000000e+00
    outer loop
      vertex   6.590003e+00 -8.931054e+00 1.000000e+01
      vertex   4.217243e+00 -9.292144e+00 1.000000e+01
      vertex   4.190227e+00 -9.076127e+00 1.000000e+01
    endloop
  endfacet
  facet normal -0.000000e+00 0.000000e+00 -1.000000e+00
    outer loop
      vertex   6.590003e+00 -8.931054e+00 1.000000e+01
      vertex   4.190227e+00 -9.076127e+00 1.000000e+01
      vertex   6.576670e+00 -8.810597e+00 1.000000e+01
    endloop
  endfacet
  facet normal 0.000000e+00 0.000000e+00 -1.000000e+00
    outer loop
      vertex   6.576670e+00 -8.810597e+00 1.000000e+01
      vertex   4.190227e+00 -9.076127e+00 1.000000e+01
      vertex   4.176693e+00 -8.858850e+00 1.000000e+01
    endloop
  endfacet
  facet normal -0.000000e+00 0.000000e+00 -1.000000e+00
    outer loop
      vertex   6.576670e+00 -8.810597e+00 1.000000e+01
      vertex   4.176693e+00 -8.858850e+00 1.000000e+01
      vertex   4.176693e+00 -8.641150e+00 1.000000e+01
    endloop
  endfacet
  facet normal 0.000000e+00 0.000000e+00 -1.000000e+00
    outer loop
      vertex   6.576670e+00 -8.810597e+00 1.000000e+01
      vertex   4.176693e+00 -8.641150e+00 1.000000e+01
      vertex   6.576670e+00 -8.689403e+00 1.000000e+01
    endloop
  endfacet
  facet normal 0.000000e+00 0.000000e+00 -1.000000e+00
    outer loop
      vertex   6.576670e+00 -8.689403e+00 1.000000e+01
      vertex   4.176693e+00 -8.641150e+00 1.000000e+01
      vertex   4.190227e+00 -8.423873e+00 1.000000e+01
    endloop
  endfacet
  facet normal 0.000000e+00 0.000000e+00 -1.000000e+00
    outer loop
      vertex   6.576670e+00 -8.689403e+00 1.000000e+01
      vertex   4.190227e+00 -8.423873e+00 1.000000e+01
      vertex   6.590003e+00 -8.568946e+00 1.000000e+01
    endloop
  endfacet
  facet normal 0.000000e+00 0.000000e+00 -1.000000e+00
    outer loop
      vertex   6.590003e+00 -8.568946e+00 1.000000e+01
      vertex   4.190227e+00 -8.423873e+00 1.000000e+01
      vertex   4.217243e+00 -8.207856e+00 1.000000e+01
    endloop
  endfacet
  facet normal 0.000000e+00 0.000000e+00 -1.000000e+00
    outer loop
      vertex   6.590003e+00 -8.568946e+00 1.000000e+01
      vertex   4.217243e+00 -8.207856e+00 1.000000e+01
      vertex   4.257637e+00 -7.993938e+00 1.000000e+01
    endloop
  endfacet
  facet normal 0.000000e+00 0.000000e+00 -1.000000e+00
    outer loop
      vertex   6.590003e+00 -8.568946e+00 1.000000e+01
      vertex   4.257637e+00 -7.993938e+00 1.000000e+01
      vertex   6.616505e+00 -8.450686e+00 1.000000e+01
    endloop
  endfacet
  facet normal 0.000000e+00 0.000000e+00 -1.000000e+00
    outer loop
      vertex   6.616505e+00 -8.450686e+00 1.000000e+01
      vertex   4.257637e+00 -7.993938e+00 1.000000e+01
      vertex   4.311252e+00 -7.782944e+00 1.000000e+01
    endloop
  endfacet
  facet normal 0.000000e+00 0.000000e+00 -1.000000e+00
    outer loop
      vertex   6.616505e+00 -8.450686e+00 1.000000e+01
      vertex   4.311252e+00 -7.782944e+00 1.000000e+01
      vertex   4.377880e+00 -7.575692e+00 1.000000e+01
    endloop
  endfacet
  facet normal 0.000000e+00 -0.000000e+00 -1.000000e+00
    outer loop
      vertex   4.457264e+00 -7.372982e+00 1.000000e+01
      vertex   1.093400e+01 -7.473720e+00 1.000000e+01
      vertex   4.377880e+00 -7.575692e+00 1.000000e+01
    endloop
  endfacet
  facet normal 0.000000e+00 0.000000e+00 -1.000000e+00
    outer loop
      vertex   4.377880e+00 -7.575692e+00 1.000000e+01
      vertex   1.093400e+01 -7.473720e+00 1.000000e+01
      vertex   7.705310e+00 -7.650418e+00 1.000000e+01
    endloop
  endfacet
  facet normal 0.000000e+00 0.000000e+00 -1.000000e+00
    outer loop
      vertex   4.377880e+00 -7.575692e+00 1.000000e+01
      vertex   7.705310e+00 -7.650418e+00 1.000000e+01
      vertex   7.584163e+00 -7.653757e+00 1.000000e+01
    endloop
  endfacet
  facet normal 0.000000e+00 0.000000e+00 -1.000000e+00
    outer loop
      vertex   1.093400e+01 -7.473720e+00 1.000000e+01
      vertex   4.457264e+00 -7.372982e+00 1.000000e+01
      vertex   1.084835e+01 -7.273577e+00 1.000000e+01
    endloop
  endfacet
  facet normal -0.000000e+00 0.000000e+00 -1.000000e+00
    outer loop
      vertex   1.084835e+01 -7.273577e+00 1.000000e+01
      vertex   4.457264e+00 -7.372982e+00 1.000000e+01
      vertex   4.549097e+00 -7.175601e+00 1.000000e+01
    endloop
  endfacet
  facet normal 0.000000e+00 0.000000e+00 -1.000000e+00
    outer loop
      vertex   1.084835e+01 -7.273577e+00 1.000000e+01
      vertex   4.549097e+00 -7.175601e+00 1.000000e+01
      vertex   1.075043e+01 -7.079147e+00 1.000000e+01
    endloop
  endfacet
  facet normal -0.000000e+00 0.000000e+00 -1.000000e+00
    outer loop
      vertex   1.075043e+01 -7.079147e+00 1.000000e+01
      vertex   4.549097e+00 -7.175601e+00 1.000000e+01
      vertex   4.653024e+00 -6.984310e+00 1.000000e+01
    endloop
  endfacet
  facet normal 0.000000e+00 0.000000e+00 -1.000000e+00
    outer loop
      vertex   1.075043e+01 -7.079147e+00 1.000000e+01
      vertex   4.653024e+00 -6.984310e+00 1.000000e+01
      vertex   1.064060e+01 -6.891181e+00 1.000000e+01
    endloop
  endfacet
  facet normal -0.000000e+00 0.000000e+00 -1.000000e+00
    outer loop
      vertex   1.064060e+01 -6.891181e+00 1.000000e+01
      vertex   4.653024e+00 -6.984310e+00 1.000000e+01
      vertex   4.768642e+00 -6.799850e+00 1.000000e+01
    endloop
  endfacet
  facet normal 0.000000e+00 0.000000e+00 -1.000000e+00
    outer loop
      vertex   1.064060e+01 -6.891181e+00 1.000000e+01
      vertex   4.768642e+00 -6.799850e+00 1.000000e+01
      vertex   1.051930e+01 -6.710406e+00 1.000000e+01
    endloop
  endfacet
  facet normal -0.000000e+00 0.000000e+00 -1.000000e+00
    outer loop
      vertex   1.051930e+01 -6.710406e+00 1.000000e+01
      vertex   4.768642e+00 -6.799850e+00 1.000000e+01
      vertex   4.895504e+00 -6.622936e+00 1.000000e+01
    endloop
  endfacet
  facet normal 0.000000e+00 0.000000e+00 -1.000000e+00
    outer loop
      vertex   1.051930e+01 -6.710406e+00 1.000000e+01
      vertex   4.895504e+00 -6.622936e+00 1.000000e+01
      vertex   1.038700e+01 -6.537523e+00 1.000000e+01
    endloop
  endfacet
  facet normal -0.000000e+00 0.000000e+00 -1.000000e+00
    outer loop
      vertex   1.038700e+01 -6.537523e+00 1.000000e+01
      vertex   4.895504e+00 -6.622936e+00 1.000000e+01
      vertex   5.033120e+00 -6.454250e+00 1.000000e+01
    endloop
  endfacet
  facet normal 0.000000e+00 0.000000e+00 -1.000000e+00
    outer loop
      vertex   1.038700e+01 -6.537523e+00 1.000000e+01
      vertex   5.033120e+00 -6.454250e+00 1.000000e+01
      vertex   1.024420e+01 -6.373198e+00 1.000000e+01
    endloop
  endfacet
  facet normal -0.000000e+00 0.000000e+00 -1.000000e+00
    outer loop
      vertex   1.024420e+01 -6.373198e+00 1.000000e+01
      vertex   5.033120e+00 -6.454250e+00 1.000000e+01
      vertex   5.180956e+00 -6.294446e+00 1.000000e+01
    endloop
  endfacet
  facet normal 0.000000e+00 0.000000e+00 -1.000000e+00
    outer loop
      vertex   1.024420e+01 -6.373198e+00 1.000000e+01
      vertex   5.180956e+00 -6.294446e+00 1.000000e+01
      vertex   1.009147e+01 -6.218069e+00 1.000000e+01
    endloop
  endfacet
  facet normal -0.000000e+00 0.000000e+00 -1.000000e+00
    outer loop
      vertex   1.009147e+01 -6.218069e+00 1.000000e+01
      vertex   5.180956e+00 -6.294446e+00 1.000000e+01
      vertex   5.338442e+00 -6.144142e+00 1.000000e+01
    endloop
  endfacet
  facet normal 0.000000e+00 0.000000e+00 -1.000000e+00
    outer loop
      vertex   1.009147e+01 -6.218069e+00 1.000000e+01
      vertex   5.338442e+00 -6.144142e+00 1.000000e+01
      vertex   9.929386e+00 -6.072736e+00 1.000000e+01
    endloop
  endfacet
  facet normal -0.000000e+00 0.000000e+00 -1.000000e+00
    outer loop
      vertex   9.929386e+00 -6.072736e+00 1.000000e+01
      vertex   5.338442e+00 -6.144142e+00 1.000000e+01
      vertex   5.504967e+00 -6.003920e+00 1.000000e+01
    endloop
  endfacet
  facet normal 0.000000e+00 0.000000e+00 -1.000000e+00
    outer loop
      vertex   9.929386e+00 -6.072736e+00 1.000000e+01
      vertex   5.504967e+00 -6.003920e+00 1.000000e+01
      vertex   9.758581e+00 -5.937761e+00 1.000000e+01
    endloop
  endfacet
  facet normal -0.000000e+00 0.000000e+00 -1.000000e+00
    outer loop
      vertex   9.758581e+00 -5.937761e+00 1.000000e+01
      vertex   5.504967e+00 -6.003920e+00 1.000000e+01
      vertex   5.679887e+00 -5.874322e+00 1.000000e+01
    endloop
  endfacet
  facet normal 0.000000e+00 0.000000e+00 -1.000000e+00
    outer loop
      vertex   9.758581e+00 -5.937761e+00 1.000000e+01
      vertex   5.679887e+00 -5.874322e+00 1.000000e+01
      vertex   9.579715e+00 -5.813665e+00 1.000000e+01
    endloop
  endfacet
  facet normal -0.000000e+00 0.000000e+00 -1.000000e+00
    outer loop
      vertex   9.579715e+00 -5.813665e+00 1.000000e+01
      vertex   5.679887e+00 -5.874322e+00 1.000000e+01
      vertex   5.862526e+00 -5.755849e+00 1.000000e+01
    endloop
  endfacet
  facet normal 0.000000e+00 0.000000e+00 -1.000000e+00
    outer loop
      vertex   9.579715e+00 -5.813665e+00 1.000000e+01
      vertex   5.862526e+00 -5.755849e+00 1.000000e+01
      vertex   9.393479e+00 -5.700930e+00 1.000000e+01
    endloop
  endfacet
  facet normal -0.000000e+00 0.000000e+00 -1.000000e+00
    outer loop
      vertex   9.393479e+00 -5.700930e+00 1.000000e+01
      vertex   5.862526e+00 -5.755849e+00 1.000000e+01
      vertex   6.052178e+00 -5.648960e+00 1.000000e+01
    endloop
  endfacet
  facet normal 0.000000e+00 0.000000e+00 -1.000000e+00
    outer loop
      vertex   9.393479e+00 -5.700930e+00 1.000000e+01
      vertex   6.052178e+00 -5.648960e+00 1.000000e+01
      vertex   9.200595e+00 -5.599991e+00 1.000000e+01
    endloop
  endfacet
  facet normal -0.000000e+00 0.000000e+00 -1.000000e+00
    outer loop
      vertex   9.200595e+00 -5.599991e+00 1.000000e+01
      vertex   6.052178e+00 -5.648960e+00 1.000000e+01
      vertex   6.248107e+00 -5.554069e+00 1.000000e+01
    endloop
  endfacet
  facet normal 0.000000e+00 0.000000e+00 -1.000000e+00
    outer loop
      vertex   9.200595e+00 -5.599991e+00 1.000000e+01
      vertex   6.248107e+00 -5.554069e+00 1.000000e+01
      vertex   9.001809e+00 -5.511238e+00 1.000000e+01
    endloop
  endfacet
  facet normal -0.000000e+00 0.000000e+00 -1.000000e+00
    outer loop
      vertex   9.001809e+00 -5.511238e+00 1.000000e+01
      vertex   6.248107e+00 -5.554069e+00 1.000000e+01
      vertex   6.449557e+00 -5.471541e+00 1.000000e+01
    endloop
  endfacet
  facet normal 0.000000e+00 0.000000e+00 -1.000000e+00
    outer loop
      vertex   9.001809e+00 -5.511238e+00 1.000000e+01
      vertex   6.449557e+00 -5.471541e+00 1.000000e+01
      vertex   8.797890e+00 -5.435016e+00 1.000000e+01
    endloop
  endfacet
  facet normal -0.000000e+00 0.000000e+00 -1.000000e+00
    outer loop
      vertex   8.797890e+00 -5.435016e+00 1.000000e+01
      vertex   6.449557e+00 -5.471541e+00 1.000000e+01
      vertex   6.655749e+00 -5.401698e+00 1.000000e+01
    endloop
  endfacet
  facet normal 0.000000e+00 0.000000e+00 -1.000000e+00
    outer loop
      vertex   8.797890e+00 -5.435016e+00 1.000000e+01
      vertex   6.655749e+00 -5.401698e+00 1.000000e+01
      vertex   8.589627e+00 -5.371619e+00 1.000000e+01
    endloop
  endfacet
  facet normal -0.000000e+00 0.000000e+00 -1.000000e+00
    outer loop
      vertex   8.589627e+00 -5.371619e+00 1.000000e+01
      vertex   6.655749e+00 -5.401698e+00 1.000000e+01
      vertex   6.865883e+00 -5.344808e+00 1.000000e+01
    endloop
  endfacet
  facet normal 0.000000e+00 0.000000e+00 -1.000000e+00
    outer loop
      vertex   8.589627e+00 -5.371619e+00 1.000000e+01
      vertex   6.865883e+00 -5.344808e+00 1.000000e+01
      vertex   8.377825e+00 -5.321292e+00 1.000000e+01
    endloop
  endfacet
  facet normal -0.000000e+00 0.000000e+00 -1.000000e+00
    outer loop
      vertex   8.377825e+00 -5.321292e+00 1.000000e+01
      vertex   6.865883e+00 -5.344808e+00 1.000000e+01
      vertex   7.079148e+00 -5.301093e+00 1.000000e+01
    endloop
  endfacet
  facet normal 0.000000e+00 0.000000e+00 -1.000000e+00
    outer loop
      vertex   8.377825e+00 -5.321292e+00 1.000000e+01
      vertex   7.079148e+00 -5.301093e+00 1.000000e+01
      vertex   8.163304e+00 -5.284230e+00 1.000000e+01
    endloop
  endfacet
  facet normal -0.000000e+00 0.000000e+00 -1.000000e+00
    outer loop
      vertex   8.163304e+00 -5.284230e+00 1.000000e+01
      vertex   7.079148e+00 -5.301093e+00 1.000000e+01
      vertex   7.294717e+00 -5.270721e+00 1.000000e+01
    endloop
  endfacet
  facet normal 0.000000e+00 0.000000e+00 -1.000000e+00
    outer loop
      vertex   8.163304e+00 -5.284230e+00 1.000000e+01
      vertex   7.294717e+00 -5.270721e+00 1.000000e+01
      vertex   7.946893e+00 -5.260577e+00 1.000000e+01
    endloop
  endfacet
  facet normal -0.000000e+00 0.000000e+00 -1.000000e+00
    outer loop
      vertex   7.946893e+00 -5.260577e+00 1.000000e+01
      vertex   7.294717e+00 -5.270721e+00 1.000000e+01
      vertex   7.511759e+00 -5.253809e+00 1.000000e+01
    endloop
  endfacet
  facet normal 0.000000e+00 0.000000e+00 -1.000000e+00
    outer loop
      vertex   7.946893e+00 -5.260577e+00 1.000000e+01
      vertex   7.511759e+00 -5.253809e+00 1.000000e+01
      vertex   7.729431e+00 -5.250423e+00 1.000000e+01
    endloop
  endfacet
  facet normal 0.000000e+00 0.000000e+00 -1.000000e+00
    outer loop
      vertex   7.705310e+00 -7.650418e+00 1.000000e+01
      vertex   1.093400e+01 -7.473720e+00 1.000000e+01
      vertex   7.826089e+00 -7.660426e+00 1.000000e+01
    endloop
  endfacet
  facet normal 0.000000e+00 0.000000e+00 -1.000000e+00
    outer loop
      vertex   7.826089e+00 -7.660426e+00 1.000000e+01
      vertex   1.093400e+01 -7.473720e+00 1.000000e+01
      vertex   1.100705e+01 -7.678800e+00 1.000000e+01
    endloop
  endfacet
  facet normal 0.000000e+00 0.000000e+00 -1.000000e+00
    outer loop
      vertex   7.826089e+00 -7.660426e+00 1.000000e+01
      vertex   1.100705e+01 -7.678800e+00 1.000000e+01
      vertex   7.945034e+00 -7.683660e+00 1.000000e+01
    endloop
  endfacet
  facet normal 0.000000e+00 0.000000e+00 -1.000000e+00
    outer loop
      vertex   7.945034e+00 -7.683660e+00 1.000000e+01
      vertex   1.100705e+01 -7.678800e+00 1.000000e+01
      vertex   8.060701e+00 -7.719838e+00 1.000000e+01
    endloop
  endfacet
  facet normal 0.000000e+00 0.000000e+00 -1.000000e+00
    outer loop
      vertex   8.060701e+00 -7.719838e+00 1.000000e+01
      vertex   1.100705e+01 -7.678800e+00 1.000000e+01
      vertex   8.171687e+00 -7.768520e+00 1.000000e+01
    endloop
  endfacet
  facet normal 0.000000e+00 0.000000e+00 -1.000000e+00
    outer loop
      vertex   8.171687e+00 -7.768520e+00 1.000000e+01
      vertex   1.100705e+01 -7.678800e+00 1.000000e+01
      vertex   8.276643e+00 -7.829117e+00 1.000000e+01
    endloop
  endfacet
  facet normal 0.000000e+00 0.000000e+00 -1.000000e+00
    outer loop
      vertex   8.276643e+00 -7.829117e+00 1.000000e+01
      vertex   1.100705e+01 -7.678800e+00 1.000000e+01
      vertex   1.106720e+01 -7.888024e+00 1.000000e+01
    endloop
  endfacet
  facet normal 0.000000e+00 0.000000e+00 -1.000000e+00
    outer loop
      vertex   8.276643e+00 -7.829117e+00 1.000000e+01
      vertex   1.106720e+01 -7.888024e+00 1.000000e+01
      vertex   8.374296e+00 -7.900892e+00 1.000000e+01
    endloop
  endfacet
  facet normal 0.000000e+00 0.000000e+00 -1.000000e+00
    outer loop
      vertex   8.374296e+00 -7.900892e+00 1.000000e+01
      vertex   1.106720e+01 -7.888024e+00 1.000000e+01
      vertex   8.463461e+00 -7.982974e+00 1.000000e+01
    endloop
  endfacet
  facet normal 0.000000e+00 0.000000e+00 -1.000000e+00
    outer loop
      vertex   8.463461e+00 -7.982974e+00 1.000000e+01
      vertex   1.106720e+01 -7.888024e+00 1.000000e+01
      vertex   8.543055e+00 -8.074366e+00 1.000000e+01
    endloop
  endfacet
  facet normal 0.000000e+00 0.000000e+00 -1.000000e+00
    outer loop
      vertex   8.543055e+00 -8.074366e+00 1.000000e+01
      vertex   1.106720e+01 -7.888024e+00 1.000000e+01
      vertex   1.111422e+01 -8.100583e+00 1.000000e+01
    endloop
  endfacet
  facet normal 0.000000e+00 0.000000e+00 -1.000000e+00
    outer loop
      vertex   8.543055e+00 -8.074366e+00 1.000000e+01
      vertex   1.111422e+01 -8.100583e+00 1.000000e+01
      vertex   8.612111e+00 -8.173960e+00 1.000000e+01
    endloop
  endfacet
  facet normal 0.000000e+00 0.000000e+00 -1.000000e+00
    outer loop
      vertex   8.612111e+00 -8.173960e+00 1.000000e+01
      vertex   1.111422e+01 -8.100583e+00 1.000000e+01
      vertex   8.669793e+00 -8.280546e+00 1.000000e+01
    endloop
  endfacet
  facet normal 0.000000e+00 0.000000e+00 -1.000000e+00
    outer loop
      vertex   8.669793e+00 -8.280546e+00 1.000000e+01
      vertex   1.111422e+01 -8.100583e+00 1.000000e+01
      vertex   8.715399e+00 -8.392831e+00 1.000000e+01
    endloop
  endfacet
  facet normal 0.000000e+00 0.000000e+00 -1.000000e+00
    outer loop
      vertex   8.715399e+00 -8.392831e+00 1.000000e+01
      vertex   1.111422e+01 -8.100583e+00 1.000000e+01
      vertex   8.748376e+00 -8.509451e+00 1.000000e+01
    endloop
  endfacet
  facet normal 0.000000e+00 0.000000e+00 -1.000000e+00
    outer loop
      vertex   8.748376e+00 -8.509451e+00 1.000000e+01
      vertex   1.111422e+01 -8.100583e+00 1.000000e+01
      vertex   1.114794e+01 -8.315654e+00 1.000000e+01
    endloop
  endfacet
  facet normal 0.000000e+00 0.000000e+00 -1.000000e+00
    outer loop
      vertex   8.748376e+00 -8.509451e+00 1.000000e+01
      vertex   1.114794e+01 -8.315654e+00 1.000000e+01
      vertex   8.768324e+00 -8.628991e+00 1.000000e+01
    endloop
  endfacet
  facet normal 0.000000e+00 0.000000e+00 -1.000000e+00
    outer loop
      vertex   8.768324e+00 -8.628991e+00 1.000000e+01
      vertex   1.114794e+01 -8.315654e+00 1.000000e+01
      vertex   1.116823e+01 -8.532406e+00 1.000000e+01
    endloop
  endfacet
  facet normal 0.000000e+00 0.000000e+00 -1.000000e+00
    outer loop
      vertex   8.768324e+00 -8.628991e+00 1.000000e+01
      vertex   1.116823e+01 -8.532406e+00 1.000000e+01
      vertex   8.775000e+00 -8.750000e+00 1.000000e+01
    endloop
  endfacet
  facet normal -0.000000e+00 0.000000e+00 -1.000000e+00
    outer loop
      vertex   7.584163e+00 -7.653757e+00 1.000000e+01
      vertex   7.464118e+00 -7.670403e+00 1.000000e+01
      vertex   4.377880e+00 -7.575692e+00 1.000000e+01
    endloop
  endfacet
  facet normal 0.000000e+00 0.000000e+00 -1.000000e+00
    outer loop
      vertex   4.377880e+00 -7.575692e+00 1.000000e+01
      vertex   7.464118e+00 -7.670403e+00 1.000000e+01
      vertex   7.346634e+00 -7.700154e+00 1.000000e+01
    endloop
  endfacet
  facet normal 0.000000e+00 0.000000e+00 -1.000000e+00
    outer loop
      vertex   4.377880e+00 -7.575692e+00 1.000000e+01
      vertex   7.346634e+00 -7.700154e+00 1.000000e+01
      vertex   7.233135e+00 -7.742649e+00 1.000000e+01
    endloop
  endfacet
  facet normal -0.000000e+00 0.000000e+00 -1.000000e+00
    outer loop
      vertex   7.233135e+00 -7.742649e+00 1.000000e+01
      vertex   7.125000e+00 -7.797372e+00 1.000000e+01
      vertex   4.377880e+00 -7.575692e+00 1.000000e+01
    endloop
  endfacet
  facet normal 0.000000e+00 0.000000e+00 -1.000000e+00
    outer loop
      vertex   4.377880e+00 -7.575692e+00 1.000000e+01
      vertex   7.125000e+00 -7.797372e+00 1.000000e+01
      vertex   7.023541e+00 -7.863658e+00 1.000000e+01
    endloop
  endfacet
  facet normal 0.000000e+00 0.000000e+00 -1.000000e+00
    outer loop
      vertex   4.377880e+00 -7.575692e+00 1.000000e+01
      vertex   7.023541e+00 -7.863658e+00 1.000000e+01
      vertex   6.929990e+00 -7.940704e+00 1.000000e+01
    endloop
  endfacet
  facet normal -0.000000e+00 0.000000e+00 -1.000000e+00
    outer loop
      vertex   6.929990e+00 -7.940704e+00 1.000000e+01
      vertex   6.845483e+00 -8.027573e+00 1.000000e+01
      vertex   4.377880e+00 -7.575692e+00 1.000000e+01
    endloop
  endfacet
  facet normal 0.000000e+00 0.000000e+00 -1.000000e+00
    outer loop
      vertex   4.377880e+00 -7.575692e+00 1.000000e+01
      vertex   6.845483e+00 -8.027573e+00 1.000000e+01
      vertex   6.771044e+00 -8.123211e+00 1.000000e+01
    endloop
  endfacet
  facet normal 0.000000e+00 0.000000e+00 -1.000000e+00
    outer loop
      vertex   4.377880e+00 -7.575692e+00 1.000000e+01
      vertex   6.771044e+00 -8.123211e+00 1.000000e+01
      vertex   6.707579e+00 -8.226458e+00 1.000000e+01
    endloop
  endfacet
  facet normal -0.000000e+00 0.000000e+00 -1.000000e+00
    outer loop
      vertex   6.707579e+00 -8.226458e+00 1.000000e+01
      vertex   6.655857e+00 -8.336060e+00 1.000000e+01
      vertex   4.377880e+00 -7.575692e+00 1.000000e+01
    endloop
  endfacet
  facet normal 0.000000e+00 0.000000e+00 -1.000000e+00
    outer loop
      vertex   4.377880e+00 -7.575692e+00 1.000000e+01
      vertex   6.655857e+00 -8.336060e+00 1.000000e+01
      vertex   6.616505e+00 -8.450686e+00 1.000000e+01
    endloop
  endfacet
  facet normal 9.995163e-01 -3.109986e-02 0.000000e+00
    outer loop
      vertex   1.116823e+01 -8.967594e+00 1.300000e+01
      vertex   1.116823e+01 -8.967594e+00 1.000000e+01
      vertex   1.117500e+01 -8.750000e+00 1.300000e+01
    endloop
  endfacet
  facet normal 9.995163e-01 -3.109986e-02 0.000000e+00
    outer loop
      vertex   1.117500e+01 -8.750000e+00 1.300000e+01
      vertex   1.116823e+01 -8.967594e+00 1.000000e+01
      vertex   1.117500e+01 -8.750000e+00 1.000000e+01
    endloop
  endfacet
  facet normal 9.995163e-01 3.109986e-02 0.000000e+00
    outer loop
      vertex   1.117500e+01 -8.750000e+00 1.300000e+01
      vertex   1.117500e+01 -8.750000e+00 1.000000e+01
      vertex   1.116823e+01 -8.532406e+00 1.300000e+01
    endloop
  endfacet
  facet normal 9.995163e-01 3.109986e-02 0.000000e+00
    outer loop
      vertex   1.116823e+01 -8.532406e+00 1.300000e+01
      vertex   1.117500e+01 -8.750000e+00 1.000000e+01
      vertex   1.116823e+01 -8.532406e+00 1.000000e+01
    endloop
  endfacet
  facet normal 9.956493e-01 9.317927e-02 0.000000e+00
    outer loop
      vertex   1.116823e+01 -8.532406e+00 1.300000e+01
      vertex   1.116823e+01 -8.532406e+00 1.000000e+01
      vertex   1.114794e+01 -8.315654e+00 1.300000e+01
    endloop
  endfacet
  facet normal 9.956493e-01 9.317927e-02 0.000000e+00
    outer loop
      vertex   1.114794e+01 -8.315654e+00 1.300000e+01
      vertex   1.116823e+01 -8.532406e+00 1.000000e+01
      vertex   1.114794e+01 -8.315654e+00 1.000000e+01
    endloop
  endfacet
  facet normal 9.879304e-01 1.548982e-01 0.000000e+00
    outer loop
      vertex   1.114794e+01 -8.315654e+00 1.300000e+01
      vertex   1.114794e+01 -8.315654e+00 1.000000e+01
      vertex   1.111422e+01 -8.100583e+00 1.300000e+01
    endloop
  endfacet
  facet normal 9.879304e-01 1.548982e-01 0.000000e+00
    outer loop
      vertex   1.111422e+01 -8.100583e+00 1.300000e+01
      vertex   1.114794e+01 -8.315654e+00 1.000000e+01
      vertex   1.111422e+01 -8.100583e+00 1.000000e+01
    endloop
  endfacet
  facet normal 9.763894e-01 2.160178e-01 0.000000e+00
    outer loop
      vertex   1.111422e+01 -8.100583e+00 1.300000e+01
      vertex   1.111422e+01 -8.100583e+00 1.000000e+01
      vertex   1.106720e+01 -7.888024e+00 1.300000e+01
    endloop
  endfacet
  facet normal 9.763894e-01 2.160178e-01 0.000000e+00
    outer loop
      vertex   1.106720e+01 -7.888024e+00 1.300000e+01
      vertex   1.111422e+01 -8.100583e+00 1.000000e+01
      vertex   1.106720e+01 -7.888024e+00 1.000000e+01
    endloop
  endfacet
  facet normal 9.610709e-01 2.763017e-01 0.000000e+00
    outer loop
      vertex   1.106720e+01 -7.888024e+00 1.300000e+01
      vertex   1.106720e+01 -7.888024e+00 1.000000e+01
      vertex   1.100705e+01 -7.678800e+00 1.300000e+01
    endloop
  endfacet
  facet normal 9.610709e-01 2.763017e-01 0.000000e+00
    outer loop
      vertex   1.100705e+01 -7.678800e+00 1.300000e+01
      vertex   1.106720e+01 -7.888024e+00 1.000000e+01
      vertex   1.100705e+01 -7.678800e+00 1.000000e+01
    endloop
  endfacet
  facet normal 9.420343e-01 3.355167e-01 0.000000e+00
    outer loop
      vertex   1.100705e+01 -7.678800e+00 1.300000e+01
      vertex   1.100705e+01 -7.678800e+00 1.000000e+01
      vertex   1.093400e+01 -7.473720e+00 1.300000e+01
    endloop
  endfacet
  facet normal 9.420343e-01 3.355167e-01 0.000000e+00
    outer loop
      vertex   1.093400e+01 -7.473720e+00 1.300000e+01
      vertex   1.100705e+01 -7.678800e+00 1.000000e+01
      vertex   1.093400e+01 -7.473720e+00 1.000000e+01
    endloop
  endfacet
  facet normal 9.193530e-01 3.934336e-01 0.000000e+00
    outer loop
      vertex   1.093400e+01 -7.473720e+00 1.300000e+01
      vertex   1.093400e+01 -7.473720e+00 1.000000e+01
      vertex   1.084835e+01 -7.273577e+00 1.300000e+01
    endloop
  endfacet
  facet normal 9.193530e-01 3.934336e-01 0.000000e+00
    outer loop
      vertex   1.084835e+01 -7.273577e+00 1.300000e+01
      vertex   1.093400e+01 -7.473720e+00 1.000000e+01
      vertex   1.084835e+01 -7.273577e+00 1.000000e+01
    endloop
  endfacet
  facet normal 8.931150e-01 4.498284e-01 0.000000e+00
    outer loop
      vertex   1.084835e+01 -7.273577e+00 1.300000e+01
      vertex   1.084835e+01 -7.273577e+00 1.000000e+01
      vertex   1.075043e+01 -7.079147e+00 1.300000e+01
    endloop
  endfacet
  facet normal 8.931150e-01 4.498284e-01 0.000000e+00
    outer loop
      vertex   1.075043e+01 -7.079147e+00 1.300000e+01
      vertex   1.084835e+01 -7.273577e+00 1.000000e+01
      vertex   1.075043e+01 -7.079147e+00 1.000000e+01
    endloop
  endfacet
  facet normal 8.634217e-01 5.044829e-01 0.000000e+00
    outer loop
      vertex   1.075043e+01 -7.079147e+00 1.300000e+01
      vertex   1.075043e+01 -7.079147e+00 1.000000e+01
      vertex   1.064060e+01 -6.891181e+00 1.300000e+01
    endloop
  endfacet
  facet normal 8.634217e-01 5.044829e-01 0.000000e+00
    outer loop
      vertex   1.064060e+01 -6.891181e+00 1.300000e+01
      vertex   1.075043e+01 -7.079147e+00 1.000000e+01
      vertex   1.064060e+01 -6.891181e+00 1.000000e+01
    endloop
  endfacet
  facet normal 8.303880e-01 5.571856e-01 0.000000e+00
    outer loop
      vertex   1.064060e+01 -6.891181e+00 1.300000e+01
      vertex   1.064060e+01 -6.891181e+00 1.000000e+01
      vertex   1.051930e+01 -6.710406e+00 1.300000e+01
    endloop
  endfacet
  facet normal 8.303880e-01 5.571856e-01 0.000000e+00
    outer loop
      vertex   1.051930e+01 -6.710406e+00 1.300000e+01
      vertex   1.064060e+01 -6.891181e+00 1.000000e+01
      vertex   1.051930e+01 -6.710406e+00 1.000000e+01
    endloop
  endfacet
  facet normal 7.941417e-01 6.077327e-01 0.000000e+00
    outer loop
      vertex   1.051930e+01 -6.710406e+00 1.300000e+01
      vertex   1.051930e+01 -6.710406e+00 1.000000e+01
      vertex   1.038700e+01 -6.537523e+00 1.300000e+01
    endloop
  endfacet
  facet normal 7.941417e-01 6.077327e-01 0.000000e+00
    outer loop
      vertex   1.038700e+01 -6.537523e+00 1.300000e+01
      vertex   1.051930e+01 -6.710406e+00 1.000000e+01
      vertex   1.038700e+01 -6.537523e+00 1.000000e+01
    endloop
  endfacet
  facet normal 7.548229e-01 6.559286e-01 0.000000e+00
    outer loop
      vertex   1.038700e+01 -6.537523e+00 1.300000e+01
      vertex   1.038700e+01 -6.537523e+00 1.000000e+01
      vertex   1.024420e+01 -6.373198e+00 1.300000e+01
    endloop
  endfacet
  facet normal 7.548229e-01 6.559286e-01 0.000000e+00
    outer loop
      vertex   1.024420e+01 -6.373198e+00 1.300000e+01
      vertex   1.038700e+01 -6.537523e+00 1.000000e+01
      vertex   1.024420e+01 -6.373198e+00 1.000000e+01
    endloop
  endfacet
  facet normal 7.125840e-01 7.015868e-01 0.000000e+00
    outer loop
      vertex   1.024420e+01 -6.373198e+00 1.300000e+01
      vertex   1.024420e+01 -6.373198e+00 1.000000e+01
      vertex   1.009147e+01 -6.218069e+00 1.300000e+01
    endloop
  endfacet
  facet normal 7.125840e-01 7.015868e-01 0.000000e+00
    outer loop
      vertex   1.009147e+01 -6.218069e+00 1.300000e+01
      vertex   1.024420e+01 -6.373198e+00 1.000000e+01
      vertex   1.009147e+01 -6.218069e+00 1.000000e+01
    endloop
  endfacet
  facet normal 6.675881e-01 7.445308e-01 0.000000e+00
    outer loop
      vertex   1.009147e+01 -6.218069e+00 1.300000e+01
      vertex   1.009147e+01 -6.218069e+00 1.000000e+01
      vertex   9.929386e+00 -6.072736e+00 1.300000e+01
    endloop
  endfacet
  facet normal 6.675881e-01 7.445308e-01 0.000000e+00
    outer loop
      vertex   9.929386e+00 -6.072736e+00 1.300000e+01
      vertex   1.009147e+01 -6.218069e+00 1.000000e+01
      vertex   9.929386e+00 -6.072736e+00 1.000000e+01
    endloop
  endfacet
  facet normal 6.200095e-01 7.845943e-01 0.000000e+00
    outer loop
      vertex   9.929386e+00 -6.072736e+00 1.300000e+01
      vertex   9.929386e+00 -6.072736e+00 1.000000e+01
      vertex   9.758581e+00 -5.937761e+00 1.300000e+01
    endloop
  endfacet
  facet normal 6.200095e-01 7.845943e-01 0.000000e+00
    outer loop
      vertex   9.758581e+00 -5.937761e+00 1.300000e+01
      vertex   9.929386e+00 -6.072736e+00 1.000000e+01
      vertex   9.758581e+00 -5.937761e+00 1.000000e+01
    endloop
  endfacet
  facet normal 5.700323e-01 8.216223e-01 0.000000e+00
    outer loop
      vertex   9.758581e+00 -5.937761e+00 1.300000e+01
      vertex   9.758581e+00 -5.937761e+00 1.000000e+01
      vertex   9.579715e+00 -5.813665e+00 1.300000e+01
    endloop
  endfacet
  facet normal 5.700323e-01 8.216223e-01 0.000000e+00
    outer loop
      vertex   9.579715e+00 -5.813665e+00 1.300000e+01
      vertex   9.758581e+00 -5.937761e+00 1.000000e+01
      vertex   9.579715e+00 -5.813665e+00 1.000000e+01
    endloop
  endfacet
  facet normal 5.178496e-01 8.554717e-01 0.000000e+00
    outer loop
      vertex   9.579715e+00 -5.813665e+00 1.300000e+01
      vertex   9.579715e+00 -5.813665e+00 1.000000e+01
      vertex   9.393479e+00 -5.700930e+00 1.300000e+01
    endloop
  endfacet
  facet normal 5.178496e-01 8.554717e-01 0.000000e+00
    outer loop
      vertex   9.393479e+00 -5.700930e+00 1.300000e+01
      vertex   9.579715e+00 -5.813665e+00 1.000000e+01
      vertex   9.393479e+00 -5.700930e+00 1.000000e+01
    endloop
  endfacet
  facet normal 4.636635e-01 8.860114e-01 0.000000e+00
    outer loop
      vertex   9.393479e+00 -5.700930e+00 1.300000e+01
      vertex   9.393479e+00 -5.700930e+00 1.000000e+01
      vertex   9.200595e+00 -5.599991e+00 1.300000e+01
    endloop
  endfacet
  facet normal 4.636635e-01 8.860114e-01 0.000000e+00
    outer loop
      vertex   9.200595e+00 -5.599991e+00 1.300000e+01
      vertex   9.393479e+00 -5.700930e+00 1.000000e+01
      vertex   9.200595e+00 -5.599991e+00 1.000000e+01
    endloop
  endfacet
  facet normal 4.076836e-01 9.131233e-01 0.000000e+00
    outer loop
      vertex   9.200595e+00 -5.599991e+00 1.300000e+01
      vertex   9.200595e+00 -5.599991e+00 1.000000e+01
      vertex   9.001809e+00 -5.511238e+00 1.300000e+01
    endloop
  endfacet
  facet normal 4.076836e-01 9.131233e-01 0.000000e+00
    outer loop
      vertex   9.001809e+00 -5.511238e+00 1.300000e+01
      vertex   9.200595e+00 -5.599991e+00 1.000000e+01
      vertex   9.001809e+00 -5.511238e+00 1.000000e+01
    endloop
  endfacet
  facet normal 3.501264e-01 9.367024e-01 0.000000e+00
    outer loop
      vertex   9.001809e+00 -5.511238e+00 1.300000e+01
      vertex   9.001809e+00 -5.511238e+00 1.000000e+01
      vertex   8.797890e+00 -5.435016e+00 1.300000e+01
    endloop
  endfacet
  facet normal 3.501264e-01 9.367024e-01 0.000000e+00
    outer loop
      vertex   8.797890e+00 -5.435016e+00 1.300000e+01
      vertex   9.001809e+00 -5.511238e+00 1.000000e+01
      vertex   8.797890e+00 -5.435016e+00 1.000000e+01
    endloop
  endfacet
  facet normal 2.912147e-01 9.566577e-01 0.000000e+00
    outer loop
      vertex   8.797890e+00 -5.435016e+00 1.300000e+01
      vertex   8.797890e+00 -5.435016e+00 1.000000e+01
      vertex   8.589627e+00 -5.371619e+00 1.300000e+01
    endloop
  endfacet
  facet normal 2.912147e-01 9.566577e-01 0.000000e+00
    outer loop
      vertex   8.589627e+00 -5.371619e+00 1.300000e+01
      vertex   8.797890e+00 -5.435016e+00 1.000000e+01
      vertex   8.589627e+00 -5.371619e+00 1.000000e+01
    endloop
  endfacet
  facet normal 2.311763e-01 9.729119e-01 0.000000e+00
    outer loop
      vertex   8.589627e+00 -5.371619e+00 1.300000e+01
      vertex   8.589627e+00 -5.371619e+00 1.000000e+01
      vertex   8.377825e+00 -5.321292e+00 1.300000e+01
    endloop
  endfacet
  facet normal 2.311763e-01 9.729119e-01 0.000000e+00
    outer loop
      vertex   8.377825e+00 -5.321292e+00 1.300000e+01
      vertex   8.589627e+00 -5.371619e+00 1.000000e+01
      vertex   8.377825e+00 -5.321292e+00 1.000000e+01
    endloop
  endfacet
  facet normal 1.702436e-01 9.854020e-01 0.000000e+00
    outer loop
      vertex   8.377825e+00 -5.321292e+00 1.300000e+01
      vertex   8.377825e+00 -5.321292e+00 1.000000e+01
      vertex   8.163304e+00 -5.284230e+00 1.300000e+01
    endloop
  endfacet
  facet normal 1.702436e-01 9.854020e-01 0.000000e+00
    outer loop
      vertex   8.163304e+00 -5.284230e+00 1.300000e+01
      vertex   8.377825e+00 -5.321292e+00 1.000000e+01
      vertex   8.163304e+00 -5.284230e+00 1.000000e+01
    endloop
  endfacet
  facet normal 1.086522e-01 9.940798e-01 0.000000e+00
    outer loop
      vertex   8.163304e+00 -5.284230e+00 1.300000e+01
      vertex   8.163304e+00 -5.284230e+00 1.000000e+01
      vertex   7.946893e+00 -5.260577e+00 1.300000e+01
    endloop
  endfacet
  facet normal 1.086522e-01 9.940798e-01 0.000000e+00
    outer loop
      vertex   7.946893e+00 -5.260577e+00 1.300000e+01
      vertex   8.163304e+00 -5.284230e+00 1.000000e+01
      vertex   7.946893e+00 -5.260577e+00 1.000000e+01
    endloop
  endfacet
  facet normal 4.664039e-02 9.989117e-01 0.000000e+00
    outer loop
      vertex   7.946893e+00 -5.260577e+00 1.300000e+01
      vertex   7.946893e+00 -5.260577e+00 1.000000e+01
      vertex   7.729431e+00 -5.250423e+00 1.300000e+01
    endloop
  endfacet
  facet normal 4.664039e-02 9.989117e-01 0.000000e+00
    outer loop
      vertex   7.729431e+00 -5.250423e+00 1.300000e+01
      vertex   7.946893e+00 -5.260577e+00 1.000000e+01
      vertex   7.729431e+00 -5.250423e+00 1.000000e+01
    endloop
  endfacet
  facet normal -1.555181e-02 9.998791e-01 0.000000e+00
    outer loop
      vertex   7.729431e+00 -5.250423e+00 1.300000e+01
      vertex   7.729431e+00 -5.250423e+00 1.000000e+01
      vertex   7.511759e+00 -5.253809e+00 1.300000e+01
    endloop
  endfacet
  facet normal -1.555181e-02 9.998791e-01 0.000000e+00
    outer loop
      vertex   7.511759e+00 -5.253809e+00 1.300000e+01
      vertex   7.729431e+00 -5.250423e+00 1.000000e+01
      vertex   7.511759e+00 -5.253809e+00 1.000000e+01
    endloop
  endfacet
  facet normal -7.768385e-02 9.969780e-01 0.000000e+00
    outer loop
      vertex   7.511759e+00 -5.253809e+00 1.300000e+01
      vertex   7.511759e+00 -5.253809e+00 1.000000e+01
      vertex   7.294717e+00 -5.270721e+00 1.300000e+01
    endloop
  endfacet
  facet normal -7.768385e-02 9.969780e-01 0.000000e+00
    outer loop
      vertex   7.294717e+00 -5.270721e+00 1.300000e+01
      vertex   7.511759e+00 -5.253809e+00 1.000000e+01
      vertex   7.294717e+00 -5.270721e+00 1.000000e+01
    endloop
  endfacet
  facet normal -1.395153e-01 9.902199e-01 0.000000e+00
    outer loop
      vertex   7.294717e+00 -5.270721e+00 1.300000e+01
      vertex   7.294717e+00 -5.270721e+00 1.000000e+01
      vertex   7.079148e+00 -5.301093e+00 1.300000e+01
    endloop
  endfacet
  facet normal -1.395153e-01 9.902199e-01 0.000000e+00
    outer loop
      vertex   7.079148e+00 -5.301093e+00 1.300000e+01
      vertex   7.294717e+00 -5.270721e+00 1.000000e+01
      vertex   7.079148e+00 -5.301093e+00 1.000000e+01
    endloop
  endfacet
  facet normal -2.008071e-01 9.796308e-01 0.000000e+00
    outer loop
      vertex   7.079148e+00 -5.301093e+00 1.300000e+01
      vertex   7.079148e+00 -5.301093e+00 1.000000e+01
      vertex   6.865883e+00 -5.344808e+00 1.300000e+01
    endloop
  endfacet
  facet normal -2.008071e-01 9.796308e-01 0.000000e+00
    outer loop
      vertex   6.865883e+00 -5.344808e+00 1.300000e+01
      vertex   7.079148e+00 -5.301093e+00 1.000000e+01
      vertex   6.865883e+00 -5.344808e+00 1.000000e+01
    endloop
  endfacet
  facet normal -2.613219e-01 9.652517e-01 0.000000e+00
    outer loop
      vertex   6.865883e+00 -5.344808e+00 1.300000e+01
      vertex   6.865883e+00 -5.344808e+00 1.000000e+01
      vertex   6.655749e+00 -5.401698e+00 1.300000e+01
    endloop
  endfacet
  facet normal -2.613219e-01 9.652517e-01 0.000000e+00
    outer loop
      vertex   6.655749e+00 -5.401698e+00 1.300000e+01
      vertex   6.865883e+00 -5.344808e+00 1.000000e+01
      vertex   6.655749e+00 -5.401698e+00 1.000000e+01
    endloop
  endfacet
  facet normal -3.208258e-01 9.471382e-01 0.000000e+00
    outer loop
      vertex   6.655749e+00 -5.401698e+00 1.300000e+01
      vertex   6.655749e+00 -5.401698e+00 1.000000e+01
      vertex   6.449557e+00 -5.471541e+00 1.300000e+01
    endloop
  endfacet
  facet normal -3.208258e-01 9.471382e-01 0.000000e+00
    outer loop
      vertex   6.449557e+00 -5.471541e+00 1.300000e+01
      vertex   6.655749e+00 -5.401698e+00 1.000000e+01
      vertex   6.449557e+00 -5.471541e+00 1.000000e+01
    endloop
  endfacet
  facet normal -3.790884e-01 9.253605e-01 0.000000e+00
    outer loop
      vertex   6.449557e+00 -5.471541e+00 1.300000e+01
      vertex   6.449557e+00 -5.471541e+00 1.000000e+01
      vertex   6.248107e+00 -5.554069e+00 1.300000e+01
    endloop
  endfacet
  facet normal -3.790884e-01 9.253605e-01 0.000000e+00
    outer loop
      vertex   6.248107e+00 -5.554069e+00 1.300000e+01
      vertex   6.449557e+00 -5.471541e+00 1.000000e+01
      vertex   6.248107e+00 -5.554069e+00 1.000000e+01
    endloop
  endfacet
  facet normal -4.358844e-01 9.000027e-01 0.000000e+00
    outer loop
      vertex   6.248107e+00 -5.554069e+00 1.300000e+01
      vertex   6.248107e+00 -5.554069e+00 1.000000e+01
      vertex   6.052178e+00 -5.648960e+00 1.300000e+01
    endloop
  endfacet
  facet normal -4.358844e-01 9.000027e-01 0.000000e+00
    outer loop
      vertex   6.052178e+00 -5.648960e+00 1.300000e+01
      vertex   6.248107e+00 -5.554069e+00 1.000000e+01
      vertex   6.052178e+00 -5.648960e+00 1.000000e+01
    endloop
  endfacet
  facet normal -4.909941e-01 8.711629e-01 0.000000e+00
    outer loop
      vertex   6.052178e+00 -5.648960e+00 1.300000e+01
      vertex   6.052178e+00 -5.648960e+00 1.000000e+01
      vertex   5.862526e+00 -5.755849e+00 1.300000e+01
    endloop
  endfacet
  facet normal -4.909941e-01 8.711629e-01 0.000000e+00
    outer loop
      vertex   5.862526e+00 -5.755849e+00 1.300000e+01
      vertex   6.052178e+00 -5.648960e+00 1.000000e+01
      vertex   5.862526e+00 -5.755849e+00 1.000000e+01
    endloop
  endfacet
  facet normal -5.442042e-01 8.389528e-01 0.000000e+00
    outer loop
      vertex   5.862526e+00 -5.755849e+00 1.300000e+01
      vertex   5.862526e+00 -5.755849e+00 1.000000e+01
      vertex   5.679887e+00 -5.874322e+00 1.300000e+01
    endloop
  endfacet
  facet normal -5.442042e-01 8.389528e-01 0.000000e+00
    outer loop
      vertex   5.679887e+00 -5.874322e+00 1.300000e+01
      vertex   5.862526e+00 -5.755849e+00 1.000000e+01
      vertex   5.679887e+00 -5.874322e+00 1.000000e+01
    endloop
  endfacet
  facet normal -5.953089e-01 8.034970e-01 0.000000e+00
    outer loop
      vertex   5.679887e+00 -5.874322e+00 1.300000e+01
      vertex   5.679887e+00 -5.874322e+00 1.000000e+01
      vertex   5.504967e+00 -6.003920e+00 1.300000e+01
    endloop
  endfacet
  facet normal -5.953089e-01 8.034970e-01 0.000000e+00
    outer loop
      vertex   5.504967e+00 -6.003920e+00 1.300000e+01
      vertex   5.679887e+00 -5.874322e+00 1.000000e+01
      vertex   5.504967e+00 -6.003920e+00 1.000000e+01
    endloop
  endfacet
  facet normal -6.441104e-01 7.649325e-01 0.000000e+00
    outer loop
      vertex   5.504967e+00 -6.003920e+00 1.300000e+01
      vertex   5.504967e+00 -6.003920e+00 1.000000e+01
      vertex   5.338442e+00 -6.144142e+00 1.300000e+01
    endloop
  endfacet
  facet normal -6.441104e-01 7.649325e-01 0.000000e+00
    outer loop
      vertex   5.338442e+00 -6.144142e+00 1.300000e+01
      vertex   5.504967e+00 -6.003920e+00 1.000000e+01
      vertex   5.338442e+00 -6.144142e+00 1.000000e+01
    endloop
  endfacet
  facet normal -6.904200e-01 7.234087e-01 0.000000e+00
    outer loop
      vertex   5.338442e+00 -6.144142e+00 1.300000e+01
      vertex   5.338442e+00 -6.144142e+00 1.000000e+01
      vertex   5.180956e+00 -6.294446e+00 1.300000e+01
    endloop
  endfacet
  facet normal -6.904200e-01 7.234087e-01 0.000000e+00
    outer loop
      vertex   5.180956e+00 -6.294446e+00 1.300000e+01
      vertex   5.338442e+00 -6.144142e+00 1.000000e+01
      vertex   5.180956e+00 -6.294446e+00 1.000000e+01
    endloop
  endfacet
  facet normal -7.340585e-01 6.790862e-01 0.000000e+00
    outer loop
      vertex   5.180956e+00 -6.294446e+00 1.300000e+01
      vertex   5.180956e+00 -6.294446e+00 1.000000e+01
      vertex   5.033120e+00 -6.454250e+00 1.300000e+01
    endloop
  endfacet
  facet normal -7.340585e-01 6.790862e-01 0.000000e+00
    outer loop
      vertex   5.033120e+00 -6.454250e+00 1.300000e+01
      vertex   5.180956e+00 -6.294446e+00 1.000000e+01
      vertex   5.033120e+00 -6.454250e+00 1.000000e+01
    endloop
  endfacet
  facet normal -7.748571e-01 6.321364e-01 0.000000e+00
    outer loop
      vertex   5.033120e+00 -6.454250e+00 1.300000e+01
      vertex   5.033120e+00 -6.454250e+00 1.000000e+01
      vertex   4.895504e+00 -6.622936e+00 1.300000e+01
    endloop
  endfacet
  facet normal -7.748571e-01 6.321364e-01 0.000000e+00
    outer loop
      vertex   4.895504e+00 -6.622936e+00 1.300000e+01
      vertex   5.033120e+00 -6.454250e+00 1.000000e+01
      vertex   4.895504e+00 -6.622936e+00 1.000000e+01
    endloop
  endfacet
  facet normal -8.126579e-01 5.827410e-01 0.000000e+00
    outer loop
      vertex   4.895504e+00 -6.622936e+00 1.300000e+01
      vertex   4.895504e+00 -6.622936e+00 1.000000e+01
      vertex   4.768642e+00 -6.799850e+00 1.300000e+01
    endloop
  endfacet
  facet normal -8.126579e-01 5.827410e-01 0.000000e+00
    outer loop
      vertex   4.768642e+00 -6.799850e+00 1.300000e+01
      vertex   4.895504e+00 -6.622936e+00 1.000000e+01
      vertex   4.768642e+00 -6.799850e+00 1.000000e+01
    endloop
  endfacet
  facet normal -8.473147e-01 5.310911e-01 0.000000e+00
    outer loop
      vertex   4.768642e+00 -6.799850e+00 1.300000e+01
      vertex   4.768642e+00 -6.799850e+00 1.000000e+01
      vertex   4.653024e+00 -6.984310e+00 1.300000e+01
    endloop
  endfacet
  facet normal -8.473147e-01 5.310911e-01 0.000000e+00
    outer loop
      vertex   4.653024e+00 -6.984310e+00 1.300000e+01
      vertex   4.768642e+00 -6.799850e+00 1.000000e+01
      vertex   4.653024e+00 -6.984310e+00 1.000000e+01
    endloop
  endfacet
  facet normal -8.786934e-01 4.773865e-01 0.000000e+00
    outer loop
      vertex   4.653024e+00 -6.984310e+00 1.300000e+01
      vertex   4.653024e+00 -6.984310e+00 1.000000e+01
      vertex   4.549097e+00 -7.175601e+00 1.300000e+01
    endloop
  endfacet
  facet normal -8.786934e-01 4.773865e-01 0.000000e+00
    outer loop
      vertex   4.549097e+00 -7.175601e+00 1.300000e+01
      vertex   4.653024e+00 -6.984310e+00 1.000000e+01
      vertex   4.549097e+00 -7.175601e+00 1.000000e+01
    endloop
  endfacet
  facet normal -9.066726e-01 4.218350e-01 0.000000e+00
    outer loop
      vertex   4.549097e+00 -7.175601e+00 1.300000e+01
      vertex   4.549097e+00 -7.175601e+00 1.000000e+01
      vertex   4.457264e+00 -7.372982e+00 1.300000e+01
    endloop
  endfacet
  facet normal -9.066726e-01 4.218350e-01 0.000000e+00
    outer loop
      vertex   4.457264e+00 -7.372982e+00 1.300000e+01
      vertex   4.549097e+00 -7.175601e+00 1.000000e+01
      vertex   4.457264e+00 -7.372982e+00 1.000000e+01
    endloop
  endfacet
  facet normal -9.311441e-01 3.646515e-01 0.000000e+00
    outer loop
      vertex   4.457264e+00 -7.372982e+00 1.300000e+01
      vertex   4.457264e+00 -7.372982e+00 1.000000e+01
      vertex   4.377880e+00 -7.575692e+00 1.300000e+01
    endloop
  endfacet
  facet normal -9.311441e-01 3.646515e-01 0.000000e+00
    outer loop
      vertex   4.377880e+00 -7.575692e+00 1.300000e+01
      vertex   4.457264e+00 -7.372982e+00 1.000000e+01
      vertex   4.377880e+00 -7.575692e+00 1.000000e+01
    endloop
  endfacet
  facet normal -9.520131e-01 3.060573e-01 0.000000e+00
    outer loop
      vertex   4.377880e+00 -7.575692e+00 1.300000e+01
      vertex   4.377880e+00 -7.575692e+00 1.000000e+01
      vertex   4.311252e+00 -7.782944e+00 1.300000e+01
    endloop
  endfacet
  facet normal -9.520131e-01 3.060573e-01 0.000000e+00
    outer loop
      vertex   4.311252e+00 -7.782944e+00 1.300000e+01
      vertex   4.377880e+00 -7.575692e+00 1.000000e+01
      vertex   4.311252e+00 -7.782944e+00 1.000000e+01
    endloop
  endfacet
  facet normal -9.691990e-01 2.462789e-01 0.000000e+00
    outer loop
      vertex   4.311252e+00 -7.782944e+00 1.300000e+01
      vertex   4.311252e+00 -7.782944e+00 1.000000e+01
      vertex   4.257637e+00 -7.993938e+00 1.300000e+01
    endloop
  endfacet
  facet normal -9.691990e-01 2.462789e-01 0.000000e+00
    outer loop
      vertex   4.257637e+00 -7.993938e+00 1.300000e+01
      vertex   4.311252e+00 -7.782944e+00 1.000000e+01
      vertex   4.257637e+00 -7.993938e+00 1.000000e+01
    endloop
  endfacet
  facet normal -9.826352e-01 1.855478e-01 0.000000e+00
    outer loop
      vertex   4.257637e+00 -7.993938e+00 1.300000e+01
      vertex   4.257637e+00 -7.993938e+00 1.000000e+01
      vertex   4.217243e+00 -8.207856e+00 1.300000e+01
    endloop
  endfacet
  facet normal -9.826352e-01 1.855478e-01 0.000000e+00
    outer loop
      vertex   4.217243e+00 -8.207856e+00 1.300000e+01
      vertex   4.257637e+00 -7.993938e+00 1.000000e+01
      vertex   4.217243e+00 -8.207856e+00 1.000000e+01
    endloop
  endfacet
  facet normal -9.922699e-01 1.240988e-01 0.000000e+00
    outer loop
      vertex   4.217243e+00 -8.207856e+00 1.300000e+01
      vertex   4.217243e+00 -8.207856e+00 1.000000e+01
      vertex   4.190227e+00 -8.423873e+00 1.300000e+01
    endloop
  endfacet
  facet normal -9.922699e-01 1.240988e-01 0.000000e+00
    outer loop
      vertex   4.190227e+00 -8.423873e+00 1.300000e+01
      vertex   4.217243e+00 -8.207856e+00 1.000000e+01
      vertex   4.190227e+00 -8.423873e+00 1.000000e+01
    endloop
  endfacet
  facet normal -9.980656e-01 6.216964e-02 0.000000e+00
    outer loop
      vertex   4.190227e+00 -8.423873e+00 1.300000e+01
      vertex   4.190227e+00 -8.423873e+00 1.000000e+01
      vertex   4.176693e+00 -8.641150e+00 1.300000e+01
    endloop
  endfacet
  facet normal -9.980656e-01 6.216964e-02 0.000000e+00
    outer loop
      vertex   4.176693e+00 -8.641150e+00 1.300000e+01
      vertex   4.190227e+00 -8.423873e+00 1.000000e+01
      vertex   4.176693e+00 -8.641150e+00 1.000000e+01
    endloop
  endfacet
  facet normal -1.000000e+00 -0.000000e+00 -0.000000e+00
    outer loop
      vertex   4.176693e+00 -8.641150e+00 1.300000e+01
      vertex   4.176693e+00 -8.641150e+00 1.000000e+01
      vertex   4.176693e+00 -8.858850e+00 1.300000e+01
    endloop
  endfacet
  facet normal -1.000000e+00 0.000000e+00 0.000000e+00
    outer loop
      vertex   4.176693e+00 -8.858850e+00 1.300000e+01
      vertex   4.176693e+00 -8.641150e+00 1.000000e+01
      vertex   4.176693e+00 -8.858850e+00 1.000000e+01
    endloop
  endfacet
  facet normal -9.980656e-01 -6.216964e-02 -0.000000e+00
    outer loop
      vertex   4.176693e+00 -8.858850e+00 1.300000e+01
      vertex   4.176693e+00 -8.858850e+00 1.000000e+01
      vertex   4.190227e+00 -9.076127e+00 1.300000e+01
    endloop
  endfacet
  facet normal -9.980656e-01 -6.216964e-02 -0.000000e+00
    outer loop
      vertex   4.190227e+00 -9.076127e+00 1.300000e+01
      vertex   4.176693e+00 -8.858850e+00 1.000000e+01
      vertex   4.190227e+00 -9.076127e+00 1.000000e+01
    endloop
  endfacet
  facet normal -9.922699e-01 -1.240988e-01 -0.000000e+00
    outer loop
      vertex   4.190227e+00 -9.076127e+00 1.300000e+01
      vertex   4.190227e+00 -9.076127e+00 1.000000e+01
      vertex   4.217243e+00 -9.292144e+00 1.300000e+01
    endloop
  endfacet
  facet normal -9.922699e-01 -1.240988e-01 -0.000000e+00
    outer loop
      vertex   4.217243e+00 -9.292144e+00 1.300000e+01
      vertex   4.190227e+00 -9.076127e+00 1.000000e+01
      vertex   4.217243e+00 -9.292144e+00 1.000000e+01
    endloop
  endfacet
  facet normal -9.826352e-01 -1.855478e-01 -0.000000e+00
    outer loop
      vertex   4.217243e+00 -9.292144e+00 1.300000e+01
      vertex   4.217243e+00 -9.292144e+00 1.000000e+01
      vertex   4.257637e+00 -9.506062e+00 1.300000e+01
    endloop
  endfacet
  facet normal -9.826352e-01 -1.855478e-01 -0.000000e+00
    outer loop
      vertex   4.257637e+00 -9.506062e+00 1.300000e+01
      vertex   4.217243e+00 -9.292144e+00 1.000000e+01
      vertex   4.257637e+00 -9.506062e+00 1.000000e+01
    endloop
  endfacet
  facet normal -9.691990e-01 -2.462789e-01 -0.000000e+00
    outer loop
      vertex   4.257637e+00 -9.506062e+00 1.300000e+01
      vertex   4.257637e+00 -9.506062e+00 1.000000e+01
      vertex   4.311252e+00 -9.717056e+00 1.300000e+01
    endloop
  endfacet
  facet normal -9.691990e-01 -2.462789e-01 -0.000000e+00
    outer loop
      vertex   4.311252e+00 -9.717056e+00 1.300000e+01
      vertex   4.257637e+00 -9.506062e+00 1.000000e+01
      vertex   4.311252e+00 -9.717056e+00 1.000000e+01
    endloop
  endfacet
  facet normal -9.520131e-01 -3.060573e-01 -0.000000e+00
    outer loop
      vertex   4.311252e+00 -9.717056e+00 1.300000e+01
      vertex   4.311252e+00 -9.717056e+00 1.000000e+01
      vertex   4.377880e+00 -9.924308e+00 1.300000e+01
    endloop
  endfacet
  facet normal -9.520131e-01 -3.060573e-01 -0.000000e+00
    outer loop
      vertex   4.377880e+00 -9.924308e+00 1.300000e+01
      vertex   4.311252e+00 -9.717056e+00 1.000000e+01
      vertex   4.377880e+00 -9.924308e+00 1.000000e+01
    endloop
  endfacet
  facet normal -9.311441e-01 -3.646515e-01 -0.000000e+00
    outer loop
      vertex   4.377880e+00 -9.924308e+00 1.300000e+01
      vertex   4.377880e+00 -9.924308e+00 1.000000e+01
      vertex   4.457264e+00 -1.012702e+01 1.300000e+01
    endloop
  endfacet
  facet normal -9.311441e-01 -3.646515e-01 -0.000000e+00
    outer loop
      vertex   4.457264e+00 -1.012702e+01 1.300000e+01
      vertex   4.377880e+00 -9.924308e+00 1.000000e+01
      vertex   4.457264e+00 -1.012702e+01 1.000000e+01
    endloop
  endfacet
  facet normal -9.066726e-01 -4.218350e-01 -0.000000e+00
    outer loop
      vertex   4.457264e+00 -1.012702e+01 1.300000e+01
      vertex   4.457264e+00 -1.012702e+01 1.000000e+01
      vertex   4.549097e+00 -1.032440e+01 1.300000e+01
    endloop
  endfacet
  facet normal -9.066726e-01 -4.218350e-01 -0.000000e+00
    outer loop
      vertex   4.549097e+00 -1.032440e+01 1.300000e+01
      vertex   4.457264e+00 -1.012702e+01 1.000000e+01
      vertex   4.549097e+00 -1.032440e+01 1.000000e+01
    endloop
  endfacet
  facet normal -8.786934e-01 -4.773865e-01 -0.000000e+00
    outer loop
      vertex   4.549097e+00 -1.032440e+01 1.300000e+01
      vertex   4.549097e+00 -1.032440e+01 1.000000e+01
      vertex   4.653024e+00 -1.051569e+01 1.300000e+01
    endloop
  endfacet
  facet normal -8.786934e-01 -4.773865e-01 -0.000000e+00
    outer loop
      vertex   4.653024e+00 -1.051569e+01 1.300000e+01
      vertex   4.549097e+00 -1.032440e+01 1.000000e+01
      vertex   4.653024e+00 -1.051569e+01 1.000000e+01
    endloop
  endfacet
  facet normal -8.473147e-01 -5.310911e-01 -0.000000e+00
    outer loop
      vertex   4.653024e+00 -1.051569e+01 1.300000e+01
      vertex   4.653024e+00 -1.051569e+01 1.000000e+01
      vertex   4.768642e+00 -1.070015e+01 1.300000e+01
    endloop
  endfacet
  facet normal -8.473147e-01 -5.310911e-01 -0.000000e+00
    outer loop
      vertex   4.768642e+00 -1.070015e+01 1.300000e+01
      vertex   4.653024e+00 -1.051569e+01 1.000000e+01
      vertex   4.768642e+00 -1.070015e+01 1.000000e+01
    endloop
  endfacet
  facet normal -8.126579e-01 -5.827410e-01 -0.000000e+00
    outer loop
      vertex   4.768642e+00 -1.070015e+01 1.300000e+01
      vertex   4.768642e+00 -1.070015e+01 1.000000e+01
      vertex   4.895504e+00 -1.087706e+01 1.300000e+01
    endloop
  endfacet
  facet normal -8.126579e-01 -5.827410e-01 -0.000000e+00
    outer loop
      vertex   4.895504e+00 -1.087706e+01 1.300000e+01
      vertex   4.768642e+00 -1.070015e+01 1.000000e+01
      vertex   4.895504e+00 -1.087706e+01 1.000000e+01
    endloop
  endfacet
  facet normal -7.748571e-01 -6.321364e-01 -0.000000e+00
    outer loop
      vertex   4.895504e+00 -1.087706e+01 1.300000e+01
      vertex   4.895504e+00 -1.087706e+01 1.000000e+01
      vertex   5.033120e+00 -1.104575e+01 1.300000e+01
    endloop
  endfacet
  facet normal -7.748571e-01 -6.321364e-01 -0.000000e+00
    outer loop
      vertex   5.033120e+00 -1.104575e+01 1.300000e+01
      vertex   4.895504e+00 -1.087706e+01 1.000000e+01
      vertex   5.033120e+00 -1.104575e+01 1.000000e+01
    endloop
  endfacet
  facet normal -7.340585e-01 -6.790862e-01 -0.000000e+00
    outer loop
      vertex   5.033120e+00 -1.104575e+01 1.300000e+01
      vertex   5.033120e+00 -1.104575e+01 1.000000e+01
      vertex   5.180956e+00 -1.120555e+01 1.300000e+01
    endloop
  endfacet
  facet normal -7.340585e-01 -6.790862e-01 -0.000000e+00
    outer loop
      vertex   5.180956e+00 -1.120555e+01 1.300000e+01
      vertex   5.033120e+00 -1.104575e+01 1.000000e+01
      vertex   5.180956e+00 -1.120555e+01 1.000000e+01
    endloop
  endfacet
  facet normal -6.904200e-01 -7.234087e-01 -0.000000e+00
    outer loop
      vertex   5.180956e+00 -1.120555e+01 1.300000e+01
      vertex   5.180956e+00 -1.120555e+01 1.000000e+01
      vertex   5.338442e+00 -1.135586e+01 1.300000e+01
    endloop
  endfacet
  facet normal -6.904200e-01 -7.234087e-01 -0.000000e+00
    outer loop
      vertex   5.338442e+00 -1.135586e+01 1.300000e+01
      vertex   5.180956e+00 -1.120555e+01 1.000000e+01
      vertex   5.338442e+00 -1.135586e+01 1.000000e+01
    endloop
  endfacet
  facet normal -6.441104e-01 -7.649325e-01 -0.000000e+00
    outer loop
      vertex   5.338442e+00 -1.135586e+01 1.300000e+01
      vertex   5.338442e+00 -1.135586e+01 1.000000e+01
      vertex   5.504967e+00 -1.149608e+01 1.300000e+01
    endloop
  endfacet
  facet normal -6.441104e-01 -7.649325e-01 -0.000000e+00
    outer loop
      vertex   5.504967e+00 -1.149608e+01 1.300000e+01
      vertex   5.338442e+00 -1.135586e+01 1.000000e+01
      vertex   5.504967e+00 -1.149608e+01 1.000000e+01
    endloop
  endfacet
  facet normal -5.953089e-01 -8.034970e-01 -0.000000e+00
    outer loop
      vertex   5.504967e+00 -1.149608e+01 1.300000e+01
      vertex   5.504967e+00 -1.149608e+01 1.000000e+01
      vertex   5.679887e+00 -1.162568e+01 1.300000e+01
    endloop
  endfacet
  facet normal -5.953089e-01 -8.034970e-01 -0.000000e+00
    outer loop
      vertex   5.679887e+00 -1.162568e+01 1.300000e+01
      vertex   5.504967e+00 -1.149608e+01 1.000000e+01
      vertex   5.679887e+00 -1.162568e+01 1.000000e+01
    endloop
  endfacet
  facet normal -5.442042e-01 -8.389528e-01 -0.000000e+00
    outer loop
      vertex   5.679887e+00 -1.162568e+01 1.300000e+01
      vertex   5.679887e+00 -1.162568e+01 1.000000e+01
      vertex   5.862526e+00 -1.174415e+01 1.300000e+01
    endloop
  endfacet
  facet normal -5.442042e-01 -8.389528e-01 -0.000000e+00
    outer loop
      vertex   5.862526e+00 -1.174415e+01 1.300000e+01
      vertex   5.679887e+00 -1.162568e+01 1.000000e+01
      vertex   5.862526e+00 -1.174415e+01 1.000000e+01
    endloop
  endfacet
  facet normal -4.909941e-01 -8.711629e-01 -0.000000e+00
    outer loop
      vertex   5.862526e+00 -1.174415e+01 1.300000e+01
      vertex   5.862526e+00 -1.174415e+01 1.000000e+01
      vertex   6.052178e+00 -1.185104e+01 1.300000e+01
    endloop
  endfacet
  facet normal -4.909941e-01 -8.711629e-01 -0.000000e+00
    outer loop
      vertex   6.052178e+00 -1.185104e+01 1.300000e+01
      vertex   5.862526e+00 -1.174415e+01 1.000000e+01
      vertex   6.052178e+00 -1.185104e+01 1.000000e+01
    endloop
  endfacet
  facet normal -4.358844e-01 -9.000027e-01 -0.000000e+00
    outer loop
      vertex   6.052178e+00 -1.185104e+01 1.300000e+01
      vertex   6.052178e+00 -1.185104e+01 1.000000e+01
      vertex   6.248107e+00 -1.194593e+01 1.300000e+01
    endloop
  endfacet
  facet normal -4.358844e-01 -9.000027e-01 -0.000000e+00
    outer loop
      vertex   6.248107e+00 -1.194593e+01 1.300000e+01
      vertex   6.052178e+00 -1.185104e+01 1.000000e+01
      vertex   6.248107e+00 -1.194593e+01 1.000000e+01
    endloop
  endfacet
  facet normal -3.790884e-01 -9.253605e-01 -0.000000e+00
    outer loop
      vertex   6.248107e+00 -1.194593e+01 1.300000e+01
      vertex   6.248107e+00 -1.194593e+01 1.000000e+01
      vertex   6.449557e+00 -1.202846e+01 1.300000e+01
    endloop
  endfacet
  facet normal -3.790884e-01 -9.253605e-01 -0.000000e+00
    outer loop
      vertex   6.449557e+00 -1.202846e+01 1.300000e+01
      vertex   6.248107e+00 -1.194593e+01 1.000000e+01
      vertex   6.449557e+00 -1.202846e+01 1.000000e+01
    endloop
  endfacet
  facet normal -3.208258e-01 -9.471382e-01 -0.000000e+00
    outer loop
      vertex   6.449557e+00 -1.202846e+01 1.300000e+01
      vertex   6.449557e+00 -1.202846e+01 1.000000e+01
      vertex   6.655749e+00 -1.209830e+01 1.300000e+01
    endloop
  endfacet
  facet normal -3.208258e-01 -9.471382e-01 -0.000000e+00
    outer loop
      vertex   6.655749e+00 -1.209830e+01 1.300000e+01
      vertex   6.449557e+00 -1.202846e+01 1.000000e+01
      vertex   6.655749e+00 -1.209830e+01 1.000000e+01
    endloop
  endfacet
  facet normal -2.613219e-01 -9.652517e-01 -0.000000e+00
    outer loop
      vertex   6.655749e+00 -1.209830e+01 1.300000e+01
      vertex   6.655749e+00 -1.209830e+01 1.000000e+01
      vertex   6.865883e+00 -1.215519e+01 1.300000e+01
    endloop
  endfacet
  facet normal -2.613219e-01 -9.652517e-01 -0.000000e+00
    outer loop
      vertex   6.865883e+00 -1.215519e+01 1.300000e+01
      vertex   6.655749e+00 -1.209830e+01 1.000000e+01
      vertex   6.865883e+00 -1.215519e+01 1.000000e+01
    endloop
  endfacet
  facet normal -2.008071e-01 -9.796308e-01 -0.000000e+00
    outer loop
      vertex   6.865883e+00 -1.215519e+01 1.300000e+01
      vertex   6.865883e+00 -1.215519e+01 1.000000e+01
      vertex   7.079148e+00 -1.219891e+01 1.300000e+01
    endloop
  endfacet
  facet normal -2.008071e-01 -9.796308e-01 -0.000000e+00
    outer loop
      vertex   7.079148e+00 -1.219891e+01 1.300000e+01
      vertex   6.865883e+00 -1.215519e+01 1.000000e+01
      vertex   7.079148e+00 -1.219891e+01 1.000000e+01
    endloop
  endfacet
  facet normal -1.395153e-01 -9.902199e-01 -0.000000e+00
    outer loop
      vertex   7.079148e+00 -1.219891e+01 1.300000e+01
      vertex   7.079148e+00 -1.219891e+01 1.000000e+01
      vertex   7.294717e+00 -1.222928e+01 1.300000e+01
    endloop
  endfacet
  facet normal -1.395153e-01 -9.902199e-01 -0.000000e+00
    outer loop
      vertex   7.294717e+00 -1.222928e+01 1.300000e+01
      vertex   7.079148e+00 -1.219891e+01 1.000000e+01
      vertex   7.294717e+00 -1.222928e+01 1.000000e+01
    endloop
  endfacet
  facet normal -7.768385e-02 -9.969780e-01 -0.000000e+00
    outer loop
      vertex   7.294717e+00 -1.222928e+01 1.300000e+01
      vertex   7.294717e+00 -1.222928e+01 1.000000e+01
      vertex   7.511759e+00 -1.224619e+01 1.300000e+01
    endloop
  endfacet
  facet normal -7.768385e-02 -9.969780e-01 -0.000000e+00
    outer loop
      vertex   7.511759e+00 -1.224619e+01 1.300000e+01
      vertex   7.294717e+00 -1.222928e+01 1.000000e+01
      vertex   7.511759e+00 -1.224619e+01 1.000000e+01
    endloop
  endfacet
  facet normal -1.555181e-02 -9.998791e-01 -0.000000e+00
    outer loop
      vertex   7.511759e+00 -1.224619e+01 1.300000e+01
      vertex   7.511759e+00 -1.224619e+01 1.000000e+01
      vertex   7.729431e+00 -1.224958e+01 1.300000e+01
    endloop
  endfacet
  facet normal -1.555181e-02 -9.998791e-01 -0.000000e+00
    outer loop
      vertex   7.729431e+00 -1.224958e+01 1.300000e+01
      vertex   7.511759e+00 -1.224619e+01 1.000000e+01
      vertex   7.729431e+00 -1.224958e+01 1.000000e+01
    endloop
  endfacet
  facet normal 4.664039e-02 -9.989117e-01 0.000000e+00
    outer loop
      vertex   7.729431e+00 -1.224958e+01 1.300000e+01
      vertex   7.729431e+00 -1.224958e+01 1.000000e+01
      vertex   7.946893e+00 -1.223942e+01 1.300000e+01
    endloop
  endfacet
  facet normal 4.664039e-02 -9.989117e-01 0.000000e+00
    outer loop
      vertex   7.946893e+00 -1.223942e+01 1.300000e+01
      vertex   7.729431e+00 -1.224958e+01 1.000000e+01
      vertex   7.946893e+00 -1.223942e+01 1.000000e+01
    endloop
  endfacet
  facet normal 1.086522e-01 -9.940798e-01 0.000000e+00
    outer loop
      vertex   7.946893e+00 -1.223942e+01 1.300000e+01
      vertex   7.946893e+00 -1.223942e+01 1.000000e+01
      vertex   8.163304e+00 -1.221577e+01 1.300000e+01
    endloop
  endfacet
  facet normal 1.086522e-01 -9.940798e-01 0.000000e+00
    outer loop
      vertex   8.163304e+00 -1.221577e+01 1.300000e+01
      vertex   7.946893e+00 -1.223942e+01 1.000000e+01
      vertex   8.163304e+00 -1.221577e+01 1.000000e+01
    endloop
  endfacet
  facet normal 1.702436e-01 -9.854020e-01 0.000000e+00
    outer loop
      vertex   8.163304e+00 -1.221577e+01 1.300000e+01
      vertex   8.163304e+00 -1.221577e+01 1.000000e+01
      vertex   8.377825e+00 -1.217871e+01 1.300000e+01
    endloop
  endfacet
  facet normal 1.702436e-01 -9.854020e-01 0.000000e+00
    outer loop
      vertex   8.377825e+00 -1.217871e+01 1.300000e+01
      vertex   8.163304e+00 -1.221577e+01 1.000000e+01
      vertex   8.377825e+00 -1.217871e+01 1.000000e+01
    endloop
  endfacet
  facet normal 2.311763e-01 -9.729119e-01 0.000000e+00
    outer loop
      vertex   8.377825e+00 -1.217871e+01 1.300000e+01
      vertex   8.377825e+00 -1.217871e+01 1.000000e+01
      vertex   8.589627e+00 -1.212838e+01 1.300000e+01
    endloop
  endfacet
  facet normal 2.311763e-01 -9.729119e-01 0.000000e+00
    outer loop
      vertex   8.589627e+00 -1.212838e+01 1.300000e+01
      vertex   8.377825e+00 -1.217871e+01 1.000000e+01
      vertex   8.589627e+00 -1.212838e+01 1.000000e+01
    endloop
  endfacet
  facet normal 2.912147e-01 -9.566577e-01 0.000000e+00
    outer loop
      vertex   8.589627e+00 -1.212838e+01 1.300000e+01
      vertex   8.589627e+00 -1.212838e+01 1.000000e+01
      vertex   8.797890e+00 -1.206498e+01 1.300000e+01
    endloop
  endfacet
  facet normal 2.912147e-01 -9.566577e-01 0.000000e+00
    outer loop
      vertex   8.797890e+00 -1.206498e+01 1.300000e+01
      vertex   8.589627e+00 -1.212838e+01 1.000000e+01
      vertex   8.797890e+00 -1.206498e+01 1.000000e+01
    endloop
  endfacet
  facet normal 3.501264e-01 -9.367024e-01 0.000000e+00
    outer loop
      vertex   8.797890e+00 -1.206498e+01 1.300000e+01
      vertex   8.797890e+00 -1.206498e+01 1.000000e+01
      vertex   9.001809e+00 -1.198876e+01 1.300000e+01
    endloop
  endfacet
  facet normal 3.501264e-01 -9.367024e-01 0.000000e+00
    outer loop
      vertex   9.001809e+00 -1.198876e+01 1.300000e+01
      vertex   8.797890e+00 -1.206498e+01 1.000000e+01
      vertex   9.001809e+00 -1.198876e+01 1.000000e+01
    endloop
  endfacet
  facet normal 4.076836e-01 -9.131233e-01 0.000000e+00
    outer loop
      vertex   9.001809e+00 -1.198876e+01 1.300000e+01
      vertex   9.001809e+00 -1.198876e+01 1.000000e+01
      vertex   9.200595e+00 -1.190001e+01 1.300000e+01
    endloop
  endfacet
  facet normal 4.076836e-01 -9.131233e-01 0.000000e+00
    outer loop
      vertex   9.200595e+00 -1.190001e+01 1.300000e+01
      vertex   9.001809e+00 -1.198876e+01 1.000000e+01
      vertex   9.200595e+00 -1.190001e+01 1.000000e+01
    endloop
  endfacet
  facet normal 4.636635e-01 -8.860114e-01 0.000000e+00
    outer loop
      vertex   9.200595e+00 -1.190001e+01 1.300000e+01
      vertex   9.200595e+00 -1.190001e+01 1.000000e+01
      vertex   9.393479e+00 -1.179907e+01 1.300000e+01
    endloop
  endfacet
  facet normal 4.636635e-01 -8.860114e-01 0.000000e+00
    outer loop
      vertex   9.393479e+00 -1.179907e+01 1.300000e+01
      vertex   9.200595e+00 -1.190001e+01 1.000000e+01
      vertex   9.393479e+00 -1.179907e+01 1.000000e+01
    endloop
  endfacet
  facet normal 5.178496e-01 -8.554717e-01 0.000000e+00
    outer loop
      vertex   9.393479e+00 -1.179907e+01 1.300000e+01
      vertex   9.393479e+00 -1.179907e+01 1.000000e+01
      vertex   9.579715e+00 -1.168633e+01 1.300000e+01
    endloop
  endfacet
  facet normal 5.178496e-01 -8.554717e-01 0.000000e+00
    outer loop
      vertex   9.579715e+00 -1.168633e+01 1.300000e+01
      vertex   9.393479e+00 -1.179907e+01 1.000000e+01
      vertex   9.579715e+00 -1.168633e+01 1.000000e+01
    endloop
  endfacet
  facet normal 5.700323e-01 -8.216223e-01 0.000000e+00
    outer loop
      vertex   9.579715e+00 -1.168633e+01 1.300000e+01
      vertex   9.579715e+00 -1.168633e+01 1.000000e+01
      vertex   9.758581e+00 -1.156224e+01 1.300000e+01
    endloop
  endfacet
  facet normal 5.700323e-01 -8.216223e-01 0.000000e+00
    outer loop
      vertex   9.758581e+00 -1.156224e+01 1.300000e+01
      vertex   9.579715e+00 -1.168633e+01 1.000000e+01
      vertex   9.758581e+00 -1.156224e+01 1.000000e+01
    endloop
  endfacet
  facet normal 6.200095e-01 -7.845943e-01 0.000000e+00
    outer loop
      vertex   9.758581e+00 -1.156224e+01 1.300000e+01
      vertex   9.758581e+00 -1.156224e+01 1.000000e+01
      vertex   9.929386e+00 -1.142726e+01 1.300000e+01
    endloop
  endfacet
  facet normal 6.200095e-01 -7.845943e-01 0.000000e+00
    outer loop
      vertex   9.929386e+00 -1.142726e+01 1.300000e+01
      vertex   9.758581e+00 -1.156224e+01 1.000000e+01
      vertex   9.929386e+00 -1.142726e+01 1.000000e+01
    endloop
  endfacet
  facet normal 6.675881e-01 -7.445308e-01 0.000000e+00
    outer loop
      vertex   9.929386e+00 -1.142726e+01 1.300000e+01
      vertex   9.929386e+00 -1.142726e+01 1.000000e+01
      vertex   1.009147e+01 -1.128193e+01 1.300000e+01
    endloop
  endfacet
  facet normal 6.675881e-01 -7.445308e-01 0.000000e+00
    outer loop
      vertex   1.009147e+01 -1.128193e+01 1.300000e+01
      vertex   9.929386e+00 -1.142726e+01 1.000000e+01
      vertex   1.009147e+01 -1.128193e+01 1.000000e+01
    endloop
  endfacet
  facet normal 7.125840e-01 -7.015868e-01 0.000000e+00
    outer loop
      vertex   1.009147e+01 -1.128193e+01 1.300000e+01
      vertex   1.009147e+01 -1.128193e+01 1.000000e+01
      vertex   1.024420e+01 -1.112680e+01 1.300000e+01
    endloop
  endfacet
  facet normal 7.125840e-01 -7.015868e-01 0.000000e+00
    outer loop
      vertex   1.024420e+01 -1.112680e+01 1.300000e+01
      vertex   1.009147e+01 -1.128193e+01 1.000000e+01
      vertex   1.024420e+01 -1.112680e+01 1.000000e+01
    endloop
  endfacet
  facet normal 7.548229e-01 -6.559286e-01 0.000000e+00
    outer loop
      vertex   1.024420e+01 -1.112680e+01 1.300000e+01
      vertex   1.024420e+01 -1.112680e+01 1.000000e+01
      vertex   1.038700e+01 -1.096248e+01 1.300000e+01
    endloop
  endfacet
  facet normal 7.548229e-01 -6.559286e-01 0.000000e+00
    outer loop
      vertex   1.038700e+01 -1.096248e+01 1.300000e+01
      vertex   1.024420e+01 -1.112680e+01 1.000000e+01
      vertex   1.038700e+01 -1.096248e+01 1.000000e+01
    endloop
  endfacet
  facet normal 7.941417e-01 -6.077327e-01 0.000000e+00
    outer loop
      vertex   1.038700e+01 -1.096248e+01 1.300000e+01
      vertex   1.038700e+01 -1.096248e+01 1.000000e+01
      vertex   1.051930e+01 -1.078959e+01 1.300000e+01
    endloop
  endfacet
  facet normal 7.941417e-01 -6.077327e-01 0.000000e+00
    outer loop
      vertex   1.051930e+01 -1.078959e+01 1.300000e+01
      vertex   1.038700e+01 -1.096248e+01 1.000000e+01
      vertex   1.051930e+01 -1.078959e+01 1.000000e+01
    endloop
  endfacet
  facet normal 8.303880e-01 -5.571856e-01 0.000000e+00
    outer loop
      vertex   1.051930e+01 -1.078959e+01 1.300000e+01
      vertex   1.051930e+01 -1.078959e+01 1.000000e+01
      vertex   1.064060e+01 -1.060882e+01 1.300000e+01
    endloop
  endfacet
  facet normal 8.303880e-01 -5.571856e-01 0.000000e+00
    outer loop
      vertex   1.064060e+01 -1.060882e+01 1.300000e+01
      vertex   1.051930e+01 -1.078959e+01 1.000000e+01
      vertex   1.064060e+01 -1.060882e+01 1.000000e+01
    endloop
  endfacet
  facet normal 8.634217e-01 -5.044829e-01 0.000000e+00
    outer loop
      vertex   1.064060e+01 -1.060882e+01 1.300000e+01
      vertex   1.064060e+01 -1.060882e+01 1.000000e+01
      vertex   1.075043e+01 -1.042085e+01 1.300000e+01
    endloop
  endfacet
  facet normal 8.634217e-01 -5.044829e-01 0.000000e+00
    outer loop
      vertex   1.075043e+01 -1.042085e+01 1.300000e+01
      vertex   1.064060e+01 -1.060882e+01 1.000000e+01
      vertex   1.075043e+01 -1.042085e+01 1.000000e+01
    endloop
  endfacet
  facet normal 8.931150e-01 -4.498284e-01 0.000000e+00
    outer loop
      vertex   1.075043e+01 -1.042085e+01 1.300000e+01
      vertex   1.075043e+01 -1.042085e+01 1.000000e+01
      vertex   1.084835e+01 -1.022642e+01 1.300000e+01
    endloop
  endfacet
  facet normal 8.931150e-01 -4.498284e-01 0.000000e+00
    outer loop
      vertex   1.084835e+01 -1.022642e+01 1.300000e+01
      vertex   1.075043e+01 -1.042085e+01 1.000000e+01
      vertex   1.084835e+01 -1.022642e+01 1.000000e+01
    endloop
  endfacet
  facet normal 9.193530e-01 -3.934336e-01 0.000000e+00
    outer loop
      vertex   1.084835e+01 -1.022642e+01 1.300000e+01
      vertex   1.084835e+01 -1.022642e+01 1.000000e+01
      vertex   1.093400e+01 -1.002628e+01 1.300000e+01
    endloop
  endfacet
  facet normal 9.193530e-01 -3.934336e-01 0.000000e+00
    outer loop
      vertex   1.093400e+01 -1.002628e+01 1.300000e+01
      vertex   1.084835e+01 -1.022642e+01 1.000000e+01
      vertex   1.093400e+01 -1.002628e+01 1.000000e+01
    endloop
  endfacet
  facet normal 9.420343e-01 -3.355167e-01 0.000000e+00
    outer loop
      vertex   1.093400e+01 -1.002628e+01 1.300000e+01
      vertex   1.093400e+01 -1.002628e+01 1.000000e+01
      vertex   1.100705e+01 -9.821200e+00 1.300000e+01
    endloop
  endfacet
  facet normal 9.420343e-01 -3.355167e-01 0.000000e+00
    outer loop
      vertex   1.100705e+01 -9.821200e+00 1.300000e+01
      vertex   1.093400e+01 -1.002628e+01 1.000000e+01
      vertex   1.100705e+01 -9.821200e+00 1.000000e+01
    endloop
  endfacet
  facet normal 9.610709e-01 -2.763017e-01 0.000000e+00
    outer loop
      vertex   1.100705e+01 -9.821200e+00 1.300000e+01
      vertex   1.100705e+01 -9.821200e+00 1.000000e+01
      vertex   1.106720e+01 -9.611976e+00 1.300000e+01
    endloop
  endfacet
  facet normal 9.610709e-01 -2.763017e-01 0.000000e+00
    outer loop
      vertex   1.106720e+01 -9.611976e+00 1.300000e+01
      vertex   1.100705e+01 -9.821200e+00 1.000000e+01
      vertex   1.106720e+01 -9.611976e+00 1.000000e+01
    endloop
  endfacet
  facet normal 9.763894e-01 -2.160178e-01 0.000000e+00
    outer loop
      vertex   1.106720e+01 -9.611976e+00 1.300000e+01
      vertex   1.106720e+01 -9.611976e+00 1.000000e+01
      vertex   1.111422e+01 -9.399417e+00 1.300000e+01
    endloop
  endfacet
  facet normal 9.763894e-01 -2.160178e-01 0.000000e+00
    outer loop
      vertex   1.111422e+01 -9.399417e+00 1.300000e+01
      vertex   1.106720e+01 -9.611976e+00 1.000000e+01
      vertex   1.111422e+01 -9.399417e+00 1.000000e+01
    endloop
  endfacet
  facet normal 9.879304e-01 -1.548982e-01 0.000000e+00
    outer loop
      vertex   1.111422e+01 -9.399417e+00 1.300000e+01
      vertex   1.111422e+01 -9.399417e+00 1.000000e+01
      vertex   1.114794e+01 -9.184346e+00 1.300000e+01
    endloop
  endfacet
  facet normal 9.879304e-01 -1.548982e-01 0.000000e+00
    outer loop
      vertex   1.114794e+01 -9.184346e+00 1.300000e+01
      vertex   1.111422e+01 -9.399417e+00 1.000000e+01
      vertex   1.114794e+01 -9.184346e+00 1.000000e+01
    endloop
  endfacet
  facet normal 9.956493e-01 -9.317927e-02 0.000000e+00
    outer loop
      vertex   1.114794e+01 -9.184346e+00 1.300000e+01
      vertex   1.114794e+01 -9.184346e+00 1.000000e+01
      vertex   1.116823e+01 -8.967594e+00 1.300000e+01
    endloop
  endfacet
  facet normal 9.956493e-01 -9.317927e-02 0.000000e+00
    outer loop
      vertex   1.116823e+01 -8.967594e+00 1.300000e+01
      vertex   1.114794e+01 -9.184346e+00 1.000000e+01
      vertex   1.116823e+01 -8.967594e+00 1.000000e+01
    endloop
  endfacet
  facet normal 9.984815e-01 -5.508776e-02 0.000000e+00
    outer loop
      vertex   8.768324e+00 -8.871009e+00 1.000000e+01
      vertex   8.768324e+00 -8.871009e+00 8.500000e+00
      vertex   8.775000e+00 -8.750000e+00 1.000000e+01
    endloop
  endfacet
  facet normal 9.984815e-01 -5.508776e-02 0.000000e+00
    outer loop
      vertex   8.775000e+00 -8.750000e+00 1.000000e+01
      vertex   8.768324e+00 -8.871009e+00 8.500000e+00
      vertex   8.775000e+00 -8.750000e+00 8.500000e+00
    endloop
  endfacet
  facet normal 9.984815e-01 5.508776e-02 0.000000e+00
    outer loop
      vertex   8.775000e+00 -8.750000e+00 1.000000e+01
      vertex   8.775000e+00 -8.750000e+00 8.500000e+00
      vertex   8.768324e+00 -8.628991e+00 1.000000e+01
    endloop
  endfacet
  facet normal 9.984815e-01 5.508776e-02 0.000000e+00
    outer loop
      vertex   8.768324e+00 -8.628991e+00 1.000000e+01
      vertex   8.775000e+00 -8.750000e+00 8.500000e+00
      vertex   8.768324e+00 -8.628991e+00 8.500000e+00
    endloop
  endfacet
  facet normal 9.863613e-01 1.645946e-01 0.000000e+00
    outer loop
      vertex   8.768324e+00 -8.628991e+00 1.000000e+01
      vertex   8.768324e+00 -8.628991e+00 8.500000e+00
      vertex   8.748376e+00 -8.509451e+00 1.000000e+01
    endloop
  endfacet
  facet normal 9.863613e-01 1.645946e-01 0.000000e+00
    outer loop
      vertex   8.748376e+00 -8.509451e+00 1.000000e+01
      vertex   8.768324e+00 -8.628991e+00 8.500000e+00
      vertex   8.748376e+00 -8.509451e+00 8.500000e+00
    endloop
  endfacet
  facet normal 9.622680e-01 2.721035e-01 0.000000e+00
    outer loop
      vertex   8.748376e+00 -8.509451e+00 1.000000e+01
      vertex   8.748376e+00 -8.509451e+00 8.500000e+00
      vertex   8.715399e+00 -8.392831e+00 1.000000e+01
    endloop
  endfacet
  facet normal 9.622680e-01 2.721035e-01 0.000000e+00
    outer loop
      vertex   8.715399e+00 -8.392831e+00 1.000000e+01
      vertex   8.748376e+00 -8.509451e+00 8.500000e+00
      vertex   8.715399e+00 -8.392831e+00 8.500000e+00
    endloop
  endfacet
  facet normal 9.264941e-01 3.763094e-01 0.000000e+00
    outer loop
      vertex   8.715399e+00 -8.392831e+00 1.000000e+01
      vertex   8.715399e+00 -8.392831e+00 8.500000e+00
      vertex   8.669793e+00 -8.280546e+00 1.000000e+01
    endloop
  endfacet
  facet normal 9.264941e-01 3.763094e-01 0.000000e+00
    outer loop
      vertex   8.669793e+00 -8.280546e+00 1.000000e+01
      vertex   8.715399e+00 -8.392831e+00 8.500000e+00
      vertex   8.669793e+00 -8.280546e+00 8.500000e+00
    endloop
  endfacet
  facet normal 8.794738e-01 4.759474e-01 0.000000e+00
    outer loop
      vertex   8.669793e+00 -8.280546e+00 1.000000e+01
      vertex   8.669793e+00 -8.280546e+00 8.500000e+00
      vertex   8.612111e+00 -8.173960e+00 1.000000e+01
    endloop
  endfacet
  facet normal 8.794738e-01 4.759474e-01 0.000000e+00
    outer loop
      vertex   8.612111e+00 -8.173960e+00 1.000000e+01
      vertex   8.669793e+00 -8.280546e+00 8.500000e+00
      vertex   8.612111e+00 -8.173960e+00 8.500000e+00
    endloop
  endfacet
  facet normal 8.217778e-01 5.698081e-01 0.000000e+00
    outer loop
      vertex   8.612111e+00 -8.173960e+00 1.000000e+01
      vertex   8.612111e+00 -8.173960e+00 8.500000e+00
      vertex   8.543055e+00 -8.074366e+00 1.000000e+01
    endloop
  endfacet
  facet normal 8.217778e-01 5.698081e-01 0.000000e+00
    outer loop
      vertex   8.543055e+00 -8.074366e+00 1.000000e+01
      vertex   8.612111e+00 -8.173960e+00 8.500000e+00
      vertex   8.543055e+00 -8.074366e+00 8.500000e+00
    endloop
  endfacet
  facet normal 7.541066e-01 6.567520e-01 0.000000e+00
    outer loop
      vertex   8.543055e+00 -8.074366e+00 1.000000e+01
      vertex   8.543055e+00 -8.074366e+00 8.500000e+00
      vertex   8.463461e+00 -7.982974e+00 1.000000e+01
    endloop
  endfacet
  facet normal 7.541066e-01 6.567520e-01 0.000000e+00
    outer loop
      vertex   8.463461e+00 -7.982974e+00 1.000000e+01
      vertex   8.543055e+00 -8.074366e+00 8.500000e+00
      vertex   8.463461e+00 -7.982974e+00 8.500000e+00
    endloop
  endfacet
  facet normal 6.772816e-01 7.357239e-01 0.000000e+00
    outer loop
      vertex   8.463461e+00 -7.982974e+00 1.000000e+01
      vertex   8.463461e+00 -7.982974e+00 8.500000e+00
      vertex   8.374296e+00 -7.900892e+00 1.000000e+01
    endloop
  endfacet
  facet normal 6.772816e-01 7.357239e-01 0.000000e+00
    outer loop
      vertex   8.374296e+00 -7.900892e+00 1.000000e+01
      vertex   8.463461e+00 -7.982974e+00 8.500000e+00
      vertex   8.374296e+00 -7.900892e+00 8.500000e+00
    endloop
  endfacet
  facet normal 5.922353e-01 8.057651e-01 0.000000e+00
    outer loop
      vertex   8.374296e+00 -7.900892e+00 1.000000e+01
      vertex   8.374296e+00 -7.900892e+00 8.500000e+00
      vertex   8.276643e+00 -7.829117e+00 1.000000e+01
    endloop
  endfacet
  facet normal 5.922353e-01 8.057651e-01 0.000000e+00
    outer loop
      vertex   8.276643e+00 -7.829117e+00 1.000000e+01
      vertex   8.374296e+00 -7.900892e+00 8.500000e+00
      vertex   8.276643e+00 -7.829117e+00 8.500000e+00
    endloop
  endfacet
  facet normal 5.000000e-01 8.660254e-01 0.000000e+00
    outer loop
      vertex   8.276643e+00 -7.829117e+00 1.000000e+01
      vertex   8.276643e+00 -7.829117e+00 8.500000e+00
      vertex   8.171687e+00 -7.768520e+00 1.000000e+01
    endloop
  endfacet
  facet normal 5.000000e-01 8.660254e-01 0.000000e+00
    outer loop
      vertex   8.171687e+00 -7.768520e+00 1.000000e+01
      vertex   8.276643e+00 -7.829117e+00 8.500000e+00
      vertex   8.171687e+00 -7.768520e+00 8.500000e+00
    endloop
  endfacet
  facet normal 4.016954e-01 9.157733e-01 0.000000e+00
    outer loop
      vertex   8.171687e+00 -7.768520e+00 1.000000e+01
      vertex   8.171687e+00 -7.768520e+00 8.500000e+00
      vertex   8.060701e+00 -7.719838e+00 1.000000e+01
    endloop
  endfacet
  facet normal 4.016954e-01 9.157733e-01 0.000000e+00
    outer loop
      vertex   8.060701e+00 -7.719838e+00 1.000000e+01
      vertex   8.171687e+00 -7.768520e+00 8.500000e+00
      vertex   8.060701e+00 -7.719838e+00 8.500000e+00
    endloop
  endfacet
  facet normal 2.985148e-01 9.544050e-01 0.000000e+00
    outer loop
      vertex   8.060701e+00 -7.719838e+00 1.000000e+01
      vertex   8.060701e+00 -7.719838e+00 8.500000e+00
      vertex   7.945034e+00 -7.683660e+00 1.000000e+01
    endloop
  endfacet
  facet normal 2.985148e-01 9.544050e-01 0.000000e+00
    outer loop
      vertex   7.945034e+00 -7.683660e+00 1.000000e+01
      vertex   8.060701e+00 -7.719838e+00 8.500000e+00
      vertex   7.945034e+00 -7.683660e+00 8.500000e+00
    endloop
  endfacet
  facet normal 1.917106e-01 9.814515e-01 0.000000e+00
    outer loop
      vertex   7.945034e+00 -7.683660e+00 1.000000e+01
      vertex   7.945034e+00 -7.683660e+00 8.500000e+00
      vertex   7.826089e+00 -7.660426e+00 1.000000e+01
    endloop
  endfacet
  facet normal 1.917106e-01 9.814515e-01 0.000000e+00
    outer loop
      vertex   7.826089e+00 -7.660426e+00 1.000000e+01
      vertex   7.945034e+00 -7.683660e+00 8.500000e+00
      vertex   7.826089e+00 -7.660426e+00 8.500000e+00
    endloop
  endfacet
  facet normal 8.257935e-02 9.965845e-01 0.000000e+00
    outer loop
      vertex   7.826089e+00 -7.660426e+00 1.000000e+01
      vertex   7.826089e+00 -7.660426e+00 8.500000e+00
      vertex   7.705310e+00 -7.650418e+00 1.000000e+01
    endloop
  endfacet
  facet normal 8.257935e-02 9.965845e-01 0.000000e+00
    outer loop
      vertex   7.705310e+00 -7.650418e+00 1.000000e+01
      vertex   7.826089e+00 -7.660426e+00 8.500000e+00
      vertex   7.705310e+00 -7.650418e+00 8.500000e+00
    endloop
  endfacet
  facet normal -2.755434e-02 9.996203e-01 0.000000e+00
    outer loop
      vertex   7.705310e+00 -7.650418e+00 1.000000e+01
      vertex   7.705310e+00 -7.650418e+00 8.500000e+00
      vertex   7.584163e+00 -7.653757e+00 1.000000e+01
    endloop
  endfacet
  facet normal -2.755434e-02 9.996203e-01 0.000000e+00
    outer loop
      vertex   7.584163e+00 -7.653757e+00 1.000000e+01
      vertex   7.705310e+00 -7.650418e+00 8.500000e+00
      vertex   7.584163e+00 -7.653757e+00 8.500000e+00
    endloop
  endfacet
  facet normal -1.373536e-01 9.905221e-01 0.000000e+00
    outer loop
      vertex   7.584163e+00 -7.653757e+00 1.000000e+01
      vertex   7.584163e+00 -7.653757e+00 8.500000e+00
      vertex   7.464118e+00 -7.670403e+00 1.000000e+01
    endloop
  endfacet
  facet normal -1.373536e-01 9.905221e-01 0.000000e+00
    outer loop
      vertex   7.464118e+00 -7.670403e+00 1.000000e+01
      vertex   7.584163e+00 -7.653757e+00 8.500000e+00
      vertex   7.464118e+00 -7.670403e+00 8.500000e+00
    endloop
  endfacet
  facet normal -2.454855e-01 9.694003e-01 0.000000e+00
    outer loop
      vertex   7.464118e+00 -7.670403e+00 1.000000e+01
      vertex   7.464118e+00 -7.670403e+00 8.500000e+00
      vertex   7.346634e+00 -7.700154e+00 1.000000e+01
    endloop
  endfacet
  facet normal -2.454855e-01 9.694003e-01 0.000000e+00
    outer loop
      vertex   7.346634e+00 -7.700154e+00 1.000000e+01
      vertex   7.464118e+00 -7.670403e+00 8.500000e+00
      vertex   7.346634e+00 -7.700154e+00 8.500000e+00
    endloop
  endfacet
  facet normal -3.506376e-01 9.365112e-01 0.000000e+00
    outer loop
      vertex   7.346634e+00 -7.700154e+00 1.000000e+01
      vertex   7.346634e+00 -7.700154e+00 8.500000e+00
      vertex   7.233135e+00 -7.742649e+00 1.000000e+01
    endloop
  endfacet
  facet normal -3.506376e-01 9.365112e-01 0.000000e+00
    outer loop
      vertex   7.233135e+00 -7.742649e+00 1.000000e+01
      vertex   7.346634e+00 -7.700154e+00 8.500000e+00
      vertex   7.233135e+00 -7.742649e+00 8.500000e+00
    endloop
  endfacet
  facet normal -4.515334e-01 8.922542e-01 0.000000e+00
    outer loop
      vertex   7.233135e+00 -7.742649e+00 1.000000e+01
      vertex   7.233135e+00 -7.742649e+00 8.500000e+00
      vertex   7.125000e+00 -7.797372e+00 1.000000e+01
    endloop
  endfacet
  facet normal -4.515334e-01 8.922542e-01 0.000000e+00
    outer loop
      vertex   7.125000e+00 -7.797372e+00 1.000000e+01
      vertex   7.233135e+00 -7.742649e+00 8.500000e+00
      vertex   7.125000e+00 -7.797372e+00 8.500000e+00
    endloop
  endfacet
  facet normal -5.469482e-01 8.371665e-01 0.000000e+00
    outer loop
      vertex   7.125000e+00 -7.797372e+00 1.000000e+01
      vertex   7.125000e+00 -7.797372e+00 8.500000e+00
      vertex   7.023541e+00 -7.863658e+00 1.000000e+01
    endloop
  endfacet
  facet normal -5.469482e-01 8.371665e-01 0.000000e+00
    outer loop
      vertex   7.023541e+00 -7.863658e+00 1.000000e+01
      vertex   7.125000e+00 -7.797372e+00 8.500000e+00
      vertex   7.023541e+00 -7.863658e+00 8.500000e+00
    endloop
  endfacet
  facet normal -6.357237e-01 7.719167e-01 0.000000e+00
    outer loop
      vertex   7.023541e+00 -7.863658e+00 1.000000e+01
      vertex   7.023541e+00 -7.863658e+00 8.500000e+00
      vertex   6.929990e+00 -7.940704e+00 1.000000e+01
    endloop
  endfacet
  facet normal -6.357237e-01 7.719167e-01 0.000000e+00
    outer loop
      vertex   6.929990e+00 -7.940704e+00 1.000000e+01
      vertex   7.023541e+00 -7.863658e+00 8.500000e+00
      vertex   6.929990e+00 -7.940704e+00 8.500000e+00
    endloop
  endfacet
  facet normal -7.167825e-01 6.972968e-01 0.000000e+00
    outer loop
      vertex   6.929990e+00 -7.940704e+00 1.000000e+01
      vertex   6.929990e+00 -7.940704e+00 8.500000e+00
      vertex   6.845483e+00 -8.027573e+00 1.000000e+01
    endloop
  endfacet
  facet normal -7.167825e-01 6.972968e-01 0.000000e+00
    outer loop
      vertex   6.845483e+00 -8.027573e+00 1.000000e+01
      vertex   6.929990e+00 -7.940704e+00 8.500000e+00
      vertex   6.845483e+00 -8.027573e+00 8.500000e+00
    endloop
  endfacet
  facet normal -7.891405e-01 6.142127e-01 0.000000e+00
    outer loop
      vertex   6.845483e+00 -8.027573e+00 1.000000e+01
      vertex   6.845483e+00 -8.027573e+00 8.500000e+00
      vertex   6.771044e+00 -8.123211e+00 1.000000e+01
    endloop
  endfacet
  facet normal -7.891405e-01 6.142127e-01 0.000000e+00
    outer loop
      vertex   6.771044e+00 -8.123211e+00 1.000000e+01
      vertex   6.845483e+00 -8.027573e+00 8.500000e+00
      vertex   6.771044e+00 -8.123211e+00 8.500000e+00
    endloop
  endfacet
  facet normal -8.519194e-01 5.236729e-01 0.000000e+00
    outer loop
      vertex   6.771044e+00 -8.123211e+00 1.000000e+01
      vertex   6.771044e+00 -8.123211e+00 8.500000e+00
      vertex   6.707579e+00 -8.226458e+00 1.000000e+01
    endloop
  endfacet
  facet normal -8.519194e-01 5.236729e-01 0.000000e+00
    outer loop
      vertex   6.707579e+00 -8.226458e+00 1.000000e+01
      vertex   6.771044e+00 -8.123211e+00 8.500000e+00
      vertex   6.707579e+00 -8.226458e+00 8.500000e+00
    endloop
  endfacet
  facet normal -9.043572e-01 4.267764e-01 0.000000e+00
    outer loop
      vertex   6.707579e+00 -8.226458e+00 1.000000e+01
      vertex   6.707579e+00 -8.226458e+00 8.500000e+00
      vertex   6.655857e+00 -8.336060e+00 1.000000e+01
    endloop
  endfacet
  facet normal -9.043572e-01 4.267764e-01 0.000000e+00
    outer loop
      vertex   6.655857e+00 -8.336060e+00 1.000000e+01
      vertex   6.707579e+00 -8.226458e+00 8.500000e+00
      vertex   6.655857e+00 -8.336060e+00 8.500000e+00
    endloop
  endfacet
  facet normal -9.458172e-01 3.246995e-01 0.000000e+00
    outer loop
      vertex   6.655857e+00 -8.336060e+00 1.000000e+01
      vertex   6.655857e+00 -8.336060e+00 8.500000e+00
      vertex   6.616505e+00 -8.450686e+00 1.000000e+01
    endloop
  endfacet
  facet normal -9.458172e-01 3.246995e-01 0.000000e+00
    outer loop
      vertex   6.616505e+00 -8.450686e+00 1.000000e+01
      vertex   6.655857e+00 -8.336060e+00 8.500000e+00
      vertex   6.616505e+00 -8.450686e+00 8.500000e+00
    endloop
  endfacet
  facet normal -9.757964e-01 2.186811e-01 0.000000e+00
    outer loop
      vertex   6.616505e+00 -8.450686e+00 1.000000e+01
      vertex   6.616505e+00 -8.450686e+00 8.500000e+00
      vertex   6.590003e+00 -8.568946e+00 1.000000e+01
    endloop
  endfacet
  facet normal -9.757964e-01 2.186811e-01 0.000000e+00
    outer loop
      vertex   6.590003e+00 -8.568946e+00 1.000000e+01
      vertex   6.616505e+00 -8.450686e+00 8.500000e+00
      vertex   6.590003e+00 -8.568946e+00 8.500000e+00
    endloop
  endfacet
  facet normal -9.939307e-01 1.100082e-01 0.000000e+00
    outer loop
      vertex   6.590003e+00 -8.568946e+00 1.000000e+01
      vertex   6.590003e+00 -8.568946e+00 8.500000e+00
      vertex   6.576670e+00 -8.689403e+00 1.000000e+01
    endloop
  endfacet
  facet normal -9.939307e-01 1.100082e-01 0.000000e+00
    outer loop
      vertex   6.576670e+00 -8.689403e+00 1.000000e+01
      vertex   6.590003e+00 -8.568946e+00 8.500000e+00
      vertex   6.576670e+00 -8.689403e+00 8.500000e+00
    endloop
  endfacet
  facet normal -1.000000e+00 -0.000000e+00 -0.000000e+00
    outer loop
      vertex   6.576670e+00 -8.689403e+00 1.000000e+01
      vertex   6.576670e+00 -8.689403e+00 8.500000e+00
      vertex   6.576670e+00 -8.810597e+00 1.000000e+01
    endloop
  endfacet
  facet normal -1.000000e+00 0.000000e+00 0.000000e+00
    outer loop
      vertex   6.576670e+00 -8.810597e+00 1.000000e+01
      vertex   6.576670e+00 -8.689403e+00 8.500000e+00
      vertex   6.576670e+00 -8.810597e+00 8.500000e+00
    endloop
  endfacet
  facet normal -9.939307e-01 -1.100082e-01 -0.000000e+00
    outer loop
      vertex   6.576670e+00 -8.810597e+00 1.000000e+01
      vertex   6.576670e+00 -8.810597e+00 8.500000e+00
      vertex   6.590003e+00 -8.931054e+00 1.000000e+01
    endloop
  endfacet
  facet normal -9.939307e-01 -1.100082e-01 -0.000000e+00
    outer loop
      vertex   6.590003e+00 -8.931054e+00 1.000000e+01
      vertex   6.576670e+00 -8.810597e+00 8.500000e+00
      vertex   6.590003e+00 -8.931054e+00 8.500000e+00
    endloop
  endfacet
  facet normal -9.757964e-01 -2.186811e-01 -0.000000e+00
    outer loop
      vertex   6.590003e+00 -8.931054e+00 1.000000e+01
      vertex   6.590003e+00 -8.931054e+00 8.500000e+00
      vertex   6.616505e+00 -9.049314e+00 1.000000e+01
    endloop
  endfacet
  facet normal -9.757964e-01 -2.186811e-01 -0.000000e+00
    outer loop
      vertex   6.616505e+00 -9.049314e+00 1.000000e+01
      vertex   6.590003e+00 -8.931054e+00 8.500000e+00
      vertex   6.616505e+00 -9.049314e+00 8.500000e+00
    endloop
  endfacet
  facet normal -9.458172e-01 -3.246995e-01 -0.000000e+00
    outer loop
      vertex   6.616505e+00 -9.049314e+00 1.000000e+01
      vertex   6.616505e+00 -9.049314e+00 8.500000e+00
      vertex   6.655857e+00 -9.163940e+00 1.000000e+01
    endloop
  endfacet
  facet normal -9.458172e-01 -3.246995e-01 -0.000000e+00
    outer loop
      vertex   6.655857e+00 -9.163940e+00 1.000000e+01
      vertex   6.616505e+00 -9.049314e+00 8.500000e+00
      vertex   6.655857e+00 -9.163940e+00 8.500000e+00
    endloop
  endfacet
  facet normal -9.043572e-01 -4.267764e-01 -0.000000e+00
    outer loop
      vertex   6.655857e+00 -9.163940e+00 1.000000e+01
      vertex   6.655857e+00 -9.163940e+00 8.500000e+00
      vertex   6.707579e+00 -9.273542e+00 1.000000e+01
    endloop
  endfacet
  facet normal -9.043572e-01 -4.267764e-01 -0.000000e+00
    outer loop
      vertex   6.707579e+00 -9.273542e+00 1.000000e+01
      vertex   6.655857e+00 -9.163940e+00 8.500000e+00
      vertex   6.707579e+00 -9.273542e+00 8.500000e+00
    endloop
  endfacet
  facet normal -8.519194e-01 -5.236729e-01 -0.000000e+00
    outer loop
      vertex   6.707579e+00 -9.273542e+00 1.000000e+01
      vertex   6.707579e+00 -9.273542e+00 8.500000e+00
      vertex   6.771044e+00 -9.376789e+00 1.000000e+01
    endloop
  endfacet
  facet normal -8.519194e-01 -5.236729e-01 -0.000000e+00
    outer loop
      vertex   6.771044e+00 -9.376789e+00 1.000000e+01
      vertex   6.707579e+00 -9.273542e+00 8.500000e+00
      vertex   6.771044e+00 -9.376789e+00 8.500000e+00
    endloop
  endfacet
  facet normal -7.891405e-01 -6.142127e-01 -0.000000e+00
    outer loop
      vertex   6.771044e+00 -9.376789e+00 1.000000e+01
      vertex   6.771044e+00 -9.376789e+00 8.500000e+00
      vertex   6.845483e+00 -9.472427e+00 1.000000e+01
    endloop
  endfacet
  facet normal -7.891405e-01 -6.142127e-01 -0.000000e+00
    outer loop
      vertex   6.845483e+00 -9.472427e+00 1.000000e+01
      vertex   6.771044e+00 -9.376789e+00 8.500000e+00
      vertex   6.845483e+00 -9.472427e+00 8.500000e+00
    endloop
  endfacet
  facet normal -7.167825e-01 -6.972968e-01 -0.000000e+00
    outer loop
      vertex   6.845483e+00 -9.472427e+00 1.000000e+01
      vertex   6.845483e+00 -9.472427e+00 8.500000e+00
      vertex   6.929990e+00 -9.559296e+00 1.000000e+01
    endloop
  endfacet
  facet normal -7.167825e-01 -6.972968e-01 -0.000000e+00
    outer loop
      vertex   6.929990e+00 -9.559296e+00 1.000000e+01
      vertex   6.845483e+00 -9.472427e+00 8.500000e+00
      vertex   6.929990e+00 -9.559296e+00 8.500000e+00
    endloop
  endfacet
  facet normal -6.357237e-01 -7.719167e-01 -0.000000e+00
    outer loop
      vertex   6.929990e+00 -9.559296e+00 1.000000e+01
      vertex   6.929990e+00 -9.559296e+00 8.500000e+00
      vertex   7.023541e+00 -9.636342e+00 1.000000e+01
    endloop
  endfacet
  facet normal -6.357237e-01 -7.719167e-01 -0.000000e+00
    outer loop
      vertex   7.023541e+00 -9.636342e+00 1.000000e+01
      vertex   6.929990e+00 -9.559296e+00 8.500000e+00
      vertex   7.023541e+00 -9.636342e+00 8.500000e+00
    endloop
  endfacet
  facet normal -5.469482e-01 -8.371665e-01 -0.000000e+00
    outer loop
      vertex   7.023541e+00 -9.636342e+00 1.000000e+01
      vertex   7.023541e+00 -9.636342e+00 8.500000e+00
      vertex   7.125000e+00 -9.702628e+00 1.000000e+01
    endloop
  endfacet
  facet normal -5.469482e-01 -8.371665e-01 -0.000000e+00
    outer loop
      vertex   7.125000e+00 -9.702628e+00 1.000000e+01
      vertex   7.023541e+00 -9.636342e+00 8.500000e+00
      vertex   7.125000e+00 -9.702628e+00 8.500000e+00
    endloop
  endfacet
  facet normal -4.515334e-01 -8.922542e-01 -0.000000e+00
    outer loop
      vertex   7.125000e+00 -9.702628e+00 1.000000e+01
      vertex   7.125000e+00 -9.702628e+00 8.500000e+00
      vertex   7.233135e+00 -9.757351e+00 1.000000e+01
    endloop
  endfacet
  facet normal -4.515334e-01 -8.922542e-01 -0.000000e+00
    outer loop
      vertex   7.233135e+00 -9.757351e+00 1.000000e+01
      vertex   7.125000e+00 -9.702628e+00 8.500000e+00
      vertex   7.233135e+00 -9.757351e+00 8.500000e+00
    endloop
  endfacet
  facet normal -3.506376e-01 -9.365112e-01 -0.000000e+00
    outer loop
      vertex   7.233135e+00 -9.757351e+00 1.000000e+01
      vertex   7.233135e+00 -9.757351e+00 8.500000e+00
      vertex   7.346634e+00 -9.799846e+00 1.000000e+01
    endloop
  endfacet
  facet normal -3.506376e-01 -9.365112e-01 -0.000000e+00
    outer loop
      vertex   7.346634e+00 -9.799846e+00 1.000000e+01
      vertex   7.233135e+00 -9.757351e+00 8.500000e+00
      vertex   7.346634e+00 -9.799846e+00 8.500000e+00
    endloop
  endfacet
  facet normal -2.454855e-01 -9.694003e-01 -0.000000e+00
    outer loop
      vertex   7.346634e+00 -9.799846e+00 1.000000e+01
      vertex   7.346634e+00 -9.799846e+00 8.500000e+00
      vertex   7.464118e+00 -9.829597e+00 1.000000e+01
    endloop
  endfacet
  facet normal -2.454855e-01 -9.694003e-01 -0.000000e+00
    outer loop
      vertex   7.464118e+00 -9.829597e+00 1.000000e+01
      vertex   7.346634e+00 -9.799846e+00 8.500000e+00
      vertex   7.464118e+00 -9.829597e+00 8.500000e+00
    endloop
  endfacet
  facet normal -1.373536e-01 -9.905221e-01 -0.000000e+00
    outer loop
      vertex   7.464118e+00 -9.829597e+00 1.000000e+01
      vertex   7.464118e+00 -9.829597e+00 8.500000e+00
      vertex   7.584163e+00 -9.846243e+00 1.000000e+01
    endloop
  endfacet
  facet normal -1.373536e-01 -9.905221e-01 -0.000000e+00
    outer loop
      vertex   7.584163e+00 -9.846243e+00 1.000000e+01
      vertex   7.464118e+00 -9.829597e+00 8.500000e+00
      vertex   7.584163e+00 -9.846243e+00 8.500000e+00
    endloop
  endfacet
  facet normal -2.755434e-02 -9.996203e-01 -0.000000e+00
    outer loop
      vertex   7.584163e+00 -9.846243e+00 1.000000e+01
      vertex   7.584163e+00 -9.846243e+00 8.500000e+00
      vertex   7.705310e+00 -9.849582e+00 1.000000e+01
    endloop
  endfacet
  facet normal -2.755434e-02 -9.996203e-01 -0.000000e+00
    outer loop
      vertex   7.705310e+00 -9.849582e+00 1.000000e+01
      vertex   7.584163e+00 -9.846243e+00 8.500000e+00
      vertex   7.705310e+00 -9.849582e+00 8.500000e+00
    endloop
  endfacet
  facet normal 8.257935e-02 -9.965845e-01 0.000000e+00
    outer loop
      vertex   7.705310e+00 -9.849582e+00 1.000000e+01
      vertex   7.705310e+00 -9.849582e+00 8.500000e+00
      vertex   7.826089e+00 -9.839574e+00 1.000000e+01
    endloop
  endfacet
  facet normal 8.257935e-02 -9.965845e-01 0.000000e+00
    outer loop
      vertex   7.826089e+00 -9.839574e+00 1.000000e+01
      vertex   7.705310e+00 -9.849582e+00 8.500000e+00
      vertex   7.826089e+00 -9.839574e+00 8.500000e+00
    endloop
  endfacet
  facet normal 1.917106e-01 -9.814515e-01 0.000000e+00
    outer loop
      vertex   7.826089e+00 -9.839574e+00 1.000000e+01
      vertex   7.826089e+00 -9.839574e+00 8.500000e+00
      vertex   7.945034e+00 -9.816340e+00 1.000000e+01
    endloop
  endfacet
  facet normal 1.917106e-01 -9.814515e-01 0.000000e+00
    outer loop
      vertex   7.945034e+00 -9.816340e+00 1.000000e+01
      vertex   7.826089e+00 -9.839574e+00 8.500000e+00
      vertex   7.945034e+00 -9.816340e+00 8.500000e+00
    endloop
  endfacet
  facet normal 2.985148e-01 -9.544050e-01 0.000000e+00
    outer loop
      vertex   7.945034e+00 -9.816340e+00 1.000000e+01
      vertex   7.945034e+00 -9.816340e+00 8.500000e+00
      vertex   8.060701e+00 -9.780162e+00 1.000000e+01
    endloop
  endfacet
  facet normal 2.985148e-01 -9.544050e-01 0.000000e+00
    outer loop
      vertex   8.060701e+00 -9.780162e+00 1.000000e+01
      vertex   7.945034e+00 -9.816340e+00 8.500000e+00
      vertex   8.060701e+00 -9.780162e+00 8.500000e+00
    endloop
  endfacet
  facet normal 4.016954e-01 -9.157733e-01 0.000000e+00
    outer loop
      vertex   8.060701e+00 -9.780162e+00 1.000000e+01
      vertex   8.060701e+00 -9.780162e+00 8.500000e+00
      vertex   8.171687e+00 -9.731480e+00 1.000000e+01
    endloop
  endfacet
  facet normal 4.016954e-01 -9.157733e-01 0.000000e+00
    outer loop
      vertex   8.171687e+00 -9.731480e+00 1.000000e+01
      vertex   8.060701e+00 -9.780162e+00 8.500000e+00
      vertex   8.171687e+00 -9.731480e+00 8.500000e+00
    endloop
  endfacet
  facet normal 5.000000e-01 -8.660254e-01 0.000000e+00
    outer loop
      vertex   8.171687e+00 -9.731480e+00 1.000000e+01
      vertex   8.171687e+00 -9.731480e+00 8.500000e+00
      vertex   8.276643e+00 -9.670883e+00 1.000000e+01
    endloop
  endfacet
  facet normal 5.000000e-01 -8.660254e-01 0.000000e+00
    outer loop
      vertex   8.276643e+00 -9.670883e+00 1.000000e+01
      vertex   8.171687e+00 -9.731480e+00 8.500000e+00
      vertex   8.276643e+00 -9.670883e+00 8.500000e+00
    endloop
  endfacet
  facet normal 5.922353e-01 -8.057651e-01 0.000000e+00
    outer loop
      vertex   8.276643e+00 -9.670883e+00 1.000000e+01
      vertex   8.276643e+00 -9.670883e+00 8.500000e+00
      vertex   8.374296e+00 -9.599108e+00 1.000000e+01
    endloop
  endfacet
  facet normal 5.922353e-01 -8.057651e-01 0.000000e+00
    outer loop
      vertex   8.374296e+00 -9.599108e+00 1.000000e+01
      vertex   8.276643e+00 -9.670883e+00 8.500000e+00
      vertex   8.374296e+00 -9.599108e+00 8.500000e+00
    endloop
  endfacet
  facet normal 6.772816e-01 -7.357239e-01 0.000000e+00
    outer loop
      vertex   8.374296e+00 -9.599108e+00 1.000000e+01
      vertex   8.374296e+00 -9.599108e+00 8.500000e+00
      vertex   8.463461e+00 -9.517026e+00 1.000000e+01
    endloop
  endfacet
  facet normal 6.772816e-01 -7.357239e-01 0.000000e+00
    outer loop
      vertex   8.463461e+00 -9.517026e+00 1.000000e+01
      vertex   8.374296e+00 -9.599108e+00 8.500000e+00
      vertex   8.463461e+00 -9.517026e+00 8.500000e+00
    endloop
  endfacet
  facet normal 7.541066e-01 -6.567520e-01 0.000000e+00
    outer loop
      vertex   8.463461e+00 -9.517026e+00 1.000000e+01
      vertex   8.463461e+00 -9.517026e+00 8.500000e+00
      vertex   8.543055e+00 -9.425634e+00 1.000000e+01
    endloop
  endfacet
  facet normal 7.541066e-01 -6.567520e-01 0.000000e+00
    outer loop
      vertex   8.543055e+00 -9.425634e+00 1.000000e+01
      vertex   8.463461e+00 -9.517026e+00 8.500000e+00
      vertex   8.543055e+00 -9.425634e+00 8.500000e+00
    endloop
  endfacet
  facet normal 8.217778e-01 -5.698081e-01 0.000000e+00
    outer loop
      vertex   8.543055e+00 -9.425634e+00 1.000000e+01
      vertex   8.543055e+00 -9.425634e+00 8.500000e+00
      vertex   8.612111e+00 -9.326040e+00 1.000000e+01
    endloop
  endfacet
  facet normal 8.217778e-01 -5.698081e-01 0.000000e+00
    outer loop
      vertex   8.612111e+00 -9.326040e+00 1.000000e+01
      vertex   8.543055e+00 -9.425634e+00 8.500000e+00
      vertex   8.612111e+00 -9.326040e+00 8.500000e+00
    endloop
  endfacet
  facet normal 8.794738e-01 -4.759474e-01 0.000000e+00
    outer loop
      vertex   8.612111e+00 -9.326040e+00 1.000000e+01
      vertex   8.612111e+00 -9.326040e+00 8.500000e+00
      vertex   8.669793e+00 -9.219454e+00 1.000000e+01
    endloop
  endfacet
  facet normal 8.794738e-01 -4.759474e-01 0.000000e+00
    outer loop
      vertex   8.669793e+00 -9.219454e+00 1.000000e+01
      vertex   8.612111e+00 -9.326040e+00 8.500000e+00
      vertex   8.669793e+00 -9.219454e+00 8.500000e+00
    endloop
  endfacet
  facet normal 9.264941e-01 -3.763094e-01 0.000000e+00
    outer loop
      vertex   8.669793e+00 -9.219454e+00 1.000000e+01
      vertex   8.669793e+00 -9.219454e+00 8.500000e+00
      vertex   8.715399e+00 -9.107169e+00 1.000000e+01
    endloop
  endfacet
  facet normal 9.264941e-01 -3.763094e-01 0.000000e+00
    outer loop
      vertex   8.715399e+00 -9.107169e+00 1.000000e+01
      vertex   8.669793e+00 -9.219454e+00 8.500000e+00
      vertex   8.715399e+00 -9.107169e+00 8.500000e+00
    endloop
  endfacet
  facet normal 9.622680e-01 -2.721035e-01 0.000000e+00
    outer loop
      vertex   8.715399e+00 -9.107169e+00 1.000000e+01
      vertex   8.715399e+00 -9.107169e+00 8.500000e+00
      vertex   8.748376e+00 -8.990549e+00 1.000000e+01
    endloop
  endfacet
  facet normal 9.622680e-01 -2.721035e-01 0.000000e+00
    outer loop
      vertex   8.748376e+00 -8.990549e+00 1.000000e+01
      vertex   8.715399e+00 -9.107169e+00 8.500000e+00
      vertex   8.748376e+00 -8.990549e+00 8.500000e+00
    endloop
  endfacet
  facet normal 9.863613e-01 -1.645946e-01 0.000000e+00
    outer loop
      vertex   8.748376e+00 -8.990549e+00 1.000000e+01
      vertex   8.748376e+00 -8.990549e+00 8.500000e+00
      vertex   8.768324e+00 -8.871009e+00 1.000000e+01
    endloop
  endfacet
  facet normal 9.863613e-01 -1.645946e-01 0.000000e+00
    outer loop
      vertex   8.768324e+00 -8.871009e+00 1.000000e+01
      vertex   8.748376e+00 -8.990549e+00 8.500000e+00
      vertex   8.768324e+00 -8.871009e+00 8.500000e+00
    endloop
  endfacet
  facet normal -0.000000e+00 -0.000000e+00 -1.000000e+00
    outer loop
      vertex   8.768324e+00 -8.628991e+00 8.500000e+00
      vertex   8.775000e+00 -8.750000e+00 8.500000e+00
      vertex   6.590003e+00 -8.568946e+00 8.500000e+00
    endloop
  endfacet
  facet normal 0.000000e+00 0.000000e+00 -1.000000e+00
    outer loop
      vertex   6.590003e+00 -8.568946e+00 8.500000e+00
      vertex   8.775000e+00 -8.750000e+00 8.500000e+00
      vertex   8.768324e+00 -8.871009e+00 8.500000e+00
    endloop
  endfacet
  facet normal 0.000000e+00 0.000000e+00 -1.000000e+00
    outer loop
      vertex   6.590003e+00 -8.568946e+00 8.500000e+00
      vertex   8.768324e+00 -8.871009e+00 8.500000e+00
      vertex   8.748376e+00 -8.990549e+00 8.500000e+00
    endloop
  endfacet
  facet normal -0.000000e+00 0.000000e+00 -1.000000e+00
    outer loop
      vertex   8.748376e+00 -8.990549e+00 8.500000e+00
      vertex   8.715399e+00 -9.107169e+00 8.500000e+00
      vertex   6.590003e+00 -8.568946e+00 8.500000e+00
    endloop
  endfacet
  facet normal 0.000000e+00 0.000000e+00 -1.000000e+00
    outer loop
      vertex   6.590003e+00 -8.568946e+00 8.500000e+00
      vertex   8.715399e+00 -9.107169e+00 8.500000e+00
      vertex   8.669793e+00 -9.219454e+00 8.500000e+00
    endloop
  endfacet
  facet normal 0.000000e+00 0.000000e+00 -1.000000e+00
    outer loop
      vertex   6.590003e+00 -8.568946e+00 8.500000e+00
      vertex   8.669793e+00 -9.219454e+00 8.500000e+00
      vertex   8.612111e+00 -9.326040e+00 8.500000e+00
    endloop
  endfacet
  facet normal -0.000000e+00 0.000000e+00 -1.000000e+00
    outer loop
      vertex   8.612111e+00 -9.326040e+00 8.500000e+00
      vertex   8.543055e+00 -9.425634e+00 8.500000e+00
      vertex   6.590003e+00 -8.568946e+00 8.500000e+00
    endloop
  endfacet
  facet normal 0.000000e+00 0.000000e+00 -1.000000e+00
    outer loop
      vertex   6.590003e+00 -8.568946e+00 8.500000e+00
      vertex   8.543055e+00 -9.425634e+00 8.500000e+00
      vertex   8.463461e+00 -9.517026e+00 8.500000e+00
    endloop
  endfacet
  facet normal 0.000000e+00 0.000000e+00 -1.000000e+00
    outer loop
      vertex   6.590003e+00 -8.568946e+00 8.500000e+00
      vertex   8.463461e+00 -9.517026e+00 8.500000e+00
      vertex   8.374296e+00 -9.599108e+00 8.500000e+00
    endloop
  endfacet
  facet normal -0.000000e+00 0.000000e+00 -1.000000e+00
    outer loop
      vertex   8.374296e+00 -9.599108e+00 8.500000e+00
      vertex   8.276643e+00 -9.670883e+00 8.500000e+00
      vertex   6.590003e+00 -8.568946e+00 8.500000e+00
    endloop
  endfacet
  facet normal 0.000000e+00 0.000000e+00 -1.000000e+00
    outer loop
      vertex   6.590003e+00 -8.568946e+00 8.500000e+00
      vertex   8.276643e+00 -9.670883e+00 8.500000e+00
      vertex   8.171687e+00 -9.731480e+00 8.500000e+00
    endloop
  endfacet
  facet normal 0.000000e+00 0.000000e+00 -1.000000e+00
    outer loop
      vertex   6.590003e+00 -8.568946e+00 8.500000e+00
      vertex   8.171687e+00 -9.731480e+00 8.500000e+00
      vertex   8.060701e+00 -9.780162e+00 8.500000e+00
    endloop
  endfacet
  facet normal -0.000000e+00 0.000000e+00 -1.000000e+00
    outer loop
      vertex   8.060701e+00 -9.780162e+00 8.500000e+00
      vertex   7.945034e+00 -9.816340e+00 8.500000e+00
      vertex   6.590003e+00 -8.568946e+00 8.500000e+00
    endloop
  endfacet
  facet normal 0.000000e+00 0.000000e+00 -1.000000e+00
    outer loop
      vertex   6.590003e+00 -8.568946e+00 8.500000e+00
      vertex   7.945034e+00 -9.816340e+00 8.500000e+00
      vertex   7.826089e+00 -9.839574e+00 8.500000e+00
    endloop
  endfacet
  facet normal 0.000000e+00 0.000000e+00 -1.000000e+00
    outer loop
      vertex   6.590003e+00 -8.568946e+00 8.500000e+00
      vertex   7.826089e+00 -9.839574e+00 8.500000e+00
      vertex   7.705310e+00 -9.849582e+00 8.500000e+00
    endloop
  endfacet
  facet normal 0.000000e+00 0.000000e+00 -1.000000e+00
    outer loop
      vertex   7.705310e+00 -9.849582e+00 8.500000e+00
      vertex   7.584163e+00 -9.846243e+00 8.500000e+00
      vertex   6.590003e+00 -8.568946e+00 8.500000e+00
    endloop
  endfacet
  facet normal 0.000000e+00 0.000000e+00 -1.000000e+00
    outer loop
      vertex   6.590003e+00 -8.568946e+00 8.500000e+00
      vertex   7.584163e+00 -9.846243e+00 8.500000e+00
      vertex   7.464118e+00 -9.829597e+00 8.500000e+00
    endloop
  endfacet
  facet normal 0.000000e+00 0.000000e+00 -1.000000e+00
    outer loop
      vertex   6.590003e+00 -8.568946e+00 8.500000e+00
      vertex   7.464118e+00 -9.829597e+00 8.500000e+00
      vertex   7.346634e+00 -9.799846e+00 8.500000e+00
    endloop
  endfacet
  facet normal 0.000000e+00 0.000000e+00 -1.000000e+00
    outer loop
      vertex   7.346634e+00 -9.799846e+00 8.500000e+00
      vertex   7.233135e+00 -9.757351e+00 8.500000e+00
      vertex   6.590003e+00 -8.568946e+00 8.500000e+00
    endloop
  endfacet
  facet normal 0.000000e+00 0.000000e+00 -1.000000e+00
    outer loop
      vertex   6.590003e+00 -8.568946e+00 8.500000e+00
      vertex   7.233135e+00 -9.757351e+00 8.500000e+00
      vertex   7.125000e+00 -9.702628e+00 8.500000e+00
    endloop
  endfacet
  facet normal 0.000000e+00 0.000000e+00 -1.000000e+00
    outer loop
      vertex   6.590003e+00 -8.568946e+00 8.500000e+00
      vertex   7.125000e+00 -9.702628e+00 8.500000e+00
      vertex   7.023541e+00 -9.636342e+00 8.500000e+00
    endloop
  endfacet
  facet normal 0.000000e+00 0.000000e+00 -1.000000e+00
    outer loop
      vertex   7.023541e+00 -9.636342e+00 8.500000e+00
      vertex   6.929990e+00 -9.559296e+00 8.500000e+00
      vertex   6.590003e+00 -8.568946e+00 8.500000e+00
    endloop
  endfacet
  facet normal 0.000000e+00 0.000000e+00 -1.000000e+00
    outer loop
      vertex   6.590003e+00 -8.568946e+00 8.500000e+00
      vertex   6.929990e+00 -9.559296e+00 8.500000e+00
      vertex   6.845483e+00 -9.472427e+00 8.500000e+00
    endloop
  endfacet
  facet normal 0.000000e+00 0.000000e+00 -1.000000e+00
    outer loop
      vertex   6.590003e+00 -8.568946e+00 8.500000e+00
      vertex   6.845483e+00 -9.472427e+00 8.500000e+00
      vertex   6.771044e+00 -9.376789e+00 8.500000e+00
    endloop
  endfacet
  facet normal 0.000000e+00 0.000000e+00 -1.000000e+00
    outer loop
      vertex   6.771044e+00 -9.376789e+00 8.500000e+00
      vertex   6.707579e+00 -9.273542e+00 8.500000e+00
      vertex   6.590003e+00 -8.568946e+00 8.500000e+00
    endloop
  endfacet
  facet normal 0.000000e+00 0.000000e+00 -1.000000e+00
    outer loop
      vertex   6.590003e+00 -8.568946e+00 8.500000e+00
      vertex   6.707579e+00 -9.273542e+00 8.500000e+00
      vertex   6.655857e+00 -9.163940e+00 8.500000e+00
    endloop
  endfacet
  facet normal 0.000000e+00 0.000000e+00 -1.000000e+00
    outer loop
      vertex   6.590003e+00 -8.568946e+00 8.500000e+00
      vertex   6.655857e+00 -9.163940e+00 8.500000e+00
      vertex   6.616505e+00 -9.049314e+00 8.500000e+00
    endloop
  endfacet
  facet normal 0.000000e+00 0.000000e+00 -1.000000e+00
    outer loop
      vertex   6.616505e+00 -9.049314e+00 8.500000e+00
      vertex   6.590003e+00 -8.931054e+00 8.500000e+00
      vertex   6.590003e+00 -8.568946e+00 8.500000e+00
    endloop
  endfacet
  facet normal 0.000000e+00 -0.000000e+00 -1.000000e+00
    outer loop
      vertex   6.590003e+00 -8.568946e+00 8.500000e+00
      vertex   6.590003e+00 -8.931054e+00 8.500000e+00
      vertex   6.576670e+00 -8.689403e+00 8.500000e+00
    endloop
  endfacet
  facet normal 0.000000e+00 0.000000e+00 -1.000000e+00
    outer loop
      vertex   6.576670e+00 -8.689403e+00 8.500000e+00
      vertex   6.590003e+00 -8.931054e+00 8.500000e+00
      vertex   6.576670e+00 -8.810597e+00 8.500000e+00
    endloop
  endfacet
  facet normal 0.000000e+00 0.000000e+00 -1.000000e+00
    outer loop
      vertex   8.768324e+00 -8.628991e+00 8.500000e+00
      vertex   6.590003e+00 -8.568946e+00 8.500000e+00
      vertex   8.748376e+00 -8.509451e+00 8.500000e+00
    endloop
  endfacet
  facet normal -0.000000e+00 0.000000e+00 -1.000000e+00
    outer loop
      vertex   8.748376e+00 -8.509451e+00 8.500000e+00
      vertex   6.590003e+00 -8.568946e+00 8.500000e+00
      vertex   6.616505e+00 -8.450686e+00 8.500000e+00
    endloop
  endfacet
  facet normal 0.000000e+00 0.000000e+00 -1.000000e+00
    outer loop
      vertex   8.748376e+00 -8.509451e+00 8.500000e+00
      vertex   6.616505e+00 -8.450686e+00 8.500000e+00
      vertex   8.715399e+00 -8.392831e+00 8.500000e+00
    endloop
  endfacet
  facet normal -0.000000e+00 0.000000e+00 -1.000000e+00
    outer loop
      vertex   8.715399e+00 -8.392831e+00 8.500000e+00
      vertex   6.616505e+00 -8.450686e+00 8.500000e+00
      vertex   6.655857e+00 -8.336060e+00 8.500000e+00
    endloop
  endfacet
  facet normal 0.000000e+00 0.000000e+00 -1.000000e+00
    outer loop
      vertex   8.715399e+00 -8.392831e+00 8.500000e+00
      vertex   6.655857e+00 -8.336060e+00 8.500000e+00
      vertex   8.669793e+00 -8.280546e+00 8.500000e+00
    endloop
  endfacet
  facet normal -0.000000e+00 0.000000e+00 -1.000000e+00
    outer loop
      vertex   8.669793e+00 -8.280546e+00 8.500000e+00
      vertex   6.655857e+00 -8.336060e+00 8.500000e+00
      vertex   6.707579e+00 -8.226458e+00 8.500000e+00
    endloop
  endfacet
  facet normal 0.000000e+00 0.000000e+00 -1.000000e+00
    outer loop
      vertex   8.669793e+00 -8.280546e+00 8.500000e+00
      vertex   6.707579e+00 -8.226458e+00 8.500000e+00
      vertex   8.612111e+00 -8.173960e+00 8.500000e+00
    endloop
  endfacet
  facet normal -0.000000e+00 0.000000e+00 -1.000000e+00
    outer loop
      vertex   8.612111e+00 -8.173960e+00 8.500000e+00
      vertex   6.707579e+00 -8.226458e+00 8.500000e+00
      vertex   6.771044e+00 -8.123211e+00 8.500000e+00
    endloop
  endfacet
  facet normal 0.000000e+00 0.000000e+00 -1.000000e+00
    outer loop
      vertex   8.612111e+00 -8.173960e+00 8.500000e+00
      vertex   6.771044e+00 -8.123211e+00 8.500000e+00
      vertex   8.543055e+00 -8.074366e+00 8.500000e+00
    endloop
  endfacet
  facet normal -0.000000e+00 0.000000e+00 -1.000000e+00
    outer loop
      vertex   8.543055e+00 -8.074366e+00 8.500000e+00
      vertex   6.771044e+00 -8.123211e+00 8.500000e+00
      vertex   6.845483e+00 -8.027573e+00 8.500000e+00
    endloop
  endfacet
  facet normal 0.000000e+00 0.000000e+00 -1.000000e+00
    outer loop
      vertex   8.543055e+00 -8.074366e+00 8.500000e+00
      vertex   6.845483e+00 -8.027573e+00 8.500000e+00
      vertex   8.463461e+00 -7.982974e+00 8.500000e+00
    endloop
  endfacet
  facet normal -0.000000e+00 0.000000e+00 -1.000000e+00
    outer loop
      vertex   8.463461e+00 -7.982974e+00 8.500000e+00
      vertex   6.845483e+00 -8.027573e+00 8.500000e+00
      vertex   6.929990e+00 -7.940704e+00 8.500000e+00
    endloop
  endfacet
  facet normal 0.000000e+00 0.000000e+00 -1.000000e+00
    outer loop
      vertex   8.463461e+00 -7.982974e+00 8.500000e+00
      vertex   6.929990e+00 -7.940704e+00 8.500000e+00
      vertex   8.374296e+00 -7.900892e+00 8.500000e+00
    endloop
  endfacet
  facet normal -0.000000e+00 0.000000e+00 -1.000000e+00
    outer loop
      vertex   8.374296e+00 -7.900892e+00 8.500000e+00
      vertex   6.929990e+00 -7.940704e+00 8.500000e+00
      vertex   7.023541e+00 -7.863658e+00 8.500000e+00
    endloop
  endfacet
  facet normal 0.000000e+00 0.000000e+00 -1.000000e+00
    outer loop
      vertex   8.374296e+00 -7.900892e+00 8.500000e+00
      vertex   7.023541e+00 -7.863658e+00 8.500000e+00
      vertex   8.276643e+00 -7.829117e+00 8.500000e+00
    endloop
  endfacet
  facet normal -0.000000e+00 0.000000e+00 -1.000000e+00
    outer loop
      vertex   8.276643e+00 -7.829117e+00 8.500000e+00
      vertex   7.023541e+00 -7.863658e+00 8.500000e+00
      vertex   7.125000e+00 -7.797372e+00 8.500000e+00
    endloop
  endfacet
  facet normal 0.000000e+00 0.000000e+00 -1.000000e+00
    outer loop
      vertex   8.276643e+00 -7.829117e+00 8.500000e+00
      vertex   7.125000e+00 -7.797372e+00 8.500000e+00
      vertex   8.171687e+00 -7.768520e+00 8.500000e+00
    endloop
  endfacet
  facet normal -0.000000e+00 0.000000e+00 -1.000000e+00
    outer loop
      vertex   8.171687e+00 -7.768520e+00 8.500000e+00
      vertex   7.125000e+00 -7.797372e+00 8.500000e+00
      vertex   7.233135e+00 -7.742649e+00 8.500000e+00
    endloop
  endfacet
  facet normal 0.000000e+00 0.000000e+00 -1.000000e+00
    outer loop
      vertex   8.171687e+00 -7.768520e+00 8.500000e+00
      vertex   7.233135e+00 -7.742649e+00 8.500000e+00
      vertex   8.060701e+00 -7.719838e+00 8.500000e+00
    endloop
  endfacet
  facet normal -0.000000e+00 0.000000e+00 -1.000000e+00
    outer loop
      vertex   8.060701e+00 -7.719838e+00 8.500000e+00
      vertex   7.233135e+00 -7.742649e+00 8.500000e+00
      vertex   7.346634e+00 -7.700154e+00 8.500000e+00
    endloop
  endfacet
  facet normal 0.000000e+00 0.000000e+00 -1.000000e+00
    outer loop
      vertex   8.060701e+00 -7.719838e+00 8.500000e+00
      vertex   7.346634e+00 -7.700154e+00 8.500000e+00
      vertex   7.945034e+00 -7.683660e+00 8.500000e+00
    endloop
  endfacet
  facet normal -0.000000e+00 0.000000e+00 -1.000000e+00
    outer loop
      vertex   7.945034e+00 -7.683660e+00 8.500000e+00
      vertex   7.346634e+00 -7.700154e+00 8.500000e+00
      vertex   7.464118e+00 -7.670403e+00 8.500000e+00
    endloop
  endfacet
  facet normal 0.000000e+00 0.000000e+00 -1.000000e+00
    outer loop
      vertex   7.945034e+00 -7.683660e+00 8.500000e+00
      vertex   7.464118e+00 -7.670403e+00 8.500000e+00
      vertex   7.826089e+00 -7.660426e+00 8.500000e+00
    endloop
  endfacet
  facet normal -0.000000e+00 0.000000e+00 -1.000000e+00
    outer loop
      vertex   7.826089e+00 -7.660426e+00 8.500000e+00
      vertex   7.464118e+00 -7.670403e+00 8.500000e+00
      vertex   7.584163e+00 -7.653757e+00 8.500000e+00
    endloop
  endfacet
  facet normal 0.000000e+00 0.000000e+00 -1.000000e+00
    outer loop
      vertex   7.826089e+00 -7.660426e+00 8.500000e+00
      vertex   7.584163e+00 -7.653757e+00 8.500000e+00
      vertex   7.705310e+00 -7.650418e+00 8.500000e+00
    endloop
  endfacet
endsolid
