ISO-10303-21;
HEADER;
/* Generated by software containing ST-Developer
 * from STEP Tools, Inc. (www.steptools.com) 
 */

FILE_DESCRIPTION(
/* description */ (''),
/* implementation_level */ '2;1');

FILE_NAME(
/* name */ 'PlayDate bottom.step',
/* time_stamp */ '2026-08-20T15:18:50-07:00',
/* author */ (''),
/* organization */ (''),
/* preprocessor_version */ 'ST-DEVELOPER v20.1',
/* originating_system */ 'Autodesk Translation Framework v15.8.0.0',
/* authorisation */ '');

FILE_SCHEMA (('AUTOMOTIVE_DESIGN { 1 0 10303 214 3 1 1 }'));
ENDSEC;

DATA;
#10=MECHANICAL_DESIGN_GEOMETRIC_PRESENTATION_REPRESENTATION('',(#13),#2959);
#11=SHAPE_REPRESENTATION_RELATIONSHIP('SRR','None',#2966,#12);
#12=ADVANCED_BREP_SHAPE_REPRESENTATION('',(#14),#2958);
#13=STYLED_ITEM('',(#2977),#14);
#14=MANIFOLD_SOLID_BREP('Body2',#1708);
#15=B_SPLINE_SURFACE_WITH_KNOTS('',3,3,((#2698,#2699,#2700,#2701),(#2702,
#2703,#2704,#2705),(#2706,#2707,#2708,#2709),(#2710,#2711,#2712,#2713),
(#2714,#2715,#2716,#2717),(#2718,#2719,#2720,#2721)),.UNSPECIFIED.,.F.,
 .F.,.F.,(4,1,1,4),(4,4),(0.,0.285714285714286,0.571428571428571,1.),(1.58806987742759,
2.04156331251852),.UNSPECIFIED.);
#16=ELLIPSE('',#1789,3.53553390593274,2.5);
#17=ELLIPSE('',#1808,3.53553390593273,2.5);
#18=ELLIPSE('',#1809,3.53553390593274,2.5);
#19=FACE_BOUND('',#259,.T.);
#20=FACE_BOUND('',#260,.T.);
#21=FACE_BOUND('',#282,.T.);
#22=FACE_BOUND('',#289,.T.);
#23=FACE_BOUND('',#290,.T.);
#24=FACE_BOUND('',#317,.T.);
#25=FACE_BOUND('',#319,.T.);
#26=B_SPLINE_CURVE_WITH_KNOTS('',3,(#2442,#2443,#2444,#2445,#2446,#2447,
#2448,#2449,#2450,#2451,#2452,#2453,#2454,#2455,#2456,#2457),
 .UNSPECIFIED.,.F.,.F.,(4,2,2,2,2,2,2,4),(0.17295763414095,0.207841113837546,
0.242724593534142,0.294319930908022,0.345915268281902,0.399120716735966,
0.45232616519003,0.477264057467072),.UNSPECIFIED.);
#27=B_SPLINE_CURVE_WITH_KNOTS('',3,(#2625,#2626,#2627,#2628),
 .UNSPECIFIED.,.F.,.F.,(4,4),(1.62034080629076,2.04156331251852),
 .UNSPECIFIED.);
#28=B_SPLINE_CURVE_WITH_KNOTS('',3,(#2660,#2661,#2662,#2663,#2664,#2665,
#2666,#2667,#2668,#2669,#2670,#2671,#2672,#2673,#2674,#2675),
 .UNSPECIFIED.,.F.,.F.,(4,2,2,2,2,2,2,4),(0.,0.115549780571345,0.187950111785145,
0.233647255289881,0.266255300451634,0.296134295420715,0.326917831926643,
0.361055132409549),.UNSPECIFIED.);
#29=B_SPLINE_CURVE_WITH_KNOTS('',3,(#2723,#2724,#2725,#2726),
 .UNSPECIFIED.,.F.,.F.,(4,4),(-1.9139083645822,-1.71778007391118),
 .UNSPECIFIED.);
#30=B_SPLINE_CURVE_WITH_KNOTS('',3,(#2727,#2728,#2729,#2730,#2731,#2732,
#2733,#2734,#2735,#2736,#2737,#2738,#2739,#2740,#2741,#2742),
 .UNSPECIFIED.,.F.,.F.,(4,2,2,2,2,2,2,4),(0.,0.0430320083837666,0.0736940360868063,
0.100094827037273,0.127879935185924,0.167007159938431,0.228823354016006,
0.30228988506417),.UNSPECIFIED.);
#31=CONICAL_SURFACE('',#1732,9.5,0.785398163397448);
#32=CONICAL_SURFACE('',#1738,1.5,0.78539816339745);
#33=CONICAL_SURFACE('',#1742,1.5,0.785398163397448);
#34=CONICAL_SURFACE('',#1746,1.5,0.785398163397448);
#35=CONICAL_SURFACE('',#1750,1.5,0.785398163397448);
#36=CONICAL_SURFACE('',#1771,8.,0.785398163397448);
#37=CONICAL_SURFACE('',#1775,2.,0.785398163397447);
#38=CONICAL_SURFACE('',#1778,10.5,0.785398163397445);
#39=CONICAL_SURFACE('',#1780,4.5,0.785398163397448);
#40=CONICAL_SURFACE('',#1783,4.5,0.785398163397447);
#41=CONICAL_SURFACE('',#1786,1.,0.785398163397449);
#42=CONICAL_SURFACE('',#1805,10.5,0.785398163397447);
#43=CONICAL_SURFACE('',#1810,9.5,0.785398163397447);
#44=CONICAL_SURFACE('',#1814,9.5,0.78539816339745);
#45=CONICAL_SURFACE('',#1818,9.50000000000001,0.785398163397447);
#46=CONICAL_SURFACE('',#1822,9.5,0.785398163397447);
#47=CONICAL_SURFACE('',#1832,9.50000000000001,0.785398163397445);
#48=CONICAL_SURFACE('',#1835,9.50000000000001,0.785398163397447);
#49=CONICAL_SURFACE('',#1838,9.50000000000001,0.785398163397448);
#50=CYLINDRICAL_SURFACE('',#1729,9.);
#51=CYLINDRICAL_SURFACE('',#1734,10.);
#52=CYLINDRICAL_SURFACE('',#1753,1.);
#53=CYLINDRICAL_SURFACE('',#1756,1.);
#54=CYLINDRICAL_SURFACE('',#1765,1.);
#55=CYLINDRICAL_SURFACE('',#1768,1.);
#56=CYLINDRICAL_SURFACE('',#1773,7.5);
#57=CYLINDRICAL_SURFACE('',#1788,2.5);
#58=CYLINDRICAL_SURFACE('',#1790,1.);
#59=CYLINDRICAL_SURFACE('',#1793,5.);
#60=CYLINDRICAL_SURFACE('',#1798,5.);
#61=CYLINDRICAL_SURFACE('',#1807,2.5);
#62=CYLINDRICAL_SURFACE('',#1826,10.);
#63=CYLINDRICAL_SURFACE('',#1829,10.);
#64=CYLINDRICAL_SURFACE('',#1867,3.125);
#65=CYLINDRICAL_SURFACE('',#1869,5.);
#66=CYLINDRICAL_SURFACE('',#1872,9.);
#67=CYLINDRICAL_SURFACE('',#1874,5.);
#68=CYLINDRICAL_SURFACE('',#1875,10.);
#69=CYLINDRICAL_SURFACE('',#1876,5.);
#70=CYLINDRICAL_SURFACE('',#1879,1.35);
#71=CYLINDRICAL_SURFACE('',#1880,3.125);
#72=CYLINDRICAL_SURFACE('',#1882,5.);
#73=CYLINDRICAL_SURFACE('',#1884,1.35);
#74=CYLINDRICAL_SURFACE('',#1886,9.00000000000001);
#75=CIRCLE('',#1724,10.);
#76=CIRCLE('',#1725,2.5);
#77=CIRCLE('',#1727,9.);
#78=CIRCLE('',#1730,9.);
#79=CIRCLE('',#1731,9.);
#80=CIRCLE('',#1733,10.);
#81=CIRCLE('',#1735,10.);
#82=CIRCLE('',#1739,1.);
#83=CIRCLE('',#1740,2.);
#84=CIRCLE('',#1743,1.);
#85=CIRCLE('',#1744,2.);
#86=CIRCLE('',#1747,1.);
#87=CIRCLE('',#1748,2.);
#88=CIRCLE('',#1751,1.);
#89=CIRCLE('',#1752,2.);
#90=CIRCLE('',#1754,1.);
#91=CIRCLE('',#1757,1.);
#92=CIRCLE('',#1760,1.5);
#93=CIRCLE('',#1761,4.);
#94=CIRCLE('',#1762,4.);
#95=CIRCLE('',#1763,11.);
#96=CIRCLE('',#1764,8.5);
#97=CIRCLE('',#1766,1.);
#98=CIRCLE('',#1769,1.);
#99=CIRCLE('',#1772,7.5);
#100=CIRCLE('',#1774,7.5);
#101=CIRCLE('',#1776,2.5);
#102=CIRCLE('',#1781,5.);
#103=CIRCLE('',#1784,5.);
#104=CIRCLE('',#1787,1.);
#105=CIRCLE('',#1794,5.);
#106=CIRCLE('',#1796,5.);
#107=CIRCLE('',#1797,11.);
#108=CIRCLE('',#1806,10.);
#109=CIRCLE('',#1811,9.);
#110=CIRCLE('',#1812,10.);
#111=CIRCLE('',#1815,9.);
#112=CIRCLE('',#1816,10.);
#113=CIRCLE('',#1819,9.00000000000001);
#114=CIRCLE('',#1820,10.);
#115=CIRCLE('',#1823,9.);
#116=CIRCLE('',#1827,10.);
#117=CIRCLE('',#1830,10.);
#118=CIRCLE('',#1833,9.);
#119=CIRCLE('',#1836,9.00000000000001);
#120=CIRCLE('',#1839,10.);
#121=CIRCLE('',#1840,9.00000000000001);
#122=CIRCLE('',#1845,5.);
#123=CIRCLE('',#1846,3.125);
#124=CIRCLE('',#1847,5.);
#125=CIRCLE('',#1848,1.35);
#126=CIRCLE('',#1850,5.);
#127=CIRCLE('',#1851,3.125);
#128=CIRCLE('',#1852,5.);
#129=CIRCLE('',#1853,1.35);
#130=CIRCLE('',#1855,1.35);
#131=CIRCLE('',#1857,5.);
#132=CIRCLE('',#1858,9.00000000000001);
#133=CIRCLE('',#1859,5.);
#134=CIRCLE('',#1860,3.125);
#135=CIRCLE('',#1861,5.);
#136=CIRCLE('',#1862,9.);
#137=CIRCLE('',#1863,5.);
#138=CIRCLE('',#1864,3.125);
#139=CIRCLE('',#1866,1.35);
#140=FACE_OUTER_BOUND('',#238,.T.);
#141=FACE_OUTER_BOUND('',#239,.T.);
#142=FACE_OUTER_BOUND('',#240,.T.);
#143=FACE_OUTER_BOUND('',#241,.T.);
#144=FACE_OUTER_BOUND('',#242,.T.);
#145=FACE_OUTER_BOUND('',#243,.T.);
#146=FACE_OUTER_BOUND('',#244,.T.);
#147=FACE_OUTER_BOUND('',#245,.T.);
#148=FACE_OUTER_BOUND('',#246,.T.);
#149=FACE_OUTER_BOUND('',#247,.T.);
#150=FACE_OUTER_BOUND('',#248,.T.);
#151=FACE_OUTER_BOUND('',#249,.T.);
#152=FACE_OUTER_BOUND('',#250,.T.);
#153=FACE_OUTER_BOUND('',#251,.T.);
#154=FACE_OUTER_BOUND('',#252,.T.);
#155=FACE_OUTER_BOUND('',#253,.T.);
#156=FACE_OUTER_BOUND('',#254,.T.);
#157=FACE_OUTER_BOUND('',#255,.T.);
#158=FACE_OUTER_BOUND('',#256,.T.);
#159=FACE_OUTER_BOUND('',#257,.T.);
#160=FACE_OUTER_BOUND('',#258,.T.);
#161=FACE_OUTER_BOUND('',#261,.T.);
#162=FACE_OUTER_BOUND('',#262,.T.);
#163=FACE_OUTER_BOUND('',#263,.T.);
#164=FACE_OUTER_BOUND('',#264,.T.);
#165=FACE_OUTER_BOUND('',#265,.T.);
#166=FACE_OUTER_BOUND('',#266,.T.);
#167=FACE_OUTER_BOUND('',#267,.T.);
#168=FACE_OUTER_BOUND('',#268,.T.);
#169=FACE_OUTER_BOUND('',#269,.T.);
#170=FACE_OUTER_BOUND('',#270,.T.);
#171=FACE_OUTER_BOUND('',#271,.T.);
#172=FACE_OUTER_BOUND('',#272,.T.);
#173=FACE_OUTER_BOUND('',#273,.T.);
#174=FACE_OUTER_BOUND('',#274,.T.);
#175=FACE_OUTER_BOUND('',#275,.T.);
#176=FACE_OUTER_BOUND('',#276,.T.);
#177=FACE_OUTER_BOUND('',#277,.T.);
#178=FACE_OUTER_BOUND('',#278,.T.);
#179=FACE_OUTER_BOUND('',#279,.T.);
#180=FACE_OUTER_BOUND('',#280,.T.);
#181=FACE_OUTER_BOUND('',#281,.T.);
#182=FACE_OUTER_BOUND('',#283,.T.);
#183=FACE_OUTER_BOUND('',#284,.T.);
#184=FACE_OUTER_BOUND('',#285,.T.);
#185=FACE_OUTER_BOUND('',#286,.T.);
#186=FACE_OUTER_BOUND('',#287,.T.);
#187=FACE_OUTER_BOUND('',#288,.T.);
#188=FACE_OUTER_BOUND('',#291,.T.);
#189=FACE_OUTER_BOUND('',#292,.T.);
#190=FACE_OUTER_BOUND('',#293,.T.);
#191=FACE_OUTER_BOUND('',#294,.T.);
#192=FACE_OUTER_BOUND('',#295,.T.);
#193=FACE_OUTER_BOUND('',#296,.T.);
#194=FACE_OUTER_BOUND('',#297,.T.);
#195=FACE_OUTER_BOUND('',#298,.T.);
#196=FACE_OUTER_BOUND('',#299,.T.);
#197=FACE_OUTER_BOUND('',#300,.T.);
#198=FACE_OUTER_BOUND('',#301,.T.);
#199=FACE_OUTER_BOUND('',#302,.T.);
#200=FACE_OUTER_BOUND('',#303,.T.);
#201=FACE_OUTER_BOUND('',#304,.T.);
#202=FACE_OUTER_BOUND('',#305,.T.);
#203=FACE_OUTER_BOUND('',#306,.T.);
#204=FACE_OUTER_BOUND('',#307,.T.);
#205=FACE_OUTER_BOUND('',#308,.T.);
#206=FACE_OUTER_BOUND('',#309,.T.);
#207=FACE_OUTER_BOUND('',#310,.T.);
#208=FACE_OUTER_BOUND('',#311,.T.);
#209=FACE_OUTER_BOUND('',#312,.T.);
#210=FACE_OUTER_BOUND('',#313,.T.);
#211=FACE_OUTER_BOUND('',#314,.T.);
#212=FACE_OUTER_BOUND('',#315,.T.);
#213=FACE_OUTER_BOUND('',#316,.T.);
#214=FACE_OUTER_BOUND('',#318,.T.);
#215=FACE_OUTER_BOUND('',#320,.T.);
#216=FACE_OUTER_BOUND('',#321,.T.);
#217=FACE_OUTER_BOUND('',#322,.T.);
#218=FACE_OUTER_BOUND('',#323,.T.);
#219=FACE_OUTER_BOUND('',#324,.T.);
#220=FACE_OUTER_BOUND('',#325,.T.);
#221=FACE_OUTER_BOUND('',#326,.T.);
#222=FACE_OUTER_BOUND('',#327,.T.);
#223=FACE_OUTER_BOUND('',#328,.T.);
#224=FACE_OUTER_BOUND('',#329,.T.);
#225=FACE_OUTER_BOUND('',#330,.T.);
#226=FACE_OUTER_BOUND('',#331,.T.);
#227=FACE_OUTER_BOUND('',#332,.T.);
#228=FACE_OUTER_BOUND('',#333,.T.);
#229=FACE_OUTER_BOUND('',#334,.T.);
#230=FACE_OUTER_BOUND('',#335,.T.);
#231=FACE_OUTER_BOUND('',#336,.T.);
#232=FACE_OUTER_BOUND('',#337,.T.);
#233=FACE_OUTER_BOUND('',#338,.T.);
#234=FACE_OUTER_BOUND('',#339,.T.);
#235=FACE_OUTER_BOUND('',#340,.T.);
#236=FACE_OUTER_BOUND('',#341,.T.);
#237=FACE_OUTER_BOUND('',#342,.T.);
#238=EDGE_LOOP('',(#1071,#1072,#1073,#1074,#1075,#1076));
#239=EDGE_LOOP('',(#1077,#1078,#1079,#1080,#1081,#1082));
#240=EDGE_LOOP('',(#1083,#1084,#1085,#1086,#1087));
#241=EDGE_LOOP('',(#1088,#1089,#1090,#1091,#1092,#1093,#1094,#1095));
#242=EDGE_LOOP('',(#1096,#1097,#1098,#1099,#1100,#1101));
#243=EDGE_LOOP('',(#1102,#1103,#1104,#1105,#1106,#1107));
#244=EDGE_LOOP('',(#1108,#1109,#1110,#1111,#1112,#1113));
#245=EDGE_LOOP('',(#1114,#1115,#1116,#1117));
#246=EDGE_LOOP('',(#1118,#1119,#1120,#1121));
#247=EDGE_LOOP('',(#1122,#1123,#1124,#1125));
#248=EDGE_LOOP('',(#1126,#1127,#1128,#1129));
#249=EDGE_LOOP('',(#1130,#1131,#1132,#1133));
#250=EDGE_LOOP('',(#1134,#1135,#1136,#1137));
#251=EDGE_LOOP('',(#1138,#1139,#1140,#1141));
#252=EDGE_LOOP('',(#1142,#1143,#1144,#1145));
#253=EDGE_LOOP('',(#1146,#1147,#1148,#1149));
#254=EDGE_LOOP('',(#1150,#1151,#1152,#1153));
#255=EDGE_LOOP('',(#1154,#1155,#1156,#1157));
#256=EDGE_LOOP('',(#1158,#1159,#1160,#1161));
#257=EDGE_LOOP('',(#1162,#1163,#1164,#1165));
#258=EDGE_LOOP('',(#1166,#1167,#1168,#1169,#1170,#1171,#1172,#1173));
#259=EDGE_LOOP('',(#1174));
#260=EDGE_LOOP('',(#1175,#1176,#1177,#1178,#1179,#1180,#1181,#1182));
#261=EDGE_LOOP('',(#1183,#1184,#1185,#1186));
#262=EDGE_LOOP('',(#1187,#1188,#1189,#1190));
#263=EDGE_LOOP('',(#1191,#1192,#1193,#1194));
#264=EDGE_LOOP('',(#1195,#1196,#1197,#1198));
#265=EDGE_LOOP('',(#1199,#1200,#1201,#1202));
#266=EDGE_LOOP('',(#1203,#1204,#1205,#1206));
#267=EDGE_LOOP('',(#1207,#1208,#1209,#1210));
#268=EDGE_LOOP('',(#1211,#1212,#1213,#1214));
#269=EDGE_LOOP('',(#1215,#1216,#1217,#1218));
#270=EDGE_LOOP('',(#1219,#1220,#1221,#1222));
#271=EDGE_LOOP('',(#1223,#1224,#1225,#1226));
#272=EDGE_LOOP('',(#1227,#1228,#1229,#1230));
#273=EDGE_LOOP('',(#1231,#1232,#1233,#1234));
#274=EDGE_LOOP('',(#1235,#1236,#1237,#1238));
#275=EDGE_LOOP('',(#1239,#1240,#1241));
#276=EDGE_LOOP('',(#1242,#1243,#1244,#1245,#1246,#1247));
#277=EDGE_LOOP('',(#1248,#1249,#1250,#1251));
#278=EDGE_LOOP('',(#1252,#1253,#1254,#1255,#1256,#1257,#1258,#1259,#1260,
#1261));
#279=EDGE_LOOP('',(#1262,#1263,#1264,#1265,#1266,#1267,#1268));
#280=EDGE_LOOP('',(#1269,#1270,#1271,#1272));
#281=EDGE_LOOP('',(#1273,#1274,#1275,#1276,#1277,#1278,#1279,#1280));
#282=EDGE_LOOP('',(#1281,#1282,#1283,#1284));
#283=EDGE_LOOP('',(#1285,#1286,#1287,#1288));
#284=EDGE_LOOP('',(#1289,#1290,#1291,#1292));
#285=EDGE_LOOP('',(#1293,#1294,#1295,#1296));
#286=EDGE_LOOP('',(#1297,#1298,#1299,#1300));
#287=EDGE_LOOP('',(#1301,#1302,#1303,#1304,#1305,#1306,#1307,#1308,#1309,
#1310));
#288=EDGE_LOOP('',(#1311,#1312,#1313,#1314));
#289=EDGE_LOOP('',(#1315,#1316,#1317,#1318,#1319,#1320,#1321,#1322));
#290=EDGE_LOOP('',(#1323));
#291=EDGE_LOOP('',(#1324,#1325,#1326,#1327));
#292=EDGE_LOOP('',(#1328,#1329,#1330,#1331));
#293=EDGE_LOOP('',(#1332,#1333,#1334,#1335));
#294=EDGE_LOOP('',(#1336,#1337,#1338,#1339));
#295=EDGE_LOOP('',(#1340,#1341,#1342,#1343));
#296=EDGE_LOOP('',(#1344,#1345,#1346,#1347));
#297=EDGE_LOOP('',(#1348,#1349,#1350,#1351));
#298=EDGE_LOOP('',(#1352,#1353,#1354,#1355));
#299=EDGE_LOOP('',(#1356,#1357,#1358,#1359));
#300=EDGE_LOOP('',(#1360,#1361,#1362,#1363));
#301=EDGE_LOOP('',(#1364,#1365,#1366,#1367,#1368,#1369));
#302=EDGE_LOOP('',(#1370,#1371,#1372,#1373,#1374,#1375,#1376));
#303=EDGE_LOOP('',(#1377,#1378,#1379,#1380));
#304=EDGE_LOOP('',(#1381,#1382,#1383,#1384));
#305=EDGE_LOOP('',(#1385,#1386,#1387,#1388));
#306=EDGE_LOOP('',(#1389,#1390,#1391,#1392));
#307=EDGE_LOOP('',(#1393,#1394,#1395,#1396,#1397,#1398,#1399,#1400));
#308=EDGE_LOOP('',(#1401,#1402,#1403,#1404));
#309=EDGE_LOOP('',(#1405,#1406,#1407,#1408,#1409));
#310=EDGE_LOOP('',(#1410,#1411,#1412,#1413));
#311=EDGE_LOOP('',(#1414,#1415,#1416,#1417,#1418));
#312=EDGE_LOOP('',(#1419,#1420,#1421,#1422));
#313=EDGE_LOOP('',(#1423,#1424,#1425,#1426,#1427,#1428));
#314=EDGE_LOOP('',(#1429,#1430,#1431,#1432,#1433,#1434));
#315=EDGE_LOOP('',(#1435,#1436,#1437,#1438));
#316=EDGE_LOOP('',(#1439,#1440,#1441,#1442,#1443,#1444));
#317=EDGE_LOOP('',(#1445));
#318=EDGE_LOOP('',(#1446,#1447,#1448,#1449,#1450,#1451,#1452,#1453));
#319=EDGE_LOOP('',(#1454));
#320=EDGE_LOOP('',(#1455));
#321=EDGE_LOOP('',(#1456,#1457,#1458,#1459,#1460,#1461,#1462,#1463,#1464,
#1465,#1466,#1467,#1468,#1469,#1470,#1471,#1472,#1473));
#322=EDGE_LOOP('',(#1474));
#323=EDGE_LOOP('',(#1475,#1476,#1477,#1478));
#324=EDGE_LOOP('',(#1479,#1480,#1481,#1482));
#325=EDGE_LOOP('',(#1483,#1484,#1485,#1486));
#326=EDGE_LOOP('',(#1487,#1488,#1489,#1490));
#327=EDGE_LOOP('',(#1491,#1492,#1493,#1494,#1495,#1496));
#328=EDGE_LOOP('',(#1497,#1498,#1499,#1500));
#329=EDGE_LOOP('',(#1501,#1502,#1503,#1504));
#330=EDGE_LOOP('',(#1505,#1506,#1507,#1508));
#331=EDGE_LOOP('',(#1509,#1510,#1511,#1512));
#332=EDGE_LOOP('',(#1513,#1514,#1515,#1516));
#333=EDGE_LOOP('',(#1517,#1518,#1519,#1520));
#334=EDGE_LOOP('',(#1521,#1522,#1523,#1524));
#335=EDGE_LOOP('',(#1525,#1526,#1527,#1528));
#336=EDGE_LOOP('',(#1529,#1530,#1531,#1532));
#337=EDGE_LOOP('',(#1533,#1534,#1535,#1536));
#338=EDGE_LOOP('',(#1537,#1538,#1539,#1540));
#339=EDGE_LOOP('',(#1541,#1542,#1543,#1544));
#340=EDGE_LOOP('',(#1545,#1546,#1547,#1548));
#341=EDGE_LOOP('',(#1549,#1550,#1551,#1552));
#342=EDGE_LOOP('',(#1553,#1554,#1555,#1556));
#343=(
BOUNDED_CURVE()
B_SPLINE_CURVE(2,(#2399,#2400,#2401),.UNSPECIFIED.,.F.,.F.)
B_SPLINE_CURVE_WITH_KNOTS((3,3),(0.,0.156534289366166),.UNSPECIFIED.)
CURVE()
GEOMETRIC_REPRESENTATION_ITEM()
RATIONAL_B_SPLINE_CURVE((1.,1.00378992050127,1.00465194433435))
REPRESENTATION_ITEM('')
);
#344=(
BOUNDED_CURVE()
B_SPLINE_CURVE(2,(#2459,#2460,#2461),.UNSPECIFIED.,.F.,.F.)
B_SPLINE_CURVE_WITH_KNOTS((3,3),(1.39190147868082,2.55027293193294),
 .UNSPECIFIED.)
CURVE()
GEOMETRIC_REPRESENTATION_ITEM()
RATIONAL_B_SPLINE_CURVE((1.54421219986247,1.68567435757251,1.68567435757251))
REPRESENTATION_ITEM('')
);
#345=(
BOUNDED_CURVE()
B_SPLINE_CURVE(2,(#2630,#2631,#2632),.UNSPECIFIED.,.F.,.F.)
B_SPLINE_CURVE_WITH_KNOTS((3,3),(1.351610333304,2.01714893252173),
 .UNSPECIFIED.)
CURVE()
GEOMETRIC_REPRESENTATION_ITEM()
RATIONAL_B_SPLINE_CURVE((1.28931096005623,1.28931096005623,1.2191640772901))
REPRESENTATION_ITEM('')
);
#346=LINE('',#2390,#513);
#347=LINE('',#2392,#514);
#348=LINE('',#2394,#515);
#349=LINE('',#2396,#516);
#350=LINE('',#2398,#517);
#351=LINE('',#2406,#518);
#352=LINE('',#2408,#519);
#353=LINE('',#2411,#520);
#354=LINE('',#2416,#521);
#355=LINE('',#2418,#522);
#356=LINE('',#2419,#523);
#357=LINE('',#2422,#524);
#358=LINE('',#2424,#525);
#359=LINE('',#2426,#526);
#360=LINE('',#2428,#527);
#361=LINE('',#2429,#528);
#362=LINE('',#2434,#529);
#363=LINE('',#2437,#530);
#364=LINE('',#2462,#531);
#365=LINE('',#2465,#532);
#366=LINE('',#2468,#533);
#367=LINE('',#2471,#534);
#368=LINE('',#2472,#535);
#369=LINE('',#2476,#536);
#370=LINE('',#2478,#537);
#371=LINE('',#2480,#538);
#372=LINE('',#2481,#539);
#373=LINE('',#2486,#540);
#374=LINE('',#2491,#541);
#375=LINE('',#2492,#542);
#376=LINE('',#2493,#543);
#377=LINE('',#2498,#544);
#378=LINE('',#2503,#545);
#379=LINE('',#2504,#546);
#380=LINE('',#2505,#547);
#381=LINE('',#2510,#548);
#382=LINE('',#2515,#549);
#383=LINE('',#2516,#550);
#384=LINE('',#2517,#551);
#385=LINE('',#2523,#552);
#386=LINE('',#2526,#553);
#387=LINE('',#2529,#554);
#388=LINE('',#2530,#555);
#389=LINE('',#2533,#556);
#390=LINE('',#2537,#557);
#391=LINE('',#2538,#558);
#392=LINE('',#2544,#559);
#393=LINE('',#2548,#560);
#394=LINE('',#2552,#561);
#395=LINE('',#2555,#562);
#396=LINE('',#2560,#563);
#397=LINE('',#2563,#564);
#398=LINE('',#2565,#565);
#399=LINE('',#2568,#566);
#400=LINE('',#2571,#567);
#401=LINE('',#2574,#568);
#402=LINE('',#2578,#569);
#403=LINE('',#2581,#570);
#404=LINE('',#2584,#571);
#405=LINE('',#2586,#572);
#406=LINE('',#2588,#573);
#407=LINE('',#2591,#574);
#408=LINE('',#2593,#575);
#409=LINE('',#2594,#576);
#410=LINE('',#2597,#577);
#411=LINE('',#2601,#578);
#412=LINE('',#2602,#579);
#413=LINE('',#2605,#580);
#414=LINE('',#2608,#581);
#415=LINE('',#2613,#582);
#416=LINE('',#2616,#583);
#417=LINE('',#2618,#584);
#418=LINE('',#2621,#585);
#419=LINE('',#2623,#586);
#420=LINE('',#2634,#587);
#421=LINE('',#2636,#588);
#422=LINE('',#2637,#589);
#423=LINE('',#2640,#590);
#424=LINE('',#2642,#591);
#425=LINE('',#2644,#592);
#426=LINE('',#2646,#593);
#427=LINE('',#2647,#594);
#428=LINE('',#2650,#595);
#429=LINE('',#2654,#596);
#430=LINE('',#2657,#597);
#431=LINE('',#2677,#598);
#432=LINE('',#2679,#599);
#433=LINE('',#2680,#600);
#434=LINE('',#2682,#601);
#435=LINE('',#2686,#602);
#436=LINE('',#2687,#603);
#437=LINE('',#2690,#604);
#438=LINE('',#2691,#605);
#439=LINE('',#2694,#606);
#440=LINE('',#2695,#607);
#441=LINE('',#2696,#608);
#442=LINE('',#2745,#609);
#443=LINE('',#2746,#610);
#444=LINE('',#2753,#611);
#445=LINE('',#2758,#612);
#446=LINE('',#2762,#613);
#447=LINE('',#2767,#614);
#448=LINE('',#2768,#615);
#449=LINE('',#2769,#616);
#450=LINE('',#2773,#617);
#451=LINE('',#2779,#618);
#452=LINE('',#2780,#619);
#453=LINE('',#2781,#620);
#454=LINE('',#2784,#621);
#455=LINE('',#2789,#622);
#456=LINE('',#2790,#623);
#457=LINE('',#2793,#624);
#458=LINE('',#2796,#625);
#459=LINE('',#2797,#626);
#460=LINE('',#2800,#627);
#461=LINE('',#2802,#628);
#462=LINE('',#2803,#629);
#463=LINE('',#2806,#630);
#464=LINE('',#2810,#631);
#465=LINE('',#2811,#632);
#466=LINE('',#2814,#633);
#467=LINE('',#2819,#634);
#468=LINE('',#2821,#635);
#469=LINE('',#2825,#636);
#470=LINE('',#2827,#637);
#471=LINE('',#2828,#638);
#472=LINE('',#2831,#639);
#473=LINE('',#2835,#640);
#474=LINE('',#2837,#641);
#475=LINE('',#2838,#642);
#476=LINE('',#2841,#643);
#477=LINE('',#2846,#644);
#478=LINE('',#2848,#645);
#479=LINE('',#2849,#646);
#480=LINE('',#2851,#647);
#481=LINE('',#2852,#648);
#482=LINE('',#2858,#649);
#483=LINE('',#2862,#650);
#484=LINE('',#2870,#651);
#485=LINE('',#2874,#652);
#486=LINE('',#2886,#653);
#487=LINE('',#2890,#654);
#488=LINE('',#2894,#655);
#489=LINE('',#2898,#656);
#490=LINE('',#2902,#657);
#491=LINE('',#2905,#658);
#492=LINE('',#2907,#659);
#493=LINE('',#2911,#660);
#494=LINE('',#2914,#661);
#495=LINE('',#2919,#662);
#496=LINE('',#2920,#663);
#497=LINE('',#2922,#664);
#498=LINE('',#2924,#665);
#499=LINE('',#2927,#666);
#500=LINE('',#2929,#667);
#501=LINE('',#2931,#668);
#502=LINE('',#2933,#669);
#503=LINE('',#2936,#670);
#504=LINE('',#2937,#671);
#505=LINE('',#2939,#672);
#506=LINE('',#2941,#673);
#507=LINE('',#2943,#674);
#508=LINE('',#2945,#675);
#509=LINE('',#2948,#676);
#510=LINE('',#2949,#677);
#511=LINE('',#2952,#678);
#512=LINE('',#2954,#679);
#513=VECTOR('',#1891,10.);
#514=VECTOR('',#1892,10.);
#515=VECTOR('',#1893,10.);
#516=VECTOR('',#1894,10.);
#517=VECTOR('',#1895,10.);
#518=VECTOR('',#1900,10.);
#519=VECTOR('',#1901,10.);
#520=VECTOR('',#1904,10.);
#521=VECTOR('',#1909,10.);
#522=VECTOR('',#1910,10.);
#523=VECTOR('',#1911,10.);
#524=VECTOR('',#1914,10.);
#525=VECTOR('',#1915,10.);
#526=VECTOR('',#1916,10.);
#527=VECTOR('',#1917,10.);
#528=VECTOR('',#1918,10.);
#529=VECTOR('',#1923,10.);
#530=VECTOR('',#1926,10.);
#531=VECTOR('',#1931,10.);
#532=VECTOR('',#1934,10.);
#533=VECTOR('',#1937,10.);
#534=VECTOR('',#1940,10.);
#535=VECTOR('',#1941,10.);
#536=VECTOR('',#1944,10.);
#537=VECTOR('',#1945,10.);
#538=VECTOR('',#1946,10.);
#539=VECTOR('',#1947,10.);
#540=VECTOR('',#1952,10.);
#541=VECTOR('',#1957,10.);
#542=VECTOR('',#1958,10.);
#543=VECTOR('',#1959,10.);
#544=VECTOR('',#1964,10.);
#545=VECTOR('',#1969,10.);
#546=VECTOR('',#1970,10.);
#547=VECTOR('',#1971,10.);
#548=VECTOR('',#1976,10.);
#549=VECTOR('',#1981,10.);
#550=VECTOR('',#1982,10.);
#551=VECTOR('',#1983,10.);
#552=VECTOR('',#1992,10.);
#553=VECTOR('',#1995,10.);
#554=VECTOR('',#1998,10.);
#555=VECTOR('',#1999,10.);
#556=VECTOR('',#2002,10.);
#557=VECTOR('',#2007,10.);
#558=VECTOR('',#2008,10.);
#559=VECTOR('',#2013,10.);
#560=VECTOR('',#2016,10.);
#561=VECTOR('',#2019,10.);
#562=VECTOR('',#2022,10.);
#563=VECTOR('',#2027,10.);
#564=VECTOR('',#2030,10.);
#565=VECTOR('',#2033,10.);
#566=VECTOR('',#2036,10.);
#567=VECTOR('',#2041,10.);
#568=VECTOR('',#2044,8.);
#569=VECTOR('',#2049,7.5);
#570=VECTOR('',#2054,10.);
#571=VECTOR('',#2057,10.);
#572=VECTOR('',#2060,10.);
#573=VECTOR('',#2063,10.);
#574=VECTOR('',#2066,10.);
#575=VECTOR('',#2067,10.);
#576=VECTOR('',#2068,10.);
#577=VECTOR('',#2071,10.);
#578=VECTOR('',#2076,10.);
#579=VECTOR('',#2077,10.);
#580=VECTOR('',#2080,10.);
#581=VECTOR('',#2085,10.);
#582=VECTOR('',#2092,10.);
#583=VECTOR('',#2095,10.);
#584=VECTOR('',#2098,10.);
#585=VECTOR('',#2101,10.);
#586=VECTOR('',#2102,10.);
#587=VECTOR('',#2103,10.);
#588=VECTOR('',#2104,10.);
#589=VECTOR('',#2105,10.);
#590=VECTOR('',#2108,10.);
#591=VECTOR('',#2109,10.);
#592=VECTOR('',#2110,10.);
#593=VECTOR('',#2111,10.);
#594=VECTOR('',#2112,10.);
#595=VECTOR('',#2115,10.);
#596=VECTOR('',#2120,10.);
#597=VECTOR('',#2123,10.);
#598=VECTOR('',#2126,10.);
#599=VECTOR('',#2127,10.);
#600=VECTOR('',#2128,10.);
#601=VECTOR('',#2131,10.);
#602=VECTOR('',#2136,10.);
#603=VECTOR('',#2137,10.);
#604=VECTOR('',#2140,10.);
#605=VECTOR('',#2141,10.);
#606=VECTOR('',#2144,10.);
#607=VECTOR('',#2145,10.);
#608=VECTOR('',#2146,10.);
#609=VECTOR('',#2151,10.);
#610=VECTOR('',#2152,10.);
#611=VECTOR('',#2161,10.);
#612=VECTOR('',#2166,10.);
#613=VECTOR('',#2169,10.);
#614=VECTOR('',#2174,10.);
#615=VECTOR('',#2175,10.);
#616=VECTOR('',#2176,10.);
#617=VECTOR('',#2179,10.);
#618=VECTOR('',#2186,10.);
#619=VECTOR('',#2187,10.);
#620=VECTOR('',#2188,10.);
#621=VECTOR('',#2191,10.);
#622=VECTOR('',#2198,10.);
#623=VECTOR('',#2199,10.);
#624=VECTOR('',#2202,10.);
#625=VECTOR('',#2207,10.);
#626=VECTOR('',#2208,10.);
#627=VECTOR('',#2211,10.);
#628=VECTOR('',#2212,10.);
#629=VECTOR('',#2213,10.);
#630=VECTOR('',#2216,10.);
#631=VECTOR('',#2221,10.);
#632=VECTOR('',#2222,10.);
#633=VECTOR('',#2225,10.);
#634=VECTOR('',#2232,10.);
#635=VECTOR('',#2233,10.);
#636=VECTOR('',#2238,10.);
#637=VECTOR('',#2239,10.);
#638=VECTOR('',#2240,10.);
#639=VECTOR('',#2243,10.);
#640=VECTOR('',#2248,10.);
#641=VECTOR('',#2249,10.);
#642=VECTOR('',#2250,10.);
#643=VECTOR('',#2253,10.);
#644=VECTOR('',#2260,10.);
#645=VECTOR('',#2261,10.);
#646=VECTOR('',#2262,10.);
#647=VECTOR('',#2265,10.);
#648=VECTOR('',#2266,10.);
#649=VECTOR('',#2273,10.);
#650=VECTOR('',#2276,10.);
#651=VECTOR('',#2285,10.);
#652=VECTOR('',#2288,10.);
#653=VECTOR('',#2301,10.);
#654=VECTOR('',#2304,10.);
#655=VECTOR('',#2307,10.);
#656=VECTOR('',#2310,10.);
#657=VECTOR('',#2313,10.);
#658=VECTOR('',#2316,10.);
#659=VECTOR('',#2317,10.);
#660=VECTOR('',#2320,10.);
#661=VECTOR('',#2323,10.);
#662=VECTOR('',#2330,10.);
#663=VECTOR('',#2331,10.);
#664=VECTOR('',#2334,10.);
#665=VECTOR('',#2337,10.);
#666=VECTOR('',#2342,10.);
#667=VECTOR('',#2345,10.);
#668=VECTOR('',#2348,5.);
#669=VECTOR('',#2351,5.);
#670=VECTOR('',#2356,5.);
#671=VECTOR('',#2357,5.);
#672=VECTOR('',#2360,10.);
#673=VECTOR('',#2363,10.);
#674=VECTOR('',#2366,1.35);
#675=VECTOR('',#2369,10.);
#676=VECTOR('',#2374,10.);
#677=VECTOR('',#2375,10.);
#678=VECTOR('',#2380,1.35);
#679=VECTOR('',#2383,10.);
#680=VERTEX_POINT('',#2388);
#681=VERTEX_POINT('',#2389);
#682=VERTEX_POINT('',#2391);
#683=VERTEX_POINT('',#2393);
#684=VERTEX_POINT('',#2395);
#685=VERTEX_POINT('',#2397);
#686=VERTEX_POINT('',#2403);
#687=VERTEX_POINT('',#2405);
#688=VERTEX_POINT('',#2407);
#689=VERTEX_POINT('',#2409);
#690=VERTEX_POINT('',#2413);
#691=VERTEX_POINT('',#2415);
#692=VERTEX_POINT('',#2417);
#693=VERTEX_POINT('',#2421);
#694=VERTEX_POINT('',#2423);
#695=VERTEX_POINT('',#2425);
#696=VERTEX_POINT('',#2427);
#697=VERTEX_POINT('',#2431);
#698=VERTEX_POINT('',#2433);
#699=VERTEX_POINT('',#2435);
#700=VERTEX_POINT('',#2439);
#701=VERTEX_POINT('',#2441);
#702=VERTEX_POINT('',#2458);
#703=VERTEX_POINT('',#2464);
#704=VERTEX_POINT('',#2466);
#705=VERTEX_POINT('',#2470);
#706=VERTEX_POINT('',#2474);
#707=VERTEX_POINT('',#2475);
#708=VERTEX_POINT('',#2477);
#709=VERTEX_POINT('',#2479);
#710=VERTEX_POINT('',#2483);
#711=VERTEX_POINT('',#2485);
#712=VERTEX_POINT('',#2489);
#713=VERTEX_POINT('',#2490);
#714=VERTEX_POINT('',#2495);
#715=VERTEX_POINT('',#2497);
#716=VERTEX_POINT('',#2501);
#717=VERTEX_POINT('',#2502);
#718=VERTEX_POINT('',#2507);
#719=VERTEX_POINT('',#2509);
#720=VERTEX_POINT('',#2513);
#721=VERTEX_POINT('',#2514);
#722=VERTEX_POINT('',#2522);
#723=VERTEX_POINT('',#2524);
#724=VERTEX_POINT('',#2528);
#725=VERTEX_POINT('',#2532);
#726=VERTEX_POINT('',#2536);
#727=VERTEX_POINT('',#2540);
#728=VERTEX_POINT('',#2541);
#729=VERTEX_POINT('',#2543);
#730=VERTEX_POINT('',#2545);
#731=VERTEX_POINT('',#2547);
#732=VERTEX_POINT('',#2549);
#733=VERTEX_POINT('',#2551);
#734=VERTEX_POINT('',#2553);
#735=VERTEX_POINT('',#2556);
#736=VERTEX_POINT('',#2559);
#737=VERTEX_POINT('',#2561);
#738=VERTEX_POINT('',#2567);
#739=VERTEX_POINT('',#2573);
#740=VERTEX_POINT('',#2577);
#741=VERTEX_POINT('',#2582);
#742=VERTEX_POINT('',#2590);
#743=VERTEX_POINT('',#2592);
#744=VERTEX_POINT('',#2596);
#745=VERTEX_POINT('',#2600);
#746=VERTEX_POINT('',#2604);
#747=VERTEX_POINT('',#2612);
#748=VERTEX_POINT('',#2614);
#749=VERTEX_POINT('',#2620);
#750=VERTEX_POINT('',#2622);
#751=VERTEX_POINT('',#2624);
#752=VERTEX_POINT('',#2629);
#753=VERTEX_POINT('',#2633);
#754=VERTEX_POINT('',#2635);
#755=VERTEX_POINT('',#2639);
#756=VERTEX_POINT('',#2641);
#757=VERTEX_POINT('',#2643);
#758=VERTEX_POINT('',#2645);
#759=VERTEX_POINT('',#2649);
#760=VERTEX_POINT('',#2653);
#761=VERTEX_POINT('',#2656);
#762=VERTEX_POINT('',#2658);
#763=VERTEX_POINT('',#2676);
#764=VERTEX_POINT('',#2678);
#765=VERTEX_POINT('',#2685);
#766=VERTEX_POINT('',#2689);
#767=VERTEX_POINT('',#2693);
#768=VERTEX_POINT('',#2722);
#769=VERTEX_POINT('',#2744);
#770=VERTEX_POINT('',#2750);
#771=VERTEX_POINT('',#2752);
#772=VERTEX_POINT('',#2756);
#773=VERTEX_POINT('',#2757);
#774=VERTEX_POINT('',#2759);
#775=VERTEX_POINT('',#2761);
#776=VERTEX_POINT('',#2765);
#777=VERTEX_POINT('',#2766);
#778=VERTEX_POINT('',#2771);
#779=VERTEX_POINT('',#2772);
#780=VERTEX_POINT('',#2777);
#781=VERTEX_POINT('',#2778);
#782=VERTEX_POINT('',#2783);
#783=VERTEX_POINT('',#2788);
#784=VERTEX_POINT('',#2792);
#785=VERTEX_POINT('',#2799);
#786=VERTEX_POINT('',#2801);
#787=VERTEX_POINT('',#2805);
#788=VERTEX_POINT('',#2809);
#789=VERTEX_POINT('',#2813);
#790=VERTEX_POINT('',#2818);
#791=VERTEX_POINT('',#2820);
#792=VERTEX_POINT('',#2824);
#793=VERTEX_POINT('',#2826);
#794=VERTEX_POINT('',#2830);
#795=VERTEX_POINT('',#2834);
#796=VERTEX_POINT('',#2836);
#797=VERTEX_POINT('',#2840);
#798=VERTEX_POINT('',#2845);
#799=VERTEX_POINT('',#2847);
#800=VERTEX_POINT('',#2855);
#801=VERTEX_POINT('',#2857);
#802=VERTEX_POINT('',#2859);
#803=VERTEX_POINT('',#2861);
#804=VERTEX_POINT('',#2864);
#805=VERTEX_POINT('',#2867);
#806=VERTEX_POINT('',#2869);
#807=VERTEX_POINT('',#2871);
#808=VERTEX_POINT('',#2873);
#809=VERTEX_POINT('',#2876);
#810=VERTEX_POINT('',#2879);
#811=VERTEX_POINT('',#2882);
#812=VERTEX_POINT('',#2883);
#813=VERTEX_POINT('',#2885);
#814=VERTEX_POINT('',#2887);
#815=VERTEX_POINT('',#2889);
#816=VERTEX_POINT('',#2891);
#817=VERTEX_POINT('',#2893);
#818=VERTEX_POINT('',#2895);
#819=VERTEX_POINT('',#2897);
#820=VERTEX_POINT('',#2899);
#821=VERTEX_POINT('',#2901);
#822=VERTEX_POINT('',#2903);
#823=VERTEX_POINT('',#2906);
#824=VERTEX_POINT('',#2908);
#825=VERTEX_POINT('',#2910);
#826=VERTEX_POINT('',#2912);
#827=VERTEX_POINT('',#2916);
#828=EDGE_CURVE('',#680,#681,#346,.T.);
#829=EDGE_CURVE('',#682,#680,#347,.T.);
#830=EDGE_CURVE('',#683,#682,#348,.T.);
#831=EDGE_CURVE('',#683,#684,#349,.T.);
#832=EDGE_CURVE('',#685,#684,#350,.T.);
#833=EDGE_CURVE('',#681,#685,#343,.T.);
#834=EDGE_CURVE('',#684,#686,#75,.T.);
#835=EDGE_CURVE('',#687,#683,#351,.T.);
#836=EDGE_CURVE('',#687,#688,#352,.T.);
#837=EDGE_CURVE('',#689,#688,#76,.T.);
#838=EDGE_CURVE('',#686,#689,#353,.T.);
#839=EDGE_CURVE('',#690,#680,#77,.T.);
#840=EDGE_CURVE('',#691,#690,#354,.T.);
#841=EDGE_CURVE('',#692,#691,#355,.T.);
#842=EDGE_CURVE('',#682,#692,#356,.T.);
#843=EDGE_CURVE('',#693,#692,#357,.T.);
#844=EDGE_CURVE('',#694,#693,#358,.T.);
#845=EDGE_CURVE('',#694,#695,#359,.T.);
#846=EDGE_CURVE('',#695,#696,#360,.T.);
#847=EDGE_CURVE('',#687,#696,#361,.T.);
#848=EDGE_CURVE('',#681,#697,#78,.T.);
#849=EDGE_CURVE('',#697,#698,#362,.T.);
#850=EDGE_CURVE('',#698,#699,#79,.T.);
#851=EDGE_CURVE('',#690,#699,#363,.T.);
#852=EDGE_CURVE('',#685,#700,#80,.T.);
#853=EDGE_CURVE('',#701,#700,#26,.F.);
#854=EDGE_CURVE('',#701,#702,#344,.T.);
#855=EDGE_CURVE('',#697,#702,#364,.T.);
#856=EDGE_CURVE('',#686,#703,#365,.T.);
#857=EDGE_CURVE('',#704,#703,#81,.T.);
#858=EDGE_CURVE('',#700,#704,#366,.T.);
#859=EDGE_CURVE('',#705,#689,#367,.T.);
#860=EDGE_CURVE('',#703,#705,#368,.T.);
#861=EDGE_CURVE('',#706,#707,#369,.T.);
#862=EDGE_CURVE('',#707,#708,#370,.T.);
#863=EDGE_CURVE('',#708,#709,#371,.T.);
#864=EDGE_CURVE('',#709,#706,#372,.T.);
#865=EDGE_CURVE('',#706,#710,#82,.T.);
#866=EDGE_CURVE('',#710,#711,#373,.T.);
#867=EDGE_CURVE('',#711,#707,#83,.T.);
#868=EDGE_CURVE('',#712,#713,#374,.T.);
#869=EDGE_CURVE('',#713,#711,#375,.T.);
#870=EDGE_CURVE('',#710,#712,#376,.T.);
#871=EDGE_CURVE('',#712,#714,#84,.T.);
#872=EDGE_CURVE('',#714,#715,#377,.T.);
#873=EDGE_CURVE('',#715,#713,#85,.T.);
#874=EDGE_CURVE('',#716,#717,#378,.T.);
#875=EDGE_CURVE('',#717,#715,#379,.T.);
#876=EDGE_CURVE('',#714,#716,#380,.T.);
#877=EDGE_CURVE('',#716,#718,#86,.T.);
#878=EDGE_CURVE('',#718,#719,#381,.T.);
#879=EDGE_CURVE('',#719,#717,#87,.T.);
#880=EDGE_CURVE('',#720,#721,#382,.T.);
#881=EDGE_CURVE('',#721,#719,#383,.T.);
#882=EDGE_CURVE('',#718,#720,#384,.T.);
#883=EDGE_CURVE('',#720,#709,#88,.T.);
#884=EDGE_CURVE('',#708,#721,#89,.T.);
#885=EDGE_CURVE('',#712,#722,#385,.T.);
#886=EDGE_CURVE('',#722,#723,#90,.T.);
#887=EDGE_CURVE('',#723,#714,#386,.T.);
#888=EDGE_CURVE('',#724,#710,#387,.T.);
#889=EDGE_CURVE('',#722,#724,#388,.T.);
#890=EDGE_CURVE('',#706,#725,#389,.T.);
#891=EDGE_CURVE('',#725,#724,#91,.T.);
#892=EDGE_CURVE('',#726,#709,#390,.T.);
#893=EDGE_CURVE('',#725,#726,#391,.T.);
#894=EDGE_CURVE('',#727,#728,#92,.T.);
#895=EDGE_CURVE('',#729,#727,#392,.T.);
#896=EDGE_CURVE('',#730,#729,#93,.T.);
#897=EDGE_CURVE('',#731,#730,#393,.T.);
#898=EDGE_CURVE('',#732,#731,#94,.T.);
#899=EDGE_CURVE('',#733,#732,#394,.T.);
#900=EDGE_CURVE('',#734,#733,#95,.T.);
#901=EDGE_CURVE('',#728,#734,#395,.T.);
#902=EDGE_CURVE('',#735,#735,#96,.T.);
#903=EDGE_CURVE('',#716,#736,#396,.T.);
#904=EDGE_CURVE('',#736,#737,#97,.T.);
#905=EDGE_CURVE('',#737,#718,#397,.T.);
#906=EDGE_CURVE('',#736,#723,#398,.T.);
#907=EDGE_CURVE('',#720,#738,#399,.T.);
#908=EDGE_CURVE('',#738,#726,#98,.T.);
#909=EDGE_CURVE('',#738,#737,#400,.T.);
#910=EDGE_CURVE('',#735,#739,#401,.T.);
#911=EDGE_CURVE('',#739,#739,#99,.T.);
#912=EDGE_CURVE('',#739,#740,#402,.T.);
#913=EDGE_CURVE('',#740,#740,#100,.T.);
#914=EDGE_CURVE('',#728,#705,#403,.T.);
#915=EDGE_CURVE('',#705,#741,#101,.T.);
#916=EDGE_CURVE('',#741,#727,#404,.T.);
#917=EDGE_CURVE('',#734,#703,#405,.T.);
#918=EDGE_CURVE('',#733,#704,#406,.T.);
#919=EDGE_CURVE('',#732,#742,#407,.T.);
#920=EDGE_CURVE('',#742,#743,#408,.T.);
#921=EDGE_CURVE('',#743,#733,#409,.T.);
#922=EDGE_CURVE('',#731,#744,#410,.T.);
#923=EDGE_CURVE('',#744,#742,#102,.T.);
#924=EDGE_CURVE('',#730,#745,#411,.T.);
#925=EDGE_CURVE('',#745,#744,#412,.T.);
#926=EDGE_CURVE('',#729,#746,#413,.T.);
#927=EDGE_CURVE('',#746,#745,#103,.T.);
#928=EDGE_CURVE('',#741,#746,#414,.T.);
#929=EDGE_CURVE('',#743,#704,#104,.T.);
#930=EDGE_CURVE('',#688,#747,#415,.T.);
#931=EDGE_CURVE('',#747,#748,#16,.F.);
#932=EDGE_CURVE('',#748,#741,#416,.T.);
#933=EDGE_CURVE('',#743,#701,#417,.T.);
#934=EDGE_CURVE('',#749,#742,#418,.T.);
#935=EDGE_CURVE('',#750,#749,#419,.T.);
#936=EDGE_CURVE('',#751,#750,#27,.T.);
#937=EDGE_CURVE('',#752,#751,#345,.T.);
#938=EDGE_CURVE('',#753,#752,#420,.T.);
#939=EDGE_CURVE('',#754,#753,#421,.T.);
#940=EDGE_CURVE('',#702,#754,#422,.T.);
#941=EDGE_CURVE('',#755,#748,#423,.T.);
#942=EDGE_CURVE('',#755,#756,#424,.T.);
#943=EDGE_CURVE('',#757,#756,#425,.T.);
#944=EDGE_CURVE('',#758,#757,#426,.T.);
#945=EDGE_CURVE('',#746,#758,#427,.T.);
#946=EDGE_CURVE('',#744,#759,#428,.T.);
#947=EDGE_CURVE('',#759,#749,#105,.T.);
#948=EDGE_CURVE('',#760,#759,#429,.T.);
#949=EDGE_CURVE('',#758,#760,#106,.T.);
#950=EDGE_CURVE('',#761,#757,#430,.T.);
#951=EDGE_CURVE('',#762,#761,#107,.T.);
#952=EDGE_CURVE('',#750,#762,#28,.T.);
#953=EDGE_CURVE('',#763,#694,#431,.T.);
#954=EDGE_CURVE('',#693,#764,#432,.T.);
#955=EDGE_CURVE('',#764,#763,#433,.T.);
#956=EDGE_CURVE('',#760,#745,#434,.T.);
#957=EDGE_CURVE('',#763,#765,#435,.T.);
#958=EDGE_CURVE('',#765,#695,#436,.T.);
#959=EDGE_CURVE('',#764,#766,#437,.T.);
#960=EDGE_CURVE('',#766,#765,#438,.T.);
#961=EDGE_CURVE('',#767,#691,#439,.T.);
#962=EDGE_CURVE('',#747,#767,#440,.T.);
#963=EDGE_CURVE('',#696,#766,#441,.T.);
#964=EDGE_CURVE('',#762,#768,#29,.T.);
#965=EDGE_CURVE('',#751,#768,#30,.T.);
#966=EDGE_CURVE('',#769,#756,#442,.T.);
#967=EDGE_CURVE('',#769,#761,#443,.T.);
#968=EDGE_CURVE('',#768,#769,#108,.T.);
#969=EDGE_CURVE('',#748,#770,#17,.T.);
#970=EDGE_CURVE('',#770,#771,#444,.T.);
#971=EDGE_CURVE('',#755,#771,#18,.F.);
#972=EDGE_CURVE('',#772,#773,#445,.T.);
#973=EDGE_CURVE('',#773,#774,#109,.T.);
#974=EDGE_CURVE('',#774,#775,#446,.T.);
#975=EDGE_CURVE('',#775,#772,#110,.T.);
#976=EDGE_CURVE('',#776,#777,#447,.T.);
#977=EDGE_CURVE('',#777,#773,#448,.T.);
#978=EDGE_CURVE('',#772,#776,#449,.T.);
#979=EDGE_CURVE('',#778,#779,#450,.T.);
#980=EDGE_CURVE('',#779,#777,#111,.T.);
#981=EDGE_CURVE('',#776,#778,#112,.T.);
#982=EDGE_CURVE('',#780,#781,#451,.T.);
#983=EDGE_CURVE('',#781,#779,#452,.T.);
#984=EDGE_CURVE('',#778,#780,#453,.T.);
#985=EDGE_CURVE('',#753,#782,#454,.T.);
#986=EDGE_CURVE('',#782,#781,#113,.T.);
#987=EDGE_CURVE('',#780,#753,#114,.T.);
#988=EDGE_CURVE('',#752,#783,#455,.T.);
#989=EDGE_CURVE('',#783,#782,#456,.T.);
#990=EDGE_CURVE('',#769,#784,#457,.T.);
#991=EDGE_CURVE('',#784,#783,#115,.T.);
#992=EDGE_CURVE('',#774,#784,#458,.T.);
#993=EDGE_CURVE('',#771,#775,#459,.T.);
#994=EDGE_CURVE('',#785,#778,#460,.T.);
#995=EDGE_CURVE('',#786,#785,#461,.T.);
#996=EDGE_CURVE('',#786,#780,#462,.T.);
#997=EDGE_CURVE('',#787,#776,#463,.T.);
#998=EDGE_CURVE('',#785,#787,#116,.T.);
#999=EDGE_CURVE('',#788,#772,#464,.T.);
#1000=EDGE_CURVE('',#787,#788,#465,.T.);
#1001=EDGE_CURVE('',#789,#775,#466,.T.);
#1002=EDGE_CURVE('',#788,#789,#117,.T.);
#1003=EDGE_CURVE('',#790,#788,#467,.T.);
#1004=EDGE_CURVE('',#789,#791,#468,.T.);
#1005=EDGE_CURVE('',#790,#791,#118,.T.);
#1006=EDGE_CURVE('',#792,#787,#469,.T.);
#1007=EDGE_CURVE('',#793,#790,#470,.T.);
#1008=EDGE_CURVE('',#793,#792,#471,.T.);
#1009=EDGE_CURVE('',#794,#785,#472,.T.);
#1010=EDGE_CURVE('',#792,#794,#119,.T.);
#1011=EDGE_CURVE('',#795,#786,#473,.T.);
#1012=EDGE_CURVE('',#794,#796,#474,.T.);
#1013=EDGE_CURVE('',#795,#796,#475,.T.);
#1014=EDGE_CURVE('',#797,#754,#476,.T.);
#1015=EDGE_CURVE('',#754,#786,#120,.T.);
#1016=EDGE_CURVE('',#797,#795,#121,.T.);
#1017=EDGE_CURVE('',#798,#797,#477,.T.);
#1018=EDGE_CURVE('',#798,#799,#478,.T.);
#1019=EDGE_CURVE('',#697,#799,#479,.T.);
#1020=EDGE_CURVE('',#791,#767,#480,.T.);
#1021=EDGE_CURVE('',#789,#770,#481,.T.);
#1022=EDGE_CURVE('',#800,#798,#122,.T.);
#1023=EDGE_CURVE('',#800,#801,#482,.T.);
#1024=EDGE_CURVE('',#801,#802,#123,.T.);
#1025=EDGE_CURVE('',#802,#803,#483,.T.);
#1026=EDGE_CURVE('',#799,#803,#124,.T.);
#1027=EDGE_CURVE('',#804,#804,#125,.T.);
#1028=EDGE_CURVE('',#805,#793,#126,.T.);
#1029=EDGE_CURVE('',#806,#805,#484,.T.);
#1030=EDGE_CURVE('',#807,#806,#127,.T.);
#1031=EDGE_CURVE('',#808,#807,#485,.T.);
#1032=EDGE_CURVE('',#808,#796,#128,.F.);
#1033=EDGE_CURVE('',#809,#809,#129,.T.);
#1034=EDGE_CURVE('',#810,#810,#130,.T.);
#1035=EDGE_CURVE('',#811,#812,#131,.T.);
#1036=EDGE_CURVE('',#813,#811,#486,.T.);
#1037=EDGE_CURVE('',#814,#813,#132,.T.);
#1038=EDGE_CURVE('',#815,#814,#487,.T.);
#1039=EDGE_CURVE('',#816,#815,#133,.T.);
#1040=EDGE_CURVE('',#817,#816,#488,.T.);
#1041=EDGE_CURVE('',#818,#817,#134,.T.);
#1042=EDGE_CURVE('',#819,#818,#489,.T.);
#1043=EDGE_CURVE('',#820,#819,#135,.T.);
#1044=EDGE_CURVE('',#821,#820,#490,.T.);
#1045=EDGE_CURVE('',#822,#821,#136,.T.);
#1046=EDGE_CURVE('',#699,#822,#491,.T.);
#1047=EDGE_CURVE('',#823,#698,#492,.T.);
#1048=EDGE_CURVE('',#824,#823,#137,.T.);
#1049=EDGE_CURVE('',#825,#824,#493,.T.);
#1050=EDGE_CURVE('',#826,#825,#138,.T.);
#1051=EDGE_CURVE('',#812,#826,#494,.T.);
#1052=EDGE_CURVE('',#827,#827,#139,.T.);
#1053=EDGE_CURVE('',#825,#802,#495,.T.);
#1054=EDGE_CURVE('',#826,#801,#496,.T.);
#1055=EDGE_CURVE('',#803,#824,#497,.T.);
#1056=EDGE_CURVE('',#823,#799,#498,.T.);
#1057=EDGE_CURVE('',#791,#822,#499,.T.);
#1058=EDGE_CURVE('',#790,#821,#500,.T.);
#1059=EDGE_CURVE('',#793,#820,#501,.T.);
#1060=EDGE_CURVE('',#819,#805,#502,.T.);
#1061=EDGE_CURVE('',#815,#796,#503,.T.);
#1062=EDGE_CURVE('',#808,#816,#504,.T.);
#1063=EDGE_CURVE('',#795,#814,#505,.T.);
#1064=EDGE_CURVE('',#806,#818,#506,.T.);
#1065=EDGE_CURVE('',#827,#809,#507,.T.);
#1066=EDGE_CURVE('',#807,#817,#508,.T.);
#1067=EDGE_CURVE('',#812,#800,#509,.T.);
#1068=EDGE_CURVE('',#798,#811,#510,.T.);
#1069=EDGE_CURVE('',#804,#810,#511,.T.);
#1070=EDGE_CURVE('',#797,#813,#512,.T.);
#1071=ORIENTED_EDGE('',*,*,#828,.F.);
#1072=ORIENTED_EDGE('',*,*,#829,.F.);
#1073=ORIENTED_EDGE('',*,*,#830,.F.);
#1074=ORIENTED_EDGE('',*,*,#831,.T.);
#1075=ORIENTED_EDGE('',*,*,#832,.F.);
#1076=ORIENTED_EDGE('',*,*,#833,.F.);
#1077=ORIENTED_EDGE('',*,*,#834,.F.);
#1078=ORIENTED_EDGE('',*,*,#831,.F.);
#1079=ORIENTED_EDGE('',*,*,#835,.F.);
#1080=ORIENTED_EDGE('',*,*,#836,.T.);
#1081=ORIENTED_EDGE('',*,*,#837,.F.);
#1082=ORIENTED_EDGE('',*,*,#838,.F.);
#1083=ORIENTED_EDGE('',*,*,#839,.F.);
#1084=ORIENTED_EDGE('',*,*,#840,.F.);
#1085=ORIENTED_EDGE('',*,*,#841,.F.);
#1086=ORIENTED_EDGE('',*,*,#842,.F.);
#1087=ORIENTED_EDGE('',*,*,#829,.T.);
#1088=ORIENTED_EDGE('',*,*,#835,.T.);
#1089=ORIENTED_EDGE('',*,*,#830,.T.);
#1090=ORIENTED_EDGE('',*,*,#842,.T.);
#1091=ORIENTED_EDGE('',*,*,#843,.F.);
#1092=ORIENTED_EDGE('',*,*,#844,.F.);
#1093=ORIENTED_EDGE('',*,*,#845,.T.);
#1094=ORIENTED_EDGE('',*,*,#846,.T.);
#1095=ORIENTED_EDGE('',*,*,#847,.F.);
#1096=ORIENTED_EDGE('',*,*,#839,.T.);
#1097=ORIENTED_EDGE('',*,*,#828,.T.);
#1098=ORIENTED_EDGE('',*,*,#848,.T.);
#1099=ORIENTED_EDGE('',*,*,#849,.T.);
#1100=ORIENTED_EDGE('',*,*,#850,.T.);
#1101=ORIENTED_EDGE('',*,*,#851,.F.);
#1102=ORIENTED_EDGE('',*,*,#833,.T.);
#1103=ORIENTED_EDGE('',*,*,#852,.T.);
#1104=ORIENTED_EDGE('',*,*,#853,.F.);
#1105=ORIENTED_EDGE('',*,*,#854,.T.);
#1106=ORIENTED_EDGE('',*,*,#855,.F.);
#1107=ORIENTED_EDGE('',*,*,#848,.F.);
#1108=ORIENTED_EDGE('',*,*,#832,.T.);
#1109=ORIENTED_EDGE('',*,*,#834,.T.);
#1110=ORIENTED_EDGE('',*,*,#856,.T.);
#1111=ORIENTED_EDGE('',*,*,#857,.F.);
#1112=ORIENTED_EDGE('',*,*,#858,.F.);
#1113=ORIENTED_EDGE('',*,*,#852,.F.);
#1114=ORIENTED_EDGE('',*,*,#838,.T.);
#1115=ORIENTED_EDGE('',*,*,#859,.F.);
#1116=ORIENTED_EDGE('',*,*,#860,.F.);
#1117=ORIENTED_EDGE('',*,*,#856,.F.);
#1118=ORIENTED_EDGE('',*,*,#861,.T.);
#1119=ORIENTED_EDGE('',*,*,#862,.T.);
#1120=ORIENTED_EDGE('',*,*,#863,.T.);
#1121=ORIENTED_EDGE('',*,*,#864,.T.);
#1122=ORIENTED_EDGE('',*,*,#861,.F.);
#1123=ORIENTED_EDGE('',*,*,#865,.T.);
#1124=ORIENTED_EDGE('',*,*,#866,.T.);
#1125=ORIENTED_EDGE('',*,*,#867,.T.);
#1126=ORIENTED_EDGE('',*,*,#868,.T.);
#1127=ORIENTED_EDGE('',*,*,#869,.T.);
#1128=ORIENTED_EDGE('',*,*,#866,.F.);
#1129=ORIENTED_EDGE('',*,*,#870,.T.);
#1130=ORIENTED_EDGE('',*,*,#868,.F.);
#1131=ORIENTED_EDGE('',*,*,#871,.T.);
#1132=ORIENTED_EDGE('',*,*,#872,.T.);
#1133=ORIENTED_EDGE('',*,*,#873,.T.);
#1134=ORIENTED_EDGE('',*,*,#874,.T.);
#1135=ORIENTED_EDGE('',*,*,#875,.T.);
#1136=ORIENTED_EDGE('',*,*,#872,.F.);
#1137=ORIENTED_EDGE('',*,*,#876,.T.);
#1138=ORIENTED_EDGE('',*,*,#874,.F.);
#1139=ORIENTED_EDGE('',*,*,#877,.T.);
#1140=ORIENTED_EDGE('',*,*,#878,.T.);
#1141=ORIENTED_EDGE('',*,*,#879,.T.);
#1142=ORIENTED_EDGE('',*,*,#880,.T.);
#1143=ORIENTED_EDGE('',*,*,#881,.T.);
#1144=ORIENTED_EDGE('',*,*,#878,.F.);
#1145=ORIENTED_EDGE('',*,*,#882,.T.);
#1146=ORIENTED_EDGE('',*,*,#880,.F.);
#1147=ORIENTED_EDGE('',*,*,#883,.T.);
#1148=ORIENTED_EDGE('',*,*,#863,.F.);
#1149=ORIENTED_EDGE('',*,*,#884,.T.);
#1150=ORIENTED_EDGE('',*,*,#871,.F.);
#1151=ORIENTED_EDGE('',*,*,#885,.T.);
#1152=ORIENTED_EDGE('',*,*,#886,.T.);
#1153=ORIENTED_EDGE('',*,*,#887,.T.);
#1154=ORIENTED_EDGE('',*,*,#870,.F.);
#1155=ORIENTED_EDGE('',*,*,#888,.F.);
#1156=ORIENTED_EDGE('',*,*,#889,.F.);
#1157=ORIENTED_EDGE('',*,*,#885,.F.);
#1158=ORIENTED_EDGE('',*,*,#865,.F.);
#1159=ORIENTED_EDGE('',*,*,#890,.T.);
#1160=ORIENTED_EDGE('',*,*,#891,.T.);
#1161=ORIENTED_EDGE('',*,*,#888,.T.);
#1162=ORIENTED_EDGE('',*,*,#864,.F.);
#1163=ORIENTED_EDGE('',*,*,#892,.F.);
#1164=ORIENTED_EDGE('',*,*,#893,.F.);
#1165=ORIENTED_EDGE('',*,*,#890,.F.);
#1166=ORIENTED_EDGE('',*,*,#894,.F.);
#1167=ORIENTED_EDGE('',*,*,#895,.F.);
#1168=ORIENTED_EDGE('',*,*,#896,.F.);
#1169=ORIENTED_EDGE('',*,*,#897,.F.);
#1170=ORIENTED_EDGE('',*,*,#898,.F.);
#1171=ORIENTED_EDGE('',*,*,#899,.F.);
#1172=ORIENTED_EDGE('',*,*,#900,.F.);
#1173=ORIENTED_EDGE('',*,*,#901,.F.);
#1174=ORIENTED_EDGE('',*,*,#902,.F.);
#1175=ORIENTED_EDGE('',*,*,#862,.F.);
#1176=ORIENTED_EDGE('',*,*,#867,.F.);
#1177=ORIENTED_EDGE('',*,*,#869,.F.);
#1178=ORIENTED_EDGE('',*,*,#873,.F.);
#1179=ORIENTED_EDGE('',*,*,#875,.F.);
#1180=ORIENTED_EDGE('',*,*,#879,.F.);
#1181=ORIENTED_EDGE('',*,*,#881,.F.);
#1182=ORIENTED_EDGE('',*,*,#884,.F.);
#1183=ORIENTED_EDGE('',*,*,#877,.F.);
#1184=ORIENTED_EDGE('',*,*,#903,.T.);
#1185=ORIENTED_EDGE('',*,*,#904,.T.);
#1186=ORIENTED_EDGE('',*,*,#905,.T.);
#1187=ORIENTED_EDGE('',*,*,#876,.F.);
#1188=ORIENTED_EDGE('',*,*,#887,.F.);
#1189=ORIENTED_EDGE('',*,*,#906,.F.);
#1190=ORIENTED_EDGE('',*,*,#903,.F.);
#1191=ORIENTED_EDGE('',*,*,#883,.F.);
#1192=ORIENTED_EDGE('',*,*,#907,.T.);
#1193=ORIENTED_EDGE('',*,*,#908,.T.);
#1194=ORIENTED_EDGE('',*,*,#892,.T.);
#1195=ORIENTED_EDGE('',*,*,#882,.F.);
#1196=ORIENTED_EDGE('',*,*,#905,.F.);
#1197=ORIENTED_EDGE('',*,*,#909,.F.);
#1198=ORIENTED_EDGE('',*,*,#907,.F.);
#1199=ORIENTED_EDGE('',*,*,#902,.T.);
#1200=ORIENTED_EDGE('',*,*,#910,.T.);
#1201=ORIENTED_EDGE('',*,*,#911,.T.);
#1202=ORIENTED_EDGE('',*,*,#910,.F.);
#1203=ORIENTED_EDGE('',*,*,#911,.F.);
#1204=ORIENTED_EDGE('',*,*,#912,.T.);
#1205=ORIENTED_EDGE('',*,*,#913,.F.);
#1206=ORIENTED_EDGE('',*,*,#912,.F.);
#1207=ORIENTED_EDGE('',*,*,#914,.T.);
#1208=ORIENTED_EDGE('',*,*,#915,.T.);
#1209=ORIENTED_EDGE('',*,*,#916,.T.);
#1210=ORIENTED_EDGE('',*,*,#894,.T.);
#1211=ORIENTED_EDGE('',*,*,#914,.F.);
#1212=ORIENTED_EDGE('',*,*,#901,.T.);
#1213=ORIENTED_EDGE('',*,*,#917,.T.);
#1214=ORIENTED_EDGE('',*,*,#860,.T.);
#1215=ORIENTED_EDGE('',*,*,#917,.F.);
#1216=ORIENTED_EDGE('',*,*,#900,.T.);
#1217=ORIENTED_EDGE('',*,*,#918,.T.);
#1218=ORIENTED_EDGE('',*,*,#857,.T.);
#1219=ORIENTED_EDGE('',*,*,#919,.T.);
#1220=ORIENTED_EDGE('',*,*,#920,.T.);
#1221=ORIENTED_EDGE('',*,*,#921,.T.);
#1222=ORIENTED_EDGE('',*,*,#899,.T.);
#1223=ORIENTED_EDGE('',*,*,#922,.T.);
#1224=ORIENTED_EDGE('',*,*,#923,.T.);
#1225=ORIENTED_EDGE('',*,*,#919,.F.);
#1226=ORIENTED_EDGE('',*,*,#898,.T.);
#1227=ORIENTED_EDGE('',*,*,#924,.T.);
#1228=ORIENTED_EDGE('',*,*,#925,.T.);
#1229=ORIENTED_EDGE('',*,*,#922,.F.);
#1230=ORIENTED_EDGE('',*,*,#897,.T.);
#1231=ORIENTED_EDGE('',*,*,#926,.T.);
#1232=ORIENTED_EDGE('',*,*,#927,.T.);
#1233=ORIENTED_EDGE('',*,*,#924,.F.);
#1234=ORIENTED_EDGE('',*,*,#896,.T.);
#1235=ORIENTED_EDGE('',*,*,#926,.F.);
#1236=ORIENTED_EDGE('',*,*,#895,.T.);
#1237=ORIENTED_EDGE('',*,*,#916,.F.);
#1238=ORIENTED_EDGE('',*,*,#928,.T.);
#1239=ORIENTED_EDGE('',*,*,#921,.F.);
#1240=ORIENTED_EDGE('',*,*,#929,.T.);
#1241=ORIENTED_EDGE('',*,*,#918,.F.);
#1242=ORIENTED_EDGE('',*,*,#930,.T.);
#1243=ORIENTED_EDGE('',*,*,#931,.T.);
#1244=ORIENTED_EDGE('',*,*,#932,.T.);
#1245=ORIENTED_EDGE('',*,*,#915,.F.);
#1246=ORIENTED_EDGE('',*,*,#859,.T.);
#1247=ORIENTED_EDGE('',*,*,#837,.T.);
#1248=ORIENTED_EDGE('',*,*,#929,.F.);
#1249=ORIENTED_EDGE('',*,*,#933,.T.);
#1250=ORIENTED_EDGE('',*,*,#853,.T.);
#1251=ORIENTED_EDGE('',*,*,#858,.T.);
#1252=ORIENTED_EDGE('',*,*,#920,.F.);
#1253=ORIENTED_EDGE('',*,*,#934,.F.);
#1254=ORIENTED_EDGE('',*,*,#935,.F.);
#1255=ORIENTED_EDGE('',*,*,#936,.F.);
#1256=ORIENTED_EDGE('',*,*,#937,.F.);
#1257=ORIENTED_EDGE('',*,*,#938,.F.);
#1258=ORIENTED_EDGE('',*,*,#939,.F.);
#1259=ORIENTED_EDGE('',*,*,#940,.F.);
#1260=ORIENTED_EDGE('',*,*,#854,.F.);
#1261=ORIENTED_EDGE('',*,*,#933,.F.);
#1262=ORIENTED_EDGE('',*,*,#928,.F.);
#1263=ORIENTED_EDGE('',*,*,#932,.F.);
#1264=ORIENTED_EDGE('',*,*,#941,.F.);
#1265=ORIENTED_EDGE('',*,*,#942,.T.);
#1266=ORIENTED_EDGE('',*,*,#943,.F.);
#1267=ORIENTED_EDGE('',*,*,#944,.F.);
#1268=ORIENTED_EDGE('',*,*,#945,.F.);
#1269=ORIENTED_EDGE('',*,*,#923,.F.);
#1270=ORIENTED_EDGE('',*,*,#946,.T.);
#1271=ORIENTED_EDGE('',*,*,#947,.T.);
#1272=ORIENTED_EDGE('',*,*,#934,.T.);
#1273=ORIENTED_EDGE('',*,*,#947,.F.);
#1274=ORIENTED_EDGE('',*,*,#948,.F.);
#1275=ORIENTED_EDGE('',*,*,#949,.F.);
#1276=ORIENTED_EDGE('',*,*,#944,.T.);
#1277=ORIENTED_EDGE('',*,*,#950,.F.);
#1278=ORIENTED_EDGE('',*,*,#951,.F.);
#1279=ORIENTED_EDGE('',*,*,#952,.F.);
#1280=ORIENTED_EDGE('',*,*,#935,.T.);
#1281=ORIENTED_EDGE('',*,*,#953,.T.);
#1282=ORIENTED_EDGE('',*,*,#844,.T.);
#1283=ORIENTED_EDGE('',*,*,#954,.T.);
#1284=ORIENTED_EDGE('',*,*,#955,.T.);
#1285=ORIENTED_EDGE('',*,*,#927,.F.);
#1286=ORIENTED_EDGE('',*,*,#945,.T.);
#1287=ORIENTED_EDGE('',*,*,#949,.T.);
#1288=ORIENTED_EDGE('',*,*,#956,.T.);
#1289=ORIENTED_EDGE('',*,*,#925,.F.);
#1290=ORIENTED_EDGE('',*,*,#956,.F.);
#1291=ORIENTED_EDGE('',*,*,#948,.T.);
#1292=ORIENTED_EDGE('',*,*,#946,.F.);
#1293=ORIENTED_EDGE('',*,*,#953,.F.);
#1294=ORIENTED_EDGE('',*,*,#957,.T.);
#1295=ORIENTED_EDGE('',*,*,#958,.T.);
#1296=ORIENTED_EDGE('',*,*,#845,.F.);
#1297=ORIENTED_EDGE('',*,*,#955,.F.);
#1298=ORIENTED_EDGE('',*,*,#959,.T.);
#1299=ORIENTED_EDGE('',*,*,#960,.T.);
#1300=ORIENTED_EDGE('',*,*,#957,.F.);
#1301=ORIENTED_EDGE('',*,*,#954,.F.);
#1302=ORIENTED_EDGE('',*,*,#843,.T.);
#1303=ORIENTED_EDGE('',*,*,#841,.T.);
#1304=ORIENTED_EDGE('',*,*,#961,.F.);
#1305=ORIENTED_EDGE('',*,*,#962,.F.);
#1306=ORIENTED_EDGE('',*,*,#930,.F.);
#1307=ORIENTED_EDGE('',*,*,#836,.F.);
#1308=ORIENTED_EDGE('',*,*,#847,.T.);
#1309=ORIENTED_EDGE('',*,*,#963,.T.);
#1310=ORIENTED_EDGE('',*,*,#959,.F.);
#1311=ORIENTED_EDGE('',*,*,#846,.F.);
#1312=ORIENTED_EDGE('',*,*,#958,.F.);
#1313=ORIENTED_EDGE('',*,*,#960,.F.);
#1314=ORIENTED_EDGE('',*,*,#963,.F.);
#1315=ORIENTED_EDGE('',*,*,#893,.T.);
#1316=ORIENTED_EDGE('',*,*,#908,.F.);
#1317=ORIENTED_EDGE('',*,*,#909,.T.);
#1318=ORIENTED_EDGE('',*,*,#904,.F.);
#1319=ORIENTED_EDGE('',*,*,#906,.T.);
#1320=ORIENTED_EDGE('',*,*,#886,.F.);
#1321=ORIENTED_EDGE('',*,*,#889,.T.);
#1322=ORIENTED_EDGE('',*,*,#891,.F.);
#1323=ORIENTED_EDGE('',*,*,#913,.T.);
#1324=ORIENTED_EDGE('',*,*,#952,.T.);
#1325=ORIENTED_EDGE('',*,*,#964,.T.);
#1326=ORIENTED_EDGE('',*,*,#965,.F.);
#1327=ORIENTED_EDGE('',*,*,#936,.T.);
#1328=ORIENTED_EDGE('',*,*,#943,.T.);
#1329=ORIENTED_EDGE('',*,*,#966,.F.);
#1330=ORIENTED_EDGE('',*,*,#967,.T.);
#1331=ORIENTED_EDGE('',*,*,#950,.T.);
#1332=ORIENTED_EDGE('',*,*,#964,.F.);
#1333=ORIENTED_EDGE('',*,*,#951,.T.);
#1334=ORIENTED_EDGE('',*,*,#967,.F.);
#1335=ORIENTED_EDGE('',*,*,#968,.F.);
#1336=ORIENTED_EDGE('',*,*,#969,.T.);
#1337=ORIENTED_EDGE('',*,*,#970,.T.);
#1338=ORIENTED_EDGE('',*,*,#971,.F.);
#1339=ORIENTED_EDGE('',*,*,#941,.T.);
#1340=ORIENTED_EDGE('',*,*,#972,.T.);
#1341=ORIENTED_EDGE('',*,*,#973,.T.);
#1342=ORIENTED_EDGE('',*,*,#974,.T.);
#1343=ORIENTED_EDGE('',*,*,#975,.T.);
#1344=ORIENTED_EDGE('',*,*,#976,.T.);
#1345=ORIENTED_EDGE('',*,*,#977,.T.);
#1346=ORIENTED_EDGE('',*,*,#972,.F.);
#1347=ORIENTED_EDGE('',*,*,#978,.T.);
#1348=ORIENTED_EDGE('',*,*,#979,.T.);
#1349=ORIENTED_EDGE('',*,*,#980,.T.);
#1350=ORIENTED_EDGE('',*,*,#976,.F.);
#1351=ORIENTED_EDGE('',*,*,#981,.T.);
#1352=ORIENTED_EDGE('',*,*,#982,.T.);
#1353=ORIENTED_EDGE('',*,*,#983,.T.);
#1354=ORIENTED_EDGE('',*,*,#979,.F.);
#1355=ORIENTED_EDGE('',*,*,#984,.T.);
#1356=ORIENTED_EDGE('',*,*,#985,.T.);
#1357=ORIENTED_EDGE('',*,*,#986,.T.);
#1358=ORIENTED_EDGE('',*,*,#982,.F.);
#1359=ORIENTED_EDGE('',*,*,#987,.T.);
#1360=ORIENTED_EDGE('',*,*,#988,.T.);
#1361=ORIENTED_EDGE('',*,*,#989,.T.);
#1362=ORIENTED_EDGE('',*,*,#985,.F.);
#1363=ORIENTED_EDGE('',*,*,#938,.T.);
#1364=ORIENTED_EDGE('',*,*,#990,.T.);
#1365=ORIENTED_EDGE('',*,*,#991,.T.);
#1366=ORIENTED_EDGE('',*,*,#988,.F.);
#1367=ORIENTED_EDGE('',*,*,#937,.T.);
#1368=ORIENTED_EDGE('',*,*,#965,.T.);
#1369=ORIENTED_EDGE('',*,*,#968,.T.);
#1370=ORIENTED_EDGE('',*,*,#974,.F.);
#1371=ORIENTED_EDGE('',*,*,#992,.T.);
#1372=ORIENTED_EDGE('',*,*,#990,.F.);
#1373=ORIENTED_EDGE('',*,*,#966,.T.);
#1374=ORIENTED_EDGE('',*,*,#942,.F.);
#1375=ORIENTED_EDGE('',*,*,#971,.T.);
#1376=ORIENTED_EDGE('',*,*,#993,.T.);
#1377=ORIENTED_EDGE('',*,*,#984,.F.);
#1378=ORIENTED_EDGE('',*,*,#994,.F.);
#1379=ORIENTED_EDGE('',*,*,#995,.F.);
#1380=ORIENTED_EDGE('',*,*,#996,.T.);
#1381=ORIENTED_EDGE('',*,*,#981,.F.);
#1382=ORIENTED_EDGE('',*,*,#997,.F.);
#1383=ORIENTED_EDGE('',*,*,#998,.F.);
#1384=ORIENTED_EDGE('',*,*,#994,.T.);
#1385=ORIENTED_EDGE('',*,*,#978,.F.);
#1386=ORIENTED_EDGE('',*,*,#999,.F.);
#1387=ORIENTED_EDGE('',*,*,#1000,.F.);
#1388=ORIENTED_EDGE('',*,*,#997,.T.);
#1389=ORIENTED_EDGE('',*,*,#975,.F.);
#1390=ORIENTED_EDGE('',*,*,#1001,.F.);
#1391=ORIENTED_EDGE('',*,*,#1002,.F.);
#1392=ORIENTED_EDGE('',*,*,#999,.T.);
#1393=ORIENTED_EDGE('',*,*,#973,.F.);
#1394=ORIENTED_EDGE('',*,*,#977,.F.);
#1395=ORIENTED_EDGE('',*,*,#980,.F.);
#1396=ORIENTED_EDGE('',*,*,#983,.F.);
#1397=ORIENTED_EDGE('',*,*,#986,.F.);
#1398=ORIENTED_EDGE('',*,*,#989,.F.);
#1399=ORIENTED_EDGE('',*,*,#991,.F.);
#1400=ORIENTED_EDGE('',*,*,#992,.F.);
#1401=ORIENTED_EDGE('',*,*,#1003,.T.);
#1402=ORIENTED_EDGE('',*,*,#1002,.T.);
#1403=ORIENTED_EDGE('',*,*,#1004,.T.);
#1404=ORIENTED_EDGE('',*,*,#1005,.F.);
#1405=ORIENTED_EDGE('',*,*,#1006,.T.);
#1406=ORIENTED_EDGE('',*,*,#1000,.T.);
#1407=ORIENTED_EDGE('',*,*,#1003,.F.);
#1408=ORIENTED_EDGE('',*,*,#1007,.F.);
#1409=ORIENTED_EDGE('',*,*,#1008,.T.);
#1410=ORIENTED_EDGE('',*,*,#1009,.T.);
#1411=ORIENTED_EDGE('',*,*,#998,.T.);
#1412=ORIENTED_EDGE('',*,*,#1006,.F.);
#1413=ORIENTED_EDGE('',*,*,#1010,.T.);
#1414=ORIENTED_EDGE('',*,*,#1011,.T.);
#1415=ORIENTED_EDGE('',*,*,#995,.T.);
#1416=ORIENTED_EDGE('',*,*,#1009,.F.);
#1417=ORIENTED_EDGE('',*,*,#1012,.T.);
#1418=ORIENTED_EDGE('',*,*,#1013,.F.);
#1419=ORIENTED_EDGE('',*,*,#1014,.T.);
#1420=ORIENTED_EDGE('',*,*,#1015,.T.);
#1421=ORIENTED_EDGE('',*,*,#1011,.F.);
#1422=ORIENTED_EDGE('',*,*,#1016,.F.);
#1423=ORIENTED_EDGE('',*,*,#855,.T.);
#1424=ORIENTED_EDGE('',*,*,#940,.T.);
#1425=ORIENTED_EDGE('',*,*,#1014,.F.);
#1426=ORIENTED_EDGE('',*,*,#1017,.F.);
#1427=ORIENTED_EDGE('',*,*,#1018,.T.);
#1428=ORIENTED_EDGE('',*,*,#1019,.F.);
#1429=ORIENTED_EDGE('',*,*,#962,.T.);
#1430=ORIENTED_EDGE('',*,*,#1020,.F.);
#1431=ORIENTED_EDGE('',*,*,#1004,.F.);
#1432=ORIENTED_EDGE('',*,*,#1021,.T.);
#1433=ORIENTED_EDGE('',*,*,#969,.F.);
#1434=ORIENTED_EDGE('',*,*,#931,.F.);
#1435=ORIENTED_EDGE('',*,*,#970,.F.);
#1436=ORIENTED_EDGE('',*,*,#1021,.F.);
#1437=ORIENTED_EDGE('',*,*,#1001,.T.);
#1438=ORIENTED_EDGE('',*,*,#993,.F.);
#1439=ORIENTED_EDGE('',*,*,#1018,.F.);
#1440=ORIENTED_EDGE('',*,*,#1022,.F.);
#1441=ORIENTED_EDGE('',*,*,#1023,.T.);
#1442=ORIENTED_EDGE('',*,*,#1024,.T.);
#1443=ORIENTED_EDGE('',*,*,#1025,.T.);
#1444=ORIENTED_EDGE('',*,*,#1026,.F.);
#1445=ORIENTED_EDGE('',*,*,#1027,.T.);
#1446=ORIENTED_EDGE('',*,*,#1012,.F.);
#1447=ORIENTED_EDGE('',*,*,#1010,.F.);
#1448=ORIENTED_EDGE('',*,*,#1008,.F.);
#1449=ORIENTED_EDGE('',*,*,#1028,.F.);
#1450=ORIENTED_EDGE('',*,*,#1029,.F.);
#1451=ORIENTED_EDGE('',*,*,#1030,.F.);
#1452=ORIENTED_EDGE('',*,*,#1031,.F.);
#1453=ORIENTED_EDGE('',*,*,#1032,.T.);
#1454=ORIENTED_EDGE('',*,*,#1033,.F.);
#1455=ORIENTED_EDGE('',*,*,#1034,.F.);
#1456=ORIENTED_EDGE('',*,*,#1035,.F.);
#1457=ORIENTED_EDGE('',*,*,#1036,.F.);
#1458=ORIENTED_EDGE('',*,*,#1037,.F.);
#1459=ORIENTED_EDGE('',*,*,#1038,.F.);
#1460=ORIENTED_EDGE('',*,*,#1039,.F.);
#1461=ORIENTED_EDGE('',*,*,#1040,.F.);
#1462=ORIENTED_EDGE('',*,*,#1041,.F.);
#1463=ORIENTED_EDGE('',*,*,#1042,.F.);
#1464=ORIENTED_EDGE('',*,*,#1043,.F.);
#1465=ORIENTED_EDGE('',*,*,#1044,.F.);
#1466=ORIENTED_EDGE('',*,*,#1045,.F.);
#1467=ORIENTED_EDGE('',*,*,#1046,.F.);
#1468=ORIENTED_EDGE('',*,*,#850,.F.);
#1469=ORIENTED_EDGE('',*,*,#1047,.F.);
#1470=ORIENTED_EDGE('',*,*,#1048,.F.);
#1471=ORIENTED_EDGE('',*,*,#1049,.F.);
#1472=ORIENTED_EDGE('',*,*,#1050,.F.);
#1473=ORIENTED_EDGE('',*,*,#1051,.F.);
#1474=ORIENTED_EDGE('',*,*,#1052,.F.);
#1475=ORIENTED_EDGE('',*,*,#1050,.T.);
#1476=ORIENTED_EDGE('',*,*,#1053,.T.);
#1477=ORIENTED_EDGE('',*,*,#1024,.F.);
#1478=ORIENTED_EDGE('',*,*,#1054,.F.);
#1479=ORIENTED_EDGE('',*,*,#1049,.T.);
#1480=ORIENTED_EDGE('',*,*,#1055,.F.);
#1481=ORIENTED_EDGE('',*,*,#1025,.F.);
#1482=ORIENTED_EDGE('',*,*,#1053,.F.);
#1483=ORIENTED_EDGE('',*,*,#1048,.T.);
#1484=ORIENTED_EDGE('',*,*,#1056,.T.);
#1485=ORIENTED_EDGE('',*,*,#1026,.T.);
#1486=ORIENTED_EDGE('',*,*,#1055,.T.);
#1487=ORIENTED_EDGE('',*,*,#1047,.T.);
#1488=ORIENTED_EDGE('',*,*,#849,.F.);
#1489=ORIENTED_EDGE('',*,*,#1019,.T.);
#1490=ORIENTED_EDGE('',*,*,#1056,.F.);
#1491=ORIENTED_EDGE('',*,*,#840,.T.);
#1492=ORIENTED_EDGE('',*,*,#851,.T.);
#1493=ORIENTED_EDGE('',*,*,#1046,.T.);
#1494=ORIENTED_EDGE('',*,*,#1057,.F.);
#1495=ORIENTED_EDGE('',*,*,#1020,.T.);
#1496=ORIENTED_EDGE('',*,*,#961,.T.);
#1497=ORIENTED_EDGE('',*,*,#1045,.T.);
#1498=ORIENTED_EDGE('',*,*,#1058,.F.);
#1499=ORIENTED_EDGE('',*,*,#1005,.T.);
#1500=ORIENTED_EDGE('',*,*,#1057,.T.);
#1501=ORIENTED_EDGE('',*,*,#1044,.T.);
#1502=ORIENTED_EDGE('',*,*,#1059,.F.);
#1503=ORIENTED_EDGE('',*,*,#1007,.T.);
#1504=ORIENTED_EDGE('',*,*,#1058,.T.);
#1505=ORIENTED_EDGE('',*,*,#1043,.T.);
#1506=ORIENTED_EDGE('',*,*,#1060,.T.);
#1507=ORIENTED_EDGE('',*,*,#1028,.T.);
#1508=ORIENTED_EDGE('',*,*,#1059,.T.);
#1509=ORIENTED_EDGE('',*,*,#987,.F.);
#1510=ORIENTED_EDGE('',*,*,#996,.F.);
#1511=ORIENTED_EDGE('',*,*,#1015,.F.);
#1512=ORIENTED_EDGE('',*,*,#939,.T.);
#1513=ORIENTED_EDGE('',*,*,#1039,.T.);
#1514=ORIENTED_EDGE('',*,*,#1061,.T.);
#1515=ORIENTED_EDGE('',*,*,#1032,.F.);
#1516=ORIENTED_EDGE('',*,*,#1062,.T.);
#1517=ORIENTED_EDGE('',*,*,#1038,.T.);
#1518=ORIENTED_EDGE('',*,*,#1063,.F.);
#1519=ORIENTED_EDGE('',*,*,#1013,.T.);
#1520=ORIENTED_EDGE('',*,*,#1061,.F.);
#1521=ORIENTED_EDGE('',*,*,#1042,.T.);
#1522=ORIENTED_EDGE('',*,*,#1064,.F.);
#1523=ORIENTED_EDGE('',*,*,#1029,.T.);
#1524=ORIENTED_EDGE('',*,*,#1060,.F.);
#1525=ORIENTED_EDGE('',*,*,#1052,.T.);
#1526=ORIENTED_EDGE('',*,*,#1065,.T.);
#1527=ORIENTED_EDGE('',*,*,#1033,.T.);
#1528=ORIENTED_EDGE('',*,*,#1065,.F.);
#1529=ORIENTED_EDGE('',*,*,#1041,.T.);
#1530=ORIENTED_EDGE('',*,*,#1066,.F.);
#1531=ORIENTED_EDGE('',*,*,#1030,.T.);
#1532=ORIENTED_EDGE('',*,*,#1064,.T.);
#1533=ORIENTED_EDGE('',*,*,#1040,.T.);
#1534=ORIENTED_EDGE('',*,*,#1062,.F.);
#1535=ORIENTED_EDGE('',*,*,#1031,.T.);
#1536=ORIENTED_EDGE('',*,*,#1066,.T.);
#1537=ORIENTED_EDGE('',*,*,#1035,.T.);
#1538=ORIENTED_EDGE('',*,*,#1067,.T.);
#1539=ORIENTED_EDGE('',*,*,#1022,.T.);
#1540=ORIENTED_EDGE('',*,*,#1068,.T.);
#1541=ORIENTED_EDGE('',*,*,#1051,.T.);
#1542=ORIENTED_EDGE('',*,*,#1054,.T.);
#1543=ORIENTED_EDGE('',*,*,#1023,.F.);
#1544=ORIENTED_EDGE('',*,*,#1067,.F.);
#1545=ORIENTED_EDGE('',*,*,#1027,.F.);
#1546=ORIENTED_EDGE('',*,*,#1069,.T.);
#1547=ORIENTED_EDGE('',*,*,#1034,.T.);
#1548=ORIENTED_EDGE('',*,*,#1069,.F.);
#1549=ORIENTED_EDGE('',*,*,#1036,.T.);
#1550=ORIENTED_EDGE('',*,*,#1068,.F.);
#1551=ORIENTED_EDGE('',*,*,#1017,.T.);
#1552=ORIENTED_EDGE('',*,*,#1070,.T.);
#1553=ORIENTED_EDGE('',*,*,#1037,.T.);
#1554=ORIENTED_EDGE('',*,*,#1070,.F.);
#1555=ORIENTED_EDGE('',*,*,#1016,.T.);
#1556=ORIENTED_EDGE('',*,*,#1063,.T.);
#1557=PLANE('',#1722);
#1558=PLANE('',#1723);
#1559=PLANE('',#1726);
#1560=PLANE('',#1728);
#1561=PLANE('',#1736);
#1562=PLANE('',#1737);
#1563=PLANE('',#1741);
#1564=PLANE('',#1745);
#1565=PLANE('',#1749);
#1566=PLANE('',#1755);
#1567=PLANE('',#1758);
#1568=PLANE('',#1759);
#1569=PLANE('',#1767);
#1570=PLANE('',#1770);
#1571=PLANE('',#1777);
#1572=PLANE('',#1779);
#1573=PLANE('',#1782);
#1574=PLANE('',#1785);
#1575=PLANE('',#1791);
#1576=PLANE('',#1792);
#1577=PLANE('',#1795);
#1578=PLANE('',#1799);
#1579=PLANE('',#1800);
#1580=PLANE('',#1801);
#1581=PLANE('',#1802);
#1582=PLANE('',#1803);
#1583=PLANE('',#1804);
#1584=PLANE('',#1813);
#1585=PLANE('',#1817);
#1586=PLANE('',#1821);
#1587=PLANE('',#1824);
#1588=PLANE('',#1825);
#1589=PLANE('',#1828);
#1590=PLANE('',#1831);
#1591=PLANE('',#1834);
#1592=PLANE('',#1837);
#1593=PLANE('',#1841);
#1594=PLANE('',#1842);
#1595=PLANE('',#1843);
#1596=PLANE('',#1844);
#1597=PLANE('',#1849);
#1598=PLANE('',#1854);
#1599=PLANE('',#1856);
#1600=PLANE('',#1865);
#1601=PLANE('',#1868);
#1602=PLANE('',#1870);
#1603=PLANE('',#1871);
#1604=PLANE('',#1873);
#1605=PLANE('',#1877);
#1606=PLANE('',#1878);
#1607=PLANE('',#1881);
#1608=PLANE('',#1883);
#1609=PLANE('',#1885);
#1610=ADVANCED_FACE('',(#140),#1557,.F.);
#1611=ADVANCED_FACE('',(#141),#1558,.F.);
#1612=ADVANCED_FACE('',(#142),#1559,.F.);
#1613=ADVANCED_FACE('',(#143),#1560,.F.);
#1614=ADVANCED_FACE('',(#144),#50,.F.);
#1615=ADVANCED_FACE('',(#145),#31,.T.);
#1616=ADVANCED_FACE('',(#146),#51,.F.);
#1617=ADVANCED_FACE('',(#147),#1561,.T.);
#1618=ADVANCED_FACE('',(#148),#1562,.T.);
#1619=ADVANCED_FACE('',(#149),#32,.F.);
#1620=ADVANCED_FACE('',(#150),#1563,.T.);
#1621=ADVANCED_FACE('',(#151),#33,.F.);
#1622=ADVANCED_FACE('',(#152),#1564,.T.);
#1623=ADVANCED_FACE('',(#153),#34,.F.);
#1624=ADVANCED_FACE('',(#154),#1565,.T.);
#1625=ADVANCED_FACE('',(#155),#35,.F.);
#1626=ADVANCED_FACE('',(#156),#52,.F.);
#1627=ADVANCED_FACE('',(#157),#1566,.F.);
#1628=ADVANCED_FACE('',(#158),#53,.F.);
#1629=ADVANCED_FACE('',(#159),#1567,.F.);
#1630=ADVANCED_FACE('',(#160,#19,#20),#1568,.F.);
#1631=ADVANCED_FACE('',(#161),#54,.F.);
#1632=ADVANCED_FACE('',(#162),#1569,.F.);
#1633=ADVANCED_FACE('',(#163),#55,.F.);
#1634=ADVANCED_FACE('',(#164),#1570,.F.);
#1635=ADVANCED_FACE('',(#165),#36,.F.);
#1636=ADVANCED_FACE('',(#166),#56,.F.);
#1637=ADVANCED_FACE('',(#167),#37,.T.);
#1638=ADVANCED_FACE('',(#168),#1571,.T.);
#1639=ADVANCED_FACE('',(#169),#38,.F.);
#1640=ADVANCED_FACE('',(#170),#1572,.T.);
#1641=ADVANCED_FACE('',(#171),#39,.T.);
#1642=ADVANCED_FACE('',(#172),#1573,.T.);
#1643=ADVANCED_FACE('',(#173),#40,.T.);
#1644=ADVANCED_FACE('',(#174),#1574,.T.);
#1645=ADVANCED_FACE('',(#175),#41,.T.);
#1646=ADVANCED_FACE('',(#176),#57,.T.);
#1647=ADVANCED_FACE('',(#177),#58,.T.);
#1648=ADVANCED_FACE('',(#178),#1575,.T.);
#1649=ADVANCED_FACE('',(#179),#1576,.T.);
#1650=ADVANCED_FACE('',(#180),#59,.T.);
#1651=ADVANCED_FACE('',(#181,#21),#1577,.T.);
#1652=ADVANCED_FACE('',(#182),#60,.T.);
#1653=ADVANCED_FACE('',(#183),#1578,.T.);
#1654=ADVANCED_FACE('',(#184),#1579,.F.);
#1655=ADVANCED_FACE('',(#185),#1580,.F.);
#1656=ADVANCED_FACE('',(#186),#1581,.F.);
#1657=ADVANCED_FACE('',(#187,#22,#23),#1582,.F.);
#1658=ADVANCED_FACE('',(#188),#15,.F.);
#1659=ADVANCED_FACE('',(#189),#1583,.T.);
#1660=ADVANCED_FACE('',(#190),#42,.F.);
#1661=ADVANCED_FACE('',(#191),#61,.F.);
#1662=ADVANCED_FACE('',(#192),#43,.T.);
#1663=ADVANCED_FACE('',(#193),#1584,.T.);
#1664=ADVANCED_FACE('',(#194),#44,.T.);
#1665=ADVANCED_FACE('',(#195),#1585,.T.);
#1666=ADVANCED_FACE('',(#196),#45,.T.);
#1667=ADVANCED_FACE('',(#197),#1586,.T.);
#1668=ADVANCED_FACE('',(#198),#46,.T.);
#1669=ADVANCED_FACE('',(#199),#1587,.T.);
#1670=ADVANCED_FACE('',(#200),#1588,.T.);
#1671=ADVANCED_FACE('',(#201),#62,.T.);
#1672=ADVANCED_FACE('',(#202),#1589,.T.);
#1673=ADVANCED_FACE('',(#203),#63,.T.);
#1674=ADVANCED_FACE('',(#204),#1590,.T.);
#1675=ADVANCED_FACE('',(#205),#47,.T.);
#1676=ADVANCED_FACE('',(#206),#1591,.T.);
#1677=ADVANCED_FACE('',(#207),#48,.T.);
#1678=ADVANCED_FACE('',(#208),#1592,.T.);
#1679=ADVANCED_FACE('',(#209),#49,.T.);
#1680=ADVANCED_FACE('',(#210),#1593,.T.);
#1681=ADVANCED_FACE('',(#211),#1594,.T.);
#1682=ADVANCED_FACE('',(#212),#1595,.T.);
#1683=ADVANCED_FACE('',(#213,#24),#1596,.F.);
#1684=ADVANCED_FACE('',(#214,#25),#1597,.F.);
#1685=ADVANCED_FACE('',(#215),#1598,.F.);
#1686=ADVANCED_FACE('',(#216),#1599,.F.);
#1687=ADVANCED_FACE('',(#217),#1600,.F.);
#1688=ADVANCED_FACE('',(#218),#64,.T.);
#1689=ADVANCED_FACE('',(#219),#1601,.T.);
#1690=ADVANCED_FACE('',(#220),#65,.F.);
#1691=ADVANCED_FACE('',(#221),#1602,.T.);
#1692=ADVANCED_FACE('',(#222),#1603,.T.);
#1693=ADVANCED_FACE('',(#223),#66,.F.);
#1694=ADVANCED_FACE('',(#224),#1604,.T.);
#1695=ADVANCED_FACE('',(#225),#67,.F.);
#1696=ADVANCED_FACE('',(#226),#68,.T.);
#1697=ADVANCED_FACE('',(#227),#69,.F.);
#1698=ADVANCED_FACE('',(#228),#1605,.T.);
#1699=ADVANCED_FACE('',(#229),#1606,.T.);
#1700=ADVANCED_FACE('',(#230),#70,.F.);
#1701=ADVANCED_FACE('',(#231),#71,.T.);
#1702=ADVANCED_FACE('',(#232),#1607,.T.);
#1703=ADVANCED_FACE('',(#233),#72,.F.);
#1704=ADVANCED_FACE('',(#234),#1608,.T.);
#1705=ADVANCED_FACE('',(#235),#73,.F.);
#1706=ADVANCED_FACE('',(#236),#1609,.T.);
#1707=ADVANCED_FACE('',(#237),#74,.F.);
#1708=CLOSED_SHELL('',(#1610,#1611,#1612,#1613,#1614,#1615,#1616,#1617,
#1618,#1619,#1620,#1621,#1622,#1623,#1624,#1625,#1626,#1627,#1628,#1629,
#1630,#1631,#1632,#1633,#1634,#1635,#1636,#1637,#1638,#1639,#1640,#1641,
#1642,#1643,#1644,#1645,#1646,#1647,#1648,#1649,#1650,#1651,#1652,#1653,
#1654,#1655,#1656,#1657,#1658,#1659,#1660,#1661,#1662,#1663,#1664,#1665,
#1666,#1667,#1668,#1669,#1670,#1671,#1672,#1673,#1674,#1675,#1676,#1677,
#1678,#1679,#1680,#1681,#1682,#1683,#1684,#1685,#1686,#1687,#1688,#1689,
#1690,#1691,#1692,#1693,#1694,#1695,#1696,#1697,#1698,#1699,#1700,#1701,
#1702,#1703,#1704,#1705,#1706,#1707));
#1709=DERIVED_UNIT_ELEMENT(#1711,1.);
#1710=DERIVED_UNIT_ELEMENT(#2961,-3.);
#1711=(
MASS_UNIT()
NAMED_UNIT(*)
SI_UNIT(.KILO.,.GRAM.)
);
#1712=DERIVED_UNIT((#1709,#1710));
#1713=MEASURE_REPRESENTATION_ITEM('density measure',
POSITIVE_RATIO_MEASURE(7850.),#1712);
#1714=PROPERTY_DEFINITION_REPRESENTATION(#1719,#1716);
#1715=PROPERTY_DEFINITION_REPRESENTATION(#1720,#1717);
#1716=REPRESENTATION('material name',(#1718),#2958);
#1717=REPRESENTATION('density',(#1713),#2958);
#1718=DESCRIPTIVE_REPRESENTATION_ITEM('Steel','Steel');
#1719=PROPERTY_DEFINITION('material property','material name',#2968);
#1720=PROPERTY_DEFINITION('material property','density of part',#2968);
#1721=AXIS2_PLACEMENT_3D('',#2386,#1887,#1888);
#1722=AXIS2_PLACEMENT_3D('',#2387,#1889,#1890);
#1723=AXIS2_PLACEMENT_3D('',#2402,#1896,#1897);
#1724=AXIS2_PLACEMENT_3D('',#2404,#1898,#1899);
#1725=AXIS2_PLACEMENT_3D('',#2410,#1902,#1903);
#1726=AXIS2_PLACEMENT_3D('',#2412,#1905,#1906);
#1727=AXIS2_PLACEMENT_3D('',#2414,#1907,#1908);
#1728=AXIS2_PLACEMENT_3D('',#2420,#1912,#1913);
#1729=AXIS2_PLACEMENT_3D('',#2430,#1919,#1920);
#1730=AXIS2_PLACEMENT_3D('',#2432,#1921,#1922);
#1731=AXIS2_PLACEMENT_3D('',#2436,#1924,#1925);
#1732=AXIS2_PLACEMENT_3D('',#2438,#1927,#1928);
#1733=AXIS2_PLACEMENT_3D('',#2440,#1929,#1930);
#1734=AXIS2_PLACEMENT_3D('',#2463,#1932,#1933);
#1735=AXIS2_PLACEMENT_3D('',#2467,#1935,#1936);
#1736=AXIS2_PLACEMENT_3D('',#2469,#1938,#1939);
#1737=AXIS2_PLACEMENT_3D('',#2473,#1942,#1943);
#1738=AXIS2_PLACEMENT_3D('',#2482,#1948,#1949);
#1739=AXIS2_PLACEMENT_3D('',#2484,#1950,#1951);
#1740=AXIS2_PLACEMENT_3D('',#2487,#1953,#1954);
#1741=AXIS2_PLACEMENT_3D('',#2488,#1955,#1956);
#1742=AXIS2_PLACEMENT_3D('',#2494,#1960,#1961);
#1743=AXIS2_PLACEMENT_3D('',#2496,#1962,#1963);
#1744=AXIS2_PLACEMENT_3D('',#2499,#1965,#1966);
#1745=AXIS2_PLACEMENT_3D('',#2500,#1967,#1968);
#1746=AXIS2_PLACEMENT_3D('',#2506,#1972,#1973);
#1747=AXIS2_PLACEMENT_3D('',#2508,#1974,#1975);
#1748=AXIS2_PLACEMENT_3D('',#2511,#1977,#1978);
#1749=AXIS2_PLACEMENT_3D('',#2512,#1979,#1980);
#1750=AXIS2_PLACEMENT_3D('',#2518,#1984,#1985);
#1751=AXIS2_PLACEMENT_3D('',#2519,#1986,#1987);
#1752=AXIS2_PLACEMENT_3D('',#2520,#1988,#1989);
#1753=AXIS2_PLACEMENT_3D('',#2521,#1990,#1991);
#1754=AXIS2_PLACEMENT_3D('',#2525,#1993,#1994);
#1755=AXIS2_PLACEMENT_3D('',#2527,#1996,#1997);
#1756=AXIS2_PLACEMENT_3D('',#2531,#2000,#2001);
#1757=AXIS2_PLACEMENT_3D('',#2534,#2003,#2004);
#1758=AXIS2_PLACEMENT_3D('',#2535,#2005,#2006);
#1759=AXIS2_PLACEMENT_3D('',#2539,#2009,#2010);
#1760=AXIS2_PLACEMENT_3D('',#2542,#2011,#2012);
#1761=AXIS2_PLACEMENT_3D('',#2546,#2014,#2015);
#1762=AXIS2_PLACEMENT_3D('',#2550,#2017,#2018);
#1763=AXIS2_PLACEMENT_3D('',#2554,#2020,#2021);
#1764=AXIS2_PLACEMENT_3D('',#2557,#2023,#2024);
#1765=AXIS2_PLACEMENT_3D('',#2558,#2025,#2026);
#1766=AXIS2_PLACEMENT_3D('',#2562,#2028,#2029);
#1767=AXIS2_PLACEMENT_3D('',#2564,#2031,#2032);
#1768=AXIS2_PLACEMENT_3D('',#2566,#2034,#2035);
#1769=AXIS2_PLACEMENT_3D('',#2569,#2037,#2038);
#1770=AXIS2_PLACEMENT_3D('',#2570,#2039,#2040);
#1771=AXIS2_PLACEMENT_3D('',#2572,#2042,#2043);
#1772=AXIS2_PLACEMENT_3D('',#2575,#2045,#2046);
#1773=AXIS2_PLACEMENT_3D('',#2576,#2047,#2048);
#1774=AXIS2_PLACEMENT_3D('',#2579,#2050,#2051);
#1775=AXIS2_PLACEMENT_3D('',#2580,#2052,#2053);
#1776=AXIS2_PLACEMENT_3D('',#2583,#2055,#2056);
#1777=AXIS2_PLACEMENT_3D('',#2585,#2058,#2059);
#1778=AXIS2_PLACEMENT_3D('',#2587,#2061,#2062);
#1779=AXIS2_PLACEMENT_3D('',#2589,#2064,#2065);
#1780=AXIS2_PLACEMENT_3D('',#2595,#2069,#2070);
#1781=AXIS2_PLACEMENT_3D('',#2598,#2072,#2073);
#1782=AXIS2_PLACEMENT_3D('',#2599,#2074,#2075);
#1783=AXIS2_PLACEMENT_3D('',#2603,#2078,#2079);
#1784=AXIS2_PLACEMENT_3D('',#2606,#2081,#2082);
#1785=AXIS2_PLACEMENT_3D('',#2607,#2083,#2084);
#1786=AXIS2_PLACEMENT_3D('',#2609,#2086,#2087);
#1787=AXIS2_PLACEMENT_3D('',#2610,#2088,#2089);
#1788=AXIS2_PLACEMENT_3D('',#2611,#2090,#2091);
#1789=AXIS2_PLACEMENT_3D('',#2615,#2093,#2094);
#1790=AXIS2_PLACEMENT_3D('',#2617,#2096,#2097);
#1791=AXIS2_PLACEMENT_3D('',#2619,#2099,#2100);
#1792=AXIS2_PLACEMENT_3D('',#2638,#2106,#2107);
#1793=AXIS2_PLACEMENT_3D('',#2648,#2113,#2114);
#1794=AXIS2_PLACEMENT_3D('',#2651,#2116,#2117);
#1795=AXIS2_PLACEMENT_3D('',#2652,#2118,#2119);
#1796=AXIS2_PLACEMENT_3D('',#2655,#2121,#2122);
#1797=AXIS2_PLACEMENT_3D('',#2659,#2124,#2125);
#1798=AXIS2_PLACEMENT_3D('',#2681,#2129,#2130);
#1799=AXIS2_PLACEMENT_3D('',#2683,#2132,#2133);
#1800=AXIS2_PLACEMENT_3D('',#2684,#2134,#2135);
#1801=AXIS2_PLACEMENT_3D('',#2688,#2138,#2139);
#1802=AXIS2_PLACEMENT_3D('',#2692,#2142,#2143);
#1803=AXIS2_PLACEMENT_3D('',#2697,#2147,#2148);
#1804=AXIS2_PLACEMENT_3D('',#2743,#2149,#2150);
#1805=AXIS2_PLACEMENT_3D('',#2747,#2153,#2154);
#1806=AXIS2_PLACEMENT_3D('',#2748,#2155,#2156);
#1807=AXIS2_PLACEMENT_3D('',#2749,#2157,#2158);
#1808=AXIS2_PLACEMENT_3D('',#2751,#2159,#2160);
#1809=AXIS2_PLACEMENT_3D('',#2754,#2162,#2163);
#1810=AXIS2_PLACEMENT_3D('',#2755,#2164,#2165);
#1811=AXIS2_PLACEMENT_3D('',#2760,#2167,#2168);
#1812=AXIS2_PLACEMENT_3D('',#2763,#2170,#2171);
#1813=AXIS2_PLACEMENT_3D('',#2764,#2172,#2173);
#1814=AXIS2_PLACEMENT_3D('',#2770,#2177,#2178);
#1815=AXIS2_PLACEMENT_3D('',#2774,#2180,#2181);
#1816=AXIS2_PLACEMENT_3D('',#2775,#2182,#2183);
#1817=AXIS2_PLACEMENT_3D('',#2776,#2184,#2185);
#1818=AXIS2_PLACEMENT_3D('',#2782,#2189,#2190);
#1819=AXIS2_PLACEMENT_3D('',#2785,#2192,#2193);
#1820=AXIS2_PLACEMENT_3D('',#2786,#2194,#2195);
#1821=AXIS2_PLACEMENT_3D('',#2787,#2196,#2197);
#1822=AXIS2_PLACEMENT_3D('',#2791,#2200,#2201);
#1823=AXIS2_PLACEMENT_3D('',#2794,#2203,#2204);
#1824=AXIS2_PLACEMENT_3D('',#2795,#2205,#2206);
#1825=AXIS2_PLACEMENT_3D('',#2798,#2209,#2210);
#1826=AXIS2_PLACEMENT_3D('',#2804,#2214,#2215);
#1827=AXIS2_PLACEMENT_3D('',#2807,#2217,#2218);
#1828=AXIS2_PLACEMENT_3D('',#2808,#2219,#2220);
#1829=AXIS2_PLACEMENT_3D('',#2812,#2223,#2224);
#1830=AXIS2_PLACEMENT_3D('',#2815,#2226,#2227);
#1831=AXIS2_PLACEMENT_3D('',#2816,#2228,#2229);
#1832=AXIS2_PLACEMENT_3D('',#2817,#2230,#2231);
#1833=AXIS2_PLACEMENT_3D('',#2822,#2234,#2235);
#1834=AXIS2_PLACEMENT_3D('',#2823,#2236,#2237);
#1835=AXIS2_PLACEMENT_3D('',#2829,#2241,#2242);
#1836=AXIS2_PLACEMENT_3D('',#2832,#2244,#2245);
#1837=AXIS2_PLACEMENT_3D('',#2833,#2246,#2247);
#1838=AXIS2_PLACEMENT_3D('',#2839,#2251,#2252);
#1839=AXIS2_PLACEMENT_3D('',#2842,#2254,#2255);
#1840=AXIS2_PLACEMENT_3D('',#2843,#2256,#2257);
#1841=AXIS2_PLACEMENT_3D('',#2844,#2258,#2259);
#1842=AXIS2_PLACEMENT_3D('',#2850,#2263,#2264);
#1843=AXIS2_PLACEMENT_3D('',#2853,#2267,#2268);
#1844=AXIS2_PLACEMENT_3D('',#2854,#2269,#2270);
#1845=AXIS2_PLACEMENT_3D('',#2856,#2271,#2272);
#1846=AXIS2_PLACEMENT_3D('',#2860,#2274,#2275);
#1847=AXIS2_PLACEMENT_3D('',#2863,#2277,#2278);
#1848=AXIS2_PLACEMENT_3D('',#2865,#2279,#2280);
#1849=AXIS2_PLACEMENT_3D('',#2866,#2281,#2282);
#1850=AXIS2_PLACEMENT_3D('',#2868,#2283,#2284);
#1851=AXIS2_PLACEMENT_3D('',#2872,#2286,#2287);
#1852=AXIS2_PLACEMENT_3D('',#2875,#2289,#2290);
#1853=AXIS2_PLACEMENT_3D('',#2877,#2291,#2292);
#1854=AXIS2_PLACEMENT_3D('',#2878,#2293,#2294);
#1855=AXIS2_PLACEMENT_3D('',#2880,#2295,#2296);
#1856=AXIS2_PLACEMENT_3D('',#2881,#2297,#2298);
#1857=AXIS2_PLACEMENT_3D('',#2884,#2299,#2300);
#1858=AXIS2_PLACEMENT_3D('',#2888,#2302,#2303);
#1859=AXIS2_PLACEMENT_3D('',#2892,#2305,#2306);
#1860=AXIS2_PLACEMENT_3D('',#2896,#2308,#2309);
#1861=AXIS2_PLACEMENT_3D('',#2900,#2311,#2312);
#1862=AXIS2_PLACEMENT_3D('',#2904,#2314,#2315);
#1863=AXIS2_PLACEMENT_3D('',#2909,#2318,#2319);
#1864=AXIS2_PLACEMENT_3D('',#2913,#2321,#2322);
#1865=AXIS2_PLACEMENT_3D('',#2915,#2324,#2325);
#1866=AXIS2_PLACEMENT_3D('',#2917,#2326,#2327);
#1867=AXIS2_PLACEMENT_3D('',#2918,#2328,#2329);
#1868=AXIS2_PLACEMENT_3D('',#2921,#2332,#2333);
#1869=AXIS2_PLACEMENT_3D('',#2923,#2335,#2336);
#1870=AXIS2_PLACEMENT_3D('',#2925,#2338,#2339);
#1871=AXIS2_PLACEMENT_3D('',#2926,#2340,#2341);
#1872=AXIS2_PLACEMENT_3D('',#2928,#2343,#2344);
#1873=AXIS2_PLACEMENT_3D('',#2930,#2346,#2347);
#1874=AXIS2_PLACEMENT_3D('',#2932,#2349,#2350);
#1875=AXIS2_PLACEMENT_3D('',#2934,#2352,#2353);
#1876=AXIS2_PLACEMENT_3D('',#2935,#2354,#2355);
#1877=AXIS2_PLACEMENT_3D('',#2938,#2358,#2359);
#1878=AXIS2_PLACEMENT_3D('',#2940,#2361,#2362);
#1879=AXIS2_PLACEMENT_3D('',#2942,#2364,#2365);
#1880=AXIS2_PLACEMENT_3D('',#2944,#2367,#2368);
#1881=AXIS2_PLACEMENT_3D('',#2946,#2370,#2371);
#1882=AXIS2_PLACEMENT_3D('',#2947,#2372,#2373);
#1883=AXIS2_PLACEMENT_3D('',#2950,#2376,#2377);
#1884=AXIS2_PLACEMENT_3D('',#2951,#2378,#2379);
#1885=AXIS2_PLACEMENT_3D('',#2953,#2381,#2382);
#1886=AXIS2_PLACEMENT_3D('',#2955,#2384,#2385);
#1887=DIRECTION('axis',(0.,0.,1.));
#1888=DIRECTION('refdir',(1.,0.,0.));
#1889=DIRECTION('center_axis',(1.,0.,0.));
#1890=DIRECTION('ref_axis',(0.,0.,-1.));
#1891=DIRECTION('',(0.,0.,1.));
#1892=DIRECTION('',(0.,1.,0.));
#1893=DIRECTION('',(0.,0.,-1.));
#1894=DIRECTION('',(0.,1.,0.));
#1895=DIRECTION('',(0.,0.,1.));
#1896=DIRECTION('center_axis',(0.,0.,1.));
#1897=DIRECTION('ref_axis',(1.,0.,0.));
#1898=DIRECTION('center_axis',(0.,0.,-1.));
#1899=DIRECTION('ref_axis',(1.,0.,0.));
#1900=DIRECTION('',(1.,0.,0.));
#1901=DIRECTION('',(0.,1.,0.));
#1902=DIRECTION('center_axis',(0.,0.,1.));
#1903=DIRECTION('ref_axis',(-0.707106781186547,0.707106781186547,0.));
#1904=DIRECTION('',(-1.,-1.2491960895923E-16,0.));
#1905=DIRECTION('center_axis',(0.,0.,-1.));
#1906=DIRECTION('ref_axis',(-1.,0.,0.));
#1907=DIRECTION('center_axis',(0.,0.,1.));
#1908=DIRECTION('ref_axis',(1.,0.,0.));
#1909=DIRECTION('',(1.,0.,0.));
#1910=DIRECTION('',(0.,1.,0.));
#1911=DIRECTION('',(-1.,0.,0.));
#1912=DIRECTION('center_axis',(0.,1.,0.));
#1913=DIRECTION('ref_axis',(-1.,0.,0.));
#1914=DIRECTION('',(0.,0.,1.));
#1915=DIRECTION('',(-1.,0.,0.));
#1916=DIRECTION('',(0.,0.,1.));
#1917=DIRECTION('',(-1.,0.,0.));
#1918=DIRECTION('',(0.,0.,1.));
#1919=DIRECTION('center_axis',(0.,0.,-1.));
#1920=DIRECTION('ref_axis',(1.,0.,0.));
#1921=DIRECTION('center_axis',(0.,0.,1.));
#1922=DIRECTION('ref_axis',(1.,0.,0.));
#1923=DIRECTION('',(0.,0.,-1.));
#1924=DIRECTION('center_axis',(0.,0.,-1.));
#1925=DIRECTION('ref_axis',(1.,0.,0.));
#1926=DIRECTION('',(0.,0.,-1.));
#1927=DIRECTION('center_axis',(0.,0.,-1.));
#1928=DIRECTION('ref_axis',(1.,0.,0.));
#1929=DIRECTION('center_axis',(0.,0.,1.));
#1930=DIRECTION('ref_axis',(1.,0.,0.));
#1931=DIRECTION('',(0.707106781186548,-1.57009245868377E-15,-0.707106781186547));
#1932=DIRECTION('center_axis',(0.,0.,1.));
#1933=DIRECTION('ref_axis',(1.,0.,0.));
#1934=DIRECTION('',(0.,0.,1.));
#1935=DIRECTION('center_axis',(0.,0.,-1.));
#1936=DIRECTION('ref_axis',(1.,0.,0.));
#1937=DIRECTION('',(0.,0.,1.));
#1938=DIRECTION('center_axis',(-1.2491960895923E-16,1.,0.));
#1939=DIRECTION('ref_axis',(-1.,-1.2491960895923E-16,0.));
#1940=DIRECTION('',(0.,0.,-1.));
#1941=DIRECTION('',(-1.,-1.2491960895923E-16,0.));
#1942=DIRECTION('center_axis',(0.,-0.707106781186549,0.707106781186546));
#1943=DIRECTION('ref_axis',(1.,0.,0.));
#1944=DIRECTION('',(-1.57009245868378E-15,0.707106781186546,0.707106781186549));
#1945=DIRECTION('',(-1.,0.,0.));
#1946=DIRECTION('',(0.,-0.707106781186546,-0.707106781186549));
#1947=DIRECTION('',(1.,0.,0.));
#1948=DIRECTION('center_axis',(0.,0.,1.));
#1949=DIRECTION('ref_axis',(0.707106781186549,0.707106781186546,0.));
#1950=DIRECTION('center_axis',(0.,0.,-1.));
#1951=DIRECTION('ref_axis',(0.707106781186549,0.707106781186546,0.));
#1952=DIRECTION('',(0.707106781186548,0.,0.707106781186547));
#1953=DIRECTION('center_axis',(0.,0.,1.));
#1954=DIRECTION('ref_axis',(0.707106781186549,0.707106781186546,0.));
#1955=DIRECTION('center_axis',(-0.707106781186547,0.,0.707106781186548));
#1956=DIRECTION('ref_axis',(0.707106781186548,0.,0.707106781186547));
#1957=DIRECTION('',(0.707106781186548,0.,0.707106781186547));
#1958=DIRECTION('',(0.,1.,0.));
#1959=DIRECTION('',(0.,-1.,0.));
#1960=DIRECTION('center_axis',(0.,0.,1.));
#1961=DIRECTION('ref_axis',(0.707106781186549,-0.707106781186546,0.));
#1962=DIRECTION('center_axis',(0.,0.,-1.));
#1963=DIRECTION('ref_axis',(0.707106781186549,-0.707106781186546,0.));
#1964=DIRECTION('',(0.,-0.707106781186548,0.707106781186547));
#1965=DIRECTION('center_axis',(0.,0.,1.));
#1966=DIRECTION('ref_axis',(0.707106781186549,-0.707106781186546,0.));
#1967=DIRECTION('center_axis',(0.,0.707106781186546,0.707106781186549));
#1968=DIRECTION('ref_axis',(1.,0.,0.));
#1969=DIRECTION('',(0.,-0.707106781186549,0.707106781186546));
#1970=DIRECTION('',(1.,0.,0.));
#1971=DIRECTION('',(-1.,0.,0.));
#1972=DIRECTION('center_axis',(0.,0.,1.));
#1973=DIRECTION('ref_axis',(-0.707106781186549,-0.707106781186546,0.));
#1974=DIRECTION('center_axis',(0.,0.,-1.));
#1975=DIRECTION('ref_axis',(-0.707106781186549,-0.707106781186546,0.));
#1976=DIRECTION('',(-0.707106781186547,0.,0.707106781186548));
#1977=DIRECTION('center_axis',(0.,0.,1.));
#1978=DIRECTION('ref_axis',(-0.707106781186549,-0.707106781186546,0.));
#1979=DIRECTION('center_axis',(0.707106781186548,0.,0.707106781186548));
#1980=DIRECTION('ref_axis',(0.707106781186548,0.,-0.707106781186548));
#1981=DIRECTION('',(-0.707106781186547,0.,0.707106781186547));
#1982=DIRECTION('',(0.,-1.,0.));
#1983=DIRECTION('',(0.,1.,0.));
#1984=DIRECTION('center_axis',(0.,0.,1.));
#1985=DIRECTION('ref_axis',(-0.707106781186548,0.707106781186547,0.));
#1986=DIRECTION('center_axis',(0.,0.,-1.));
#1987=DIRECTION('ref_axis',(-0.707106781186548,0.707106781186547,0.));
#1988=DIRECTION('center_axis',(0.,0.,1.));
#1989=DIRECTION('ref_axis',(-0.707106781186548,0.707106781186547,0.));
#1990=DIRECTION('center_axis',(0.,0.,-1.));
#1991=DIRECTION('ref_axis',(0.707106781186549,-0.707106781186546,0.));
#1992=DIRECTION('',(0.,0.,-1.));
#1993=DIRECTION('center_axis',(0.,0.,-1.));
#1994=DIRECTION('ref_axis',(0.707106781186549,-0.707106781186546,0.));
#1995=DIRECTION('',(0.,0.,1.));
#1996=DIRECTION('center_axis',(1.,0.,0.));
#1997=DIRECTION('ref_axis',(0.,-1.,0.));
#1998=DIRECTION('',(0.,0.,1.));
#1999=DIRECTION('',(0.,1.,0.));
#2000=DIRECTION('center_axis',(0.,0.,-1.));
#2001=DIRECTION('ref_axis',(0.707106781186549,0.707106781186546,0.));
#2002=DIRECTION('',(0.,0.,-1.));
#2003=DIRECTION('center_axis',(0.,0.,-1.));
#2004=DIRECTION('ref_axis',(0.707106781186549,0.707106781186546,0.));
#2005=DIRECTION('center_axis',(0.,1.,0.));
#2006=DIRECTION('ref_axis',(1.,0.,0.));
#2007=DIRECTION('',(0.,0.,1.));
#2008=DIRECTION('',(-1.,0.,0.));
#2009=DIRECTION('center_axis',(0.,0.,-1.));
#2010=DIRECTION('ref_axis',(1.,0.,0.));
#2011=DIRECTION('center_axis',(0.,0.,-1.));
#2012=DIRECTION('ref_axis',(-0.707106781186547,0.707106781186547,0.));
#2013=DIRECTION('',(6.83214169000096E-17,1.,0.));
#2014=DIRECTION('center_axis',(0.,0.,-1.));
#2015=DIRECTION('ref_axis',(-0.707106781186548,-0.707106781186548,0.));
#2016=DIRECTION('',(-1.,0.,0.));
#2017=DIRECTION('center_axis',(0.,0.,-1.));
#2018=DIRECTION('ref_axis',(0.707106781186548,-0.707106781186548,0.));
#2019=DIRECTION('',(-2.48789473305357E-16,-1.,0.));
#2020=DIRECTION('center_axis',(0.,0.,1.));
#2021=DIRECTION('ref_axis',(1.,0.,0.));
#2022=DIRECTION('',(1.,1.2491960895923E-16,0.));
#2023=DIRECTION('center_axis',(0.,0.,1.));
#2024=DIRECTION('ref_axis',(-1.,0.,0.));
#2025=DIRECTION('center_axis',(0.,0.,-1.));
#2026=DIRECTION('ref_axis',(-0.707106781186549,-0.707106781186546,0.));
#2027=DIRECTION('',(0.,0.,-1.));
#2028=DIRECTION('center_axis',(0.,0.,-1.));
#2029=DIRECTION('ref_axis',(-0.707106781186549,-0.707106781186546,0.));
#2030=DIRECTION('',(0.,0.,1.));
#2031=DIRECTION('center_axis',(0.,-1.,0.));
#2032=DIRECTION('ref_axis',(-1.,0.,0.));
#2033=DIRECTION('',(1.,0.,0.));
#2034=DIRECTION('center_axis',(0.,0.,-1.));
#2035=DIRECTION('ref_axis',(-0.707106781186548,0.707106781186547,0.));
#2036=DIRECTION('',(0.,0.,-1.));
#2037=DIRECTION('center_axis',(0.,0.,-1.));
#2038=DIRECTION('ref_axis',(-0.707106781186548,0.707106781186547,0.));
#2039=DIRECTION('center_axis',(-1.,0.,0.));
#2040=DIRECTION('ref_axis',(0.,1.,0.));
#2041=DIRECTION('',(0.,-1.,0.));
#2042=DIRECTION('center_axis',(0.,0.,1.));
#2043=DIRECTION('ref_axis',(-1.,0.,0.));
#2044=DIRECTION('',(-0.707106781186548,-8.65956056235493E-17,-0.707106781186548));
#2045=DIRECTION('center_axis',(0.,0.,-1.));
#2046=DIRECTION('ref_axis',(-1.,0.,0.));
#2047=DIRECTION('center_axis',(0.,0.,-1.));
#2048=DIRECTION('ref_axis',(-1.,0.,0.));
#2049=DIRECTION('',(0.,0.,-1.));
#2050=DIRECTION('center_axis',(0.,0.,1.));
#2051=DIRECTION('ref_axis',(-1.,0.,0.));
#2052=DIRECTION('center_axis',(0.,0.,-1.));
#2053=DIRECTION('ref_axis',(-0.707106781186548,0.707106781186548,0.));
#2054=DIRECTION('',(-1.2266347333467E-16,0.707106781186546,-0.707106781186549));
#2055=DIRECTION('center_axis',(0.,0.,1.));
#2056=DIRECTION('ref_axis',(-0.707106781186547,0.707106781186547,0.));
#2057=DIRECTION('',(0.707106781186547,0.,0.707106781186548));
#2058=DIRECTION('center_axis',(-8.83315025982434E-17,0.707106781186547,
0.707106781186548));
#2059=DIRECTION('ref_axis',(1.,0.,1.2491960895923E-16));
#2060=DIRECTION('',(0.,0.707106781186546,-0.707106781186549));
#2061=DIRECTION('center_axis',(0.,0.,1.));
#2062=DIRECTION('ref_axis',(1.,0.,0.));
#2063=DIRECTION('',(-0.578541911879901,0.406557814090871,-0.707106781186549));
#2064=DIRECTION('center_axis',(0.707106781186544,-1.75920723662047E-16,
0.707106781186551));
#2065=DIRECTION('ref_axis',(0.707106781186551,0.,-0.707106781186544));
#2066=DIRECTION('',(0.707106781186551,0.,-0.707106781186544));
#2067=DIRECTION('',(2.48789473305357E-16,1.,0.));
#2068=DIRECTION('',(-0.707106781186551,0.,0.707106781186544));
#2069=DIRECTION('center_axis',(0.,0.,-1.));
#2070=DIRECTION('ref_axis',(0.707106781186548,-0.707106781186548,0.));
#2071=DIRECTION('',(0.,-0.707106781186553,-0.707106781186542));
#2072=DIRECTION('center_axis',(0.,0.,1.));
#2073=DIRECTION('ref_axis',(0.707106781186547,-0.707106781186547,0.));
#2074=DIRECTION('center_axis',(0.,-0.707106781186549,0.707106781186546));
#2075=DIRECTION('ref_axis',(1.,0.,0.));
#2076=DIRECTION('',(0.,-0.707106781186546,-0.707106781186549));
#2077=DIRECTION('',(1.,0.,0.));
#2078=DIRECTION('center_axis',(0.,0.,-1.));
#2079=DIRECTION('ref_axis',(-0.707106781186547,-0.707106781186547,0.));
#2080=DIRECTION('',(-0.707106781186547,0.,-0.707106781186548));
#2081=DIRECTION('center_axis',(0.,0.,1.));
#2082=DIRECTION('ref_axis',(-0.707106781186547,-0.707106781186547,0.));
#2083=DIRECTION('center_axis',(-0.707106781186548,4.831053719027E-17,0.707106781186547));
#2084=DIRECTION('ref_axis',(0.707106781186547,0.,0.707106781186548));
#2085=DIRECTION('',(-6.83214169000096E-17,-1.,0.));
#2086=DIRECTION('center_axis',(0.,0.,-1.));
#2087=DIRECTION('ref_axis',(0.301511344577769,0.953462589245591,0.));
#2088=DIRECTION('center_axis',(0.,0.,1.));
#2089=DIRECTION('ref_axis',(0.301511344577769,0.953462589245591,0.));
#2090=DIRECTION('center_axis',(0.,0.,1.));
#2091=DIRECTION('ref_axis',(-0.707106781186547,0.707106781186547,0.));
#2092=DIRECTION('',(0.,0.,-1.));
#2093=DIRECTION('center_axis',(-8.83315025982433E-17,0.707106781186547,
-0.707106781186548));
#2094=DIRECTION('ref_axis',(-7.85046229341888E-17,0.707106781186548,0.707106781186547));
#2095=DIRECTION('',(0.,0.,1.));
#2096=DIRECTION('center_axis',(0.,0.,1.));
#2097=DIRECTION('ref_axis',(0.301511344577769,0.953462589245591,0.));
#2098=DIRECTION('',(0.,0.,-1.));
#2099=DIRECTION('center_axis',(1.,-2.48789473305357E-16,0.));
#2100=DIRECTION('ref_axis',(-2.48789473305357E-16,-1.,0.));
#2101=DIRECTION('',(0.,0.,1.));
#2102=DIRECTION('',(-2.368475785867E-16,-1.,0.));
#2103=DIRECTION('',(-2.48789473305357E-16,-1.,0.));
#2104=DIRECTION('',(0.,0.,-1.));
#2105=DIRECTION('',(2.48789473305357E-16,1.,0.));
#2106=DIRECTION('center_axis',(-1.,6.83214169000096E-17,0.));
#2107=DIRECTION('ref_axis',(-6.83214169000096E-17,-1.,0.));
#2108=DIRECTION('',(0.,0.,1.));
#2109=DIRECTION('',(4.831053719027E-17,0.707106781186548,-0.707106781186548));
#2110=DIRECTION('',(4.831053719027E-17,0.707106781186548,0.707106781186548));
#2111=DIRECTION('',(6.83214169000096E-17,1.,0.));
#2112=DIRECTION('',(0.,0.,-1.));
#2113=DIRECTION('center_axis',(0.,0.,1.));
#2114=DIRECTION('ref_axis',(0.707106781186547,-0.707106781186547,0.));
#2115=DIRECTION('',(0.,0.,-1.));
#2116=DIRECTION('center_axis',(0.,0.,1.));
#2117=DIRECTION('ref_axis',(0.707106781186547,-0.707106781186547,0.));
#2118=DIRECTION('center_axis',(0.,0.,-1.));
#2119=DIRECTION('ref_axis',(1.,0.,0.));
#2120=DIRECTION('',(1.,0.,0.));
#2121=DIRECTION('center_axis',(0.,0.,1.));
#2122=DIRECTION('ref_axis',(-0.707106781186547,-0.707106781186547,0.));
#2123=DIRECTION('',(-1.,-1.2491960895923E-16,0.));
#2124=DIRECTION('center_axis',(0.,0.,-1.));
#2125=DIRECTION('ref_axis',(1.,0.,0.));
#2126=DIRECTION('',(0.,1.,0.));
#2127=DIRECTION('',(0.,-1.,0.));
#2128=DIRECTION('',(1.,0.,0.));
#2129=DIRECTION('center_axis',(0.,0.,-1.));
#2130=DIRECTION('ref_axis',(-0.707106781186547,-0.707106781186547,0.));
#2131=DIRECTION('',(0.,0.,1.));
#2132=DIRECTION('center_axis',(0.,-1.,0.));
#2133=DIRECTION('ref_axis',(0.,0.,-1.));
#2134=DIRECTION('center_axis',(1.,0.,0.));
#2135=DIRECTION('ref_axis',(0.,1.,0.));
#2136=DIRECTION('',(0.,0.,1.));
#2137=DIRECTION('',(0.,1.,0.));
#2138=DIRECTION('center_axis',(0.,-1.,0.));
#2139=DIRECTION('ref_axis',(1.,0.,0.));
#2140=DIRECTION('',(0.,0.,1.));
#2141=DIRECTION('',(1.,0.,0.));
#2142=DIRECTION('center_axis',(-1.,0.,0.));
#2143=DIRECTION('ref_axis',(0.,-1.,0.));
#2144=DIRECTION('',(0.,0.,-1.));
#2145=DIRECTION('',(0.,0.707106781186548,0.707106781186547));
#2146=DIRECTION('',(0.,-1.,0.));
#2147=DIRECTION('center_axis',(0.,0.,1.));
#2148=DIRECTION('ref_axis',(1.,0.,0.));
#2149=DIRECTION('center_axis',(-8.83315025982434E-17,0.707106781186548,
-0.707106781186548));
#2150=DIRECTION('ref_axis',(-1.,0.,1.2491960895923E-16));
#2151=DIRECTION('',(-1.,-1.2491960895923E-16,0.));
#2152=DIRECTION('',(0.,-0.707106781186547,-0.707106781186547));
#2153=DIRECTION('center_axis',(0.,0.,-1.));
#2154=DIRECTION('ref_axis',(1.,0.,0.));
#2155=DIRECTION('center_axis',(0.,0.,-1.));
#2156=DIRECTION('ref_axis',(1.,0.,0.));
#2157=DIRECTION('center_axis',(0.,0.,1.));
#2158=DIRECTION('ref_axis',(0.707106781186547,0.707106781186548,0.));
#2159=DIRECTION('center_axis',(8.83315025982433E-17,-0.707106781186547,
0.707106781186548));
#2160=DIRECTION('ref_axis',(-7.85046229341888E-17,0.707106781186548,0.707106781186547));
#2161=DIRECTION('',(0.,0.,-1.));
#2162=DIRECTION('center_axis',(8.83315025982434E-17,-0.707106781186548,
-0.707106781186548));
#2163=DIRECTION('ref_axis',(-7.85046229341888E-17,0.707106781186547,-0.707106781186547));
#2164=DIRECTION('center_axis',(0.,0.,1.));
#2165=DIRECTION('ref_axis',(-2.22044604925031E-16,-1.,0.));
#2166=DIRECTION('',(0.707106781186546,0.,-0.707106781186549));
#2167=DIRECTION('center_axis',(0.,0.,1.));
#2168=DIRECTION('ref_axis',(-2.22044604925031E-16,-1.,0.));
#2169=DIRECTION('',(0.,-0.707106781186546,0.707106781186549));
#2170=DIRECTION('center_axis',(0.,0.,-1.));
#2171=DIRECTION('ref_axis',(-2.22044604925031E-16,-1.,0.));
#2172=DIRECTION('center_axis',(-0.707106781186548,0.,-0.707106781186548));
#2173=DIRECTION('ref_axis',(-0.707106781186548,0.,0.707106781186548));
#2174=DIRECTION('',(0.707106781186547,1.57009245868377E-15,-0.707106781186547));
#2175=DIRECTION('',(0.,-1.,0.));
#2176=DIRECTION('',(0.,1.,0.));
#2177=DIRECTION('center_axis',(0.,0.,1.));
#2178=DIRECTION('ref_axis',(-1.,1.11022302462516E-15,0.));
#2179=DIRECTION('',(0.,-0.707106781186549,-0.707106781186546));
#2180=DIRECTION('center_axis',(0.,0.,1.));
#2181=DIRECTION('ref_axis',(-1.,1.11022302462516E-15,0.));
#2182=DIRECTION('center_axis',(0.,0.,-1.));
#2183=DIRECTION('ref_axis',(-1.,1.11022302462516E-15,0.));
#2184=DIRECTION('center_axis',(0.,0.707106781186548,-0.707106781186548));
#2185=DIRECTION('ref_axis',(-1.,0.,0.));
#2186=DIRECTION('',(-1.57009245868377E-15,-0.707106781186547,-0.707106781186547));
#2187=DIRECTION('',(-1.,0.,0.));
#2188=DIRECTION('',(1.,0.,0.));
#2189=DIRECTION('center_axis',(0.,0.,1.));
#2190=DIRECTION('ref_axis',(1.33226762955019E-15,1.,0.));
#2191=DIRECTION('',(-0.707106781186546,1.57009245868378E-15,-0.707106781186549));
#2192=DIRECTION('center_axis',(0.,0.,1.));
#2193=DIRECTION('ref_axis',(1.33226762955019E-15,1.,0.));
#2194=DIRECTION('center_axis',(0.,0.,-1.));
#2195=DIRECTION('ref_axis',(1.33226762955019E-15,1.,0.));
#2196=DIRECTION('center_axis',(0.707106781186546,-1.75920723662047E-16,
-0.707106781186549));
#2197=DIRECTION('ref_axis',(-0.707106781186549,0.,-0.707106781186546));
#2198=DIRECTION('',(-0.707106781186549,-1.57009245868377E-15,-0.707106781186546));
#2199=DIRECTION('',(2.48789473305357E-16,1.,0.));
#2200=DIRECTION('center_axis',(0.,0.,1.));
#2201=DIRECTION('ref_axis',(1.,0.,0.));
#2202=DIRECTION('',(0.,0.707106781186544,-0.707106781186551));
#2203=DIRECTION('center_axis',(0.,0.,1.));
#2204=DIRECTION('ref_axis',(1.,0.,0.));
#2205=DIRECTION('center_axis',(8.83315025982434E-17,-0.707106781186548,
-0.707106781186548));
#2206=DIRECTION('ref_axis',(-1.,0.,-1.2491960895923E-16));
#2207=DIRECTION('',(1.,1.2491960895923E-16,0.));
#2208=DIRECTION('',(-1.,-1.2491960895923E-16,0.));
#2209=DIRECTION('center_axis',(0.,1.,0.));
#2210=DIRECTION('ref_axis',(1.,0.,0.));
#2211=DIRECTION('',(0.,0.,-1.));
#2212=DIRECTION('',(-1.,0.,0.));
#2213=DIRECTION('',(0.,0.,-1.));
#2214=DIRECTION('center_axis',(0.,0.,-1.));
#2215=DIRECTION('ref_axis',(-1.,1.11022302462516E-15,0.));
#2216=DIRECTION('',(0.,0.,-1.));
#2217=DIRECTION('center_axis',(0.,0.,1.));
#2218=DIRECTION('ref_axis',(-1.,1.11022302462516E-15,0.));
#2219=DIRECTION('center_axis',(-1.,0.,0.));
#2220=DIRECTION('ref_axis',(0.,1.,0.));
#2221=DIRECTION('',(0.,0.,-1.));
#2222=DIRECTION('',(0.,-1.,0.));
#2223=DIRECTION('center_axis',(0.,0.,-1.));
#2224=DIRECTION('ref_axis',(-2.22044604925031E-16,-1.,0.));
#2225=DIRECTION('',(0.,0.,-1.));
#2226=DIRECTION('center_axis',(0.,0.,1.));
#2227=DIRECTION('ref_axis',(-2.22044604925031E-16,-1.,0.));
#2228=DIRECTION('center_axis',(0.,0.,-1.));
#2229=DIRECTION('ref_axis',(1.,0.,0.));
#2230=DIRECTION('center_axis',(0.,0.,-1.));
#2231=DIRECTION('ref_axis',(-2.22044604925031E-16,-1.,0.));
#2232=DIRECTION('',(-0.707106781186548,0.,-0.707106781186547));
#2233=DIRECTION('',(-1.57009245868377E-15,0.707106781186548,0.707106781186547));
#2234=DIRECTION('center_axis',(0.,0.,1.));
#2235=DIRECTION('ref_axis',(-4.93432455388958E-16,-1.,0.));
#2236=DIRECTION('center_axis',(-0.707106781186547,0.,0.707106781186548));
#2237=DIRECTION('ref_axis',(0.707106781186548,0.,0.707106781186547));
#2238=DIRECTION('',(-0.707106781186548,-1.57009245868377E-15,-0.707106781186547));
#2239=DIRECTION('',(0.,-1.,0.));
#2240=DIRECTION('',(0.,1.,0.));
#2241=DIRECTION('center_axis',(0.,0.,-1.));
#2242=DIRECTION('ref_axis',(-1.,1.11022302462516E-15,0.));
#2243=DIRECTION('',(-1.57009245868378E-15,0.707106781186546,-0.707106781186549));
#2244=DIRECTION('center_axis',(0.,0.,-1.));
#2245=DIRECTION('ref_axis',(-1.,1.11022302462516E-15,0.));
#2246=DIRECTION('center_axis',(0.,0.707106781186547,0.707106781186548));
#2247=DIRECTION('ref_axis',(1.,0.,0.));
#2248=DIRECTION('',(-1.57009245868377E-15,0.707106781186548,-0.707106781186547));
#2249=DIRECTION('',(1.,0.,0.));
#2250=DIRECTION('',(-1.,0.,0.));
#2251=DIRECTION('center_axis',(0.,0.,-1.));
#2252=DIRECTION('ref_axis',(1.33226762955019E-15,1.,0.));
#2253=DIRECTION('',(0.707106781186548,-3.14018491736755E-15,-0.707106781186547));
#2254=DIRECTION('center_axis',(0.,0.,1.));
#2255=DIRECTION('ref_axis',(1.33226762955019E-15,1.,0.));
#2256=DIRECTION('center_axis',(0.,0.,1.));
#2257=DIRECTION('ref_axis',(1.72701359386135E-15,1.,0.));
#2258=DIRECTION('center_axis',(0.707106781186546,-1.75920723662047E-16,
0.707106781186549));
#2259=DIRECTION('ref_axis',(0.707106781186549,0.,-0.707106781186546));
#2260=DIRECTION('',(2.48789473305357E-16,1.,0.));
#2261=DIRECTION('',(-2.48789473305357E-16,-1.,0.));
#2262=DIRECTION('',(2.48789473305357E-16,1.,0.));
#2263=DIRECTION('center_axis',(8.83315025982433E-17,-0.707106781186547,
0.707106781186548));
#2264=DIRECTION('ref_axis',(1.,0.,-1.2491960895923E-16));
#2265=DIRECTION('',(1.,0.,0.));
#2266=DIRECTION('',(1.,1.2491960895923E-16,0.));
#2267=DIRECTION('center_axis',(1.2491960895923E-16,-1.,0.));
#2268=DIRECTION('ref_axis',(-1.,-1.2491960895923E-16,0.));
#2269=DIRECTION('center_axis',(0.,0.,-1.));
#2270=DIRECTION('ref_axis',(1.,0.,0.));
#2271=DIRECTION('center_axis',(0.,0.,1.));
#2272=DIRECTION('ref_axis',(0.707106781186547,-0.707106781186548,0.));
#2273=DIRECTION('',(-1.,-2.00040184617145E-16,0.));
#2274=DIRECTION('center_axis',(0.,0.,1.));
#2275=DIRECTION('ref_axis',(1.,0.,0.));
#2276=DIRECTION('',(1.,8.00160738468582E-16,0.));
#2277=DIRECTION('center_axis',(0.,0.,1.));
#2278=DIRECTION('ref_axis',(0.707106781186547,0.707106781186548,0.));
#2279=DIRECTION('center_axis',(0.,0.,-1.));
#2280=DIRECTION('ref_axis',(1.,0.,0.));
#2281=DIRECTION('center_axis',(0.,0.,-1.));
#2282=DIRECTION('ref_axis',(1.,0.,0.));
#2283=DIRECTION('center_axis',(0.,0.,1.));
#2284=DIRECTION('ref_axis',(-1.,0.,0.));
#2285=DIRECTION('',(-1.,0.,0.));
#2286=DIRECTION('center_axis',(0.,0.,-1.));
#2287=DIRECTION('ref_axis',(1.,0.,0.));
#2288=DIRECTION('',(0.,-1.,0.));
#2289=DIRECTION('center_axis',(0.,0.,1.));
#2290=DIRECTION('ref_axis',(0.,1.,0.));
#2291=DIRECTION('center_axis',(0.,0.,1.));
#2292=DIRECTION('ref_axis',(1.,0.,0.));
#2293=DIRECTION('center_axis',(0.,0.,-1.));
#2294=DIRECTION('ref_axis',(1.,0.,0.));
#2295=DIRECTION('center_axis',(0.,0.,-1.));
#2296=DIRECTION('ref_axis',(1.,0.,0.));
#2297=DIRECTION('center_axis',(0.,0.,-1.));
#2298=DIRECTION('ref_axis',(1.,0.,0.));
#2299=DIRECTION('center_axis',(0.,0.,-1.));
#2300=DIRECTION('ref_axis',(0.707106781186547,-0.707106781186548,0.));
#2301=DIRECTION('',(-2.48789473305357E-16,-1.,0.));
#2302=DIRECTION('center_axis',(0.,0.,-1.));
#2303=DIRECTION('ref_axis',(1.72701359386135E-15,1.,0.));
#2304=DIRECTION('',(1.,0.,0.));
#2305=DIRECTION('center_axis',(0.,0.,-1.));
#2306=DIRECTION('ref_axis',(0.,1.,0.));
#2307=DIRECTION('',(0.,1.,0.));
#2308=DIRECTION('center_axis',(0.,0.,1.));
#2309=DIRECTION('ref_axis',(1.,0.,0.));
#2310=DIRECTION('',(1.,0.,0.));
#2311=DIRECTION('center_axis',(0.,0.,-1.));
#2312=DIRECTION('ref_axis',(-1.,0.,0.));
#2313=DIRECTION('',(0.,1.,0.));
#2314=DIRECTION('center_axis',(0.,0.,-1.));
#2315=DIRECTION('ref_axis',(-4.93432455388958E-16,-1.,0.));
#2316=DIRECTION('',(-1.,0.,0.));
#2317=DIRECTION('',(-2.48789473305357E-16,-1.,0.));
#2318=DIRECTION('center_axis',(0.,0.,-1.));
#2319=DIRECTION('ref_axis',(0.707106781186547,0.707106781186548,0.));
#2320=DIRECTION('',(1.,8.00160738468582E-16,0.));
#2321=DIRECTION('center_axis',(0.,0.,1.));
#2322=DIRECTION('ref_axis',(1.,0.,0.));
#2323=DIRECTION('',(-1.,-2.00040184617145E-16,0.));
#2324=DIRECTION('center_axis',(0.,0.,-1.));
#2325=DIRECTION('ref_axis',(1.,0.,0.));
#2326=DIRECTION('center_axis',(0.,0.,-1.));
#2327=DIRECTION('ref_axis',(1.,0.,0.));
#2328=DIRECTION('center_axis',(0.,0.,1.));
#2329=DIRECTION('ref_axis',(-1.,1.22464679914735E-16,0.));
#2330=DIRECTION('',(0.,0.,1.));
#2331=DIRECTION('',(0.,0.,1.));
#2332=DIRECTION('center_axis',(8.00160738468582E-16,-1.,0.));
#2333=DIRECTION('ref_axis',(1.,8.00160738468582E-16,0.));
#2334=DIRECTION('',(0.,0.,-1.));
#2335=DIRECTION('center_axis',(0.,0.,-1.));
#2336=DIRECTION('ref_axis',(0.707106781186547,0.707106781186548,0.));
#2337=DIRECTION('',(0.,0.,1.));
#2338=DIRECTION('center_axis',(-1.,2.48789473305357E-16,0.));
#2339=DIRECTION('ref_axis',(2.48789473305357E-16,1.,0.));
#2340=DIRECTION('center_axis',(0.,1.,0.));
#2341=DIRECTION('ref_axis',(1.,0.,0.));
#2342=DIRECTION('',(0.,0.,-1.));
#2343=DIRECTION('center_axis',(0.,0.,-1.));
#2344=DIRECTION('ref_axis',(-4.93432455388958E-16,-1.,0.));
#2345=DIRECTION('',(0.,0.,-1.));
#2346=DIRECTION('center_axis',(1.,0.,0.));
#2347=DIRECTION('ref_axis',(0.,-1.,0.));
#2348=DIRECTION('',(0.,0.,-1.));
#2349=DIRECTION('center_axis',(0.,0.,-1.));
#2350=DIRECTION('ref_axis',(-1.,0.,0.));
#2351=DIRECTION('',(0.,0.,1.));
#2352=DIRECTION('center_axis',(0.,0.,-1.));
#2353=DIRECTION('ref_axis',(1.33226762955019E-15,1.,0.));
#2354=DIRECTION('center_axis',(0.,0.,1.));
#2355=DIRECTION('ref_axis',(0.,1.,0.));
#2356=DIRECTION('',(0.,0.,1.));
#2357=DIRECTION('',(0.,0.,-1.));
#2358=DIRECTION('center_axis',(0.,-1.,0.));
#2359=DIRECTION('ref_axis',(-1.,0.,0.));
#2360=DIRECTION('',(0.,0.,-1.));
#2361=DIRECTION('center_axis',(0.,-1.,0.));
#2362=DIRECTION('ref_axis',(-1.,0.,0.));
#2363=DIRECTION('',(0.,0.,-1.));
#2364=DIRECTION('center_axis',(0.,0.,-1.));
#2365=DIRECTION('ref_axis',(1.,0.,0.));
#2366=DIRECTION('',(0.,0.,1.));
#2367=DIRECTION('center_axis',(0.,0.,-1.));
#2368=DIRECTION('ref_axis',(1.,0.,0.));
#2369=DIRECTION('',(0.,0.,-1.));
#2370=DIRECTION('center_axis',(1.,0.,0.));
#2371=DIRECTION('ref_axis',(0.,-1.,0.));
#2372=DIRECTION('center_axis',(0.,0.,1.));
#2373=DIRECTION('ref_axis',(0.707106781186547,-0.707106781186548,0.));
#2374=DIRECTION('',(0.,0.,1.));
#2375=DIRECTION('',(0.,0.,-1.));
#2376=DIRECTION('center_axis',(-2.00040184617145E-16,1.,0.));
#2377=DIRECTION('ref_axis',(-1.,-2.00040184617145E-16,0.));
#2378=DIRECTION('center_axis',(0.,0.,1.));
#2379=DIRECTION('ref_axis',(1.,0.,0.));
#2380=DIRECTION('',(0.,0.,-1.));
#2381=DIRECTION('center_axis',(-1.,2.48789473305357E-16,0.));
#2382=DIRECTION('ref_axis',(2.48789473305357E-16,1.,0.));
#2383=DIRECTION('',(0.,0.,-1.));
#2384=DIRECTION('center_axis',(0.,0.,-1.));
#2385=DIRECTION('ref_axis',(1.72701359386135E-15,1.,0.));
#2386=CARTESIAN_POINT('',(0.,0.,0.));
#2387=CARTESIAN_POINT('Origin',(19.925,-29.1,0.5));
#2388=CARTESIAN_POINT('',(19.925,-26.5894221776957,-9.5));
#2389=CARTESIAN_POINT('',(19.925,-26.5894221776957,-4.));
#2390=CARTESIAN_POINT('',(19.925,-26.5894221776957,-4.));
#2391=CARTESIAN_POINT('',(19.925,-29.1,-9.5));
#2392=CARTESIAN_POINT('',(19.925,-29.1,-9.5));
#2393=CARTESIAN_POINT('',(19.925,-29.1,0.5));
#2394=CARTESIAN_POINT('',(19.925,-29.1,-6.));
#2395=CARTESIAN_POINT('',(19.925,-27.6161404863948,0.5));
#2396=CARTESIAN_POINT('',(19.925,-29.1,0.5));
#2397=CARTESIAN_POINT('',(19.925,-27.6161404863948,-5.));
#2398=CARTESIAN_POINT('',(19.925,-27.6161404863948,-12.5));
#2399=CARTESIAN_POINT('Ctrl Pts',(19.925,-26.5894221776957,-4.));
#2400=CARTESIAN_POINT('Ctrl Pts',(19.925,-27.0757624291843,-4.47225919775172));
#2401=CARTESIAN_POINT('Ctrl Pts',(19.925,-27.6161404863948,-5.));
#2402=CARTESIAN_POINT('Origin',(-0.075000000000025,-29.1,0.5));
#2403=CARTESIAN_POINT('',(17.775,-27.85,0.5));
#2404=CARTESIAN_POINT('Origin',(17.775,-17.85,0.5));
#2405=CARTESIAN_POINT('',(-0.075000000000025,-29.1,0.5));
#2406=CARTESIAN_POINT('',(12.775,-29.1,0.5));
#2407=CARTESIAN_POINT('',(-0.075000000000025,-27.8746212411027,0.5));
#2408=CARTESIAN_POINT('',(-0.075000000000025,-29.1,0.5));
#2409=CARTESIAN_POINT('',(0.274999999999976,-27.85,0.5));
#2410=CARTESIAN_POINT('Origin',(0.274999999999976,-30.35,0.5));
#2411=CARTESIAN_POINT('',(8.84999999999998,-27.85,0.5));
#2412=CARTESIAN_POINT('Origin',(19.925,-29.1,-9.5));
#2413=CARTESIAN_POINT('',(17.775,-26.85,-9.5));
#2414=CARTESIAN_POINT('Origin',(17.775,-17.85,-9.5));
#2415=CARTESIAN_POINT('',(-0.075000000000025,-26.85,-9.5));
#2416=CARTESIAN_POINT('',(1.07499999999999,-26.85,-9.5));
#2417=CARTESIAN_POINT('',(-0.075000000000025,-29.1,-9.5));
#2418=CARTESIAN_POINT('',(-0.075000000000025,-29.1,-9.5));
#2419=CARTESIAN_POINT('',(22.775,-29.1,-9.5));
#2420=CARTESIAN_POINT('Origin',(25.625,-29.1,-12.5));
#2421=CARTESIAN_POINT('',(-0.075000000000025,-29.1,-12.5));
#2422=CARTESIAN_POINT('',(-0.075000000000025,-29.1,-12.5));
#2423=CARTESIAN_POINT('',(25.625,-29.1,-12.5));
#2424=CARTESIAN_POINT('',(13.0625,-29.1,-12.5));
#2425=CARTESIAN_POINT('',(25.625,-29.1,3.5));
#2426=CARTESIAN_POINT('',(25.625,-29.1,-12.5));
#2427=CARTESIAN_POINT('',(-0.075000000000025,-29.1,3.5));
#2428=CARTESIAN_POINT('',(-0.075000000000025,-29.1,3.5));
#2429=CARTESIAN_POINT('',(-0.075000000000025,-29.1,-12.5));
#2430=CARTESIAN_POINT('Origin',(17.775,-17.85,-4.));
#2431=CARTESIAN_POINT('',(26.775,-17.85,-4.));
#2432=CARTESIAN_POINT('Origin',(17.775,-17.85,-4.));
#2433=CARTESIAN_POINT('',(26.775,-17.85,-11.5));
#2434=CARTESIAN_POINT('',(26.775,-17.85,-4.));
#2435=CARTESIAN_POINT('',(17.775,-26.85,-11.5));
#2436=CARTESIAN_POINT('Origin',(17.775,-17.85,-11.5));
#2437=CARTESIAN_POINT('',(17.775,-26.85,-4.));
#2438=CARTESIAN_POINT('Origin',(17.775,-17.85,-4.5));
#2439=CARTESIAN_POINT('',(25.9568181818182,-23.5995957457607,-5.));
#2440=CARTESIAN_POINT('Origin',(17.775,-17.85,-5.));
#2441=CARTESIAN_POINT('',(27.775,-24.1745553203368,-6.83215956619924));
#2442=CARTESIAN_POINT('Ctrl Pts',(25.9568181818182,-23.5995957457607,-5.));
#2443=CARTESIAN_POINT('Ctrl Pts',(26.0236734839718,-23.5044589829518,-5.));
#2444=CARTESIAN_POINT('Ctrl Pts',(26.1103163070121,-23.4186970317913,-5.023802238793));
#2445=CARTESIAN_POINT('Ctrl Pts',(26.2984919314159,-23.2879516265763,-5.10989414087939));
#2446=CARTESIAN_POINT('Ctrl Pts',(26.3999361064635,-23.2425320242913,-5.17171393676786));
#2447=CARTESIAN_POINT('Ctrl Pts',(26.6297789621478,-23.1748831605017,-5.33199896638034));
#2448=CARTESIAN_POINT('Ctrl Pts',(26.772787646308,-23.1653925187661,-5.45039911547392));
#2449=CARTESIAN_POINT('Ctrl Pts',(27.0418016306541,-23.2012972497119,-5.70080633653451));
#2450=CARTESIAN_POINT('Ctrl Pts',(27.1677538965402,-23.2469057617025,-5.8328397736544));
#2451=CARTESIAN_POINT('Ctrl Pts',(27.3819338946028,-23.3699696978301,-6.07985759476313));
#2452=CARTESIAN_POINT('Ctrl Pts',(27.4875779471278,-23.459164834128,-6.21579339636386));
#2453=CARTESIAN_POINT('Ctrl Pts',(27.656470881942,-23.6820516346326,-6.47403216050217));
#2454=CARTESIAN_POINT('Ctrl Pts',(27.7196981028599,-23.8157178657059,-6.596371239063));
#2455=CARTESIAN_POINT('Ctrl Pts',(27.7660443346919,-24.024579796216,-6.74495591640561));
#2456=CARTESIAN_POINT('Ctrl Pts',(27.775,-24.0979392423336,-6.79120654988408));
#2457=CARTESIAN_POINT('Ctrl Pts',(27.775,-24.1745553203367,-6.83215956619919));
#2458=CARTESIAN_POINT('',(27.775,-17.85,-5.));
#2459=CARTESIAN_POINT('Ctrl Pts',(27.775,-24.1745553203368,-6.83215956619924));
#2460=CARTESIAN_POINT('Ctrl Pts',(27.775,-20.7468986330204,-5.0000000000007));
#2461=CARTESIAN_POINT('Ctrl Pts',(27.775,-17.85,-5.));
#2462=CARTESIAN_POINT('',(26.775,-17.85,-4.));
#2463=CARTESIAN_POINT('Origin',(17.775,-17.85,-12.5));
#2464=CARTESIAN_POINT('',(17.775,-27.85,4.));
#2465=CARTESIAN_POINT('',(17.775,-27.85,-12.5));
#2466=CARTESIAN_POINT('',(25.9568181818182,-23.5995957457607,4.));
#2467=CARTESIAN_POINT('Origin',(17.775,-17.85,4.));
#2468=CARTESIAN_POINT('',(25.9568181818182,-23.5995957457607,-12.5));
#2469=CARTESIAN_POINT('Origin',(17.775,-27.85,-12.5));
#2470=CARTESIAN_POINT('',(0.274999999999976,-27.85,4.));
#2471=CARTESIAN_POINT('',(0.274999999999976,-27.85,-12.5));
#2472=CARTESIAN_POINT('',(9.1375,-27.85,4.));
#2473=CARTESIAN_POINT('Origin',(4.38749999999999,-31.65,4.5));
#2474=CARTESIAN_POINT('',(16.275,-32.15,4.));
#2475=CARTESIAN_POINT('',(16.275,-31.15,5.));
#2476=CARTESIAN_POINT('',(16.275,-32.15,4.));
#2477=CARTESIAN_POINT('',(9.27499999999998,-31.15,5.));
#2478=CARTESIAN_POINT('',(4.38749999999999,-31.15,5.));
#2479=CARTESIAN_POINT('',(9.27499999999998,-32.15,4.));
#2480=CARTESIAN_POINT('',(9.27499999999998,-31.15,5.));
#2481=CARTESIAN_POINT('',(4.38749999999999,-32.15,4.));
#2482=CARTESIAN_POINT('Origin',(16.275,-33.15,4.5));
#2483=CARTESIAN_POINT('',(17.275,-33.15,4.));
#2484=CARTESIAN_POINT('Origin',(16.275,-33.15,4.));
#2485=CARTESIAN_POINT('',(18.275,-33.15,5.));
#2486=CARTESIAN_POINT('',(17.275,-33.15,4.));
#2487=CARTESIAN_POINT('Origin',(16.275,-33.15,5.));
#2488=CARTESIAN_POINT('Origin',(17.775,-32.575,4.5));
#2489=CARTESIAN_POINT('',(17.275,-36.15,4.));
#2490=CARTESIAN_POINT('',(18.275,-36.15,5.));
#2491=CARTESIAN_POINT('',(17.275,-36.15,4.));
#2492=CARTESIAN_POINT('',(18.275,-32.575,5.));
#2493=CARTESIAN_POINT('',(17.275,-32.575,4.));
#2494=CARTESIAN_POINT('Origin',(16.275,-36.15,4.5));
#2495=CARTESIAN_POINT('',(16.275,-37.15,4.));
#2496=CARTESIAN_POINT('Origin',(16.275,-36.15,4.));
#2497=CARTESIAN_POINT('',(16.275,-38.15,5.));
#2498=CARTESIAN_POINT('',(16.275,-37.15,4.));
#2499=CARTESIAN_POINT('Origin',(16.275,-36.15,5.));
#2500=CARTESIAN_POINT('Origin',(8.88749999999999,-37.65,4.5));
#2501=CARTESIAN_POINT('',(9.27499999999998,-37.15,4.));
#2502=CARTESIAN_POINT('',(9.27499999999998,-38.15,5.));
#2503=CARTESIAN_POINT('',(9.27499999999998,-37.15,4.));
#2504=CARTESIAN_POINT('',(8.88749999999999,-38.15,5.));
#2505=CARTESIAN_POINT('',(8.88749999999999,-37.15,4.));
#2506=CARTESIAN_POINT('Origin',(9.27499999999998,-36.15,4.5));
#2507=CARTESIAN_POINT('',(8.27499999999998,-36.15,4.));
#2508=CARTESIAN_POINT('Origin',(9.27499999999998,-36.15,4.));
#2509=CARTESIAN_POINT('',(7.27499999999998,-36.15,5.));
#2510=CARTESIAN_POINT('',(8.27499999999998,-36.15,4.));
#2511=CARTESIAN_POINT('Origin',(9.27499999999998,-36.15,5.));
#2512=CARTESIAN_POINT('Origin',(7.77499999999998,-35.075,4.5));
#2513=CARTESIAN_POINT('',(8.27499999999998,-33.15,4.));
#2514=CARTESIAN_POINT('',(7.27499999999998,-33.15,5.));
#2515=CARTESIAN_POINT('',(8.27499999999998,-33.15,4.));
#2516=CARTESIAN_POINT('',(7.27499999999998,-35.075,5.));
#2517=CARTESIAN_POINT('',(8.27499999999998,-35.075,4.));
#2518=CARTESIAN_POINT('Origin',(9.27499999999998,-33.15,4.5));
#2519=CARTESIAN_POINT('Origin',(9.27499999999998,-33.15,4.));
#2520=CARTESIAN_POINT('Origin',(9.27499999999998,-33.15,5.));
#2521=CARTESIAN_POINT('Origin',(16.275,-36.15,5.));
#2522=CARTESIAN_POINT('',(17.275,-36.15,3.5));
#2523=CARTESIAN_POINT('',(17.275,-36.15,5.));
#2524=CARTESIAN_POINT('',(16.275,-37.15,3.5));
#2525=CARTESIAN_POINT('Origin',(16.275,-36.15,3.5));
#2526=CARTESIAN_POINT('',(16.275,-37.15,5.));
#2527=CARTESIAN_POINT('Origin',(17.275,-32.15,5.));
#2528=CARTESIAN_POINT('',(17.275,-33.15,3.5));
#2529=CARTESIAN_POINT('',(17.275,-33.15,5.));
#2530=CARTESIAN_POINT('',(17.275,-46.25,3.5));
#2531=CARTESIAN_POINT('Origin',(16.275,-33.15,5.));
#2532=CARTESIAN_POINT('',(16.275,-32.15,3.5));
#2533=CARTESIAN_POINT('',(16.275,-32.15,5.));
#2534=CARTESIAN_POINT('Origin',(16.275,-33.15,3.5));
#2535=CARTESIAN_POINT('Origin',(8.27499999999998,-32.15,5.));
#2536=CARTESIAN_POINT('',(9.27499999999998,-32.15,3.5));
#2537=CARTESIAN_POINT('',(9.27499999999998,-32.15,5.));
#2538=CARTESIAN_POINT('',(10.525,-32.15,3.5));
#2539=CARTESIAN_POINT('Origin',(0.500000000000003,-33.,5.));
#2540=CARTESIAN_POINT('',(-1.22500000000002,-30.35,5.));
#2541=CARTESIAN_POINT('',(0.274999999999976,-28.85,5.));
#2542=CARTESIAN_POINT('Origin',(0.274999999999976,-30.35,5.));
#2543=CARTESIAN_POINT('',(-1.22500000000003,-92.85,5.));
#2544=CARTESIAN_POINT('',(-1.22500000000002,-30.425,5.));
#2545=CARTESIAN_POINT('',(2.77499999999997,-96.85,5.));
#2546=CARTESIAN_POINT('Origin',(2.77499999999997,-92.85,5.));
#2547=CARTESIAN_POINT('',(22.775,-96.85,5.));
#2548=CARTESIAN_POINT('',(-0.862500000000013,-96.85,5.));
#2549=CARTESIAN_POINT('',(26.775,-92.85,5.));
#2550=CARTESIAN_POINT('Origin',(22.775,-92.85,5.));
#2551=CARTESIAN_POINT('',(26.775,-24.1745553203368,5.));
#2552=CARTESIAN_POINT('',(26.775,-7.575,5.));
#2553=CARTESIAN_POINT('',(17.775,-28.85,5.));
#2554=CARTESIAN_POINT('Origin',(17.775,-17.85,5.));
#2555=CARTESIAN_POINT('',(9.1375,-28.85,5.));
#2556=CARTESIAN_POINT('',(21.275,-60.35,5.));
#2557=CARTESIAN_POINT('Origin',(12.775,-60.35,5.));
#2558=CARTESIAN_POINT('Origin',(9.27499999999998,-36.15,5.));
#2559=CARTESIAN_POINT('',(9.27499999999998,-37.15,3.5));
#2560=CARTESIAN_POINT('',(9.27499999999998,-37.15,5.));
#2561=CARTESIAN_POINT('',(8.27499999999998,-36.15,3.5));
#2562=CARTESIAN_POINT('Origin',(9.27499999999998,-36.15,3.5));
#2563=CARTESIAN_POINT('',(8.27499999999998,-36.15,5.));
#2564=CARTESIAN_POINT('Origin',(17.275,-37.15,5.));
#2565=CARTESIAN_POINT('',(15.025,-37.15,3.5));
#2566=CARTESIAN_POINT('Origin',(9.27499999999998,-33.15,5.));
#2567=CARTESIAN_POINT('',(8.27499999999998,-33.15,3.5));
#2568=CARTESIAN_POINT('',(8.27499999999998,-33.15,5.));
#2569=CARTESIAN_POINT('Origin',(9.27499999999998,-33.15,3.5));
#2570=CARTESIAN_POINT('Origin',(8.27499999999998,-37.15,5.));
#2571=CARTESIAN_POINT('',(8.27499999999998,-48.75,3.5));
#2572=CARTESIAN_POINT('Origin',(12.775,-60.35,4.5));
#2573=CARTESIAN_POINT('',(20.275,-60.35,4.));
#2574=CARTESIAN_POINT('',(20.775,-60.35,4.5));
#2575=CARTESIAN_POINT('Origin',(12.775,-60.35,4.));
#2576=CARTESIAN_POINT('Origin',(12.775,-60.35,5.));
#2577=CARTESIAN_POINT('',(20.275,-60.35,3.5));
#2578=CARTESIAN_POINT('',(20.275,-60.35,5.));
#2579=CARTESIAN_POINT('Origin',(12.775,-60.35,3.5));
#2580=CARTESIAN_POINT('Origin',(0.274999999999976,-30.35,4.5));
#2581=CARTESIAN_POINT('',(0.274999999999976,-28.85,5.));
#2582=CARTESIAN_POINT('',(-2.22500000000002,-30.35,4.));
#2583=CARTESIAN_POINT('Origin',(0.274999999999976,-30.35,4.));
#2584=CARTESIAN_POINT('',(-2.22500000000002,-30.35,4.));
#2585=CARTESIAN_POINT('Origin',(9.1375,-28.35,4.5));
#2586=CARTESIAN_POINT('',(17.775,-28.85,5.));
#2587=CARTESIAN_POINT('Origin',(17.775,-17.85,4.5));
#2588=CARTESIAN_POINT('',(26.775,-24.1745553203368,5.));
#2589=CARTESIAN_POINT('Origin',(27.275,-7.575,4.5));
#2590=CARTESIAN_POINT('',(27.775,-92.85,4.));
#2591=CARTESIAN_POINT('',(26.775,-92.85,5.));
#2592=CARTESIAN_POINT('',(27.775,-24.1745553203368,4.));
#2593=CARTESIAN_POINT('',(27.775,-7.575,4.));
#2594=CARTESIAN_POINT('',(27.775,-24.1745553203368,4.));
#2595=CARTESIAN_POINT('Origin',(22.775,-92.85,4.5));
#2596=CARTESIAN_POINT('',(22.775,-97.85,4.));
#2597=CARTESIAN_POINT('',(22.775,-96.85,5.));
#2598=CARTESIAN_POINT('Origin',(22.775,-92.85,4.));
#2599=CARTESIAN_POINT('Origin',(-0.862500000000013,-97.35,4.5));
#2600=CARTESIAN_POINT('',(2.77499999999997,-97.85,4.));
#2601=CARTESIAN_POINT('',(2.77499999999997,-96.85,5.));
#2602=CARTESIAN_POINT('',(-0.862500000000013,-97.85,4.));
#2603=CARTESIAN_POINT('Origin',(2.77499999999997,-92.85,4.5));
#2604=CARTESIAN_POINT('',(-2.22500000000003,-92.85,4.));
#2605=CARTESIAN_POINT('',(-1.22500000000003,-92.85,5.));
#2606=CARTESIAN_POINT('Origin',(2.77499999999997,-92.85,4.));
#2607=CARTESIAN_POINT('Origin',(-1.72500000000002,-30.425,4.5));
#2608=CARTESIAN_POINT('',(-2.22500000000002,-30.425,4.));
#2609=CARTESIAN_POINT('Origin',(26.775,-24.1745553203368,4.));
#2610=CARTESIAN_POINT('Origin',(26.775,-24.1745553203368,4.));
#2611=CARTESIAN_POINT('Origin',(0.274999999999976,-30.35,-12.5));
#2612=CARTESIAN_POINT('',(-0.075000000000025,-27.8746212411027,-5.02462124110269));
#2613=CARTESIAN_POINT('',(-0.075000000000025,-27.8746212411027,-12.5));
#2614=CARTESIAN_POINT('',(-2.22500000000002,-30.35,-7.5));
#2615=CARTESIAN_POINT('Origin',(0.274999999999976,-30.35,-7.5));
#2616=CARTESIAN_POINT('',(-2.22500000000002,-30.35,-12.5));
#2617=CARTESIAN_POINT('Origin',(26.775,-24.1745553203368,-12.5));
#2618=CARTESIAN_POINT('',(27.775,-24.1745553203368,-12.5));
#2619=CARTESIAN_POINT('Origin',(27.775,17.85,-4.));
#2620=CARTESIAN_POINT('',(27.775,-92.85,-12.5));
#2621=CARTESIAN_POINT('',(27.775,-92.85,-8.25));
#2622=CARTESIAN_POINT('',(27.775,-26.4005963768928,-12.5000000005704));
#2623=CARTESIAN_POINT('',(27.775,-17.85,-12.5));
#2624=CARTESIAN_POINT('',(27.7749999993036,-22.7834515043487,-10.3492626388567));
#2625=CARTESIAN_POINT('Ctrl Pts',(27.775,-22.7835107583501,-10.3491393777576));
#2626=CARTESIAN_POINT('Ctrl Pts',(27.775,-24.0488845058091,-10.9561701970478));
#2627=CARTESIAN_POINT('Ctrl Pts',(27.775,-25.2443753586301,-11.7036242018281));
#2628=CARTESIAN_POINT('Ctrl Pts',(27.775,-26.4005963766264,-12.5000000009573));
#2629=CARTESIAN_POINT('',(27.775,-17.85,-11.5));
#2630=CARTESIAN_POINT('Ctrl Pts',(27.775,-17.85,-11.5));
#2631=CARTESIAN_POINT('Ctrl Pts',(27.7749999993036,-20.1825198647134,-11.5000000018218));
#2632=CARTESIAN_POINT('Ctrl Pts',(27.7749999993036,-22.7834515043487,-10.3492626388567));
#2633=CARTESIAN_POINT('',(27.775,17.85,-11.5));
#2634=CARTESIAN_POINT('',(27.775,8.925,-11.5));
#2635=CARTESIAN_POINT('',(27.775,17.85,-5.));
#2636=CARTESIAN_POINT('',(27.775,17.85,-11.5));
#2637=CARTESIAN_POINT('',(27.775,8.925,-5.));
#2638=CARTESIAN_POINT('Origin',(-2.22500000000002,-27.85,-12.5));
#2639=CARTESIAN_POINT('',(-2.22500000000002,-30.35,-8.99999999999999));
#2640=CARTESIAN_POINT('',(-2.22500000000002,-30.35,-8.25));
#2641=CARTESIAN_POINT('',(-2.22500000000002,-27.85,-11.5));
#2642=CARTESIAN_POINT('',(-2.22500000000002,-27.35,-12.));
#2643=CARTESIAN_POINT('',(-2.22500000000002,-28.85,-12.5));
#2644=CARTESIAN_POINT('',(-2.22500000000002,-28.35,-12.));
#2645=CARTESIAN_POINT('',(-2.22500000000003,-92.85,-12.5));
#2646=CARTESIAN_POINT('',(-2.22500000000003,-92.85,-12.5));
#2647=CARTESIAN_POINT('',(-2.22500000000003,-92.85,-12.5));
#2648=CARTESIAN_POINT('Origin',(22.775,-92.85,-8.25));
#2649=CARTESIAN_POINT('',(22.775,-97.85,-12.5));
#2650=CARTESIAN_POINT('',(22.775,-97.85,-8.25));
#2651=CARTESIAN_POINT('Origin',(22.775,-92.85,-12.5));
#2652=CARTESIAN_POINT('Origin',(0.500000000000003,-33.,-12.5));
#2653=CARTESIAN_POINT('',(2.77499999999997,-97.85,-12.5));
#2654=CARTESIAN_POINT('',(27.775,-97.85,-12.5));
#2655=CARTESIAN_POINT('Origin',(2.77499999999997,-92.85,-12.5));
#2656=CARTESIAN_POINT('',(17.775,-28.85,-12.5));
#2657=CARTESIAN_POINT('',(9.1375,-28.85,-12.5));
#2658=CARTESIAN_POINT('',(26.2314018976143,-24.8848608334512,-12.5000000000001));
#2659=CARTESIAN_POINT('Origin',(17.775,-17.85,-12.5));
#2660=CARTESIAN_POINT('Ctrl Pts',(27.775,-26.4005963752365,-12.5));
#2661=CARTESIAN_POINT('Ctrl Pts',(27.775,-26.0154304399987,-12.5));
#2662=CARTESIAN_POINT('Ctrl Pts',(27.7036287936858,-25.6385305413607,-12.5000000004184));
#2663=CARTESIAN_POINT('Ctrl Pts',(27.49485556795,-25.1300886179791,-12.5000000004184));
#2664=CARTESIAN_POINT('Ctrl Pts',(27.3937375529874,-24.9636477279672,-12.5));
#2665=CARTESIAN_POINT('Ctrl Pts',(27.2042789412873,-24.7588258509896,-12.5));
#2666=CARTESIAN_POINT('Ctrl Pts',(27.1186369178855,-24.6890511182127,-12.5));
#2667=CARTESIAN_POINT('Ctrl Pts',(26.9521221993352,-24.6096481449356,-12.5));
#2668=CARTESIAN_POINT('Ctrl Pts',(26.8785615581335,-24.5893555729493,-12.5000000000345));
#2669=CARTESIAN_POINT('Ctrl Pts',(26.7316544072493,-24.5819242205266,-12.5000000000345));
#2670=CARTESIAN_POINT('Ctrl Pts',(26.6627513003659,-24.5923597830511,-12.5000000000001));
#2671=CARTESIAN_POINT('Ctrl Pts',(26.5275517635473,-24.6384967614224,-12.5000000000001));
#2672=CARTESIAN_POINT('Ctrl Pts',(26.4638379819559,-24.6741043451724,-12.5000000000011));
#2673=CARTESIAN_POINT('Ctrl Pts',(26.3410076165727,-24.7653672143737,-12.5000000000011));
#2674=CARTESIAN_POINT('Ctrl Pts',(26.2829170714772,-24.8229359390824,-12.5));
#2675=CARTESIAN_POINT('Ctrl Pts',(26.2314018976144,-24.8848608334511,-12.5));
#2676=CARTESIAN_POINT('',(25.625,-91.6,-12.5));
#2677=CARTESIAN_POINT('',(25.625,-62.3,-12.5));
#2678=CARTESIAN_POINT('',(-0.075000000000025,-91.6,-12.5));
#2679=CARTESIAN_POINT('',(-0.075000000000025,-31.05,-12.5));
#2680=CARTESIAN_POINT('',(0.212499999999989,-91.6,-12.5));
#2681=CARTESIAN_POINT('Origin',(2.77499999999997,-92.85,-12.5));
#2682=CARTESIAN_POINT('',(2.77499999999997,-97.85,-12.5));
#2683=CARTESIAN_POINT('Origin',(-2.22500000000003,-97.85,-12.5));
#2684=CARTESIAN_POINT('Origin',(25.625,-91.6,-12.5));
#2685=CARTESIAN_POINT('',(25.625,-91.6,3.5));
#2686=CARTESIAN_POINT('',(25.625,-91.6,-12.5));
#2687=CARTESIAN_POINT('',(25.625,-29.1,3.5));
#2688=CARTESIAN_POINT('Origin',(-0.075000000000025,-91.6,-12.5));
#2689=CARTESIAN_POINT('',(-0.075000000000025,-91.6,3.5));
#2690=CARTESIAN_POINT('',(-0.075000000000025,-91.6,-12.5));
#2691=CARTESIAN_POINT('',(25.625,-91.6,3.5));
#2692=CARTESIAN_POINT('Origin',(-0.075000000000025,-29.1,-12.5));
#2693=CARTESIAN_POINT('',(-0.075000000000025,-26.85,-4.));
#2694=CARTESIAN_POINT('',(-0.075000000000025,-26.85,-6.75));
#2695=CARTESIAN_POINT('',(-0.075000000000025,-29.0375,-6.1875));
#2696=CARTESIAN_POINT('',(-0.075000000000025,-91.6,3.5));
#2697=CARTESIAN_POINT('Origin',(12.775,-60.35,3.5));
#2698=CARTESIAN_POINT('Ctrl Pts',(27.775,-22.4914359477923,-10.2121346272488));
#2699=CARTESIAN_POINT('Ctrl Pts',(27.775,-23.8654748150031,-10.8419286331938));
#2700=CARTESIAN_POINT('Ctrl Pts',(27.775,-25.1557943220753,-11.6426118238518));
#2701=CARTESIAN_POINT('Ctrl Pts',(27.775,-26.4005963766264,-12.5000000009573));
#2702=CARTESIAN_POINT('Ctrl Pts',(27.775,-22.402135339582,-10.4069642150001));
#2703=CARTESIAN_POINT('Ctrl Pts',(27.7749673934803,-23.7609021576531,-11.02448877314));
#2704=CARTESIAN_POINT('Ctrl Pts',(27.7750232788263,-25.0455428561252,-11.8153456431122));
#2705=CARTESIAN_POINT('Ctrl Pts',(27.775,-26.2866593208877,-12.6654199179333));
#2706=CARTESIAN_POINT('Ctrl Pts',(27.6329860009316,-22.2246083953985,-10.7942796212803));
#2707=CARTESIAN_POINT('Ctrl Pts',(27.6395389308679,-23.552899989603,-11.3874158859651));
#2708=CARTESIAN_POINT('Ctrl Pts',(27.6455312840177,-24.8261893084594,-12.1590737089221));
#2709=CARTESIAN_POINT('Ctrl Pts',(27.6505363812205,-26.0599219138675,-12.9946094235026));
#2710=CARTESIAN_POINT('Ctrl Pts',(26.9828769048398,-22.0357439952807,-11.206330266324));
#2711=CARTESIAN_POINT('Ctrl Pts',(27.0151969620776,-23.3265128101899,-11.7853219334227));
#2712=CARTESIAN_POINT('Ctrl Pts',(27.0465790011929,-24.5803292556568,-12.544776844244));
#2713=CARTESIAN_POINT('Ctrl Pts',(27.0719973169709,-25.8003893768412,-13.3714126544544));
#2714=CARTESIAN_POINT('Ctrl Pts',(26.3966063427971,-22.0831496493453,-11.1029040498222));
#2715=CARTESIAN_POINT('Ctrl Pts',(26.4406224043819,-23.3720005508763,-11.709173715651));
#2716=CARTESIAN_POINT('Ctrl Pts',(26.4841385846374,-24.6151466281565,-12.4916444180769));
#2717=CARTESIAN_POINT('Ctrl Pts',(26.52105665318,-25.8259469138379,-13.3343068540569));
#2718=CARTESIAN_POINT('Ctrl Pts',(26.1465443206662,-22.1673318609419,-10.9192414084354));
#2719=CARTESIAN_POINT('Ctrl Pts',(26.1856302391469,-23.465580978971,-11.5490354143804));
#2720=CARTESIAN_POINT('Ctrl Pts',(26.2269597854694,-24.7060230437273,-12.3497186050384));
#2721=CARTESIAN_POINT('Ctrl Pts',(26.2623649467835,-25.9135591067858,-13.2071067821438));
#2722=CARTESIAN_POINT('',(26.180632056952,-23.2671348266807,-11.5000000007297));
#2723=CARTESIAN_POINT('Ctrl Pts',(26.2312399750334,-24.8854448646319,-12.4990884853543));
#2724=CARTESIAN_POINT('Ctrl Pts',(26.2147652701549,-24.3543404700929,-12.1460021060358));
#2725=CARTESIAN_POINT('Ctrl Pts',(26.1976125107006,-23.8157702197932,-11.8095338161603));
#2726=CARTESIAN_POINT('Ctrl Pts',(26.1804424268269,-23.2677198079275,-11.4989202494795));
#2727=CARTESIAN_POINT('Ctrl Pts',(27.775,-22.7834515013274,-10.3492626380158));
#2728=CARTESIAN_POINT('Ctrl Pts',(27.775,-22.6522765966735,-10.4072987130567));
#2729=CARTESIAN_POINT('Ctrl Pts',(27.757154015969,-22.5358007437976,-10.4729786410371));
#2730=CARTESIAN_POINT('Ctrl Pts',(27.6961882702557,-22.3752498009818,-10.5956265301448));
#2731=CARTESIAN_POINT('Ctrl Pts',(27.6607886473132,-22.3173417212511,-10.6517013077572));
#2732=CARTESIAN_POINT('Ctrl Pts',(27.5728803869055,-22.2383043162778,-10.7642933606689));
#2733=CARTESIAN_POINT('Ctrl Pts',(27.5255228991744,-22.2150730424945,-10.817004619113));
#2734=CARTESIAN_POINT('Ctrl Pts',(27.4160555119101,-22.1951706832636,-10.9250166771078));
#2735=CARTESIAN_POINT('Ctrl Pts',(27.3562415167918,-22.2004729810909,-10.9773965672817));
#2736=CARTESIAN_POINT('Ctrl Pts',(27.2095830732636,-22.239879782172,-11.0942714130584));
#2737=CARTESIAN_POINT('Ctrl Pts',(27.1219332957601,-22.2847114913836,-11.1547349744064));
#2738=CARTESIAN_POINT('Ctrl Pts',(26.9063182394869,-22.4254926520233,-11.2873688003702));
#2739=CARTESIAN_POINT('Ctrl Pts',(26.7676155641809,-22.5469016463433,-11.3564728011523));
#2740=CARTESIAN_POINT('Ctrl Pts',(26.4686009754759,-22.8623912817244,-11.4675188020816));
#2741=CARTESIAN_POINT('Ctrl Pts',(26.3132245648115,-23.0613943616301,-11.5));
#2742=CARTESIAN_POINT('Ctrl Pts',(26.1806320572182,-23.2671348255942,-11.5));
#2743=CARTESIAN_POINT('Origin',(9.1375,-28.35,-12.));
#2744=CARTESIAN_POINT('',(17.775,-27.85,-11.5));
#2745=CARTESIAN_POINT('',(8.8875,-27.85,-11.5));
#2746=CARTESIAN_POINT('',(17.775,-27.85,-11.5));
#2747=CARTESIAN_POINT('Origin',(17.775,-17.85,-12.));
#2748=CARTESIAN_POINT('Origin',(17.775,-17.85,-11.5));
#2749=CARTESIAN_POINT('Origin',(-4.72500000000002,-30.35,-8.25));
#2750=CARTESIAN_POINT('',(-4.72500000000002,-27.85,-5.));
#2751=CARTESIAN_POINT('Origin',(-4.72500000000002,-30.35,-7.5));
#2752=CARTESIAN_POINT('',(-4.72500000000002,-27.85,-11.5));
#2753=CARTESIAN_POINT('',(-4.72500000000002,-27.85,-8.25));
#2754=CARTESIAN_POINT('Origin',(-4.72500000000002,-30.35,-8.99999999999999));
#2755=CARTESIAN_POINT('Origin',(-17.775,-17.85,-12.));
#2756=CARTESIAN_POINT('',(-27.775,-17.85,-11.5));
#2757=CARTESIAN_POINT('',(-26.775,-17.85,-12.5));
#2758=CARTESIAN_POINT('',(-27.775,-17.85,-11.5));
#2759=CARTESIAN_POINT('',(-17.775,-26.85,-12.5));
#2760=CARTESIAN_POINT('Origin',(-17.775,-17.85,-12.5));
#2761=CARTESIAN_POINT('',(-17.775,-27.85,-11.5));
#2762=CARTESIAN_POINT('',(-17.775,-26.85,-12.5));
#2763=CARTESIAN_POINT('Origin',(-17.775,-17.85,-11.5));
#2764=CARTESIAN_POINT('Origin',(-27.275,-8.92500000000001,-12.));
#2765=CARTESIAN_POINT('',(-27.775,17.85,-11.5));
#2766=CARTESIAN_POINT('',(-26.775,17.85,-12.5));
#2767=CARTESIAN_POINT('',(-27.775,17.85,-11.5));
#2768=CARTESIAN_POINT('',(-26.775,-8.92500000000001,-12.5));
#2769=CARTESIAN_POINT('',(-27.775,-8.92500000000001,-11.5));
#2770=CARTESIAN_POINT('Origin',(-17.775,17.85,-12.));
#2771=CARTESIAN_POINT('',(-17.775,27.85,-11.5));
#2772=CARTESIAN_POINT('',(-17.775,26.85,-12.5));
#2773=CARTESIAN_POINT('',(-17.775,27.85,-11.5));
#2774=CARTESIAN_POINT('Origin',(-17.775,17.85,-12.5));
#2775=CARTESIAN_POINT('Origin',(-17.775,17.85,-11.5));
#2776=CARTESIAN_POINT('Origin',(-8.88749999999999,27.35,-12.));
#2777=CARTESIAN_POINT('',(17.775,27.85,-11.5));
#2778=CARTESIAN_POINT('',(17.775,26.85,-12.5));
#2779=CARTESIAN_POINT('',(17.775,27.85,-11.5));
#2780=CARTESIAN_POINT('',(-8.88749999999999,26.85,-12.5));
#2781=CARTESIAN_POINT('',(-8.88749999999999,27.85,-11.5));
#2782=CARTESIAN_POINT('Origin',(17.775,17.85,-12.));
#2783=CARTESIAN_POINT('',(26.775,17.85,-12.5));
#2784=CARTESIAN_POINT('',(27.775,17.85,-11.5));
#2785=CARTESIAN_POINT('Origin',(17.775,17.85,-12.5));
#2786=CARTESIAN_POINT('Origin',(17.775,17.85,-11.5));
#2787=CARTESIAN_POINT('Origin',(27.275,8.925,-12.));
#2788=CARTESIAN_POINT('',(26.775,-17.85,-12.5));
#2789=CARTESIAN_POINT('',(27.775,-17.85,-11.5));
#2790=CARTESIAN_POINT('',(26.775,8.925,-12.5));
#2791=CARTESIAN_POINT('Origin',(17.775,-17.85,-12.));
#2792=CARTESIAN_POINT('',(17.775,-26.85,-12.5));
#2793=CARTESIAN_POINT('',(17.775,-27.85,-11.5));
#2794=CARTESIAN_POINT('Origin',(17.775,-17.85,-12.5));
#2795=CARTESIAN_POINT('Origin',(8.8875,-27.35,-12.));
#2796=CARTESIAN_POINT('',(8.8875,-26.85,-12.5));
#2797=CARTESIAN_POINT('',(8.8875,-27.85,-11.5));
#2798=CARTESIAN_POINT('Origin',(-17.775,27.85,-4.));
#2799=CARTESIAN_POINT('',(-17.775,27.85,-5.));
#2800=CARTESIAN_POINT('',(-17.775,27.85,-11.5));
#2801=CARTESIAN_POINT('',(17.775,27.85,-5.));
#2802=CARTESIAN_POINT('',(-8.88749999999999,27.85,-5.));
#2803=CARTESIAN_POINT('',(17.775,27.85,-11.5));
#2804=CARTESIAN_POINT('Origin',(-17.775,17.85,-4.));
#2805=CARTESIAN_POINT('',(-27.775,17.85,-5.));
#2806=CARTESIAN_POINT('',(-27.775,17.85,-4.));
#2807=CARTESIAN_POINT('Origin',(-17.775,17.85,-5.));
#2808=CARTESIAN_POINT('Origin',(-27.775,-17.85,-4.));
#2809=CARTESIAN_POINT('',(-27.775,-17.85,-5.));
#2810=CARTESIAN_POINT('',(-27.775,-17.85,-4.));
#2811=CARTESIAN_POINT('',(-27.775,-8.92500000000001,-5.));
#2812=CARTESIAN_POINT('Origin',(-17.775,-17.85,-4.));
#2813=CARTESIAN_POINT('',(-17.775,-27.85,-5.));
#2814=CARTESIAN_POINT('',(-17.775,-27.85,-4.));
#2815=CARTESIAN_POINT('Origin',(-17.775,-17.85,-5.));
#2816=CARTESIAN_POINT('Origin',(4.44089209850063E-15,0.,-12.5));
#2817=CARTESIAN_POINT('Origin',(-17.775,-17.85,-4.5));
#2818=CARTESIAN_POINT('',(-26.775,-17.85,-4.));
#2819=CARTESIAN_POINT('',(-26.775,-17.85,-4.));
#2820=CARTESIAN_POINT('',(-17.775,-26.85,-4.));
#2821=CARTESIAN_POINT('',(-17.775,-27.85,-5.));
#2822=CARTESIAN_POINT('Origin',(-17.775,-17.85,-4.));
#2823=CARTESIAN_POINT('Origin',(-27.275,-8.92500000000001,-4.5));
#2824=CARTESIAN_POINT('',(-26.775,17.85,-4.));
#2825=CARTESIAN_POINT('',(-26.775,17.85,-4.));
#2826=CARTESIAN_POINT('',(-26.775,13.2605339059327,-4.));
#2827=CARTESIAN_POINT('',(-26.775,-17.85,-4.));
#2828=CARTESIAN_POINT('',(-26.775,-8.92500000000001,-4.));
#2829=CARTESIAN_POINT('Origin',(-17.775,17.85,-4.5));
#2830=CARTESIAN_POINT('',(-17.775,26.85,-4.));
#2831=CARTESIAN_POINT('',(-17.775,26.85,-4.));
#2832=CARTESIAN_POINT('Origin',(-17.775,17.85,-4.));
#2833=CARTESIAN_POINT('Origin',(-8.88749999999999,27.35,-4.5));
#2834=CARTESIAN_POINT('',(17.775,26.85,-4.));
#2835=CARTESIAN_POINT('',(17.775,26.85,-4.));
#2836=CARTESIAN_POINT('',(-13.1855339059327,26.85,-4.));
#2837=CARTESIAN_POINT('',(-8.88749999999999,26.85,-4.));
#2838=CARTESIAN_POINT('',(-17.775,26.85,-4.));
#2839=CARTESIAN_POINT('Origin',(17.775,17.85,-4.5));
#2840=CARTESIAN_POINT('',(26.775,17.85,-4.));
#2841=CARTESIAN_POINT('',(26.775,17.85,-4.));
#2842=CARTESIAN_POINT('Origin',(17.775,17.85,-5.));
#2843=CARTESIAN_POINT('Origin',(17.775,17.85,-4.));
#2844=CARTESIAN_POINT('Origin',(27.275,8.925,-4.5));
#2845=CARTESIAN_POINT('',(26.775,-0.625000000000004,-4.));
#2846=CARTESIAN_POINT('',(26.775,17.85,-4.));
#2847=CARTESIAN_POINT('',(26.775,-16.875,-4.));
#2848=CARTESIAN_POINT('',(26.775,8.925,-4.));
#2849=CARTESIAN_POINT('',(26.775,17.85,-4.));
#2850=CARTESIAN_POINT('Origin',(8.8875,-27.35,-4.5));
#2851=CARTESIAN_POINT('',(17.775,-26.85,-4.));
#2852=CARTESIAN_POINT('',(8.8875,-27.85,-5.));
#2853=CARTESIAN_POINT('Origin',(17.775,-27.85,-4.));
#2854=CARTESIAN_POINT('Origin',(4.44089209850063E-15,0.,-4.));
#2855=CARTESIAN_POINT('',(21.775,-5.625,-4.));
#2856=CARTESIAN_POINT('Origin',(21.775,-0.625000000000003,-4.));
#2857=CARTESIAN_POINT('',(21.225,-5.625,-4.));
#2858=CARTESIAN_POINT('',(26.775,-5.625,-4.));
#2859=CARTESIAN_POINT('',(21.225,-11.875,-4.));
#2860=CARTESIAN_POINT('Origin',(21.225,-8.75,-4.));
#2861=CARTESIAN_POINT('',(21.775,-11.875,-4.));
#2862=CARTESIAN_POINT('',(26.775,-11.875,-4.));
#2863=CARTESIAN_POINT('Origin',(21.775,-16.875,-4.));
#2864=CARTESIAN_POINT('',(19.875,-8.75,-4.));
#2865=CARTESIAN_POINT('Origin',(21.225,-8.75,-4.));
#2866=CARTESIAN_POINT('Origin',(4.44089209850063E-15,0.,-4.));
#2867=CARTESIAN_POINT('',(-21.775,18.2605339059327,-4.));
#2868=CARTESIAN_POINT('Origin',(-21.775,13.2605339059327,-4.));
#2869=CARTESIAN_POINT('',(-21.3105339059327,18.2605339059327,-4.));
#2870=CARTESIAN_POINT('',(-21.3105339059327,18.2605339059327,-4.));
#2871=CARTESIAN_POINT('',(-18.1855339059327,21.3855339059327,-4.));
#2872=CARTESIAN_POINT('Origin',(-21.3105339059327,21.3855339059327,-4.));
#2873=CARTESIAN_POINT('',(-18.1855339059327,21.85,-4.));
#2874=CARTESIAN_POINT('',(-18.1855339059327,27.85,-4.));
#2875=CARTESIAN_POINT('Origin',(-13.1855339059327,21.85,-4.));
#2876=CARTESIAN_POINT('',(-22.6605339059327,21.3855339059327,-4.));
#2877=CARTESIAN_POINT('Origin',(-21.3105339059327,21.3855339059327,-4.));
#2878=CARTESIAN_POINT('Origin',(4.44089209850063E-15,0.,-11.5));
#2879=CARTESIAN_POINT('',(19.875,-8.75,-11.5));
#2880=CARTESIAN_POINT('Origin',(21.225,-8.75,-11.5));
#2881=CARTESIAN_POINT('Origin',(4.44089209850063E-15,0.,-11.5));
#2882=CARTESIAN_POINT('',(26.775,-0.625000000000004,-11.5));
#2883=CARTESIAN_POINT('',(21.775,-5.625,-11.5));
#2884=CARTESIAN_POINT('Origin',(21.775,-0.625000000000003,-11.5));
#2885=CARTESIAN_POINT('',(26.775,17.85,-11.5));
#2886=CARTESIAN_POINT('',(26.775,-8.92500000000001,-11.5));
#2887=CARTESIAN_POINT('',(17.775,26.85,-11.5));
#2888=CARTESIAN_POINT('Origin',(17.775,17.85,-11.5));
#2889=CARTESIAN_POINT('',(-13.1855339059327,26.85,-11.5));
#2890=CARTESIAN_POINT('',(8.88750000000001,26.85,-11.5));
#2891=CARTESIAN_POINT('',(-18.1855339059327,21.85,-11.5));
#2892=CARTESIAN_POINT('Origin',(-13.1855339059327,21.85,-11.5));
#2893=CARTESIAN_POINT('',(-18.1855339059327,21.3855339059327,-11.5));
#2894=CARTESIAN_POINT('',(-18.1855339059327,13.9207847709864,-11.5));
#2895=CARTESIAN_POINT('',(-21.3105339059327,18.2605339059327,-11.5));
#2896=CARTESIAN_POINT('Origin',(-21.3105339059327,21.3855339059327,-11.5));
#2897=CARTESIAN_POINT('',(-21.775,18.2605339059327,-11.5));
#2898=CARTESIAN_POINT('',(-10.6552669529664,18.2605339059327,-11.5));
#2899=CARTESIAN_POINT('',(-26.775,13.2605339059327,-11.5));
#2900=CARTESIAN_POINT('Origin',(-21.775,13.2605339059327,-11.5));
#2901=CARTESIAN_POINT('',(-26.775,-17.85,-11.5));
#2902=CARTESIAN_POINT('',(-26.775,8.92500000000001,-11.5));
#2903=CARTESIAN_POINT('',(-17.775,-26.85,-11.5));
#2904=CARTESIAN_POINT('Origin',(-17.775,-17.85,-11.5));
#2905=CARTESIAN_POINT('',(-8.88749999999999,-26.85,-11.5));
#2906=CARTESIAN_POINT('',(26.775,-16.875,-11.5));
#2907=CARTESIAN_POINT('',(26.775,-8.92500000000001,-11.5));
#2908=CARTESIAN_POINT('',(21.775,-11.875,-11.5));
#2909=CARTESIAN_POINT('Origin',(21.775,-16.875,-11.5));
#2910=CARTESIAN_POINT('',(21.225,-11.875,-11.5));
#2911=CARTESIAN_POINT('',(10.6125,-11.875,-11.5));
#2912=CARTESIAN_POINT('',(21.225,-5.625,-11.5));
#2913=CARTESIAN_POINT('Origin',(21.225,-8.75,-11.5));
#2914=CARTESIAN_POINT('',(13.3875,-5.625,-11.5));
#2915=CARTESIAN_POINT('Origin',(4.44089209850063E-15,0.,-11.5));
#2916=CARTESIAN_POINT('',(-22.6605339059327,21.3855339059327,-11.5));
#2917=CARTESIAN_POINT('Origin',(-21.3105339059327,21.3855339059327,-11.5));
#2918=CARTESIAN_POINT('Origin',(21.225,-8.75,-19.));
#2919=CARTESIAN_POINT('',(21.225,-11.875,-19.));
#2920=CARTESIAN_POINT('',(21.225,-5.625,-19.));
#2921=CARTESIAN_POINT('Origin',(21.225,-11.875,-19.));
#2922=CARTESIAN_POINT('',(21.775,-11.875,-11.5));
#2923=CARTESIAN_POINT('Origin',(21.775,-16.875,-11.5));
#2924=CARTESIAN_POINT('',(26.775,-16.875,-11.5));
#2925=CARTESIAN_POINT('Origin',(26.775,-17.85,-4.));
#2926=CARTESIAN_POINT('Origin',(-17.775,-26.85,-4.));
#2927=CARTESIAN_POINT('',(-17.775,-26.85,-4.));
#2928=CARTESIAN_POINT('Origin',(-17.775,-17.85,-4.));
#2929=CARTESIAN_POINT('',(-26.775,-17.85,-4.));
#2930=CARTESIAN_POINT('Origin',(-26.775,17.85,-4.));
#2931=CARTESIAN_POINT('',(-26.775,13.2605339059327,-4.));
#2932=CARTESIAN_POINT('Origin',(-21.775,13.2605339059327,-4.));
#2933=CARTESIAN_POINT('',(-21.775,18.2605339059327,-4.));
#2934=CARTESIAN_POINT('Origin',(17.775,17.85,-4.));
#2935=CARTESIAN_POINT('Origin',(-13.1855339059327,21.85,-4.));
#2936=CARTESIAN_POINT('',(-13.1855339059327,26.85,-4.));
#2937=CARTESIAN_POINT('',(-18.1855339059327,21.85,-4.));
#2938=CARTESIAN_POINT('Origin',(17.775,26.85,-4.));
#2939=CARTESIAN_POINT('',(17.775,26.85,-4.));
#2940=CARTESIAN_POINT('Origin',(-21.3105339059327,18.2605339059327,-4.));
#2941=CARTESIAN_POINT('',(-21.3105339059327,18.2605339059327,-4.));
#2942=CARTESIAN_POINT('Origin',(-21.3105339059327,21.3855339059327,-4.));
#2943=CARTESIAN_POINT('',(-22.6605339059327,21.3855339059327,-4.));
#2944=CARTESIAN_POINT('Origin',(-21.3105339059327,21.3855339059327,-4.));
#2945=CARTESIAN_POINT('',(-18.1855339059327,21.3855339059327,-4.));
#2946=CARTESIAN_POINT('Origin',(-18.1855339059327,27.8415695419729,-4.));
#2947=CARTESIAN_POINT('Origin',(21.775,-0.625000000000003,-11.5));
#2948=CARTESIAN_POINT('',(21.775,-5.625,-11.5));
#2949=CARTESIAN_POINT('',(26.775,-0.625000000000005,-11.5));
#2950=CARTESIAN_POINT('Origin',(26.775,-5.625,-19.));
#2951=CARTESIAN_POINT('Origin',(21.225,-8.75,-19.));
#2952=CARTESIAN_POINT('',(19.875,-8.75,-19.));
#2953=CARTESIAN_POINT('Origin',(26.775,-17.85,-4.));
#2954=CARTESIAN_POINT('',(26.775,17.85,-4.));
#2955=CARTESIAN_POINT('Origin',(17.775,17.85,-4.));
#2956=UNCERTAINTY_MEASURE_WITH_UNIT(LENGTH_MEASURE(0.01),#2960,
'DISTANCE_ACCURACY_VALUE',
'Maximum model space distance between geometric entities at asserted c
onnectivities');
#2957=UNCERTAINTY_MEASURE_WITH_UNIT(LENGTH_MEASURE(0.01),#2960,
'DISTANCE_ACCURACY_VALUE',
'Maximum model space distance between geometric entities at asserted c
onnectivities');
#2958=(
GEOMETRIC_REPRESENTATION_CONTEXT(3)
GLOBAL_UNCERTAINTY_ASSIGNED_CONTEXT((#2956))
GLOBAL_UNIT_ASSIGNED_CONTEXT((#2960,#2962,#2963))
REPRESENTATION_CONTEXT('','3D')
);
#2959=(
GEOMETRIC_REPRESENTATION_CONTEXT(3)
GLOBAL_UNCERTAINTY_ASSIGNED_CONTEXT((#2957))
GLOBAL_UNIT_ASSIGNED_CONTEXT((#2960,#2962,#2963))
REPRESENTATION_CONTEXT('','3D')
);
#2960=(
LENGTH_UNIT()
NAMED_UNIT(*)
SI_UNIT(.MILLI.,.METRE.)
);
#2961=(
LENGTH_UNIT()
NAMED_UNIT(*)
SI_UNIT($,.METRE.)
);
#2962=(
NAMED_UNIT(*)
PLANE_ANGLE_UNIT()
SI_UNIT($,.RADIAN.)
);
#2963=(
NAMED_UNIT(*)
SI_UNIT($,.STERADIAN.)
SOLID_ANGLE_UNIT()
);
#2964=SHAPE_DEFINITION_REPRESENTATION(#2965,#2966);
#2965=PRODUCT_DEFINITION_SHAPE('',$,#2968);
#2966=SHAPE_REPRESENTATION('',(#1721),#2958);
#2967=PRODUCT_DEFINITION_CONTEXT('part definition',#2972,'design');
#2968=PRODUCT_DEFINITION('PlayDate','PlayDate v12',#2969,#2967);
#2969=PRODUCT_DEFINITION_FORMATION('',$,#2974);
#2970=PRODUCT_RELATED_PRODUCT_CATEGORY('PlayDate v12','PlayDate v12',(#2974));
#2971=APPLICATION_PROTOCOL_DEFINITION('international standard',
'automotive_design',2009,#2972);
#2972=APPLICATION_CONTEXT(
'Core Data for Automotive Mechanical Design Process');
#2973=PRODUCT_CONTEXT('part definition',#2972,'mechanical');
#2974=PRODUCT('PlayDate','PlayDate v12',$,(#2973));
#2975=PRESENTATION_STYLE_ASSIGNMENT((#2980));
#2976=PRESENTATION_STYLE_ASSIGNMENT((#2981));
#2977=PRESENTATION_STYLE_ASSIGNMENT((#2982));
#2978=PRESENTATION_STYLE_ASSIGNMENT((#2983));
#2979=PRESENTATION_STYLE_ASSIGNMENT((#2984));
#2980=SURFACE_STYLE_USAGE(.BOTH.,#2985);
#2981=SURFACE_STYLE_USAGE(.BOTH.,#2986);
#2982=SURFACE_STYLE_USAGE(.BOTH.,#2987);
#2983=SURFACE_STYLE_USAGE(.BOTH.,#2988);
#2984=SURFACE_STYLE_USAGE(.BOTH.,#2989);
#2985=SURFACE_SIDE_STYLE('',(#2990));
#2986=SURFACE_SIDE_STYLE('',(#2991));
#2987=SURFACE_SIDE_STYLE('',(#2992));
#2988=SURFACE_SIDE_STYLE('',(#2993));
#2989=SURFACE_SIDE_STYLE('',(#2994));
#2990=SURFACE_STYLE_FILL_AREA(#2995);
#2991=SURFACE_STYLE_FILL_AREA(#2996);
#2992=SURFACE_STYLE_FILL_AREA(#2997);
#2993=SURFACE_STYLE_FILL_AREA(#2998);
#2994=SURFACE_STYLE_FILL_AREA(#2999);
#2995=FILL_AREA_STYLE('Steel - Satin',(#3000));
#2996=FILL_AREA_STYLE('ABS (White)',(#3001));
#2997=FILL_AREA_STYLE('ABS (White)',(#3002));
#2998=FILL_AREA_STYLE('ABS (White)',(#3003));
#2999=FILL_AREA_STYLE('ABS (White)',(#3004));
#3000=FILL_AREA_STYLE_COLOUR('Steel - Satin',#3005);
#3001=FILL_AREA_STYLE_COLOUR('ABS (White)',#3006);
#3002=FILL_AREA_STYLE_COLOUR('ABS (White)',#3007);
#3003=FILL_AREA_STYLE_COLOUR('ABS (White)',#3008);
#3004=FILL_AREA_STYLE_COLOUR('ABS (White)',#3009);
#3005=COLOUR_RGB('Steel - Satin',0.627450980392157,0.627450980392157,0.627450980392157);
#3006=COLOUR_RGB('ABS (White)',0.886274509803922,0.549019607843137,0.235294117647059);
#3007=COLOUR_RGB('ABS (White)',0.913725490196078,0.913725490196078,0.913725490196078);
#3008=COLOUR_RGB('ABS (White)',0.850980392156863,0.76078431372549,0.36078431372549);
#3009=COLOUR_RGB('ABS (White)',0.529411764705882,0.333333333333333,0.152941176470588);
ENDSEC;
END-ISO-10303-21;
