solid ASCII
  facet normal -1.000000e+00 -7.099250e-15 -0.000000e+00
    outer loop
      vertex   1.992500e+01 -2.658942e+01 -4.000000e+00
      vertex   1.992500e+01 -2.658942e+01 -9.500000e+00
      vertex   1.992500e+01 -2.708986e+01 -4.486699e+00
    endloop
  endfacet
  facet normal -1.000000e+00 5.521800e-15 1.259852e-15
    outer loop
      vertex   1.992500e+01 -2.708986e+01 -4.486699e+00
      vertex   1.992500e+01 -2.658942e+01 -9.500000e+00
      vertex   1.992500e+01 -2.761614e+01 -5.000000e+00
    endloop
  endfacet
  facet normal -1.000000e+00 0.000000e+00 -0.000000e+00
    outer loop
      vertex   1.992500e+01 -2.761614e+01 -5.000000e+00
      vertex   1.992500e+01 -2.658942e+01 -9.500000e+00
      vertex   1.992500e+01 -2.910000e+01 -9.500000e+00
    endloop
  endfacet
  facet normal -1.000000e+00 -0.000000e+00 0.000000e+00
    outer loop
      vertex   1.992500e+01 -2.761614e+01 -5.000000e+00
      vertex   1.992500e+01 -2.910000e+01 -9.500000e+00
      vertex   1.992500e+01 -2.910000e+01 5.000000e-01
    endloop
  endfacet
  facet normal -1.000000e+00 0.000000e+00 0.000000e+00
    outer loop
      vertex   1.992500e+01 -2.910000e+01 5.000000e-01
      vertex   1.992500e+01 -2.761614e+01 5.000000e-01
      vertex   1.992500e+01 -2.761614e+01 -5.000000e+00
    endloop
  endfacet
  facet normal -6.042636e-18 1.672424e-16 -1.000000e+00
    outer loop
      vertex   1.849668e+01 -2.782393e+01 5.000000e-01
      vertex   1.992500e+01 -2.910000e+01 5.000000e-01
      vertex   1.777500e+01 -2.785000e+01 5.000000e-01
    endloop
  endfacet
  facet normal 0.000000e+00 1.776357e-16 -1.000000e+00
    outer loop
      vertex   1.777500e+01 -2.785000e+01 5.000000e-01
      vertex   1.992500e+01 -2.910000e+01 5.000000e-01
      vertex   -7.500000e-02 -2.910000e+01 5.000000e-01
    endloop
  endfacet
  facet normal 0.000000e+00 1.776357e-16 -1.000000e+00
    outer loop
      vertex   1.777500e+01 -2.785000e+01 5.000000e-01
      vertex   -7.500000e-02 -2.910000e+01 5.000000e-01
      vertex   2.750000e-01 -2.785000e+01 5.000000e-01
    endloop
  endfacet
  facet normal -1.274711e-17 1.812049e-16 -1.000000e+00
    outer loop
      vertex   2.750000e-01 -2.785000e+01 5.000000e-01
      vertex   -7.500000e-02 -2.910000e+01 5.000000e-01
      vertex   -7.500000e-02 -2.787462e+01 5.000000e-01
    endloop
  endfacet
  facet normal 0.000000e+00 0.000000e+00 -1.000000e+00
    outer loop
      vertex   2.750000e-01 -2.785000e+01 5.000000e-01
      vertex   -7.500000e-02 -2.787462e+01 5.000000e-01
      vertex   4.123962e-02 -2.786095e+01 5.000000e-01
    endloop
  endfacet
  facet normal -1.687271e-17 1.551202e-16 -1.000000e+00
    outer loop
      vertex   1.849668e+01 -2.782393e+01 5.000000e-01
      vertex   1.921459e+01 -2.774584e+01 5.000000e-01
      vertex   1.992500e+01 -2.910000e+01 5.000000e-01
    endloop
  endfacet
  facet normal -2.731904e-17 1.496399e-16 -1.000000e+00
    outer loop
      vertex   1.992500e+01 -2.910000e+01 5.000000e-01
      vertex   1.921459e+01 -2.774584e+01 5.000000e-01
      vertex   1.992500e+01 -2.761614e+01 5.000000e-01
    endloop
  endfacet
  facet normal 0.000000e+00 0.000000e+00 -1.000000e+00
    outer loop
      vertex   4.123962e-02 -2.786095e+01 5.000000e-01
      vertex   1.579916e-01 -2.785274e+01 5.000000e-01
      vertex   2.750000e-01 -2.785000e+01 5.000000e-01
    endloop
  endfacet
  facet normal 0.000000e+00 0.000000e+00 1.000000e+00
    outer loop
      vertex   1.992500e+01 -2.658942e+01 -9.500000e+00
      vertex   1.921610e+01 -2.673388e+01 -9.500000e+00
      vertex   1.992500e+01 -2.910000e+01 -9.500000e+00
    endloop
  endfacet
  facet normal 0.000000e+00 0.000000e+00 1.000000e+00
    outer loop
      vertex   1.992500e+01 -2.910000e+01 -9.500000e+00
      vertex   1.921610e+01 -2.673388e+01 -9.500000e+00
      vertex   1.849788e+01 -2.682092e+01 -9.500000e+00
    endloop
  endfacet
  facet normal 0.000000e+00 0.000000e+00 1.000000e+00
    outer loop
      vertex   1.992500e+01 -2.910000e+01 -9.500000e+00
      vertex   1.849788e+01 -2.682092e+01 -9.500000e+00
      vertex   1.777500e+01 -2.685000e+01 -9.500000e+00
    endloop
  endfacet
  facet normal -0.000000e+00 0.000000e+00 1.000000e+00
    outer loop
      vertex   -7.500000e-02 -2.685000e+01 -9.500000e+00
      vertex   -7.500000e-02 -2.910000e+01 -9.500000e+00
      vertex   1.777500e+01 -2.685000e+01 -9.500000e+00
    endloop
  endfacet
  facet normal 0.000000e+00 0.000000e+00 1.000000e+00
    outer loop
      vertex   1.777500e+01 -2.685000e+01 -9.500000e+00
      vertex   -7.500000e-02 -2.910000e+01 -9.500000e+00
      vertex   1.992500e+01 -2.910000e+01 -9.500000e+00
    endloop
  endfacet
  facet normal 0.000000e+00 -1.000000e+00 0.000000e+00
    outer loop
      vertex   -7.500000e-02 -2.910000e+01 5.000000e-01
      vertex   1.992500e+01 -2.910000e+01 5.000000e-01
      vertex   -7.500000e-02 -2.910000e+01 3.500000e+00
    endloop
  endfacet
  facet normal 0.000000e+00 -1.000000e+00 0.000000e+00
    outer loop
      vertex   -7.500000e-02 -2.910000e+01 3.500000e+00
      vertex   1.992500e+01 -2.910000e+01 5.000000e-01
      vertex   2.562500e+01 -2.910000e+01 3.500000e+00
    endloop
  endfacet
  facet normal 0.000000e+00 -1.000000e+00 -0.000000e+00
    outer loop
      vertex   2.562500e+01 -2.910000e+01 3.500000e+00
      vertex   1.992500e+01 -2.910000e+01 5.000000e-01
      vertex   2.562500e+01 -2.910000e+01 -1.250000e+01
    endloop
  endfacet
  facet normal 0.000000e+00 -1.000000e+00 0.000000e+00
    outer loop
      vertex   2.562500e+01 -2.910000e+01 -1.250000e+01
      vertex   1.992500e+01 -2.910000e+01 5.000000e-01
      vertex   1.992500e+01 -2.910000e+01 -9.500000e+00
    endloop
  endfacet
  facet normal 0.000000e+00 -1.000000e+00 0.000000e+00
    outer loop
      vertex   2.562500e+01 -2.910000e+01 -1.250000e+01
      vertex   1.992500e+01 -2.910000e+01 -9.500000e+00
      vertex   -7.500000e-02 -2.910000e+01 -1.250000e+01
    endloop
  endfacet
  facet normal 0.000000e+00 -1.000000e+00 0.000000e+00
    outer loop
      vertex   -7.500000e-02 -2.910000e+01 -1.250000e+01
      vertex   1.992500e+01 -2.910000e+01 -9.500000e+00
      vertex   -7.500000e-02 -2.910000e+01 -9.500000e+00
    endloop
  endfacet
  facet normal -4.019275e-02 9.991919e-01 -7.139666e-17
    outer loop
      vertex   1.777500e+01 -2.685000e+01 -9.500000e+00
      vertex   1.849788e+01 -2.682092e+01 -9.500000e+00
      vertex   1.777500e+01 -2.685000e+01 -1.150000e+01
    endloop
  endfacet
  facet normal -5.233545e-02 9.986199e-01 4.397206e-03
    outer loop
      vertex   1.777500e+01 -2.685000e+01 -1.150000e+01
      vertex   1.849788e+01 -2.682092e+01 -9.500000e+00
      vertex   1.871576e+01 -2.680070e+01 -1.150000e+01
    endloop
  endfacet
  facet normal -1.203180e-01 9.927307e-01 -3.068068e-03
    outer loop
      vertex   1.871576e+01 -2.680070e+01 -1.150000e+01
      vertex   1.849788e+01 -2.682092e+01 -9.500000e+00
      vertex   1.921610e+01 -2.673388e+01 -9.500000e+00
    endloop
  endfacet
  facet normal -1.564315e-01 9.876697e-01 6.135596e-03
    outer loop
      vertex   1.871576e+01 -2.680070e+01 -1.150000e+01
      vertex   1.921610e+01 -2.673388e+01 -9.500000e+00
      vertex   1.964621e+01 -2.665333e+01 -1.150000e+01
    endloop
  endfacet
  facet normal -1.996656e-01 9.798579e-01 -3.476648e-03
    outer loop
      vertex   1.964621e+01 -2.665333e+01 -1.150000e+01
      vertex   1.921610e+01 -2.673388e+01 -9.500000e+00
      vertex   1.992500e+01 -2.658942e+01 -9.500000e+00
    endloop
  endfacet
  facet normal -2.588155e-01 9.659127e-01 5.214290e-03
    outer loop
      vertex   1.964621e+01 -2.665333e+01 -1.150000e+01
      vertex   1.992500e+01 -2.658942e+01 -9.500000e+00
      vertex   2.055615e+01 -2.640951e+01 -1.150000e+01
    endloop
  endfacet
  facet normal -2.741352e-01 9.616912e-01 -1.827586e-18
    outer loop
      vertex   2.055615e+01 -2.640951e+01 -1.150000e+01
      vertex   1.992500e+01 -2.658942e+01 -9.500000e+00
      vertex   1.992500e+01 -2.658942e+01 -4.000000e+00
    endloop
  endfacet
  facet normal -2.882116e-01 9.575659e-01 -1.283542e-03
    outer loop
      vertex   2.055615e+01 -2.640951e+01 -1.150000e+01
      vertex   1.992500e+01 -2.658942e+01 -4.000000e+00
      vertex   2.080603e+01 -2.632425e+01 -4.000000e+00
    endloop
  endfacet
  facet normal -3.583676e-01 9.335796e-01 1.326544e-03
    outer loop
      vertex   2.055615e+01 -2.640951e+01 -1.150000e+01
      vertex   2.080603e+01 -2.632425e+01 -4.000000e+00
      vertex   2.143563e+01 -2.607191e+01 -1.150000e+01
    endloop
  endfacet
  facet normal -3.844700e-01 9.231367e-01 -1.216006e-03
    outer loop
      vertex   2.143563e+01 -2.607191e+01 -1.150000e+01
      vertex   2.080603e+01 -2.632425e+01 -4.000000e+00
      vertex   2.165539e+01 -2.597050e+01 -4.000000e+00
    endloop
  endfacet
  facet normal -4.539901e-01 8.910058e-01 1.255423e-03
    outer loop
      vertex   2.143563e+01 -2.607191e+01 -1.150000e+01
      vertex   2.165539e+01 -2.597050e+01 -4.000000e+00
      vertex   2.227500e+01 -2.564423e+01 -1.150000e+01
    endloop
  endfacet
  facet normal -4.767103e-01 8.790597e-01 -1.141300e-03
    outer loop
      vertex   2.227500e+01 -2.564423e+01 -1.150000e+01
      vertex   2.165539e+01 -2.597050e+01 -4.000000e+00
      vertex   2.246419e+01 -2.553190e+01 -4.000000e+00
    endloop
  endfacet
  facet normal -5.446387e-01 8.386700e-01 1.177132e-03
    outer loop
      vertex   2.227500e+01 -2.564423e+01 -1.150000e+01
      vertex   2.246419e+01 -2.553190e+01 -4.000000e+00
      vertex   2.306507e+01 -2.513115e+01 -1.150000e+01
    endloop
  endfacet
  facet normal -5.639684e-01 8.257957e-01 -1.059424e-03
    outer loop
      vertex   2.306507e+01 -2.513115e+01 -1.150000e+01
      vertex   2.246419e+01 -2.553190e+01 -4.000000e+00
      vertex   2.322398e+01 -2.501300e+01 -4.000000e+00
    endloop
  endfacet
  facet normal -6.293200e-01 7.771455e-01 1.091672e-03
    outer loop
      vertex   2.306507e+01 -2.513115e+01 -1.150000e+01
      vertex   2.322398e+01 -2.501300e+01 -4.000000e+00
      vertex   2.379718e+01 -2.453830e+01 -1.150000e+01
    endloop
  endfacet
  facet normal -6.453325e-01 7.639012e-01 -9.703791e-04
    outer loop
      vertex   2.379718e+01 -2.453830e+01 -1.150000e+01
      vertex   2.322398e+01 -2.501300e+01 -4.000000e+00
      vertex   2.392683e+01 -2.441925e+01 -4.000000e+00
    endloop
  endfacet
  facet normal -7.071064e-01 7.071064e-01 9.990424e-04
    outer loop
      vertex   2.379718e+01 -2.453830e+01 -1.150000e+01
      vertex   2.392683e+01 -2.441925e+01 -4.000000e+00
      vertex   2.446330e+01 -2.387218e+01 -1.150000e+01
    endloop
  endfacet
  facet normal -7.199522e-01 6.940231e-01 -8.741654e-04
    outer loop
      vertex   2.446330e+01 -2.387218e+01 -1.150000e+01
      vertex   2.392683e+01 -2.441925e+01 -4.000000e+00
      vertex   2.456538e+01 -2.375684e+01 -4.000000e+00
    endloop
  endfacet
  facet normal -7.771456e-01 6.293201e-01 8.992445e-04
    outer loop
      vertex   2.446330e+01 -2.387218e+01 -1.150000e+01
      vertex   2.456538e+01 -2.375684e+01 -4.000000e+00
      vertex   2.505615e+01 -2.314007e+01 -1.150000e+01
    endloop
  endfacet
  facet normal -7.870477e-01 6.168917e-01 -7.707836e-04
    outer loop
      vertex   2.505615e+01 -2.314007e+01 -1.150000e+01
      vertex   2.456538e+01 -2.375684e+01 -4.000000e+00
      vertex   2.513296e+01 -2.303270e+01 -4.000000e+00
    endloop
  endfacet
  facet normal -8.386703e-01 5.446389e-01 7.922789e-04
    outer loop
      vertex   2.505615e+01 -2.314007e+01 -1.150000e+01
      vertex   2.513296e+01 -2.303270e+01 -4.000000e+00
      vertex   2.556923e+01 -2.235000e+01 -1.150000e+01
    endloop
  endfacet
  facet normal -8.459177e-01 5.333131e-01 -6.602343e-04
    outer loop
      vertex   2.556923e+01 -2.235000e+01 -1.150000e+01
      vertex   2.513296e+01 -2.303270e+01 -4.000000e+00
      vertex   2.562365e+01 -2.225439e+01 -4.000000e+00
    endloop
  endfacet
  facet normal -8.910063e-01 4.539904e-01 6.781461e-04
    outer loop
      vertex   2.556923e+01 -2.235000e+01 -1.150000e+01
      vertex   2.562365e+01 -2.225439e+01 -4.000000e+00
      vertex   2.599691e+01 -2.151063e+01 -1.150000e+01
    endloop
  endfacet
  facet normal -8.959469e-01 4.441608e-01 -5.425182e-04
    outer loop
      vertex   2.599691e+01 -2.151063e+01 -1.150000e+01
      vertex   2.562365e+01 -2.225439e+01 -4.000000e+00
      vertex   2.603231e+01 -2.143005e+01 -4.000000e+00
    endloop
  endfacet
  facet normal -9.335803e-01 3.583679e-01 5.568469e-04
    outer loop
      vertex   2.599691e+01 -2.151063e+01 -1.150000e+01
      vertex   2.603231e+01 -2.143005e+01 -4.000000e+00
      vertex   2.633451e+01 -2.063115e+01 -1.150000e+01
    endloop
  endfacet
  facet normal -9.366126e-01 3.503666e-01 -4.176359e-04
    outer loop
      vertex   2.633451e+01 -2.063115e+01 -1.150000e+01
      vertex   2.603231e+01 -2.143005e+01 -4.000000e+00
      vertex   2.635468e+01 -2.056830e+01 -4.000000e+00
    endloop
  endfacet
  facet normal -9.659257e-01 2.588190e-01 4.283818e-04
    outer loop
      vertex   2.633451e+01 -2.063115e+01 -1.150000e+01
      vertex   2.635468e+01 -2.056830e+01 -4.000000e+00
      vertex   2.657833e+01 -1.972121e+01 -1.150000e+01
    endloop
  endfacet
  facet normal -9.674896e-01 2.529106e-01 -2.855882e-04
    outer loop
      vertex   2.657833e+01 -1.972121e+01 -1.150000e+01
      vertex   2.635468e+01 -2.056830e+01 -4.000000e+00
      vertex   2.658737e+01 -1.967814e+01 -4.000000e+00
    endloop
  endfacet
  facet normal -9.876883e-01 1.564345e-01 2.927518e-04
    outer loop
      vertex   2.657833e+01 -1.972121e+01 -1.150000e+01
      vertex   2.658737e+01 -1.967814e+01 -4.000000e+00
      vertex   2.672570e+01 -1.879076e+01 -1.150000e+01
    endloop
  endfacet
  facet normal -9.882554e-01 1.528114e-01 -1.463760e-04
    outer loop
      vertex   2.672570e+01 -1.879076e+01 -1.150000e+01
      vertex   2.658737e+01 -1.967814e+01 -4.000000e+00
      vertex   2.672797e+01 -1.876887e+01 -4.000000e+00
    endloop
  endfacet
  facet normal -9.986295e-01 5.233596e-02 1.499575e-04
    outer loop
      vertex   2.672570e+01 -1.879076e+01 -1.150000e+01
      vertex   2.672797e+01 -1.876887e+01 -4.000000e+00
      vertex   2.677500e+01 -1.785000e+01 -1.150000e+01
    endloop
  endfacet
  facet normal -9.986928e-01 5.111521e-02 -4.730759e-16
    outer loop
      vertex   2.677500e+01 -1.785000e+01 -1.150000e+01
      vertex   2.672797e+01 -1.876887e+01 -4.000000e+00
      vertex   2.677500e+01 -1.785000e+01 -4.000000e+00
    endloop
  endfacet
  facet normal 2.027481e-01 -6.736186e-01 7.107258e-01
    outer loop
      vertex   2.080603e+01 -2.632425e+01 -4.000000e+00
      vertex   1.992500e+01 -2.658942e+01 -4.000000e+00
      vertex   2.081973e+01 -2.737521e+01 -5.000000e+00
    endloop
  endfacet
  facet normal 1.856293e-01 -6.850825e-01 7.044173e-01
    outer loop
      vertex   2.081973e+01 -2.737521e+01 -5.000000e+00
      vertex   1.992500e+01 -2.658942e+01 -4.000000e+00
      vertex   1.992500e+01 -2.708986e+01 -4.486699e+00
    endloop
  endfacet
  facet normal 1.847782e-01 -6.861987e-01 7.035541e-01
    outer loop
      vertex   2.081973e+01 -2.737521e+01 -5.000000e+00
      vertex   1.992500e+01 -2.708986e+01 -4.486699e+00
      vertex   1.992500e+01 -2.761614e+01 -5.000000e+00
    endloop
  endfacet
  facet normal 2.475114e-01 -6.661799e-01 7.035214e-01
    outer loop
      vertex   2.081973e+01 -2.737521e+01 -5.000000e+00
      vertex   2.168833e+01 -2.705249e+01 -5.000000e+00
      vertex   2.080603e+01 -2.632425e+01 -4.000000e+00
    endloop
  endfacet
  facet normal 2.703045e-01 -6.490181e-01 7.111336e-01
    outer loop
      vertex   2.080603e+01 -2.632425e+01 -4.000000e+00
      vertex   2.168833e+01 -2.705249e+01 -5.000000e+00
      vertex   2.165539e+01 -2.597050e+01 -4.000000e+00
    endloop
  endfacet
  facet normal 3.082101e-01 -6.406157e-01 7.032909e-01
    outer loop
      vertex   2.165539e+01 -2.597050e+01 -4.000000e+00
      vertex   2.168833e+01 -2.705249e+01 -5.000000e+00
      vertex   2.252332e+01 -2.665077e+01 -5.000000e+00
    endloop
  endfacet
  facet normal 3.351120e-01 -6.179508e-01 7.112220e-01
    outer loop
      vertex   2.165539e+01 -2.597050e+01 -4.000000e+00
      vertex   2.252332e+01 -2.665077e+01 -5.000000e+00
      vertex   2.246419e+01 -2.553190e+01 -4.000000e+00
    endloop
  endfacet
  facet normal 3.661493e-01 -6.092812e-01 7.033571e-01
    outer loop
      vertex   2.246419e+01 -2.553190e+01 -4.000000e+00
      vertex   2.252332e+01 -2.665077e+01 -5.000000e+00
      vertex   2.331754e+01 -2.617347e+01 -5.000000e+00
    endloop
  endfacet
  facet normal 3.965833e-01 -5.807005e-01 7.109913e-01
    outer loop
      vertex   2.246419e+01 -2.553190e+01 -4.000000e+00
      vertex   2.331754e+01 -2.617347e+01 -5.000000e+00
      vertex   2.322398e+01 -2.501300e+01 -4.000000e+00
    endloop
  endfacet
  facet normal 4.207605e-01 -5.724851e-01 7.037197e-01
    outer loop
      vertex   2.322398e+01 -2.501300e+01 -4.000000e+00
      vertex   2.331754e+01 -2.617347e+01 -5.000000e+00
      vertex   2.406418e+01 -2.562472e+01 -5.000000e+00
    endloop
  endfacet
  facet normal 4.541575e-01 -5.376011e-01 7.104407e-01
    outer loop
      vertex   2.322398e+01 -2.501300e+01 -4.000000e+00
      vertex   2.406418e+01 -2.562472e+01 -5.000000e+00
      vertex   2.392683e+01 -2.441925e+01 -4.000000e+00
    endloop
  endfacet
  facet normal 4.715109e-01 -5.305940e-01 7.043774e-01
    outer loop
      vertex   2.392683e+01 -2.441925e+01 -4.000000e+00
      vertex   2.406418e+01 -2.562472e+01 -5.000000e+00
      vertex   2.475681e+01 -2.500921e+01 -5.000000e+00
    endloop
  endfacet
  facet normal 5.073052e-01 -4.890346e-01 7.095679e-01
    outer loop
      vertex   2.392683e+01 -2.441925e+01 -4.000000e+00
      vertex   2.475681e+01 -2.500921e+01 -5.000000e+00
      vertex   2.456538e+01 -2.375684e+01 -4.000000e+00
    endloop
  endfacet
  facet normal 5.179091e-01 -4.840279e-01 7.053277e-01
    outer loop
      vertex   2.456538e+01 -2.375684e+01 -4.000000e+00
      vertex   2.475681e+01 -2.500921e+01 -5.000000e+00
      vertex   2.538951e+01 -2.433223e+01 -5.000000e+00
    endloop
  endfacet
  facet normal 5.555314e-01 -4.354281e-01 7.083694e-01
    outer loop
      vertex   2.456538e+01 -2.375684e+01 -4.000000e+00
      vertex   2.538951e+01 -2.433223e+01 -5.000000e+00
      vertex   2.513296e+01 -2.303270e+01 -4.000000e+00
    endloop
  endfacet
  facet normal 5.595112e-01 -4.332555e-01 7.065670e-01
    outer loop
      vertex   2.513296e+01 -2.303270e+01 -4.000000e+00
      vertex   2.538951e+01 -2.433223e+01 -5.000000e+00
      vertex   2.595682e+01 -2.359960e+01 -5.000000e+00
    endloop
  endfacet
  facet normal 5.805624e-01 -4.036412e-01 7.071217e-01
    outer loop
      vertex   2.513296e+01 -2.303270e+01 -4.000000e+00
      vertex   2.595682e+01 -2.359960e+01 -5.000000e+00
      vertex   2.601566e+01 -2.352410e+01 -5.005214e+00
    endloop
  endfacet
  facet normal 5.841324e-01 -3.978862e-01 7.074432e-01
    outer loop
      vertex   2.601566e+01 -2.352410e+01 -5.005214e+00
      vertex   2.608182e+01 -2.345413e+01 -5.020488e+00
      vertex   2.513296e+01 -2.303270e+01 -4.000000e+00
    endloop
  endfacet
  facet normal 5.890522e-01 -3.889558e-01 7.083297e-01
    outer loop
      vertex   2.513296e+01 -2.303270e+01 -4.000000e+00
      vertex   2.608182e+01 -2.345413e+01 -5.020488e+00
      vertex   2.623010e+01 -2.333608e+01 -5.078976e+00
    endloop
  endfacet
  facet normal 5.952880e-01 -3.748666e-01 7.107090e-01
    outer loop
      vertex   2.513296e+01 -2.303270e+01 -4.000000e+00
      vertex   2.623010e+01 -2.333608e+01 -5.078976e+00
      vertex   2.638861e+01 -2.325238e+01 -5.167599e+00
    endloop
  endfacet
  facet normal 5.951561e-01 -3.752192e-01 7.106334e-01
    outer loop
      vertex   2.513296e+01 -2.303270e+01 -4.000000e+00
      vertex   2.638861e+01 -2.325238e+01 -5.167599e+00
      vertex   2.562365e+01 -2.225439e+01 -4.000000e+00
    endloop
  endfacet
  facet normal 6.013623e-01 -3.684754e-01 7.089353e-01
    outer loop
      vertex   2.562365e+01 -2.225439e+01 -4.000000e+00
      vertex   2.638861e+01 -2.325238e+01 -5.167599e+00
      vertex   2.654320e+01 -2.320182e+01 -5.272445e+00
    endloop
  endfacet
  facet normal 6.056533e-01 -3.631171e-01 7.080466e-01
    outer loop
      vertex   2.562365e+01 -2.225439e+01 -4.000000e+00
      vertex   2.654320e+01 -2.320182e+01 -5.272445e+00
      vertex   2.669715e+01 -2.317772e+01 -5.391780e+00
    endloop
  endfacet
  facet normal 6.088979e-01 -3.586114e-01 7.075601e-01
    outer loop
      vertex   2.669715e+01 -2.317772e+01 -5.391780e+00
      vertex   2.685015e+01 -2.317741e+01 -5.523289e+00
      vertex   2.562365e+01 -2.225439e+01 -4.000000e+00
    endloop
  endfacet
  facet normal 6.116092e-01 -3.545375e-01 7.072746e-01
    outer loop
      vertex   2.562365e+01 -2.225439e+01 -4.000000e+00
      vertex   2.685015e+01 -2.317741e+01 -5.523289e+00
      vertex   2.713643e+01 -2.324234e+01 -5.803389e+00
    endloop
  endfacet
  facet normal 6.144171e-01 -3.499584e-01 7.071215e-01
    outer loop
      vertex   2.562365e+01 -2.225439e+01 -4.000000e+00
      vertex   2.713643e+01 -2.324234e+01 -5.803389e+00
      vertex   2.737727e+01 -2.337646e+01 -6.079038e+00
    endloop
  endfacet
  facet normal 6.173709e-01 -3.450471e-01 7.069623e-01
    outer loop
      vertex   2.562365e+01 -2.225439e+01 -4.000000e+00
      vertex   2.737727e+01 -2.337646e+01 -6.079038e+00
      vertex   2.777500e+01 -2.326767e+01 -6.373262e+00
    endloop
  endfacet
  facet normal 6.172318e-01 -3.476156e-01 7.058245e-01
    outer loop
      vertex   2.777500e+01 -2.326767e+01 -6.373262e+00
      vertex   2.737727e+01 -2.337646e+01 -6.079038e+00
      vertex   2.758177e+01 -2.358369e+01 -6.359928e+00
    endloop
  endfacet
  facet normal 6.204419e-01 -3.497419e-01 7.019490e-01
    outer loop
      vertex   2.777500e+01 -2.326767e+01 -6.373262e+00
      vertex   2.758177e+01 -2.358369e+01 -6.359928e+00
      vertex   2.772234e+01 -2.385464e+01 -6.619173e+00
    endloop
  endfacet
  facet normal 6.381827e-01 -3.454935e-01 6.880095e-01
    outer loop
      vertex   2.772234e+01 -2.385464e+01 -6.619173e+00
      vertex   2.776071e+01 -2.400649e+01 -6.731019e+00
      vertex   2.777500e+01 -2.326767e+01 -6.373262e+00
    endloop
  endfacet
  facet normal 7.089364e-01 -3.184304e-01 6.292943e-01
    outer loop
      vertex   2.777500e+01 -2.326767e+01 -6.373262e+00
      vertex   2.776071e+01 -2.400649e+01 -6.731019e+00
      vertex   2.777500e+01 -2.417456e+01 -6.832160e+00
    endloop
  endfacet
  facet normal 6.319988e-01 -3.157667e-01 7.077209e-01
    outer loop
      vertex   2.777500e+01 -2.326767e+01 -6.373262e+00
      vertex   2.777500e+01 -2.241063e+01 -5.990877e+00
      vertex   2.562365e+01 -2.225439e+01 -4.000000e+00
    endloop
  endfacet
  facet normal 6.325742e-01 -3.135952e-01 7.081723e-01
    outer loop
      vertex   2.562365e+01 -2.225439e+01 -4.000000e+00
      vertex   2.777500e+01 -2.241063e+01 -5.990877e+00
      vertex   2.603231e+01 -2.143005e+01 -4.000000e+00
    endloop
  endfacet
  facet normal 6.543807e-01 -2.706059e-01 7.060866e-01
    outer loop
      vertex   2.603231e+01 -2.143005e+01 -4.000000e+00
      vertex   2.777500e+01 -2.241063e+01 -5.990877e+00
      vertex   2.777500e+01 -2.159385e+01 -5.677847e+00
    endloop
  endfacet
  facet normal 6.599673e-01 -2.468795e-01 7.095728e-01
    outer loop
      vertex   2.603231e+01 -2.143005e+01 -4.000000e+00
      vertex   2.777500e+01 -2.159385e+01 -5.677847e+00
      vertex   2.635468e+01 -2.056830e+01 -4.000000e+00
    endloop
  endfacet
  facet normal 6.719678e-01 -2.241562e-01 7.058422e-01
    outer loop
      vertex   2.635468e+01 -2.056830e+01 -4.000000e+00
      vertex   2.777500e+01 -2.159385e+01 -5.677847e+00
      vertex   2.777500e+01 -2.080898e+01 -5.428593e+00
    endloop
  endfacet
  facet normal 6.829158e-01 -1.768727e-01 7.087609e-01
    outer loop
      vertex   2.635468e+01 -2.056830e+01 -4.000000e+00
      vertex   2.777500e+01 -2.080898e+01 -5.428593e+00
      vertex   2.777500e+01 -2.004862e+01 -5.238844e+00
    endloop
  endfacet
  facet normal 6.830503e-01 -1.785556e-01 7.082092e-01
    outer loop
      vertex   2.635468e+01 -2.056830e+01 -4.000000e+00
      vertex   2.777500e+01 -2.004862e+01 -5.238844e+00
      vertex   2.658737e+01 -1.967814e+01 -4.000000e+00
    endloop
  endfacet
  facet normal 6.968244e-01 -1.268173e-01 7.059413e-01
    outer loop
      vertex   2.658737e+01 -1.967814e+01 -4.000000e+00
      vertex   2.777500e+01 -2.004862e+01 -5.238844e+00
      vertex   2.777500e+01 -1.930609e+01 -5.105453e+00
    endloop
  endfacet
  facet normal 6.952170e-01 -1.074996e-01 7.107160e-01
    outer loop
      vertex   2.658737e+01 -1.967814e+01 -4.000000e+00
      vertex   2.777500e+01 -1.930609e+01 -5.105453e+00
      vertex   2.672797e+01 -1.876887e+01 -4.000000e+00
    endloop
  endfacet
  facet normal 7.051139e-01 -7.638298e-02 7.049681e-01
    outer loop
      vertex   2.672797e+01 -1.876887e+01 -4.000000e+00
      vertex   2.777500e+01 -1.930609e+01 -5.105453e+00
      vertex   2.777500e+01 -1.857518e+01 -5.026260e+00
    endloop
  endfacet
  facet normal 7.029212e-01 -3.597700e-02 7.103572e-01
    outer loop
      vertex   2.672797e+01 -1.876887e+01 -4.000000e+00
      vertex   2.777500e+01 -1.857518e+01 -5.026260e+00
      vertex   2.677500e+01 -1.785000e+01 -4.000000e+00
    endloop
  endfacet
  facet normal 7.068751e-01 -2.559682e-02 7.068751e-01
    outer loop
      vertex   2.677500e+01 -1.785000e+01 -4.000000e+00
      vertex   2.777500e+01 -1.857518e+01 -5.026260e+00
      vertex   2.777500e+01 -1.785000e+01 -5.000000e+00
    endloop
  endfacet
  facet normal -2.600158e-01 9.656040e-01 8.614812e-04
    outer loop
      vertex   2.081973e+01 -2.737521e+01 -5.000000e+00
      vertex   1.992500e+01 -2.761614e+01 -5.000000e+00
      vertex   2.061029e+01 -2.743964e+01 4.000000e+00
    endloop
  endfacet
  facet normal -2.494208e-01 9.683952e-01 9.481174e-19
    outer loop
      vertex   2.061029e+01 -2.743964e+01 4.000000e+00
      vertex   1.992500e+01 -2.761614e+01 -5.000000e+00
      vertex   1.992500e+01 -2.761614e+01 5.000000e-01
    endloop
  endfacet
  facet normal -2.372748e-01 9.714393e-01 -2.531677e-03
    outer loop
      vertex   2.061029e+01 -2.743964e+01 4.000000e+00
      vertex   1.992500e+01 -2.761614e+01 5.000000e-01
      vertex   1.967977e+01 -2.766692e+01 4.000000e+00
    endloop
  endfacet
  facet normal -1.795965e-01 9.837389e-01 1.687984e-03
    outer loop
      vertex   1.967977e+01 -2.766692e+01 4.000000e+00
      vertex   1.992500e+01 -2.761614e+01 5.000000e-01
      vertex   1.921459e+01 -2.774584e+01 5.000000e-01
    endloop
  endfacet
  facet normal -1.432410e-01 9.896824e-01 -3.277986e-03
    outer loop
      vertex   1.967977e+01 -2.766692e+01 4.000000e+00
      vertex   1.921459e+01 -2.774584e+01 5.000000e-01
      vertex   1.873178e+01 -2.780412e+01 4.000000e+00
    endloop
  endfacet
  facet normal -1.081339e-01 9.941350e-01 1.639114e-03
    outer loop
      vertex   1.873178e+01 -2.780412e+01 4.000000e+00
      vertex   1.921459e+01 -2.774584e+01 5.000000e-01
      vertex   1.849668e+01 -2.782393e+01 5.000000e-01
    endloop
  endfacet
  facet normal -4.789361e-02 9.988495e-01 -2.433945e-03
    outer loop
      vertex   1.873178e+01 -2.780412e+01 4.000000e+00
      vertex   1.849668e+01 -2.782393e+01 5.000000e-01
      vertex   1.777500e+01 -2.785000e+01 4.000000e+00
    endloop
  endfacet
  facet normal -3.610745e-02 9.993479e-01 0.000000e+00
    outer loop
      vertex   1.777500e+01 -2.785000e+01 4.000000e+00
      vertex   1.849668e+01 -2.782393e+01 5.000000e-01
      vertex   1.777500e+01 -2.785000e+01 5.000000e-01
    endloop
  endfacet
  facet normal -3.291322e-01 9.442834e-01 -8.995652e-04
    outer loop
      vertex   2.061029e+01 -2.743964e+01 4.000000e+00
      vertex   2.151480e+01 -2.712437e+01 4.000000e+00
      vertex   2.081973e+01 -2.737521e+01 -5.000000e+00
    endloop
  endfacet
  facet normal -3.482769e-01 9.373914e-01 7.710601e-04
    outer loop
      vertex   2.081973e+01 -2.737521e+01 -5.000000e+00
      vertex   2.151480e+01 -2.712437e+01 4.000000e+00
      vertex   2.168833e+01 -2.705249e+01 -5.000000e+00
    endloop
  endfacet
  facet normal -4.179690e-01 9.084609e-01 -8.037018e-04
    outer loop
      vertex   2.168833e+01 -2.705249e+01 -5.000000e+00
      vertex   2.151480e+01 -2.712437e+01 4.000000e+00
      vertex   2.238499e+01 -2.672401e+01 4.000000e+00
    endloop
  endfacet
  facet normal -4.335477e-01 9.011304e-01 6.697546e-04
    outer loop
      vertex   2.168833e+01 -2.705249e+01 -5.000000e+00
      vertex   2.238499e+01 -2.672401e+01 4.000000e+00
      vertex   2.252332e+01 -2.665077e+01 -5.000000e+00
    endloop
  endfacet
  facet normal -5.029709e-01 8.643030e-01 -6.969545e-04
    outer loop
      vertex   2.252332e+01 -2.665077e+01 -5.000000e+00
      vertex   2.238499e+01 -2.672401e+01 4.000000e+00
      vertex   2.321289e+01 -2.624222e+01 4.000000e+00
    endloop
  endfacet
  facet normal -5.150961e-01 8.571323e-01 5.575657e-04
    outer loop
      vertex   2.252332e+01 -2.665077e+01 -5.000000e+00
      vertex   2.321289e+01 -2.624222e+01 4.000000e+00
      vertex   2.331754e+01 -2.617347e+01 -5.000000e+00
    endloop
  endfacet
  facet normal -5.833580e-01 8.122150e-01 -5.793243e-04
    outer loop
      vertex   2.331754e+01 -2.617347e+01 -5.000000e+00
      vertex   2.321289e+01 -2.624222e+01 4.000000e+00
      vertex   2.399089e+01 -2.568344e+01 4.000000e+00
    endloop
  endfacet
  facet normal -5.922219e-01 8.057748e-01 4.344945e-04
    outer loop
      vertex   2.331754e+01 -2.617347e+01 -5.000000e+00
      vertex   2.399089e+01 -2.568344e+01 4.000000e+00
      vertex   2.406418e+01 -2.562472e+01 -5.000000e+00
    endloop
  endfacet
  facet normal -6.583925e-01 7.526746e-01 -4.508125e-04
    outer loop
      vertex   2.406418e+01 -2.562472e+01 -5.000000e+00
      vertex   2.399089e+01 -2.568344e+01 4.000000e+00
      vertex   2.471185e+01 -2.505278e+01 4.000000e+00
    endloop
  endfacet
  facet normal -6.642629e-01 7.474990e-01 3.005423e-04
    outer loop
      vertex   2.406418e+01 -2.562472e+01 -5.000000e+00
      vertex   2.471185e+01 -2.505278e+01 4.000000e+00
      vertex   2.475681e+01 -2.500921e+01 -5.000000e+00
    endloop
  endfacet
  facet normal -7.273862e-01 6.862282e-01 -3.114202e-04
    outer loop
      vertex   2.475681e+01 -2.500921e+01 -5.000000e+00
      vertex   2.471185e+01 -2.505278e+01 4.000000e+00
      vertex   2.536918e+01 -2.435604e+01 4.000000e+00
    endloop
  endfacet
  facet normal -7.306005e-01 6.828052e-01 1.557103e-04
    outer loop
      vertex   2.475681e+01 -2.500921e+01 -5.000000e+00
      vertex   2.536918e+01 -2.435604e+01 4.000000e+00
      vertex   2.538951e+01 -2.433223e+01 -5.000000e+00
    endloop
  endfacet
  facet normal -7.897059e-01 6.134856e-01 -1.611489e-04
    outer loop
      vertex   2.538951e+01 -2.433223e+01 -5.000000e+00
      vertex   2.536918e+01 -2.435604e+01 4.000000e+00
      vertex   2.595682e+01 -2.359960e+01 4.000000e+00
    endloop
  endfacet
  facet normal -7.906652e-01 6.122488e-01 1.109200e-18
    outer loop
      vertex   2.538951e+01 -2.433223e+01 -5.000000e+00
      vertex   2.595682e+01 -2.359960e+01 4.000000e+00
      vertex   2.595682e+01 -2.359960e+01 -5.000000e+00
    endloop
  endfacet
  facet normal 0.000000e+00 1.000000e+00 -0.000000e+00
    outer loop
      vertex   1.777500e+01 -2.785000e+01 5.000000e-01
      vertex   2.750000e-01 -2.785000e+01 5.000000e-01
      vertex   1.777500e+01 -2.785000e+01 4.000000e+00
    endloop
  endfacet
  facet normal 0.000000e+00 1.000000e+00 0.000000e+00
    outer loop
      vertex   1.777500e+01 -2.785000e+01 4.000000e+00
      vertex   2.750000e-01 -2.785000e+01 5.000000e-01
      vertex   2.750000e-01 -2.785000e+01 4.000000e+00
    endloop
  endfacet
  facet normal 0.000000e+00 -7.071068e-01 7.071068e-01
    outer loop
      vertex   1.627500e+01 -3.115000e+01 5.000000e+00
      vertex   9.275000e+00 -3.115000e+01 5.000000e+00
      vertex   1.627500e+01 -3.215000e+01 4.000000e+00
    endloop
  endfacet
  facet normal 0.000000e+00 -7.071068e-01 7.071068e-01
    outer loop
      vertex   1.627500e+01 -3.215000e+01 4.000000e+00
      vertex   9.275000e+00 -3.115000e+01 5.000000e+00
      vertex   9.275000e+00 -3.215000e+01 4.000000e+00
    endloop
  endfacet
  facet normal -7.942014e-02 -7.048732e-01 7.048732e-01
    outer loop
      vertex   1.627500e+01 -3.115000e+01 5.000000e+00
      vertex   1.627500e+01 -3.215000e+01 4.000000e+00
      vertex   1.672004e+01 -3.120014e+01 5.000000e+00
    endloop
  endfacet
  facet normal -9.230430e-02 -7.011207e-01 7.070429e-01
    outer loop
      vertex   1.672004e+01 -3.120014e+01 5.000000e+00
      vertex   1.627500e+01 -3.215000e+01 4.000000e+00
      vertex   1.653382e+01 -3.218407e+01 4.000000e+00
    endloop
  endfacet
  facet normal -2.346873e-01 -6.706977e-01 7.036238e-01
    outer loop
      vertex   1.672004e+01 -3.120014e+01 5.000000e+00
      vertex   1.653382e+01 -3.218407e+01 4.000000e+00
      vertex   1.714277e+01 -3.134806e+01 5.000000e+00
    endloop
  endfacet
  facet normal -2.698672e-01 -6.515172e-01 7.090113e-01
    outer loop
      vertex   1.714277e+01 -3.134806e+01 5.000000e+00
      vertex   1.653382e+01 -3.218407e+01 4.000000e+00
      vertex   1.677500e+01 -3.228397e+01 4.000000e+00
    endloop
  endfacet
  facet normal -3.784440e-01 -6.022902e-01 7.028703e-01
    outer loop
      vertex   1.714277e+01 -3.134806e+01 5.000000e+00
      vertex   1.677500e+01 -3.228397e+01 4.000000e+00
      vertex   1.752198e+01 -3.158634e+01 5.000000e+00
    endloop
  endfacet
  facet normal -4.286969e-01 -5.586887e-01 7.099901e-01
    outer loop
      vertex   1.752198e+01 -3.158634e+01 5.000000e+00
      vertex   1.677500e+01 -3.228397e+01 4.000000e+00
      vertex   1.698211e+01 -3.244289e+01 4.000000e+00
    endloop
  endfacet
  facet normal -5.031537e-01 -5.031537e-01 7.026184e-01
    outer loop
      vertex   1.752198e+01 -3.158634e+01 5.000000e+00
      vertex   1.698211e+01 -3.244289e+01 4.000000e+00
      vertex   1.783866e+01 -3.190302e+01 5.000000e+00
    endloop
  endfacet
  facet normal -5.586887e-01 -4.286969e-01 7.099901e-01
    outer loop
      vertex   1.783866e+01 -3.190302e+01 5.000000e+00
      vertex   1.698211e+01 -3.244289e+01 4.000000e+00
      vertex   1.714103e+01 -3.265000e+01 4.000000e+00
    endloop
  endfacet
  facet normal -6.022902e-01 -3.784440e-01 7.028703e-01
    outer loop
      vertex   1.783866e+01 -3.190302e+01 5.000000e+00
      vertex   1.714103e+01 -3.265000e+01 4.000000e+00
      vertex   1.807694e+01 -3.228223e+01 5.000000e+00
    endloop
  endfacet
  facet normal -6.515172e-01 -2.698672e-01 7.090113e-01
    outer loop
      vertex   1.807694e+01 -3.228223e+01 5.000000e+00
      vertex   1.714103e+01 -3.265000e+01 4.000000e+00
      vertex   1.724093e+01 -3.289118e+01 4.000000e+00
    endloop
  endfacet
  facet normal -6.706977e-01 -2.346873e-01 7.036238e-01
    outer loop
      vertex   1.807694e+01 -3.228223e+01 5.000000e+00
      vertex   1.724093e+01 -3.289118e+01 4.000000e+00
      vertex   1.822486e+01 -3.270496e+01 5.000000e+00
    endloop
  endfacet
  facet normal -7.011207e-01 -9.230430e-02 7.070429e-01
    outer loop
      vertex   1.822486e+01 -3.270496e+01 5.000000e+00
      vertex   1.724093e+01 -3.289118e+01 4.000000e+00
      vertex   1.727500e+01 -3.315000e+01 4.000000e+00
    endloop
  endfacet
  facet normal -7.048732e-01 -7.942014e-02 7.048732e-01
    outer loop
      vertex   1.822486e+01 -3.270496e+01 5.000000e+00
      vertex   1.727500e+01 -3.315000e+01 4.000000e+00
      vertex   1.827500e+01 -3.315000e+01 5.000000e+00
    endloop
  endfacet
  facet normal -7.071068e-01 0.000000e+00 7.071068e-01
    outer loop
      vertex   1.727500e+01 -3.615000e+01 4.000000e+00
      vertex   1.827500e+01 -3.615000e+01 5.000000e+00
      vertex   1.727500e+01 -3.315000e+01 4.000000e+00
    endloop
  endfacet
  facet normal -7.071068e-01 0.000000e+00 7.071068e-01
    outer loop
      vertex   1.727500e+01 -3.315000e+01 4.000000e+00
      vertex   1.827500e+01 -3.615000e+01 5.000000e+00
      vertex   1.827500e+01 -3.315000e+01 5.000000e+00
    endloop
  endfacet
  facet normal -7.048732e-01 7.942014e-02 7.048732e-01
    outer loop
      vertex   1.827500e+01 -3.615000e+01 5.000000e+00
      vertex   1.727500e+01 -3.615000e+01 4.000000e+00
      vertex   1.822486e+01 -3.659504e+01 5.000000e+00
    endloop
  endfacet
  facet normal -7.011207e-01 9.230430e-02 7.070429e-01
    outer loop
      vertex   1.822486e+01 -3.659504e+01 5.000000e+00
      vertex   1.727500e+01 -3.615000e+01 4.000000e+00
      vertex   1.724093e+01 -3.640882e+01 4.000000e+00
    endloop
  endfacet
  facet normal -6.706977e-01 2.346873e-01 7.036238e-01
    outer loop
      vertex   1.822486e+01 -3.659504e+01 5.000000e+00
      vertex   1.724093e+01 -3.640882e+01 4.000000e+00
      vertex   1.807694e+01 -3.701777e+01 5.000000e+00
    endloop
  endfacet
  facet normal -6.515172e-01 2.698672e-01 7.090113e-01
    outer loop
      vertex   1.807694e+01 -3.701777e+01 5.000000e+00
      vertex   1.724093e+01 -3.640882e+01 4.000000e+00
      vertex   1.714103e+01 -3.665000e+01 4.000000e+00
    endloop
  endfacet
  facet normal -6.022902e-01 3.784440e-01 7.028703e-01
    outer loop
      vertex   1.807694e+01 -3.701777e+01 5.000000e+00
      vertex   1.714103e+01 -3.665000e+01 4.000000e+00
      vertex   1.783866e+01 -3.739698e+01 5.000000e+00
    endloop
  endfacet
  facet normal -5.586887e-01 4.286969e-01 7.099901e-01
    outer loop
      vertex   1.783866e+01 -3.739698e+01 5.000000e+00
      vertex   1.714103e+01 -3.665000e+01 4.000000e+00
      vertex   1.698211e+01 -3.685711e+01 4.000000e+00
    endloop
  endfacet
  facet normal -5.031537e-01 5.031537e-01 7.026184e-01
    outer loop
      vertex   1.783866e+01 -3.739698e+01 5.000000e+00
      vertex   1.698211e+01 -3.685711e+01 4.000000e+00
      vertex   1.752198e+01 -3.771366e+01 5.000000e+00
    endloop
  endfacet
  facet normal -4.286969e-01 5.586887e-01 7.099901e-01
    outer loop
      vertex   1.752198e+01 -3.771366e+01 5.000000e+00
      vertex   1.698211e+01 -3.685711e+01 4.000000e+00
      vertex   1.677500e+01 -3.701603e+01 4.000000e+00
    endloop
  endfacet
  facet normal -3.784440e-01 6.022902e-01 7.028703e-01
    outer loop
      vertex   1.752198e+01 -3.771366e+01 5.000000e+00
      vertex   1.677500e+01 -3.701603e+01 4.000000e+00
      vertex   1.714277e+01 -3.795194e+01 5.000000e+00
    endloop
  endfacet
  facet normal -2.698672e-01 6.515172e-01 7.090113e-01
    outer loop
      vertex   1.714277e+01 -3.795194e+01 5.000000e+00
      vertex   1.677500e+01 -3.701603e+01 4.000000e+00
      vertex   1.653382e+01 -3.711593e+01 4.000000e+00
    endloop
  endfacet
  facet normal -2.346873e-01 6.706977e-01 7.036238e-01
    outer loop
      vertex   1.714277e+01 -3.795194e+01 5.000000e+00
      vertex   1.653382e+01 -3.711593e+01 4.000000e+00
      vertex   1.672004e+01 -3.809986e+01 5.000000e+00
    endloop
  endfacet
  facet normal -9.230430e-02 7.011207e-01 7.070429e-01
    outer loop
      vertex   1.672004e+01 -3.809986e+01 5.000000e+00
      vertex   1.653382e+01 -3.711593e+01 4.000000e+00
      vertex   1.627500e+01 -3.715000e+01 4.000000e+00
    endloop
  endfacet
  facet normal -7.942014e-02 7.048732e-01 7.048732e-01
    outer loop
      vertex   1.672004e+01 -3.809986e+01 5.000000e+00
      vertex   1.627500e+01 -3.715000e+01 4.000000e+00
      vertex   1.627500e+01 -3.815000e+01 5.000000e+00
    endloop
  endfacet
  facet normal -0.000000e+00 7.071068e-01 7.071068e-01
    outer loop
      vertex   9.275000e+00 -3.815000e+01 5.000000e+00
      vertex   1.627500e+01 -3.815000e+01 5.000000e+00
      vertex   9.275000e+00 -3.715000e+01 4.000000e+00
    endloop
  endfacet
  facet normal -0.000000e+00 7.071068e-01 7.071068e-01
    outer loop
      vertex   9.275000e+00 -3.715000e+01 4.000000e+00
      vertex   1.627500e+01 -3.815000e+01 5.000000e+00
      vertex   1.627500e+01 -3.715000e+01 4.000000e+00
    endloop
  endfacet
  facet normal 7.942014e-02 7.048732e-01 7.048732e-01
    outer loop
      vertex   9.275000e+00 -3.815000e+01 5.000000e+00
      vertex   9.275000e+00 -3.715000e+01 4.000000e+00
      vertex   8.829958e+00 -3.809986e+01 5.000000e+00
    endloop
  endfacet
  facet normal 9.230430e-02 7.011207e-01 7.070429e-01
    outer loop
      vertex   8.829958e+00 -3.809986e+01 5.000000e+00
      vertex   9.275000e+00 -3.715000e+01 4.000000e+00
      vertex   9.016181e+00 -3.711593e+01 4.000000e+00
    endloop
  endfacet
  facet normal 2.346873e-01 6.706977e-01 7.036238e-01
    outer loop
      vertex   8.829958e+00 -3.809986e+01 5.000000e+00
      vertex   9.016181e+00 -3.711593e+01 4.000000e+00
      vertex   8.407233e+00 -3.795194e+01 5.000000e+00
    endloop
  endfacet
  facet normal 2.698672e-01 6.515172e-01 7.090113e-01
    outer loop
      vertex   8.407233e+00 -3.795194e+01 5.000000e+00
      vertex   9.016181e+00 -3.711593e+01 4.000000e+00
      vertex   8.775000e+00 -3.701603e+01 4.000000e+00
    endloop
  endfacet
  facet normal 3.784440e-01 6.022902e-01 7.028703e-01
    outer loop
      vertex   8.407233e+00 -3.795194e+01 5.000000e+00
      vertex   8.775000e+00 -3.701603e+01 4.000000e+00
      vertex   8.028020e+00 -3.771366e+01 5.000000e+00
    endloop
  endfacet
  facet normal 4.286969e-01 5.586887e-01 7.099901e-01
    outer loop
      vertex   8.028020e+00 -3.771366e+01 5.000000e+00
      vertex   8.775000e+00 -3.701603e+01 4.000000e+00
      vertex   8.567893e+00 -3.685711e+01 4.000000e+00
    endloop
  endfacet
  facet normal 5.031537e-01 5.031537e-01 7.026184e-01
    outer loop
      vertex   8.028020e+00 -3.771366e+01 5.000000e+00
      vertex   8.567893e+00 -3.685711e+01 4.000000e+00
      vertex   7.711337e+00 -3.739698e+01 5.000000e+00
    endloop
  endfacet
  facet normal 5.586887e-01 4.286969e-01 7.099901e-01
    outer loop
      vertex   7.711337e+00 -3.739698e+01 5.000000e+00
      vertex   8.567893e+00 -3.685711e+01 4.000000e+00
      vertex   8.408975e+00 -3.665000e+01 4.000000e+00
    endloop
  endfacet
  facet normal 6.022902e-01 3.784440e-01 7.028703e-01
    outer loop
      vertex   7.711337e+00 -3.739698e+01 5.000000e+00
      vertex   8.408975e+00 -3.665000e+01 4.000000e+00
      vertex   7.473062e+00 -3.701777e+01 5.000000e+00
    endloop
  endfacet
  facet normal 6.515172e-01 2.698672e-01 7.090113e-01
    outer loop
      vertex   7.473062e+00 -3.701777e+01 5.000000e+00
      vertex   8.408975e+00 -3.665000e+01 4.000000e+00
      vertex   8.309074e+00 -3.640882e+01 4.000000e+00
    endloop
  endfacet
  facet normal 6.706977e-01 2.346873e-01 7.036238e-01
    outer loop
      vertex   7.473062e+00 -3.701777e+01 5.000000e+00
      vertex   8.309074e+00 -3.640882e+01 4.000000e+00
      vertex   7.325144e+00 -3.659504e+01 5.000000e+00
    endloop
  endfacet
  facet normal 7.011207e-01 9.230430e-02 7.070429e-01
    outer loop
      vertex   7.325144e+00 -3.659504e+01 5.000000e+00
      vertex   8.309074e+00 -3.640882e+01 4.000000e+00
      vertex   8.275000e+00 -3.615000e+01 4.000000e+00
    endloop
  endfacet
  facet normal 7.048732e-01 7.942014e-02 7.048732e-01
    outer loop
      vertex   7.325144e+00 -3.659504e+01 5.000000e+00
      vertex   8.275000e+00 -3.615000e+01 4.000000e+00
      vertex   7.275000e+00 -3.615000e+01 5.000000e+00
    endloop
  endfacet
  facet normal 7.071068e-01 0.000000e+00 7.071068e-01
    outer loop
      vertex   8.275000e+00 -3.315000e+01 4.000000e+00
      vertex   7.275000e+00 -3.315000e+01 5.000000e+00
      vertex   8.275000e+00 -3.615000e+01 4.000000e+00
    endloop
  endfacet
  facet normal 7.071068e-01 2.093457e-16 7.071068e-01
    outer loop
      vertex   8.275000e+00 -3.615000e+01 4.000000e+00
      vertex   7.275000e+00 -3.315000e+01 5.000000e+00
      vertex   7.275000e+00 -3.615000e+01 5.000000e+00
    endloop
  endfacet
  facet normal 7.048732e-01 -7.942014e-02 7.048732e-01
    outer loop
      vertex   7.275000e+00 -3.315000e+01 5.000000e+00
      vertex   8.275000e+00 -3.315000e+01 4.000000e+00
      vertex   7.325144e+00 -3.270496e+01 5.000000e+00
    endloop
  endfacet
  facet normal 7.011207e-01 -9.230430e-02 7.070429e-01
    outer loop
      vertex   7.325144e+00 -3.270496e+01 5.000000e+00
      vertex   8.275000e+00 -3.315000e+01 4.000000e+00
      vertex   8.309074e+00 -3.289118e+01 4.000000e+00
    endloop
  endfacet
  facet normal 6.706977e-01 -2.346873e-01 7.036238e-01
    outer loop
      vertex   7.325144e+00 -3.270496e+01 5.000000e+00
      vertex   8.309074e+00 -3.289118e+01 4.000000e+00
      vertex   7.473062e+00 -3.228223e+01 5.000000e+00
    endloop
  endfacet
  facet normal 6.515172e-01 -2.698672e-01 7.090113e-01
    outer loop
      vertex   7.473062e+00 -3.228223e+01 5.000000e+00
      vertex   8.309074e+00 -3.289118e+01 4.000000e+00
      vertex   8.408975e+00 -3.265000e+01 4.000000e+00
    endloop
  endfacet
  facet normal 6.022902e-01 -3.784440e-01 7.028703e-01
    outer loop
      vertex   7.473062e+00 -3.228223e+01 5.000000e+00
      vertex   8.408975e+00 -3.265000e+01 4.000000e+00
      vertex   7.711337e+00 -3.190302e+01 5.000000e+00
    endloop
  endfacet
  facet normal 5.586887e-01 -4.286969e-01 7.099901e-01
    outer loop
      vertex   7.711337e+00 -3.190302e+01 5.000000e+00
      vertex   8.408975e+00 -3.265000e+01 4.000000e+00
      vertex   8.567893e+00 -3.244289e+01 4.000000e+00
    endloop
  endfacet
  facet normal 5.031537e-01 -5.031537e-01 7.026184e-01
    outer loop
      vertex   7.711337e+00 -3.190302e+01 5.000000e+00
      vertex   8.567893e+00 -3.244289e+01 4.000000e+00
      vertex   8.028020e+00 -3.158634e+01 5.000000e+00
    endloop
  endfacet
  facet normal 4.286969e-01 -5.586887e-01 7.099901e-01
    outer loop
      vertex   8.028020e+00 -3.158634e+01 5.000000e+00
      vertex   8.567893e+00 -3.244289e+01 4.000000e+00
      vertex   8.775000e+00 -3.228397e+01 4.000000e+00
    endloop
  endfacet
  facet normal 3.784440e-01 -6.022902e-01 7.028703e-01
    outer loop
      vertex   8.028020e+00 -3.158634e+01 5.000000e+00
      vertex   8.775000e+00 -3.228397e+01 4.000000e+00
      vertex   8.407233e+00 -3.134806e+01 5.000000e+00
    endloop
  endfacet
  facet normal 2.698672e-01 -6.515172e-01 7.090113e-01
    outer loop
      vertex   8.407233e+00 -3.134806e+01 5.000000e+00
      vertex   8.775000e+00 -3.228397e+01 4.000000e+00
      vertex   9.016181e+00 -3.218407e+01 4.000000e+00
    endloop
  endfacet
  facet normal 2.346873e-01 -6.706977e-01 7.036238e-01
    outer loop
      vertex   8.407233e+00 -3.134806e+01 5.000000e+00
      vertex   9.016181e+00 -3.218407e+01 4.000000e+00
      vertex   8.829958e+00 -3.120014e+01 5.000000e+00
    endloop
  endfacet
  facet normal 9.230430e-02 -7.011207e-01 7.070429e-01
    outer loop
      vertex   8.829958e+00 -3.120014e+01 5.000000e+00
      vertex   9.016181e+00 -3.218407e+01 4.000000e+00
      vertex   9.275000e+00 -3.215000e+01 4.000000e+00
    endloop
  endfacet
  facet normal 7.942014e-02 -7.048732e-01 7.048732e-01
    outer loop
      vertex   8.829958e+00 -3.120014e+01 5.000000e+00
      vertex   9.275000e+00 -3.215000e+01 4.000000e+00
      vertex   9.275000e+00 -3.115000e+01 5.000000e+00
    endloop
  endfacet
  facet normal -1.305262e-01 9.914449e-01 1.408928e-14
    outer loop
      vertex   1.627500e+01 -3.715000e+01 3.500000e+00
      vertex   1.627500e+01 -3.715000e+01 4.000000e+00
      vertex   1.653382e+01 -3.711593e+01 3.500000e+00
    endloop
  endfacet
  facet normal -1.305262e-01 9.914449e-01 0.000000e+00
    outer loop
      vertex   1.653382e+01 -3.711593e+01 3.500000e+00
      vertex   1.627500e+01 -3.715000e+01 4.000000e+00
      vertex   1.653382e+01 -3.711593e+01 4.000000e+00
    endloop
  endfacet
  facet normal -3.826834e-01 9.238795e-01 0.000000e+00
    outer loop
      vertex   1.653382e+01 -3.711593e+01 3.500000e+00
      vertex   1.653382e+01 -3.711593e+01 4.000000e+00
      vertex   1.677500e+01 -3.701603e+01 3.500000e+00
    endloop
  endfacet
  facet normal -3.826834e-01 9.238795e-01 0.000000e+00
    outer loop
      vertex   1.677500e+01 -3.701603e+01 3.500000e+00
      vertex   1.653382e+01 -3.711593e+01 4.000000e+00
      vertex   1.677500e+01 -3.701603e+01 4.000000e+00
    endloop
  endfacet
  facet normal -6.087614e-01 7.933533e-01 0.000000e+00
    outer loop
      vertex   1.677500e+01 -3.701603e+01 3.500000e+00
      vertex   1.677500e+01 -3.701603e+01 4.000000e+00
      vertex   1.698211e+01 -3.685711e+01 3.500000e+00
    endloop
  endfacet
  facet normal -6.087614e-01 7.933533e-01 0.000000e+00
    outer loop
      vertex   1.698211e+01 -3.685711e+01 3.500000e+00
      vertex   1.677500e+01 -3.701603e+01 4.000000e+00
      vertex   1.698211e+01 -3.685711e+01 4.000000e+00
    endloop
  endfacet
  facet normal -7.933533e-01 6.087614e-01 0.000000e+00
    outer loop
      vertex   1.698211e+01 -3.685711e+01 3.500000e+00
      vertex   1.698211e+01 -3.685711e+01 4.000000e+00
      vertex   1.714103e+01 -3.665000e+01 3.500000e+00
    endloop
  endfacet
  facet normal -7.933533e-01 6.087614e-01 -8.651020e-15
    outer loop
      vertex   1.714103e+01 -3.665000e+01 3.500000e+00
      vertex   1.698211e+01 -3.685711e+01 4.000000e+00
      vertex   1.714103e+01 -3.665000e+01 4.000000e+00
    endloop
  endfacet
  facet normal -9.238795e-01 3.826834e-01 -5.438259e-15
    outer loop
      vertex   1.714103e+01 -3.665000e+01 3.500000e+00
      vertex   1.714103e+01 -3.665000e+01 4.000000e+00
      vertex   1.724093e+01 -3.640882e+01 3.500000e+00
    endloop
  endfacet
  facet normal -9.238795e-01 3.826834e-01 0.000000e+00
    outer loop
      vertex   1.724093e+01 -3.640882e+01 3.500000e+00
      vertex   1.714103e+01 -3.665000e+01 4.000000e+00
      vertex   1.724093e+01 -3.640882e+01 4.000000e+00
    endloop
  endfacet
  facet normal -9.914449e-01 1.305262e-01 0.000000e+00
    outer loop
      vertex   1.724093e+01 -3.640882e+01 3.500000e+00
      vertex   1.724093e+01 -3.640882e+01 4.000000e+00
      vertex   1.727500e+01 -3.615000e+01 3.500000e+00
    endloop
  endfacet
  facet normal -9.914449e-01 1.305262e-01 7.044639e-15
    outer loop
      vertex   1.727500e+01 -3.615000e+01 3.500000e+00
      vertex   1.724093e+01 -3.640882e+01 4.000000e+00
      vertex   1.727500e+01 -3.615000e+01 4.000000e+00
    endloop
  endfacet
  facet normal -1.000000e+00 0.000000e+00 7.105427e-15
    outer loop
      vertex   1.727500e+01 -3.615000e+01 4.000000e+00
      vertex   1.727500e+01 -3.315000e+01 4.000000e+00
      vertex   1.727500e+01 -3.615000e+01 3.500000e+00
    endloop
  endfacet
  facet normal -1.000000e+00 0.000000e+00 7.105427e-15
    outer loop
      vertex   1.727500e+01 -3.615000e+01 3.500000e+00
      vertex   1.727500e+01 -3.315000e+01 4.000000e+00
      vertex   1.727500e+01 -3.315000e+01 3.500000e+00
    endloop
  endfacet
  facet normal -9.914449e-01 -1.305262e-01 7.044639e-15
    outer loop
      vertex   1.727500e+01 -3.315000e+01 3.500000e+00
      vertex   1.727500e+01 -3.315000e+01 4.000000e+00
      vertex   1.724093e+01 -3.289118e+01 3.500000e+00
    endloop
  endfacet
  facet normal -9.914449e-01 -1.305262e-01 0.000000e+00
    outer loop
      vertex   1.724093e+01 -3.289118e+01 3.500000e+00
      vertex   1.727500e+01 -3.315000e+01 4.000000e+00
      vertex   1.724093e+01 -3.289118e+01 4.000000e+00
    endloop
  endfacet
  facet normal -9.238795e-01 -3.826834e-01 0.000000e+00
    outer loop
      vertex   1.724093e+01 -3.289118e+01 3.500000e+00
      vertex   1.724093e+01 -3.289118e+01 4.000000e+00
      vertex   1.714103e+01 -3.265000e+01 3.500000e+00
    endloop
  endfacet
  facet normal -9.238795e-01 -3.826834e-01 0.000000e+00
    outer loop
      vertex   1.714103e+01 -3.265000e+01 3.500000e+00
      vertex   1.724093e+01 -3.289118e+01 4.000000e+00
      vertex   1.714103e+01 -3.265000e+01 4.000000e+00
    endloop
  endfacet
  facet normal -7.933533e-01 -6.087614e-01 0.000000e+00
    outer loop
      vertex   1.714103e+01 -3.265000e+01 3.500000e+00
      vertex   1.714103e+01 -3.265000e+01 4.000000e+00
      vertex   1.698211e+01 -3.244289e+01 3.500000e+00
    endloop
  endfacet
  facet normal -7.933533e-01 -6.087614e-01 0.000000e+00
    outer loop
      vertex   1.698211e+01 -3.244289e+01 3.500000e+00
      vertex   1.714103e+01 -3.265000e+01 4.000000e+00
      vertex   1.698211e+01 -3.244289e+01 4.000000e+00
    endloop
  endfacet
  facet normal -6.087614e-01 -7.933533e-01 0.000000e+00
    outer loop
      vertex   1.698211e+01 -3.244289e+01 3.500000e+00
      vertex   1.698211e+01 -3.244289e+01 4.000000e+00
      vertex   1.677500e+01 -3.228397e+01 3.500000e+00
    endloop
  endfacet
  facet normal -6.087614e-01 -7.933533e-01 0.000000e+00
    outer loop
      vertex   1.677500e+01 -3.228397e+01 3.500000e+00
      vertex   1.698211e+01 -3.244289e+01 4.000000e+00
      vertex   1.677500e+01 -3.228397e+01 4.000000e+00
    endloop
  endfacet
  facet normal -3.826834e-01 -9.238795e-01 0.000000e+00
    outer loop
      vertex   1.677500e+01 -3.228397e+01 3.500000e+00
      vertex   1.677500e+01 -3.228397e+01 4.000000e+00
      vertex   1.653382e+01 -3.218407e+01 3.500000e+00
    endloop
  endfacet
  facet normal -3.826834e-01 -9.238795e-01 0.000000e+00
    outer loop
      vertex   1.653382e+01 -3.218407e+01 3.500000e+00
      vertex   1.677500e+01 -3.228397e+01 4.000000e+00
      vertex   1.653382e+01 -3.218407e+01 4.000000e+00
    endloop
  endfacet
  facet normal -1.305262e-01 -9.914449e-01 0.000000e+00
    outer loop
      vertex   1.653382e+01 -3.218407e+01 3.500000e+00
      vertex   1.653382e+01 -3.218407e+01 4.000000e+00
      vertex   1.627500e+01 -3.215000e+01 3.500000e+00
    endloop
  endfacet
  facet normal -1.305262e-01 -9.914449e-01 -1.408928e-14
    outer loop
      vertex   1.627500e+01 -3.215000e+01 3.500000e+00
      vertex   1.653382e+01 -3.218407e+01 4.000000e+00
      vertex   1.627500e+01 -3.215000e+01 4.000000e+00
    endloop
  endfacet
  facet normal -0.000000e+00 -1.000000e+00 -1.421085e-14
    outer loop
      vertex   1.627500e+01 -3.215000e+01 4.000000e+00
      vertex   9.275000e+00 -3.215000e+01 4.000000e+00
      vertex   1.627500e+01 -3.215000e+01 3.500000e+00
    endloop
  endfacet
  facet normal -0.000000e+00 -1.000000e+00 -1.421085e-14
    outer loop
      vertex   1.627500e+01 -3.215000e+01 3.500000e+00
      vertex   9.275000e+00 -3.215000e+01 4.000000e+00
      vertex   9.275000e+00 -3.215000e+01 3.500000e+00
    endloop
  endfacet
  facet normal -0.000000e+00 0.000000e+00 1.000000e+00
    outer loop
      vertex   2.122341e+01 -6.128507e+01 5.000000e+00
      vertex   2.677500e+01 -9.285000e+01 5.000000e+00
      vertex   2.127500e+01 -6.035000e+01 5.000000e+00
    endloop
  endfacet
  facet normal -0.000000e+00 0.000000e+00 1.000000e+00
    outer loop
      vertex   2.127500e+01 -6.035000e+01 5.000000e+00
      vertex   2.677500e+01 -9.285000e+01 5.000000e+00
      vertex   2.677500e+01 -2.417456e+01 5.000000e+00
    endloop
  endfacet
  facet normal 0.000000e+00 -0.000000e+00 1.000000e+00
    outer loop
      vertex   2.127500e+01 -6.035000e+01 5.000000e+00
      vertex   2.677500e+01 -2.417456e+01 5.000000e+00
      vertex   2.122341e+01 -5.941493e+01 5.000000e+00
    endloop
  endfacet
  facet normal 0.000000e+00 0.000000e+00 1.000000e+00
    outer loop
      vertex   2.122341e+01 -5.941493e+01 5.000000e+00
      vertex   2.677500e+01 -2.417456e+01 5.000000e+00
      vertex   2.612859e+01 -2.500664e+01 5.000000e+00
    endloop
  endfacet
  facet normal 0.000000e+00 -0.000000e+00 1.000000e+00
    outer loop
      vertex   2.122341e+01 -5.941493e+01 5.000000e+00
      vertex   2.612859e+01 -2.500664e+01 5.000000e+00
      vertex   2.106927e+01 -5.849121e+01 5.000000e+00
    endloop
  endfacet
  facet normal 0.000000e+00 0.000000e+00 1.000000e+00
    outer loop
      vertex   2.106927e+01 -5.849121e+01 5.000000e+00
      vertex   2.612859e+01 -2.500664e+01 5.000000e+00
      vertex   2.540554e+01 -2.577306e+01 5.000000e+00
    endloop
  endfacet
  facet normal 0.000000e+00 0.000000e+00 1.000000e+00
    outer loop
      vertex   2.106927e+01 -5.849121e+01 5.000000e+00
      vertex   2.540554e+01 -2.577306e+01 5.000000e+00
      vertex   2.461248e+01 -2.646678e+01 5.000000e+00
    endloop
  endfacet
  facet normal 0.000000e+00 0.000000e+00 1.000000e+00
    outer loop
      vertex   2.122341e+01 -6.128507e+01 5.000000e+00
      vertex   2.106927e+01 -6.220879e+01 5.000000e+00
      vertex   2.677500e+01 -9.285000e+01 5.000000e+00
    endloop
  endfacet
  facet normal 0.000000e+00 0.000000e+00 1.000000e+00
    outer loop
      vertex   2.677500e+01 -9.285000e+01 5.000000e+00
      vertex   2.106927e+01 -6.220879e+01 5.000000e+00
      vertex   2.081445e+01 -6.310995e+01 5.000000e+00
    endloop
  endfacet
  facet normal 0.000000e+00 0.000000e+00 1.000000e+00
    outer loop
      vertex   2.677500e+01 -9.285000e+01 5.000000e+00
      vertex   2.081445e+01 -6.310995e+01 5.000000e+00
      vertex   2.046204e+01 -6.397760e+01 5.000000e+00
    endloop
  endfacet
  facet normal 0.000000e+00 0.000000e+00 1.000000e+00
    outer loop
      vertex   2.046204e+01 -6.397760e+01 5.000000e+00
      vertex   2.001631e+01 -6.480122e+01 5.000000e+00
      vertex   2.677500e+01 -9.285000e+01 5.000000e+00
    endloop
  endfacet
  facet normal 0.000000e+00 0.000000e+00 1.000000e+00
    outer loop
      vertex   2.677500e+01 -9.285000e+01 5.000000e+00
      vertex   2.001631e+01 -6.480122e+01 5.000000e+00
      vertex   1.948269e+01 -6.557081e+01 5.000000e+00
    endloop
  endfacet
  facet normal 0.000000e+00 0.000000e+00 1.000000e+00
    outer loop
      vertex   2.677500e+01 -9.285000e+01 5.000000e+00
      vertex   1.948269e+01 -6.557081e+01 5.000000e+00
      vertex   2.277500e+01 -9.685000e+01 5.000000e+00
    endloop
  endfacet
  facet normal 0.000000e+00 0.000000e+00 1.000000e+00
    outer loop
      vertex   2.277500e+01 -9.685000e+01 5.000000e+00
      vertex   1.948269e+01 -6.557081e+01 5.000000e+00
      vertex   1.886765e+01 -6.627702e+01 5.000000e+00
    endloop
  endfacet
  facet normal 0.000000e+00 0.000000e+00 1.000000e+00
    outer loop
      vertex   2.277500e+01 -9.685000e+01 5.000000e+00
      vertex   1.886765e+01 -6.627702e+01 5.000000e+00
      vertex   1.817865e+01 -6.691129e+01 5.000000e+00
    endloop
  endfacet
  facet normal 0.000000e+00 0.000000e+00 1.000000e+00
    outer loop
      vertex   1.817865e+01 -6.691129e+01 5.000000e+00
      vertex   1.742406e+01 -6.746592e+01 5.000000e+00
      vertex   2.277500e+01 -9.685000e+01 5.000000e+00
    endloop
  endfacet
  facet normal 0.000000e+00 0.000000e+00 1.000000e+00
    outer loop
      vertex   2.277500e+01 -9.685000e+01 5.000000e+00
      vertex   1.742406e+01 -6.746592e+01 5.000000e+00
      vertex   1.661303e+01 -6.793416e+01 5.000000e+00
    endloop
  endfacet
  facet normal 0.000000e+00 0.000000e+00 1.000000e+00
    outer loop
      vertex   2.277500e+01 -9.685000e+01 5.000000e+00
      vertex   1.661303e+01 -6.793416e+01 5.000000e+00
      vertex   1.575542e+01 -6.831035e+01 5.000000e+00
    endloop
  endfacet
  facet normal 0.000000e+00 0.000000e+00 1.000000e+00
    outer loop
      vertex   1.575542e+01 -6.831035e+01 5.000000e+00
      vertex   1.486163e+01 -6.858990e+01 5.000000e+00
      vertex   2.277500e+01 -9.685000e+01 5.000000e+00
    endloop
  endfacet
  facet normal 0.000000e+00 0.000000e+00 1.000000e+00
    outer loop
      vertex   2.277500e+01 -9.685000e+01 5.000000e+00
      vertex   1.486163e+01 -6.858990e+01 5.000000e+00
      vertex   1.394251e+01 -6.876944e+01 5.000000e+00
    endloop
  endfacet
  facet normal 0.000000e+00 0.000000e+00 1.000000e+00
    outer loop
      vertex   2.277500e+01 -9.685000e+01 5.000000e+00
      vertex   1.394251e+01 -6.876944e+01 5.000000e+00
      vertex   1.300921e+01 -6.884677e+01 5.000000e+00
    endloop
  endfacet
  facet normal 0.000000e+00 0.000000e+00 1.000000e+00
    outer loop
      vertex   2.277500e+01 -9.685000e+01 5.000000e+00
      vertex   1.300921e+01 -6.884677e+01 5.000000e+00
      vertex   2.775000e+00 -9.685000e+01 5.000000e+00
    endloop
  endfacet
  facet normal 0.000000e+00 0.000000e+00 1.000000e+00
    outer loop
      vertex   2.775000e+00 -9.685000e+01 5.000000e+00
      vertex   1.300921e+01 -6.884677e+01 5.000000e+00
      vertex   1.207308e+01 -6.882097e+01 5.000000e+00
    endloop
  endfacet
  facet normal 0.000000e+00 0.000000e+00 1.000000e+00
    outer loop
      vertex   2.775000e+00 -9.685000e+01 5.000000e+00
      vertex   1.207308e+01 -6.882097e+01 5.000000e+00
      vertex   1.114546e+01 -6.869234e+01 5.000000e+00
    endloop
  endfacet
  facet normal 0.000000e+00 0.000000e+00 1.000000e+00
    outer loop
      vertex   1.114546e+01 -6.869234e+01 5.000000e+00
      vertex   1.023762e+01 -6.846244e+01 5.000000e+00
      vertex   2.775000e+00 -9.685000e+01 5.000000e+00
    endloop
  endfacet
  facet normal 0.000000e+00 0.000000e+00 1.000000e+00
    outer loop
      vertex   2.775000e+00 -9.685000e+01 5.000000e+00
      vertex   1.023762e+01 -6.846244e+01 5.000000e+00
      vertex   9.360589e+00 -6.813407e+01 5.000000e+00
    endloop
  endfacet
  facet normal 0.000000e+00 0.000000e+00 1.000000e+00
    outer loop
      vertex   2.775000e+00 -9.685000e+01 5.000000e+00
      vertex   9.360589e+00 -6.813407e+01 5.000000e+00
      vertex   8.525000e+00 -6.771122e+01 5.000000e+00
    endloop
  endfacet
  facet normal 0.000000e+00 0.000000e+00 1.000000e+00
    outer loop
      vertex   8.525000e+00 -6.771122e+01 5.000000e+00
      vertex   7.741000e+00 -6.719900e+01 5.000000e+00
      vertex   2.775000e+00 -9.685000e+01 5.000000e+00
    endloop
  endfacet
  facet normal 0.000000e+00 0.000000e+00 1.000000e+00
    outer loop
      vertex   2.775000e+00 -9.685000e+01 5.000000e+00
      vertex   7.741000e+00 -6.719900e+01 5.000000e+00
      vertex   7.018107e+00 -6.660365e+01 5.000000e+00
    endloop
  endfacet
  facet normal 0.000000e+00 0.000000e+00 1.000000e+00
    outer loop
      vertex   2.775000e+00 -9.685000e+01 5.000000e+00
      vertex   7.018107e+00 -6.660365e+01 5.000000e+00
      vertex   6.365094e+00 -6.593239e+01 5.000000e+00
    endloop
  endfacet
  facet normal 0.000000e+00 0.000000e+00 1.000000e+00
    outer loop
      vertex   6.365094e+00 -6.593239e+01 5.000000e+00
      vertex   5.789889e+00 -6.519337e+01 5.000000e+00
      vertex   2.775000e+00 -9.685000e+01 5.000000e+00
    endloop
  endfacet
  facet normal 0.000000e+00 -0.000000e+00 1.000000e+00
    outer loop
      vertex   2.775000e+00 -9.685000e+01 5.000000e+00
      vertex   5.789889e+00 -6.519337e+01 5.000000e+00
      vertex   -1.225000e+00 -9.285000e+01 5.000000e+00
    endloop
  endfacet
  facet normal 0.000000e+00 0.000000e+00 1.000000e+00
    outer loop
      vertex   2.775000e+00 -9.685000e+01 5.000000e+00
      vertex   -1.225000e+00 -9.285000e+01 5.000000e+00
      vertex   2.149262e+00 -9.680075e+01 5.000000e+00
    endloop
  endfacet
  facet normal 0.000000e+00 0.000000e+00 1.000000e+00
    outer loop
      vertex   2.149262e+00 -9.680075e+01 5.000000e+00
      vertex   -1.225000e+00 -9.285000e+01 5.000000e+00
      vertex   1.538932e+00 -9.665423e+01 5.000000e+00
    endloop
  endfacet
  facet normal 0.000000e+00 0.000000e+00 1.000000e+00
    outer loop
      vertex   1.538932e+00 -9.665423e+01 5.000000e+00
      vertex   -1.225000e+00 -9.285000e+01 5.000000e+00
      vertex   9.590380e-01 -9.641403e+01 5.000000e+00
    endloop
  endfacet
  facet normal 0.000000e+00 0.000000e+00 1.000000e+00
    outer loop
      vertex   9.590380e-01 -9.641403e+01 5.000000e+00
      vertex   -1.225000e+00 -9.285000e+01 5.000000e+00
      vertex   4.238590e-01 -9.608607e+01 5.000000e+00
    endloop
  endfacet
  facet normal 0.000000e+00 0.000000e+00 1.000000e+00
    outer loop
      vertex   4.238590e-01 -9.608607e+01 5.000000e+00
      vertex   -1.225000e+00 -9.285000e+01 5.000000e+00
      vertex   -5.342712e-02 -9.567843e+01 5.000000e+00
    endloop
  endfacet
  facet normal 0.000000e+00 0.000000e+00 1.000000e+00
    outer loop
      vertex   -5.342712e-02 -9.567843e+01 5.000000e+00
      vertex   -1.225000e+00 -9.285000e+01 5.000000e+00
      vertex   -4.610680e-01 -9.520114e+01 5.000000e+00
    endloop
  endfacet
  facet normal 0.000000e+00 0.000000e+00 1.000000e+00
    outer loop
      vertex   -4.610680e-01 -9.520114e+01 5.000000e+00
      vertex   -1.225000e+00 -9.285000e+01 5.000000e+00
      vertex   -7.890261e-01 -9.466596e+01 5.000000e+00
    endloop
  endfacet
  facet normal 0.000000e+00 0.000000e+00 1.000000e+00
    outer loop
      vertex   -7.890261e-01 -9.466596e+01 5.000000e+00
      vertex   -1.225000e+00 -9.285000e+01 5.000000e+00
      vertex   -1.029226e+00 -9.408607e+01 5.000000e+00
    endloop
  endfacet
  facet normal 0.000000e+00 0.000000e+00 1.000000e+00
    outer loop
      vertex   -1.029226e+00 -9.408607e+01 5.000000e+00
      vertex   -1.225000e+00 -9.285000e+01 5.000000e+00
      vertex   -1.175753e+00 -9.347574e+01 5.000000e+00
    endloop
  endfacet
  facet normal 0.000000e+00 0.000000e+00 1.000000e+00
    outer loop
      vertex   5.789889e+00 -6.519337e+01 5.000000e+00
      vertex   5.299473e+00 -6.439555e+01 5.000000e+00
      vertex   -1.225000e+00 -9.285000e+01 5.000000e+00
    endloop
  endfacet
  facet normal 0.000000e+00 0.000000e+00 1.000000e+00
    outer loop
      vertex   -1.225000e+00 -9.285000e+01 5.000000e+00
      vertex   5.299473e+00 -6.439555e+01 5.000000e+00
      vertex   4.899800e+00 -6.354863e+01 5.000000e+00
    endloop
  endfacet
  facet normal 0.000000e+00 0.000000e+00 1.000000e+00
    outer loop
      vertex   -1.225000e+00 -9.285000e+01 5.000000e+00
      vertex   4.899800e+00 -6.354863e+01 5.000000e+00
      vertex   4.595722e+00 -6.266288e+01 5.000000e+00
    endloop
  endfacet
  facet normal 0.000000e+00 0.000000e+00 1.000000e+00
    outer loop
      vertex   4.595722e+00 -6.266288e+01 5.000000e+00
      vertex   4.390929e+00 -6.174905e+01 5.000000e+00
      vertex   -1.225000e+00 -9.285000e+01 5.000000e+00
    endloop
  endfacet
  facet normal 0.000000e+00 0.000000e+00 1.000000e+00
    outer loop
      vertex   -1.225000e+00 -9.285000e+01 5.000000e+00
      vertex   4.390929e+00 -6.174905e+01 5.000000e+00
      vertex   4.287907e+00 -6.081825e+01 5.000000e+00
    endloop
  endfacet
  facet normal 0.000000e+00 0.000000e+00 1.000000e+00
    outer loop
      vertex   -1.225000e+00 -9.285000e+01 5.000000e+00
      vertex   4.287907e+00 -6.081825e+01 5.000000e+00
      vertex   -1.225000e+00 -3.035000e+01 5.000000e+00
    endloop
  endfacet
  facet normal 0.000000e+00 0.000000e+00 1.000000e+00
    outer loop
      vertex   -1.225000e+00 -3.035000e+01 5.000000e+00
      vertex   4.287907e+00 -6.081825e+01 5.000000e+00
      vertex   4.287907e+00 -5.988175e+01 5.000000e+00
    endloop
  endfacet
  facet normal 0.000000e+00 0.000000e+00 1.000000e+00
    outer loop
      vertex   -1.225000e+00 -3.035000e+01 5.000000e+00
      vertex   4.287907e+00 -5.988175e+01 5.000000e+00
      vertex   4.390929e+00 -5.895095e+01 5.000000e+00
    endloop
  endfacet
  facet normal 0.000000e+00 -0.000000e+00 1.000000e+00
    outer loop
      vertex   4.390929e+00 -5.895095e+01 5.000000e+00
      vertex   4.595722e+00 -5.803712e+01 5.000000e+00
      vertex   -1.225000e+00 -3.035000e+01 5.000000e+00
    endloop
  endfacet
  facet normal 0.000000e+00 0.000000e+00 1.000000e+00
    outer loop
      vertex   -1.225000e+00 -3.035000e+01 5.000000e+00
      vertex   4.595722e+00 -5.803712e+01 5.000000e+00
      vertex   4.899800e+00 -5.715137e+01 5.000000e+00
    endloop
  endfacet
  facet normal 0.000000e+00 0.000000e+00 1.000000e+00
    outer loop
      vertex   -1.225000e+00 -3.035000e+01 5.000000e+00
      vertex   4.899800e+00 -5.715137e+01 5.000000e+00
      vertex   5.299473e+00 -5.630445e+01 5.000000e+00
    endloop
  endfacet
  facet normal 0.000000e+00 -0.000000e+00 1.000000e+00
    outer loop
      vertex   5.789889e+00 -5.550663e+01 5.000000e+00
      vertex   7.325144e+00 -3.659504e+01 5.000000e+00
      vertex   5.299473e+00 -5.630445e+01 5.000000e+00
    endloop
  endfacet
  facet normal 0.000000e+00 -0.000000e+00 1.000000e+00
    outer loop
      vertex   5.299473e+00 -5.630445e+01 5.000000e+00
      vertex   7.325144e+00 -3.659504e+01 5.000000e+00
      vertex   2.750000e-01 -2.885000e+01 5.000000e+00
    endloop
  endfacet
  facet normal 0.000000e+00 0.000000e+00 1.000000e+00
    outer loop
      vertex   5.299473e+00 -5.630445e+01 5.000000e+00
      vertex   2.750000e-01 -2.885000e+01 5.000000e+00
      vertex   -1.225000e+00 -3.035000e+01 5.000000e+00
    endloop
  endfacet
  facet normal 0.000000e+00 0.000000e+00 1.000000e+00
    outer loop
      vertex   -1.225000e+00 -3.035000e+01 5.000000e+00
      vertex   2.750000e-01 -2.885000e+01 5.000000e+00
      vertex   -1.132286e-01 -2.890111e+01 5.000000e+00
    endloop
  endfacet
  facet normal 0.000000e+00 0.000000e+00 1.000000e+00
    outer loop
      vertex   -1.225000e+00 -3.035000e+01 5.000000e+00
      vertex   -1.132286e-01 -2.890111e+01 5.000000e+00
      vertex   -4.750000e-01 -2.905096e+01 5.000000e+00
    endloop
  endfacet
  facet normal 0.000000e+00 0.000000e+00 1.000000e+00
    outer loop
      vertex   7.325144e+00 -3.659504e+01 5.000000e+00
      vertex   5.789889e+00 -5.550663e+01 5.000000e+00
      vertex   7.473062e+00 -3.701777e+01 5.000000e+00
    endloop
  endfacet
  facet normal 0.000000e+00 0.000000e+00 1.000000e+00
    outer loop
      vertex   7.473062e+00 -3.701777e+01 5.000000e+00
      vertex   5.789889e+00 -5.550663e+01 5.000000e+00
      vertex   6.365094e+00 -5.476761e+01 5.000000e+00
    endloop
  endfacet
  facet normal 0.000000e+00 0.000000e+00 1.000000e+00
    outer loop
      vertex   7.473062e+00 -3.701777e+01 5.000000e+00
      vertex   6.365094e+00 -5.476761e+01 5.000000e+00
      vertex   7.018107e+00 -5.409635e+01 5.000000e+00
    endloop
  endfacet
  facet normal 0.000000e+00 0.000000e+00 1.000000e+00
    outer loop
      vertex   7.473062e+00 -3.701777e+01 5.000000e+00
      vertex   7.018107e+00 -5.409635e+01 5.000000e+00
      vertex   7.711337e+00 -3.739698e+01 5.000000e+00
    endloop
  endfacet
  facet normal 0.000000e+00 0.000000e+00 1.000000e+00
    outer loop
      vertex   7.711337e+00 -3.739698e+01 5.000000e+00
      vertex   7.018107e+00 -5.409635e+01 5.000000e+00
      vertex   7.741000e+00 -5.350100e+01 5.000000e+00
    endloop
  endfacet
  facet normal 0.000000e+00 0.000000e+00 1.000000e+00
    outer loop
      vertex   7.711337e+00 -3.739698e+01 5.000000e+00
      vertex   7.741000e+00 -5.350100e+01 5.000000e+00
      vertex   8.028020e+00 -3.771366e+01 5.000000e+00
    endloop
  endfacet
  facet normal 0.000000e+00 0.000000e+00 1.000000e+00
    outer loop
      vertex   8.028020e+00 -3.771366e+01 5.000000e+00
      vertex   7.741000e+00 -5.350100e+01 5.000000e+00
      vertex   8.525000e+00 -5.298878e+01 5.000000e+00
    endloop
  endfacet
  facet normal 0.000000e+00 0.000000e+00 1.000000e+00
    outer loop
      vertex   8.028020e+00 -3.771366e+01 5.000000e+00
      vertex   8.525000e+00 -5.298878e+01 5.000000e+00
      vertex   8.407233e+00 -3.795194e+01 5.000000e+00
    endloop
  endfacet
  facet normal 0.000000e+00 0.000000e+00 1.000000e+00
    outer loop
      vertex   8.407233e+00 -3.795194e+01 5.000000e+00
      vertex   8.525000e+00 -5.298878e+01 5.000000e+00
      vertex   8.829958e+00 -3.809986e+01 5.000000e+00
    endloop
  endfacet
  facet normal 0.000000e+00 0.000000e+00 1.000000e+00
    outer loop
      vertex   8.829958e+00 -3.809986e+01 5.000000e+00
      vertex   8.525000e+00 -5.298878e+01 5.000000e+00
      vertex   9.360589e+00 -5.256593e+01 5.000000e+00
    endloop
  endfacet
  facet normal 0.000000e+00 0.000000e+00 1.000000e+00
    outer loop
      vertex   8.829958e+00 -3.809986e+01 5.000000e+00
      vertex   9.360589e+00 -5.256593e+01 5.000000e+00
      vertex   9.275000e+00 -3.815000e+01 5.000000e+00
    endloop
  endfacet
  facet normal 0.000000e+00 0.000000e+00 1.000000e+00
    outer loop
      vertex   9.275000e+00 -3.815000e+01 5.000000e+00
      vertex   9.360589e+00 -5.256593e+01 5.000000e+00
      vertex   1.023762e+01 -5.223756e+01 5.000000e+00
    endloop
  endfacet
  facet normal 0.000000e+00 0.000000e+00 1.000000e+00
    outer loop
      vertex   9.275000e+00 -3.815000e+01 5.000000e+00
      vertex   1.023762e+01 -5.223756e+01 5.000000e+00
      vertex   1.114546e+01 -5.200766e+01 5.000000e+00
    endloop
  endfacet
  facet normal 0.000000e+00 -0.000000e+00 1.000000e+00
    outer loop
      vertex   1.114546e+01 -5.200766e+01 5.000000e+00
      vertex   1.207308e+01 -5.187903e+01 5.000000e+00
      vertex   9.275000e+00 -3.815000e+01 5.000000e+00
    endloop
  endfacet
  facet normal 0.000000e+00 0.000000e+00 1.000000e+00
    outer loop
      vertex   9.275000e+00 -3.815000e+01 5.000000e+00
      vertex   1.207308e+01 -5.187903e+01 5.000000e+00
      vertex   1.300921e+01 -5.185323e+01 5.000000e+00
    endloop
  endfacet
  facet normal -0.000000e+00 0.000000e+00 1.000000e+00
    outer loop
      vertex   9.275000e+00 -3.815000e+01 5.000000e+00
      vertex   1.300921e+01 -5.185323e+01 5.000000e+00
      vertex   1.627500e+01 -3.815000e+01 5.000000e+00
    endloop
  endfacet
  facet normal 0.000000e+00 0.000000e+00 1.000000e+00
    outer loop
      vertex   1.627500e+01 -3.815000e+01 5.000000e+00
      vertex   1.300921e+01 -5.185323e+01 5.000000e+00
      vertex   1.394251e+01 -5.193056e+01 5.000000e+00
    endloop
  endfacet
  facet normal 0.000000e+00 0.000000e+00 1.000000e+00
    outer loop
      vertex   1.627500e+01 -3.815000e+01 5.000000e+00
      vertex   1.394251e+01 -5.193056e+01 5.000000e+00
      vertex   1.486163e+01 -5.211010e+01 5.000000e+00
    endloop
  endfacet
  facet normal -0.000000e+00 0.000000e+00 1.000000e+00
    outer loop
      vertex   1.486163e+01 -5.211010e+01 5.000000e+00
      vertex   1.575542e+01 -5.238965e+01 5.000000e+00
      vertex   1.627500e+01 -3.815000e+01 5.000000e+00
    endloop
  endfacet
  facet normal -0.000000e+00 0.000000e+00 1.000000e+00
    outer loop
      vertex   1.627500e+01 -3.815000e+01 5.000000e+00
      vertex   1.575542e+01 -5.238965e+01 5.000000e+00
      vertex   1.672004e+01 -3.809986e+01 5.000000e+00
    endloop
  endfacet
  facet normal 0.000000e+00 0.000000e+00 1.000000e+00
    outer loop
      vertex   1.672004e+01 -3.809986e+01 5.000000e+00
      vertex   1.575542e+01 -5.238965e+01 5.000000e+00
      vertex   1.661303e+01 -5.276584e+01 5.000000e+00
    endloop
  endfacet
  facet normal -0.000000e+00 0.000000e+00 1.000000e+00
    outer loop
      vertex   1.672004e+01 -3.809986e+01 5.000000e+00
      vertex   1.661303e+01 -5.276584e+01 5.000000e+00
      vertex   1.714277e+01 -3.795194e+01 5.000000e+00
    endloop
  endfacet
  facet normal 0.000000e+00 0.000000e+00 1.000000e+00
    outer loop
      vertex   1.714277e+01 -3.795194e+01 5.000000e+00
      vertex   1.661303e+01 -5.276584e+01 5.000000e+00
      vertex   1.742406e+01 -5.323408e+01 5.000000e+00
    endloop
  endfacet
  facet normal -0.000000e+00 0.000000e+00 1.000000e+00
    outer loop
      vertex   1.714277e+01 -3.795194e+01 5.000000e+00
      vertex   1.742406e+01 -5.323408e+01 5.000000e+00
      vertex   1.752198e+01 -3.771366e+01 5.000000e+00
    endloop
  endfacet
  facet normal 0.000000e+00 0.000000e+00 1.000000e+00
    outer loop
      vertex   1.752198e+01 -3.771366e+01 5.000000e+00
      vertex   1.742406e+01 -5.323408e+01 5.000000e+00
      vertex   1.817865e+01 -5.378871e+01 5.000000e+00
    endloop
  endfacet
  facet normal -0.000000e+00 0.000000e+00 1.000000e+00
    outer loop
      vertex   1.752198e+01 -3.771366e+01 5.000000e+00
      vertex   1.817865e+01 -5.378871e+01 5.000000e+00
      vertex   1.783866e+01 -3.739698e+01 5.000000e+00
    endloop
  endfacet
  facet normal 0.000000e+00 0.000000e+00 1.000000e+00
    outer loop
      vertex   1.783866e+01 -3.739698e+01 5.000000e+00
      vertex   1.817865e+01 -5.378871e+01 5.000000e+00
      vertex   1.886765e+01 -5.442298e+01 5.000000e+00
    endloop
  endfacet
  facet normal -0.000000e+00 0.000000e+00 1.000000e+00
    outer loop
      vertex   1.783866e+01 -3.739698e+01 5.000000e+00
      vertex   1.886765e+01 -5.442298e+01 5.000000e+00
      vertex   1.807694e+01 -3.701777e+01 5.000000e+00
    endloop
  endfacet
  facet normal 0.000000e+00 0.000000e+00 1.000000e+00
    outer loop
      vertex   1.807694e+01 -3.701777e+01 5.000000e+00
      vertex   1.886765e+01 -5.442298e+01 5.000000e+00
      vertex   1.948269e+01 -5.512919e+01 5.000000e+00
    endloop
  endfacet
  facet normal -0.000000e+00 0.000000e+00 1.000000e+00
    outer loop
      vertex   1.807694e+01 -3.701777e+01 5.000000e+00
      vertex   1.948269e+01 -5.512919e+01 5.000000e+00
      vertex   1.822486e+01 -3.659504e+01 5.000000e+00
    endloop
  endfacet
  facet normal 0.000000e+00 0.000000e+00 1.000000e+00
    outer loop
      vertex   1.822486e+01 -3.659504e+01 5.000000e+00
      vertex   1.948269e+01 -5.512919e+01 5.000000e+00
      vertex   2.001631e+01 -5.589878e+01 5.000000e+00
    endloop
  endfacet
  facet normal -0.000000e+00 0.000000e+00 1.000000e+00
    outer loop
      vertex   1.822486e+01 -3.659504e+01 5.000000e+00
      vertex   2.001631e+01 -5.589878e+01 5.000000e+00
      vertex   2.284599e+01 -2.761141e+01 5.000000e+00
    endloop
  endfacet
  facet normal 0.000000e+00 0.000000e+00 1.000000e+00
    outer loop
      vertex   2.284599e+01 -2.761141e+01 5.000000e+00
      vertex   2.001631e+01 -5.589878e+01 5.000000e+00
      vertex   2.046204e+01 -5.672240e+01 5.000000e+00
    endloop
  endfacet
  facet normal -0.000000e+00 0.000000e+00 1.000000e+00
    outer loop
      vertex   2.284599e+01 -2.761141e+01 5.000000e+00
      vertex   2.046204e+01 -5.672240e+01 5.000000e+00
      vertex   2.375667e+01 -2.708144e+01 5.000000e+00
    endloop
  endfacet
  facet normal 0.000000e+00 0.000000e+00 1.000000e+00
    outer loop
      vertex   2.375667e+01 -2.708144e+01 5.000000e+00
      vertex   2.046204e+01 -5.672240e+01 5.000000e+00
      vertex   2.081445e+01 -5.759005e+01 5.000000e+00
    endloop
  endfacet
  facet normal -0.000000e+00 0.000000e+00 1.000000e+00
    outer loop
      vertex   2.375667e+01 -2.708144e+01 5.000000e+00
      vertex   2.081445e+01 -5.759005e+01 5.000000e+00
      vertex   2.461248e+01 -2.646678e+01 5.000000e+00
    endloop
  endfacet
  facet normal 0.000000e+00 0.000000e+00 1.000000e+00
    outer loop
      vertex   2.461248e+01 -2.646678e+01 5.000000e+00
      vertex   2.081445e+01 -5.759005e+01 5.000000e+00
      vertex   2.106927e+01 -5.849121e+01 5.000000e+00
    endloop
  endfacet
  facet normal 0.000000e+00 0.000000e+00 1.000000e+00
    outer loop
      vertex   -4.750000e-01 -2.905096e+01 5.000000e+00
      vertex   -7.856602e-01 -2.928934e+01 5.000000e+00
      vertex   -1.225000e+00 -3.035000e+01 5.000000e+00
    endloop
  endfacet
  facet normal 0.000000e+00 0.000000e+00 1.000000e+00
    outer loop
      vertex   -1.225000e+00 -3.035000e+01 5.000000e+00
      vertex   -7.856602e-01 -2.928934e+01 5.000000e+00
      vertex   -1.024038e+00 -2.960000e+01 5.000000e+00
    endloop
  endfacet
  facet normal 0.000000e+00 0.000000e+00 1.000000e+00
    outer loop
      vertex   -1.225000e+00 -3.035000e+01 5.000000e+00
      vertex   -1.024038e+00 -2.960000e+01 5.000000e+00
      vertex   -1.173889e+00 -2.996177e+01 5.000000e+00
    endloop
  endfacet
  facet normal 0.000000e+00 0.000000e+00 1.000000e+00
    outer loop
      vertex   2.277500e+01 -9.685000e+01 5.000000e+00
      vertex   2.340074e+01 -9.680075e+01 5.000000e+00
      vertex   2.677500e+01 -9.285000e+01 5.000000e+00
    endloop
  endfacet
  facet normal 0.000000e+00 0.000000e+00 1.000000e+00
    outer loop
      vertex   2.677500e+01 -9.285000e+01 5.000000e+00
      vertex   2.340074e+01 -9.680075e+01 5.000000e+00
      vertex   2.401107e+01 -9.665423e+01 5.000000e+00
    endloop
  endfacet
  facet normal 0.000000e+00 0.000000e+00 1.000000e+00
    outer loop
      vertex   2.677500e+01 -9.285000e+01 5.000000e+00
      vertex   2.401107e+01 -9.665423e+01 5.000000e+00
      vertex   2.459096e+01 -9.641403e+01 5.000000e+00
    endloop
  endfacet
  facet normal 0.000000e+00 0.000000e+00 1.000000e+00
    outer loop
      vertex   2.459096e+01 -9.641403e+01 5.000000e+00
      vertex   2.512614e+01 -9.608607e+01 5.000000e+00
      vertex   2.677500e+01 -9.285000e+01 5.000000e+00
    endloop
  endfacet
  facet normal 0.000000e+00 0.000000e+00 1.000000e+00
    outer loop
      vertex   2.677500e+01 -9.285000e+01 5.000000e+00
      vertex   2.512614e+01 -9.608607e+01 5.000000e+00
      vertex   2.560343e+01 -9.567843e+01 5.000000e+00
    endloop
  endfacet
  facet normal 0.000000e+00 0.000000e+00 1.000000e+00
    outer loop
      vertex   2.677500e+01 -9.285000e+01 5.000000e+00
      vertex   2.560343e+01 -9.567843e+01 5.000000e+00
      vertex   2.601107e+01 -9.520114e+01 5.000000e+00
    endloop
  endfacet
  facet normal 0.000000e+00 0.000000e+00 1.000000e+00
    outer loop
      vertex   2.601107e+01 -9.520114e+01 5.000000e+00
      vertex   2.633903e+01 -9.466596e+01 5.000000e+00
      vertex   2.677500e+01 -9.285000e+01 5.000000e+00
    endloop
  endfacet
  facet normal 0.000000e+00 0.000000e+00 1.000000e+00
    outer loop
      vertex   2.677500e+01 -9.285000e+01 5.000000e+00
      vertex   2.633903e+01 -9.466596e+01 5.000000e+00
      vertex   2.657923e+01 -9.408607e+01 5.000000e+00
    endloop
  endfacet
  facet normal 0.000000e+00 0.000000e+00 1.000000e+00
    outer loop
      vertex   2.677500e+01 -9.285000e+01 5.000000e+00
      vertex   2.657923e+01 -9.408607e+01 5.000000e+00
      vertex   2.672575e+01 -9.347574e+01 5.000000e+00
    endloop
  endfacet
  facet normal 0.000000e+00 0.000000e+00 1.000000e+00
    outer loop
      vertex   2.284599e+01 -2.761141e+01 5.000000e+00
      vertex   2.188878e+01 -2.805180e+01 5.000000e+00
      vertex   1.822486e+01 -3.659504e+01 5.000000e+00
    endloop
  endfacet
  facet normal 0.000000e+00 0.000000e+00 1.000000e+00
    outer loop
      vertex   1.822486e+01 -3.659504e+01 5.000000e+00
      vertex   2.188878e+01 -2.805180e+01 5.000000e+00
      vertex   1.827500e+01 -3.615000e+01 5.000000e+00
    endloop
  endfacet
  facet normal 0.000000e+00 0.000000e+00 1.000000e+00
    outer loop
      vertex   1.827500e+01 -3.615000e+01 5.000000e+00
      vertex   2.188878e+01 -2.805180e+01 5.000000e+00
      vertex   2.089382e+01 -2.839860e+01 5.000000e+00
    endloop
  endfacet
  facet normal 0.000000e+00 0.000000e+00 1.000000e+00
    outer loop
      vertex   1.827500e+01 -3.615000e+01 5.000000e+00
      vertex   2.089382e+01 -2.839860e+01 5.000000e+00
      vertex   1.987025e+01 -2.864861e+01 5.000000e+00
    endloop
  endfacet
  facet normal -0.000000e+00 0.000000e+00 1.000000e+00
    outer loop
      vertex   1.882745e+01 -2.879954e+01 5.000000e+00
      vertex   1.822486e+01 -3.270496e+01 5.000000e+00
      vertex   1.987025e+01 -2.864861e+01 5.000000e+00
    endloop
  endfacet
  facet normal 0.000000e+00 0.000000e+00 1.000000e+00
    outer loop
      vertex   1.987025e+01 -2.864861e+01 5.000000e+00
      vertex   1.822486e+01 -3.270496e+01 5.000000e+00
      vertex   1.827500e+01 -3.315000e+01 5.000000e+00
    endloop
  endfacet
  facet normal 0.000000e+00 0.000000e+00 1.000000e+00
    outer loop
      vertex   1.987025e+01 -2.864861e+01 5.000000e+00
      vertex   1.827500e+01 -3.315000e+01 5.000000e+00
      vertex   1.827500e+01 -3.615000e+01 5.000000e+00
    endloop
  endfacet
  facet normal -0.000000e+00 0.000000e+00 1.000000e+00
    outer loop
      vertex   1.777500e+01 -2.885000e+01 5.000000e+00
      vertex   1.783866e+01 -3.190302e+01 5.000000e+00
      vertex   1.882745e+01 -2.879954e+01 5.000000e+00
    endloop
  endfacet
  facet normal 0.000000e+00 0.000000e+00 1.000000e+00
    outer loop
      vertex   1.882745e+01 -2.879954e+01 5.000000e+00
      vertex   1.783866e+01 -3.190302e+01 5.000000e+00
      vertex   1.807694e+01 -3.228223e+01 5.000000e+00
    endloop
  endfacet
  facet normal 0.000000e+00 0.000000e+00 1.000000e+00
    outer loop
      vertex   1.882745e+01 -2.879954e+01 5.000000e+00
      vertex   1.807694e+01 -3.228223e+01 5.000000e+00
      vertex   1.822486e+01 -3.270496e+01 5.000000e+00
    endloop
  endfacet
  facet normal -0.000000e+00 0.000000e+00 1.000000e+00
    outer loop
      vertex   2.750000e-01 -2.885000e+01 5.000000e+00
      vertex   9.275000e+00 -3.115000e+01 5.000000e+00
      vertex   1.777500e+01 -2.885000e+01 5.000000e+00
    endloop
  endfacet
  facet normal 0.000000e+00 0.000000e+00 1.000000e+00
    outer loop
      vertex   1.777500e+01 -2.885000e+01 5.000000e+00
      vertex   9.275000e+00 -3.115000e+01 5.000000e+00
      vertex   1.627500e+01 -3.115000e+01 5.000000e+00
    endloop
  endfacet
  facet normal 0.000000e+00 0.000000e+00 1.000000e+00
    outer loop
      vertex   1.777500e+01 -2.885000e+01 5.000000e+00
      vertex   1.627500e+01 -3.115000e+01 5.000000e+00
      vertex   1.672004e+01 -3.120014e+01 5.000000e+00
    endloop
  endfacet
  facet normal -0.000000e+00 0.000000e+00 1.000000e+00
    outer loop
      vertex   1.672004e+01 -3.120014e+01 5.000000e+00
      vertex   1.714277e+01 -3.134806e+01 5.000000e+00
      vertex   1.777500e+01 -2.885000e+01 5.000000e+00
    endloop
  endfacet
  facet normal 0.000000e+00 0.000000e+00 1.000000e+00
    outer loop
      vertex   1.777500e+01 -2.885000e+01 5.000000e+00
      vertex   1.714277e+01 -3.134806e+01 5.000000e+00
      vertex   1.752198e+01 -3.158634e+01 5.000000e+00
    endloop
  endfacet
  facet normal 0.000000e+00 0.000000e+00 1.000000e+00
    outer loop
      vertex   1.777500e+01 -2.885000e+01 5.000000e+00
      vertex   1.752198e+01 -3.158634e+01 5.000000e+00
      vertex   1.783866e+01 -3.190302e+01 5.000000e+00
    endloop
  endfacet
  facet normal 0.000000e+00 0.000000e+00 1.000000e+00
    outer loop
      vertex   7.325144e+00 -3.659504e+01 5.000000e+00
      vertex   7.275000e+00 -3.615000e+01 5.000000e+00
      vertex   2.750000e-01 -2.885000e+01 5.000000e+00
    endloop
  endfacet
  facet normal 0.000000e+00 0.000000e+00 1.000000e+00
    outer loop
      vertex   2.750000e-01 -2.885000e+01 5.000000e+00
      vertex   7.275000e+00 -3.615000e+01 5.000000e+00
      vertex   7.275000e+00 -3.315000e+01 5.000000e+00
    endloop
  endfacet
  facet normal 0.000000e+00 0.000000e+00 1.000000e+00
    outer loop
      vertex   2.750000e-01 -2.885000e+01 5.000000e+00
      vertex   7.275000e+00 -3.315000e+01 5.000000e+00
      vertex   7.325144e+00 -3.270496e+01 5.000000e+00
    endloop
  endfacet
  facet normal 0.000000e+00 -0.000000e+00 1.000000e+00
    outer loop
      vertex   7.325144e+00 -3.270496e+01 5.000000e+00
      vertex   7.473062e+00 -3.228223e+01 5.000000e+00
      vertex   2.750000e-01 -2.885000e+01 5.000000e+00
    endloop
  endfacet
  facet normal 0.000000e+00 0.000000e+00 1.000000e+00
    outer loop
      vertex   2.750000e-01 -2.885000e+01 5.000000e+00
      vertex   7.473062e+00 -3.228223e+01 5.000000e+00
      vertex   7.711337e+00 -3.190302e+01 5.000000e+00
    endloop
  endfacet
  facet normal 0.000000e+00 0.000000e+00 1.000000e+00
    outer loop
      vertex   2.750000e-01 -2.885000e+01 5.000000e+00
      vertex   7.711337e+00 -3.190302e+01 5.000000e+00
      vertex   8.028020e+00 -3.158634e+01 5.000000e+00
    endloop
  endfacet
  facet normal 0.000000e+00 -0.000000e+00 1.000000e+00
    outer loop
      vertex   8.028020e+00 -3.158634e+01 5.000000e+00
      vertex   8.407233e+00 -3.134806e+01 5.000000e+00
      vertex   2.750000e-01 -2.885000e+01 5.000000e+00
    endloop
  endfacet
  facet normal 0.000000e+00 0.000000e+00 1.000000e+00
    outer loop
      vertex   2.750000e-01 -2.885000e+01 5.000000e+00
      vertex   8.407233e+00 -3.134806e+01 5.000000e+00
      vertex   8.829958e+00 -3.120014e+01 5.000000e+00
    endloop
  endfacet
  facet normal 0.000000e+00 0.000000e+00 1.000000e+00
    outer loop
      vertex   2.750000e-01 -2.885000e+01 5.000000e+00
      vertex   8.829958e+00 -3.120014e+01 5.000000e+00
      vertex   9.275000e+00 -3.115000e+01 5.000000e+00
    endloop
  endfacet
  facet normal 9.914449e-01 1.305262e-01 -3.522320e-15
    outer loop
      vertex   8.275000e+00 -3.615000e+01 3.500000e+00
      vertex   8.275000e+00 -3.615000e+01 4.000000e+00
      vertex   8.309074e+00 -3.640882e+01 3.500000e+00
    endloop
  endfacet
  facet normal 9.914449e-01 1.305262e-01 -0.000000e+00
    outer loop
      vertex   8.309074e+00 -3.640882e+01 3.500000e+00
      vertex   8.275000e+00 -3.615000e+01 4.000000e+00
      vertex   8.309074e+00 -3.640882e+01 4.000000e+00
    endloop
  endfacet
  facet normal 9.238795e-01 3.826834e-01 -0.000000e+00
    outer loop
      vertex   8.309074e+00 -3.640882e+01 3.500000e+00
      vertex   8.309074e+00 -3.640882e+01 4.000000e+00
      vertex   8.408975e+00 -3.665000e+01 3.500000e+00
    endloop
  endfacet
  facet normal 9.238795e-01 3.826834e-01 -0.000000e+00
    outer loop
      vertex   8.408975e+00 -3.665000e+01 3.500000e+00
      vertex   8.309074e+00 -3.640882e+01 4.000000e+00
      vertex   8.408975e+00 -3.665000e+01 4.000000e+00
    endloop
  endfacet
  facet normal 7.933533e-01 6.087614e-01 -0.000000e+00
    outer loop
      vertex   8.408975e+00 -3.665000e+01 3.500000e+00
      vertex   8.408975e+00 -3.665000e+01 4.000000e+00
      vertex   8.567893e+00 -3.685711e+01 3.500000e+00
    endloop
  endfacet
  facet normal 7.933533e-01 6.087614e-01 -0.000000e+00
    outer loop
      vertex   8.567893e+00 -3.685711e+01 3.500000e+00
      vertex   8.408975e+00 -3.665000e+01 4.000000e+00
      vertex   8.567893e+00 -3.685711e+01 4.000000e+00
    endloop
  endfacet
  facet normal 6.087614e-01 7.933533e-01 -0.000000e+00
    outer loop
      vertex   8.567893e+00 -3.685711e+01 3.500000e+00
      vertex   8.567893e+00 -3.685711e+01 4.000000e+00
      vertex   8.775000e+00 -3.701603e+01 3.500000e+00
    endloop
  endfacet
  facet normal 6.087614e-01 7.933533e-01 -0.000000e+00
    outer loop
      vertex   8.775000e+00 -3.701603e+01 3.500000e+00
      vertex   8.567893e+00 -3.685711e+01 4.000000e+00
      vertex   8.775000e+00 -3.701603e+01 4.000000e+00
    endloop
  endfacet
  facet normal 3.826834e-01 9.238795e-01 -0.000000e+00
    outer loop
      vertex   8.775000e+00 -3.701603e+01 3.500000e+00
      vertex   8.775000e+00 -3.701603e+01 4.000000e+00
      vertex   9.016181e+00 -3.711593e+01 3.500000e+00
    endloop
  endfacet
  facet normal 3.826834e-01 9.238795e-01 -0.000000e+00
    outer loop
      vertex   9.016181e+00 -3.711593e+01 3.500000e+00
      vertex   8.775000e+00 -3.701603e+01 4.000000e+00
      vertex   9.016181e+00 -3.711593e+01 4.000000e+00
    endloop
  endfacet
  facet normal 1.305262e-01 9.914449e-01 -0.000000e+00
    outer loop
      vertex   9.016181e+00 -3.711593e+01 3.500000e+00
      vertex   9.016181e+00 -3.711593e+01 4.000000e+00
      vertex   9.275000e+00 -3.715000e+01 3.500000e+00
    endloop
  endfacet
  facet normal 1.305262e-01 9.914449e-01 1.408928e-14
    outer loop
      vertex   9.275000e+00 -3.715000e+01 3.500000e+00
      vertex   9.016181e+00 -3.711593e+01 4.000000e+00
      vertex   9.275000e+00 -3.715000e+01 4.000000e+00
    endloop
  endfacet
  facet normal -0.000000e+00 1.000000e+00 1.421085e-14
    outer loop
      vertex   9.275000e+00 -3.715000e+01 4.000000e+00
      vertex   1.627500e+01 -3.715000e+01 4.000000e+00
      vertex   9.275000e+00 -3.715000e+01 3.500000e+00
    endloop
  endfacet
  facet normal -0.000000e+00 1.000000e+00 1.421085e-14
    outer loop
      vertex   9.275000e+00 -3.715000e+01 3.500000e+00
      vertex   1.627500e+01 -3.715000e+01 4.000000e+00
      vertex   1.627500e+01 -3.715000e+01 3.500000e+00
    endloop
  endfacet
  facet normal 1.305262e-01 -9.914449e-01 -1.408928e-14
    outer loop
      vertex   9.275000e+00 -3.215000e+01 3.500000e+00
      vertex   9.275000e+00 -3.215000e+01 4.000000e+00
      vertex   9.016181e+00 -3.218407e+01 3.500000e+00
    endloop
  endfacet
  facet normal 1.305262e-01 -9.914449e-01 0.000000e+00
    outer loop
      vertex   9.016181e+00 -3.218407e+01 3.500000e+00
      vertex   9.275000e+00 -3.215000e+01 4.000000e+00
      vertex   9.016181e+00 -3.218407e+01 4.000000e+00
    endloop
  endfacet
  facet normal 3.826834e-01 -9.238795e-01 0.000000e+00
    outer loop
      vertex   9.016181e+00 -3.218407e+01 3.500000e+00
      vertex   9.016181e+00 -3.218407e+01 4.000000e+00
      vertex   8.775000e+00 -3.228397e+01 3.500000e+00
    endloop
  endfacet
  facet normal 3.826834e-01 -9.238795e-01 0.000000e+00
    outer loop
      vertex   8.775000e+00 -3.228397e+01 3.500000e+00
      vertex   9.016181e+00 -3.218407e+01 4.000000e+00
      vertex   8.775000e+00 -3.228397e+01 4.000000e+00
    endloop
  endfacet
  facet normal 6.087614e-01 -7.933533e-01 0.000000e+00
    outer loop
      vertex   8.775000e+00 -3.228397e+01 3.500000e+00
      vertex   8.775000e+00 -3.228397e+01 4.000000e+00
      vertex   8.567893e+00 -3.244289e+01 3.500000e+00
    endloop
  endfacet
  facet normal 6.087614e-01 -7.933533e-01 0.000000e+00
    outer loop
      vertex   8.567893e+00 -3.244289e+01 3.500000e+00
      vertex   8.775000e+00 -3.228397e+01 4.000000e+00
      vertex   8.567893e+00 -3.244289e+01 4.000000e+00
    endloop
  endfacet
  facet normal 7.933533e-01 -6.087614e-01 0.000000e+00
    outer loop
      vertex   8.567893e+00 -3.244289e+01 3.500000e+00
      vertex   8.567893e+00 -3.244289e+01 4.000000e+00
      vertex   8.408975e+00 -3.265000e+01 3.500000e+00
    endloop
  endfacet
  facet normal 7.933533e-01 -6.087614e-01 -2.818557e-15
    outer loop
      vertex   8.408975e+00 -3.265000e+01 3.500000e+00
      vertex   8.567893e+00 -3.244289e+01 4.000000e+00
      vertex   8.408975e+00 -3.265000e+01 4.000000e+00
    endloop
  endfacet
  facet normal 9.238795e-01 -3.826834e-01 -3.282279e-15
    outer loop
      vertex   8.408975e+00 -3.265000e+01 3.500000e+00
      vertex   8.408975e+00 -3.265000e+01 4.000000e+00
      vertex   8.309074e+00 -3.289118e+01 3.500000e+00
    endloop
  endfacet
  facet normal 9.238795e-01 -3.826834e-01 0.000000e+00
    outer loop
      vertex   8.309074e+00 -3.289118e+01 3.500000e+00
      vertex   8.408975e+00 -3.265000e+01 4.000000e+00
      vertex   8.309074e+00 -3.289118e+01 4.000000e+00
    endloop
  endfacet
  facet normal 9.914449e-01 -1.305262e-01 0.000000e+00
    outer loop
      vertex   8.309074e+00 -3.289118e+01 3.500000e+00
      vertex   8.309074e+00 -3.289118e+01 4.000000e+00
      vertex   8.275000e+00 -3.315000e+01 3.500000e+00
    endloop
  endfacet
  facet normal 9.914449e-01 -1.305262e-01 -3.522320e-15
    outer loop
      vertex   8.275000e+00 -3.315000e+01 3.500000e+00
      vertex   8.309074e+00 -3.289118e+01 4.000000e+00
      vertex   8.275000e+00 -3.315000e+01 4.000000e+00
    endloop
  endfacet
  facet normal 1.000000e+00 0.000000e+00 -3.552714e-15
    outer loop
      vertex   8.275000e+00 -3.315000e+01 4.000000e+00
      vertex   8.275000e+00 -3.615000e+01 4.000000e+00
      vertex   8.275000e+00 -3.315000e+01 3.500000e+00
    endloop
  endfacet
  facet normal 1.000000e+00 0.000000e+00 -3.552714e-15
    outer loop
      vertex   8.275000e+00 -3.315000e+01 3.500000e+00
      vertex   8.275000e+00 -3.615000e+01 4.000000e+00
      vertex   8.275000e+00 -3.615000e+01 3.500000e+00
    endloop
  endfacet
  facet normal -7.051103e-01 4.184467e-02 7.078619e-01
    outer loop
      vertex   2.022236e+01 -6.123705e+01 4.000000e+00
      vertex   2.122341e+01 -6.128507e+01 5.000000e+00
      vertex   2.027500e+01 -6.035000e+01 4.000000e+00
    endloop
  endfacet
  facet normal -7.065693e-01 3.898251e-02 7.065693e-01
    outer loop
      vertex   2.027500e+01 -6.035000e+01 4.000000e+00
      vertex   2.122341e+01 -6.128507e+01 5.000000e+00
      vertex   2.127500e+01 -6.035000e+01 5.000000e+00
    endloop
  endfacet
  facet normal -7.065693e-01 -3.898251e-02 7.065693e-01
    outer loop
      vertex   2.027500e+01 -6.035000e+01 4.000000e+00
      vertex   2.127500e+01 -6.035000e+01 5.000000e+00
      vertex   2.122341e+01 -5.941493e+01 5.000000e+00
    endloop
  endfacet
  facet normal -6.991025e-01 1.166596e-01 7.054405e-01
    outer loop
      vertex   2.122341e+01 -6.128507e+01 5.000000e+00
      vertex   2.022236e+01 -6.123705e+01 4.000000e+00
      vertex   2.106927e+01 -6.220879e+01 5.000000e+00
    endloop
  endfacet
  facet normal -6.940632e-01 1.247401e-01 7.090248e-01
    outer loop
      vertex   2.106927e+01 -6.220879e+01 5.000000e+00
      vertex   2.022236e+01 -6.123705e+01 4.000000e+00
      vertex   2.006517e+01 -6.211165e+01 4.000000e+00
    endloop
  endfacet
  facet normal -6.829334e-01 1.931152e-01 7.044916e-01
    outer loop
      vertex   2.106927e+01 -6.220879e+01 5.000000e+00
      vertex   2.006517e+01 -6.211165e+01 4.000000e+00
      vertex   2.081445e+01 -6.310995e+01 5.000000e+00
    endloop
  endfacet
  facet normal -6.735216e-01 2.056737e-01 7.099768e-01
    outer loop
      vertex   2.081445e+01 -6.310995e+01 5.000000e+00
      vertex   2.006517e+01 -6.211165e+01 4.000000e+00
      vertex   1.980565e+01 -6.296151e+01 4.000000e+00
    endloop
  endfacet
  facet normal -6.582484e-01 2.673574e-01 7.037251e-01
    outer loop
      vertex   2.081445e+01 -6.310995e+01 5.000000e+00
      vertex   1.980565e+01 -6.296151e+01 4.000000e+00
      vertex   2.046204e+01 -6.397760e+01 5.000000e+00
    endloop
  endfacet
  facet normal -6.437818e-01 2.835871e-01 7.107203e-01
    outer loop
      vertex   2.046204e+01 -6.397760e+01 5.000000e+00
      vertex   1.980565e+01 -6.296151e+01 4.000000e+00
      vertex   1.944743e+01 -6.377472e+01 4.000000e+00
    endloop
  endfacet
  facet normal -6.253487e-01 3.384218e-01 7.031427e-01
    outer loop
      vertex   2.046204e+01 -6.397760e+01 5.000000e+00
      vertex   1.944743e+01 -6.377472e+01 4.000000e+00
      vertex   2.001631e+01 -6.480122e+01 5.000000e+00
    endloop
  endfacet
  facet normal -6.052550e-01 3.574627e-01 7.112572e-01
    outer loop
      vertex   2.001631e+01 -6.480122e+01 5.000000e+00
      vertex   1.944743e+01 -6.377472e+01 4.000000e+00
      vertex   1.899554e+01 -6.453985e+01 4.000000e+00
    endloop
  endfacet
  facet normal -5.846464e-01 4.053848e-01 7.027459e-01
    outer loop
      vertex   2.001631e+01 -6.480122e+01 5.000000e+00
      vertex   1.899554e+01 -6.453985e+01 4.000000e+00
      vertex   1.948269e+01 -6.557081e+01 5.000000e+00
    endloop
  endfacet
  facet normal -5.584615e-01 4.263353e-01 7.115890e-01
    outer loop
      vertex   1.948269e+01 -6.557081e+01 5.000000e+00
      vertex   1.899554e+01 -6.453985e+01 4.000000e+00
      vertex   1.845633e+01 -6.524617e+01 4.000000e+00
    endloop
  endfacet
  facet normal -5.366590e-01 4.673767e-01 7.025355e-01
    outer loop
      vertex   1.948269e+01 -6.557081e+01 5.000000e+00
      vertex   1.845633e+01 -6.524617e+01 4.000000e+00
      vertex   1.886765e+01 -6.627702e+01 5.000000e+00
    endloop
  endfacet
  facet normal -5.040250e-01 4.893040e-01 7.117165e-01
    outer loop
      vertex   1.886765e+01 -6.627702e+01 5.000000e+00
      vertex   1.845633e+01 -6.524617e+01 4.000000e+00
      vertex   1.783737e+01 -6.588375e+01 4.000000e+00
    endloop
  endfacet
  facet normal -4.820022e-01 5.235939e-01 7.025121e-01
    outer loop
      vertex   1.886765e+01 -6.627702e+01 5.000000e+00
      vertex   1.783737e+01 -6.588375e+01 4.000000e+00
      vertex   1.817865e+01 -6.691129e+01 5.000000e+00
    endloop
  endfacet
  facet normal -4.426646e-01 5.455424e-01 7.116400e-01
    outer loop
      vertex   1.817865e+01 -6.691129e+01 5.000000e+00
      vertex   1.783737e+01 -6.588375e+01 4.000000e+00
      vertex   1.714735e+01 -6.644365e+01 4.000000e+00
    endloop
  endfacet
  facet normal -4.213814e-01 5.733101e-01 7.026758e-01
    outer loop
      vertex   1.817865e+01 -6.691129e+01 5.000000e+00
      vertex   1.714735e+01 -6.644365e+01 4.000000e+00
      vertex   1.742406e+01 -6.746592e+01 5.000000e+00
    endloop
  endfacet
  facet normal -3.751863e-01 5.943090e-01 7.113594e-01
    outer loop
      vertex   1.742406e+01 -6.746592e+01 5.000000e+00
      vertex   1.714735e+01 -6.644365e+01 4.000000e+00
      vertex   1.639594e+01 -6.691801e+01 4.000000e+00
    endloop
  endfacet
  facet normal -3.555820e-01 6.158861e-01 7.030261e-01
    outer loop
      vertex   1.742406e+01 -6.746592e+01 5.000000e+00
      vertex   1.639594e+01 -6.691801e+01 4.000000e+00
      vertex   1.661303e+01 -6.793416e+01 5.000000e+00
    endloop
  endfacet
  facet normal -3.024733e-01 6.349554e-01 7.108738e-01
    outer loop
      vertex   1.661303e+01 -6.793416e+01 5.000000e+00
      vertex   1.639594e+01 -6.691801e+01 4.000000e+00
      vertex   1.559371e+01 -6.730017e+01 4.000000e+00
    endloop
  endfacet
  facet normal -2.854583e-01 6.507794e-01 7.035622e-01
    outer loop
      vertex   1.661303e+01 -6.793416e+01 5.000000e+00
      vertex   1.559371e+01 -6.730017e+01 4.000000e+00
      vertex   1.575542e+01 -6.831035e+01 5.000000e+00
    endloop
  endfacet
  facet normal -2.254758e-01 6.669348e-01 7.101821e-01
    outer loop
      vertex   1.575542e+01 -6.831035e+01 5.000000e+00
      vertex   1.559371e+01 -6.730017e+01 4.000000e+00
      vertex   1.475190e+01 -6.758477e+01 4.000000e+00
    endloop
  endfacet
  facet normal -2.119215e-01 6.775507e-01 7.042828e-01
    outer loop
      vertex   1.575542e+01 -6.831035e+01 5.000000e+00
      vertex   1.475190e+01 -6.758477e+01 4.000000e+00
      vertex   1.486163e+01 -6.858990e+01 5.000000e+00
    endloop
  endfacet
  facet normal -1.451994e-01 6.898083e-01 7.092825e-01
    outer loop
      vertex   1.486163e+01 -6.858990e+01 5.000000e+00
      vertex   1.475190e+01 -6.758477e+01 4.000000e+00
      vertex   1.388235e+01 -6.776780e+01 4.000000e+00
    endloop
  endfacet
  facet normal -1.359271e-01 6.958708e-01 7.051863e-01
    outer loop
      vertex   1.486163e+01 -6.858990e+01 5.000000e+00
      vertex   1.388235e+01 -6.776780e+01 4.000000e+00
      vertex   1.394251e+01 -6.876944e+01 5.000000e+00
    endloop
  endfacet
  facet normal -6.269340e-02 7.032504e-01 7.081726e-01
    outer loop
      vertex   1.394251e+01 -6.876944e+01 5.000000e+00
      vertex   1.388235e+01 -6.776780e+01 4.000000e+00
      vertex   1.299725e+01 -6.784671e+01 4.000000e+00
    endloop
  endfacet
  facet normal -5.846141e-02 7.055242e-01 7.062704e-01
    outer loop
      vertex   1.394251e+01 -6.876944e+01 5.000000e+00
      vertex   1.299725e+01 -6.784671e+01 4.000000e+00
      vertex   1.300921e+01 -6.884677e+01 5.000000e+00
    endloop
  endfacet
  facet normal 1.949013e-02 7.070656e-01 7.068793e-01
    outer loop
      vertex   1.300921e+01 -6.884677e+01 5.000000e+00
      vertex   1.299725e+01 -6.784671e+01 4.000000e+00
      vertex   1.207308e+01 -6.882097e+01 5.000000e+00
    endloop
  endfacet
  facet normal 2.094114e-02 7.063651e-01 7.075379e-01
    outer loop
      vertex   1.207308e+01 -6.882097e+01 5.000000e+00
      vertex   1.299725e+01 -6.784671e+01 4.000000e+00
      vertex   1.210903e+01 -6.782037e+01 4.000000e+00
    endloop
  endfacet
  facet normal 9.731567e-02 7.017898e-01 7.057059e-01
    outer loop
      vertex   1.207308e+01 -6.882097e+01 5.000000e+00
      vertex   1.210903e+01 -6.782037e+01 4.000000e+00
      vertex   1.114546e+01 -6.869234e+01 5.000000e+00
    endloop
  endfacet
  facet normal 1.041581e-01 6.977241e-01 7.087540e-01
    outer loop
      vertex   1.114546e+01 -6.869234e+01 5.000000e+00
      vertex   1.210903e+01 -6.782037e+01 4.000000e+00
      vertex   1.123016e+01 -6.768917e+01 4.000000e+00
    endloop
  endfacet
  facet normal 1.741704e-01 6.877833e-01 7.047118e-01
    outer loop
      vertex   1.114546e+01 -6.869234e+01 5.000000e+00
      vertex   1.123016e+01 -6.768917e+01 4.000000e+00
      vertex   1.023762e+01 -6.846244e+01 5.000000e+00
    endloop
  endfacet
  facet normal 1.856827e-01 6.795329e-01 7.097584e-01
    outer loop
      vertex   1.023762e+01 -6.846244e+01 5.000000e+00
      vertex   1.123016e+01 -6.768917e+01 4.000000e+00
      vertex   1.037298e+01 -6.745495e+01 4.000000e+00
    endloop
  endfacet
  facet normal 2.490577e-01 6.652035e-01 7.038996e-01
    outer loop
      vertex   1.023762e+01 -6.846244e+01 5.000000e+00
      vertex   1.037298e+01 -6.745495e+01 4.000000e+00
      vertex   9.360589e+00 -6.813407e+01 5.000000e+00
    endloop
  endfacet
  facet normal 2.644484e-01 6.520585e-01 7.105538e-01
    outer loop
      vertex   9.360589e+00 -6.813407e+01 5.000000e+00
      vertex   1.037298e+01 -6.745495e+01 4.000000e+00
      vertex   9.549511e+00 -6.712098e+01 4.000000e+00
    endloop
  endfacet
  facet normal 3.210049e-01 6.343231e-01 7.032710e-01
    outer loop
      vertex   9.360589e+00 -6.813407e+01 5.000000e+00
      vertex   9.549511e+00 -6.712098e+01 4.000000e+00
      vertex   8.525000e+00 -6.771122e+01 5.000000e+00
    endloop
  endfacet
  facet normal 3.394262e-01 6.156838e-01 7.111423e-01
    outer loop
      vertex   8.525000e+00 -6.771122e+01 5.000000e+00
      vertex   9.549511e+00 -6.712098e+01 4.000000e+00
      vertex   8.771325e+00 -6.669197e+01 4.000000e+00
    endloop
  endfacet
  facet normal 3.890771e-01 5.955269e-01 7.028276e-01
    outer loop
      vertex   8.525000e+00 -6.771122e+01 5.000000e+00
      vertex   8.771325e+00 -6.669197e+01 4.000000e+00
      vertex   7.741000e+00 -6.719900e+01 5.000000e+00
    endloop
  endfacet
  facet normal 4.096367e-01 5.709025e-01 7.115252e-01
    outer loop
      vertex   7.741000e+00 -6.719900e+01 5.000000e+00
      vertex   8.771325e+00 -6.669197e+01 4.000000e+00
      vertex   8.049341e+00 -6.617393e+01 4.000000e+00
    endloop
  endfacet
  facet normal 4.523900e-01 5.493067e-01 7.025706e-01
    outer loop
      vertex   7.741000e+00 -6.719900e+01 5.000000e+00
      vertex   8.049341e+00 -6.617393e+01 4.000000e+00
      vertex   7.018107e+00 -6.660365e+01 5.000000e+00
    endloop
  endfacet
  facet normal 4.741619e-01 5.183129e-01 7.117037e-01
    outer loop
      vertex   7.018107e+00 -6.660365e+01 5.000000e+00
      vertex   8.049341e+00 -6.617393e+01 4.000000e+00
      vertex   7.393696e+00 -6.557413e+01 4.000000e+00
    endloop
  endfacet
  facet normal 5.101222e-01 4.962545e-01 7.025004e-01
    outer loop
      vertex   7.018107e+00 -6.660365e+01 5.000000e+00
      vertex   7.393696e+00 -6.557413e+01 4.000000e+00
      vertex   6.365094e+00 -6.593239e+01 5.000000e+00
    endloop
  endfacet
  facet normal 5.321559e-01 4.586112e-01 7.116783e-01
    outer loop
      vertex   6.365094e+00 -6.593239e+01 5.000000e+00
      vertex   7.393696e+00 -6.557413e+01 4.000000e+00
      vertex   6.813592e+00 -6.490100e+01 4.000000e+00
    endloop
  endfacet
  facet normal 5.615270e-01 4.370540e-01 7.026173e-01
    outer loop
      vertex   6.365094e+00 -6.593239e+01 5.000000e+00
      vertex   6.813592e+00 -6.490100e+01 4.000000e+00
      vertex   5.789889e+00 -6.519337e+01 5.000000e+00
    endloop
  endfacet
  facet normal 5.828549e-01 3.925823e-01 7.114487e-01
    outer loop
      vertex   5.789889e+00 -6.519337e+01 5.000000e+00
      vertex   6.813592e+00 -6.490100e+01 4.000000e+00
      vertex   6.317173e+00 -6.416398e+01 4.000000e+00
    endloop
  endfacet
  facet normal 6.059429e-01 3.724717e-01 7.029211e-01
    outer loop
      vertex   5.789889e+00 -6.519337e+01 5.000000e+00
      vertex   6.317173e+00 -6.416398e+01 4.000000e+00
      vertex   5.299473e+00 -6.439555e+01 5.000000e+00
    endloop
  endfacet
  facet normal 6.255868e-01 3.210914e-01 7.110145e-01
    outer loop
      vertex   5.299473e+00 -6.439555e+01 5.000000e+00
      vertex   6.317173e+00 -6.416398e+01 4.000000e+00
      vertex   5.911408e+00 -6.337343e+01 4.000000e+00
    endloop
  endfacet
  facet normal 6.428022e-01 3.033457e-01 7.034108e-01
    outer loop
      vertex   5.299473e+00 -6.439555e+01 5.000000e+00
      vertex   5.911408e+00 -6.337343e+01 4.000000e+00
      vertex   4.899800e+00 -6.354863e+01 5.000000e+00
    endloop
  endfacet
  facet normal 6.597784e-01 2.450727e-01 7.103744e-01
    outer loop
      vertex   4.899800e+00 -6.354863e+01 5.000000e+00
      vertex   5.911408e+00 -6.337343e+01 4.000000e+00
      vertex   5.601993e+00 -6.254043e+01 4.000000e+00
    endloop
  endfacet
  facet normal 6.716392e-01 2.305740e-01 7.040855e-01
    outer loop
      vertex   4.899800e+00 -6.354863e+01 5.000000e+00
      vertex   5.601993e+00 -6.254043e+01 4.000000e+00
      vertex   4.595722e+00 -6.266288e+01 5.000000e+00
    endloop
  endfacet
  facet normal 6.849634e-01 1.655191e-01 7.095270e-01
    outer loop
      vertex   4.595722e+00 -6.266288e+01 5.000000e+00
      vertex   5.601993e+00 -6.254043e+01 4.000000e+00
      vertex   5.393271e+00 -6.167668e+01 4.000000e+00
    endloop
  endfacet
  facet normal 6.920968e-01 1.551025e-01 7.049434e-01
    outer loop
      vertex   4.595722e+00 -6.266288e+01 5.000000e+00
      vertex   5.393271e+00 -6.167668e+01 4.000000e+00
      vertex   4.390929e+00 -6.174905e+01 5.000000e+00
    endloop
  endfacet
  facet normal 7.007875e-01 8.347023e-02 7.084699e-01
    outer loop
      vertex   4.390929e+00 -6.174905e+01 5.000000e+00
      vertex   5.393271e+00 -6.167668e+01 4.000000e+00
      vertex   5.288172e+00 -6.079430e+01 4.000000e+00
    endloop
  endfacet
  facet normal 7.039308e-01 7.791104e-02 7.059825e-01
    outer loop
      vertex   4.390929e+00 -6.174905e+01 5.000000e+00
      vertex   5.288172e+00 -6.079430e+01 4.000000e+00
      vertex   4.287907e+00 -6.081825e+01 5.000000e+00
    endloop
  endfacet
  facet normal 7.070131e-01 -7.066702e-16 7.072004e-01
    outer loop
      vertex   4.287907e+00 -6.081825e+01 5.000000e+00
      vertex   5.288172e+00 -6.079430e+01 4.000000e+00
      vertex   5.288172e+00 -5.990570e+01 4.000000e+00
    endloop
  endfacet
  facet normal 7.070131e-01 -0.000000e+00 7.072004e-01
    outer loop
      vertex   4.287907e+00 -6.081825e+01 5.000000e+00
      vertex   5.288172e+00 -5.990570e+01 4.000000e+00
      vertex   4.287907e+00 -5.988175e+01 5.000000e+00
    endloop
  endfacet
  facet normal 7.039308e-01 -7.791104e-02 7.059825e-01
    outer loop
      vertex   4.287907e+00 -5.988175e+01 5.000000e+00
      vertex   5.288172e+00 -5.990570e+01 4.000000e+00
      vertex   4.390929e+00 -5.895095e+01 5.000000e+00
    endloop
  endfacet
  facet normal 7.007875e-01 -8.347023e-02 7.084699e-01
    outer loop
      vertex   4.390929e+00 -5.895095e+01 5.000000e+00
      vertex   5.288172e+00 -5.990570e+01 4.000000e+00
      vertex   5.393271e+00 -5.902332e+01 4.000000e+00
    endloop
  endfacet
  facet normal 6.920968e-01 -1.551025e-01 7.049434e-01
    outer loop
      vertex   4.390929e+00 -5.895095e+01 5.000000e+00
      vertex   5.393271e+00 -5.902332e+01 4.000000e+00
      vertex   4.595722e+00 -5.803712e+01 5.000000e+00
    endloop
  endfacet
  facet normal 6.849634e-01 -1.655191e-01 7.095270e-01
    outer loop
      vertex   4.595722e+00 -5.803712e+01 5.000000e+00
      vertex   5.393271e+00 -5.902332e+01 4.000000e+00
      vertex   5.601993e+00 -5.815957e+01 4.000000e+00
    endloop
  endfacet
  facet normal 6.716392e-01 -2.305740e-01 7.040855e-01
    outer loop
      vertex   4.595722e+00 -5.803712e+01 5.000000e+00
      vertex   5.601993e+00 -5.815957e+01 4.000000e+00
      vertex   4.899800e+00 -5.715137e+01 5.000000e+00
    endloop
  endfacet
  facet normal 6.597784e-01 -2.450727e-01 7.103744e-01
    outer loop
      vertex   4.899800e+00 -5.715137e+01 5.000000e+00
      vertex   5.601993e+00 -5.815957e+01 4.000000e+00
      vertex   5.911408e+00 -5.732657e+01 4.000000e+00
    endloop
  endfacet
  facet normal 6.428022e-01 -3.033457e-01 7.034108e-01
    outer loop
      vertex   4.899800e+00 -5.715137e+01 5.000000e+00
      vertex   5.911408e+00 -5.732657e+01 4.000000e+00
      vertex   5.299473e+00 -5.630445e+01 5.000000e+00
    endloop
  endfacet
  facet normal 6.255868e-01 -3.210914e-01 7.110145e-01
    outer loop
      vertex   5.299473e+00 -5.630445e+01 5.000000e+00
      vertex   5.911408e+00 -5.732657e+01 4.000000e+00
      vertex   6.317173e+00 -5.653602e+01 4.000000e+00
    endloop
  endfacet
  facet normal 6.059429e-01 -3.724717e-01 7.029211e-01
    outer loop
      vertex   5.299473e+00 -5.630445e+01 5.000000e+00
      vertex   6.317173e+00 -5.653602e+01 4.000000e+00
      vertex   5.789889e+00 -5.550663e+01 5.000000e+00
    endloop
  endfacet
  facet normal 5.828549e-01 -3.925823e-01 7.114487e-01
    outer loop
      vertex   5.789889e+00 -5.550663e+01 5.000000e+00
      vertex   6.317173e+00 -5.653602e+01 4.000000e+00
      vertex   6.813592e+00 -5.579900e+01 4.000000e+00
    endloop
  endfacet
  facet normal 5.615270e-01 -4.370540e-01 7.026173e-01
    outer loop
      vertex   5.789889e+00 -5.550663e+01 5.000000e+00
      vertex   6.813592e+00 -5.579900e+01 4.000000e+00
      vertex   6.365094e+00 -5.476761e+01 5.000000e+00
    endloop
  endfacet
  facet normal 5.321559e-01 -4.586112e-01 7.116783e-01
    outer loop
      vertex   6.365094e+00 -5.476761e+01 5.000000e+00
      vertex   6.813592e+00 -5.579900e+01 4.000000e+00
      vertex   7.393696e+00 -5.512587e+01 4.000000e+00
    endloop
  endfacet
  facet normal 5.101222e-01 -4.962545e-01 7.025004e-01
    outer loop
      vertex   6.365094e+00 -5.476761e+01 5.000000e+00
      vertex   7.393696e+00 -5.512587e+01 4.000000e+00
      vertex   7.018107e+00 -5.409635e+01 5.000000e+00
    endloop
  endfacet
  facet normal 4.741619e-01 -5.183129e-01 7.117037e-01
    outer loop
      vertex   7.018107e+00 -5.409635e+01 5.000000e+00
      vertex   7.393696e+00 -5.512587e+01 4.000000e+00
      vertex   8.049341e+00 -5.452607e+01 4.000000e+00
    endloop
  endfacet
  facet normal 4.523900e-01 -5.493067e-01 7.025706e-01
    outer loop
      vertex   7.018107e+00 -5.409635e+01 5.000000e+00
      vertex   8.049341e+00 -5.452607e+01 4.000000e+00
      vertex   7.741000e+00 -5.350100e+01 5.000000e+00
    endloop
  endfacet
  facet normal 4.096367e-01 -5.709025e-01 7.115252e-01
    outer loop
      vertex   7.741000e+00 -5.350100e+01 5.000000e+00
      vertex   8.049341e+00 -5.452607e+01 4.000000e+00
      vertex   8.771325e+00 -5.400803e+01 4.000000e+00
    endloop
  endfacet
  facet normal 3.890771e-01 -5.955269e-01 7.028276e-01
    outer loop
      vertex   7.741000e+00 -5.350100e+01 5.000000e+00
      vertex   8.771325e+00 -5.400803e+01 4.000000e+00
      vertex   8.525000e+00 -5.298878e+01 5.000000e+00
    endloop
  endfacet
  facet normal 3.394262e-01 -6.156838e-01 7.111423e-01
    outer loop
      vertex   8.525000e+00 -5.298878e+01 5.000000e+00
      vertex   8.771325e+00 -5.400803e+01 4.000000e+00
      vertex   9.549511e+00 -5.357902e+01 4.000000e+00
    endloop
  endfacet
  facet normal 3.210049e-01 -6.343231e-01 7.032710e-01
    outer loop
      vertex   8.525000e+00 -5.298878e+01 5.000000e+00
      vertex   9.549511e+00 -5.357902e+01 4.000000e+00
      vertex   9.360589e+00 -5.256593e+01 5.000000e+00
    endloop
  endfacet
  facet normal 2.644484e-01 -6.520585e-01 7.105538e-01
    outer loop
      vertex   9.360589e+00 -5.256593e+01 5.000000e+00
      vertex   9.549511e+00 -5.357902e+01 4.000000e+00
      vertex   1.037298e+01 -5.324505e+01 4.000000e+00
    endloop
  endfacet
  facet normal 2.490577e-01 -6.652035e-01 7.038996e-01
    outer loop
      vertex   9.360589e+00 -5.256593e+01 5.000000e+00
      vertex   1.037298e+01 -5.324505e+01 4.000000e+00
      vertex   1.023762e+01 -5.223756e+01 5.000000e+00
    endloop
  endfacet
  facet normal 1.856827e-01 -6.795329e-01 7.097584e-01
    outer loop
      vertex   1.023762e+01 -5.223756e+01 5.000000e+00
      vertex   1.037298e+01 -5.324505e+01 4.000000e+00
      vertex   1.123016e+01 -5.301083e+01 4.000000e+00
    endloop
  endfacet
  facet normal 1.741704e-01 -6.877833e-01 7.047118e-01
    outer loop
      vertex   1.023762e+01 -5.223756e+01 5.000000e+00
      vertex   1.123016e+01 -5.301083e+01 4.000000e+00
      vertex   1.114546e+01 -5.200766e+01 5.000000e+00
    endloop
  endfacet
  facet normal 1.041581e-01 -6.977241e-01 7.087540e-01
    outer loop
      vertex   1.114546e+01 -5.200766e+01 5.000000e+00
      vertex   1.123016e+01 -5.301083e+01 4.000000e+00
      vertex   1.210903e+01 -5.287963e+01 4.000000e+00
    endloop
  endfacet
  facet normal 9.731567e-02 -7.017898e-01 7.057059e-01
    outer loop
      vertex   1.114546e+01 -5.200766e+01 5.000000e+00
      vertex   1.210903e+01 -5.287963e+01 4.000000e+00
      vertex   1.207308e+01 -5.187903e+01 5.000000e+00
    endloop
  endfacet
  facet normal 2.094114e-02 -7.063651e-01 7.075379e-01
    outer loop
      vertex   1.207308e+01 -5.187903e+01 5.000000e+00
      vertex   1.210903e+01 -5.287963e+01 4.000000e+00
      vertex   1.299725e+01 -5.285329e+01 4.000000e+00
    endloop
  endfacet
  facet normal 1.949013e-02 -7.070656e-01 7.068793e-01
    outer loop
      vertex   1.207308e+01 -5.187903e+01 5.000000e+00
      vertex   1.299725e+01 -5.285329e+01 4.000000e+00
      vertex   1.300921e+01 -5.185323e+01 5.000000e+00
    endloop
  endfacet
  facet normal -5.846141e-02 -7.055242e-01 7.062704e-01
    outer loop
      vertex   1.300921e+01 -5.185323e+01 5.000000e+00
      vertex   1.299725e+01 -5.285329e+01 4.000000e+00
      vertex   1.394251e+01 -5.193056e+01 5.000000e+00
    endloop
  endfacet
  facet normal -6.269340e-02 -7.032504e-01 7.081726e-01
    outer loop
      vertex   1.394251e+01 -5.193056e+01 5.000000e+00
      vertex   1.299725e+01 -5.285329e+01 4.000000e+00
      vertex   1.388235e+01 -5.293220e+01 4.000000e+00
    endloop
  endfacet
  facet normal -1.359271e-01 -6.958708e-01 7.051863e-01
    outer loop
      vertex   1.394251e+01 -5.193056e+01 5.000000e+00
      vertex   1.388235e+01 -5.293220e+01 4.000000e+00
      vertex   1.486163e+01 -5.211010e+01 5.000000e+00
    endloop
  endfacet
  facet normal -1.451994e-01 -6.898083e-01 7.092825e-01
    outer loop
      vertex   1.486163e+01 -5.211010e+01 5.000000e+00
      vertex   1.388235e+01 -5.293220e+01 4.000000e+00
      vertex   1.475190e+01 -5.311523e+01 4.000000e+00
    endloop
  endfacet
  facet normal -2.119215e-01 -6.775507e-01 7.042828e-01
    outer loop
      vertex   1.486163e+01 -5.211010e+01 5.000000e+00
      vertex   1.475190e+01 -5.311523e+01 4.000000e+00
      vertex   1.575542e+01 -5.238965e+01 5.000000e+00
    endloop
  endfacet
  facet normal -2.254758e-01 -6.669348e-01 7.101821e-01
    outer loop
      vertex   1.575542e+01 -5.238965e+01 5.000000e+00
      vertex   1.475190e+01 -5.311523e+01 4.000000e+00
      vertex   1.559371e+01 -5.339983e+01 4.000000e+00
    endloop
  endfacet
  facet normal -2.854583e-01 -6.507794e-01 7.035622e-01
    outer loop
      vertex   1.575542e+01 -5.238965e+01 5.000000e+00
      vertex   1.559371e+01 -5.339983e+01 4.000000e+00
      vertex   1.661303e+01 -5.276584e+01 5.000000e+00
    endloop
  endfacet
  facet normal -3.024733e-01 -6.349554e-01 7.108738e-01
    outer loop
      vertex   1.661303e+01 -5.276584e+01 5.000000e+00
      vertex   1.559371e+01 -5.339983e+01 4.000000e+00
      vertex   1.639594e+01 -5.378199e+01 4.000000e+00
    endloop
  endfacet
  facet normal -3.555820e-01 -6.158861e-01 7.030261e-01
    outer loop
      vertex   1.661303e+01 -5.276584e+01 5.000000e+00
      vertex   1.639594e+01 -5.378199e+01 4.000000e+00
      vertex   1.742406e+01 -5.323408e+01 5.000000e+00
    endloop
  endfacet
  facet normal -3.751863e-01 -5.943090e-01 7.113594e-01
    outer loop
      vertex   1.742406e+01 -5.323408e+01 5.000000e+00
      vertex   1.639594e+01 -5.378199e+01 4.000000e+00
      vertex   1.714735e+01 -5.425635e+01 4.000000e+00
    endloop
  endfacet
  facet normal -4.213814e-01 -5.733101e-01 7.026758e-01
    outer loop
      vertex   1.742406e+01 -5.323408e+01 5.000000e+00
      vertex   1.714735e+01 -5.425635e+01 4.000000e+00
      vertex   1.817865e+01 -5.378871e+01 5.000000e+00
    endloop
  endfacet
  facet normal -4.426646e-01 -5.455424e-01 7.116400e-01
    outer loop
      vertex   1.817865e+01 -5.378871e+01 5.000000e+00
      vertex   1.714735e+01 -5.425635e+01 4.000000e+00
      vertex   1.783737e+01 -5.481625e+01 4.000000e+00
    endloop
  endfacet
  facet normal -4.820022e-01 -5.235939e-01 7.025121e-01
    outer loop
      vertex   1.817865e+01 -5.378871e+01 5.000000e+00
      vertex   1.783737e+01 -5.481625e+01 4.000000e+00
      vertex   1.886765e+01 -5.442298e+01 5.000000e+00
    endloop
  endfacet
  facet normal -5.040250e-01 -4.893040e-01 7.117165e-01
    outer loop
      vertex   1.886765e+01 -5.442298e+01 5.000000e+00
      vertex   1.783737e+01 -5.481625e+01 4.000000e+00
      vertex   1.845633e+01 -5.545383e+01 4.000000e+00
    endloop
  endfacet
  facet normal -5.366590e-01 -4.673767e-01 7.025355e-01
    outer loop
      vertex   1.886765e+01 -5.442298e+01 5.000000e+00
      vertex   1.845633e+01 -5.545383e+01 4.000000e+00
      vertex   1.948269e+01 -5.512919e+01 5.000000e+00
    endloop
  endfacet
  facet normal -5.584615e-01 -4.263353e-01 7.115890e-01
    outer loop
      vertex   1.948269e+01 -5.512919e+01 5.000000e+00
      vertex   1.845633e+01 -5.545383e+01 4.000000e+00
      vertex   1.899554e+01 -5.616015e+01 4.000000e+00
    endloop
  endfacet
  facet normal -5.846464e-01 -4.053848e-01 7.027459e-01
    outer loop
      vertex   1.948269e+01 -5.512919e+01 5.000000e+00
      vertex   1.899554e+01 -5.616015e+01 4.000000e+00
      vertex   2.001631e+01 -5.589878e+01 5.000000e+00
    endloop
  endfacet
  facet normal -6.052550e-01 -3.574627e-01 7.112572e-01
    outer loop
      vertex   2.001631e+01 -5.589878e+01 5.000000e+00
      vertex   1.899554e+01 -5.616015e+01 4.000000e+00
      vertex   1.944743e+01 -5.692528e+01 4.000000e+00
    endloop
  endfacet
  facet normal -6.253487e-01 -3.384218e-01 7.031427e-01
    outer loop
      vertex   2.001631e+01 -5.589878e+01 5.000000e+00
      vertex   1.944743e+01 -5.692528e+01 4.000000e+00
      vertex   2.046204e+01 -5.672240e+01 5.000000e+00
    endloop
  endfacet
  facet normal -6.437818e-01 -2.835871e-01 7.107203e-01
    outer loop
      vertex   2.046204e+01 -5.672240e+01 5.000000e+00
      vertex   1.944743e+01 -5.692528e+01 4.000000e+00
      vertex   1.980565e+01 -5.773849e+01 4.000000e+00
    endloop
  endfacet
  facet normal -6.582484e-01 -2.673574e-01 7.037251e-01
    outer loop
      vertex   2.046204e+01 -5.672240e+01 5.000000e+00
      vertex   1.980565e+01 -5.773849e+01 4.000000e+00
      vertex   2.081445e+01 -5.759005e+01 5.000000e+00
    endloop
  endfacet
  facet normal -6.735216e-01 -2.056737e-01 7.099768e-01
    outer loop
      vertex   2.081445e+01 -5.759005e+01 5.000000e+00
      vertex   1.980565e+01 -5.773849e+01 4.000000e+00
      vertex   2.006517e+01 -5.858835e+01 4.000000e+00
    endloop
  endfacet
  facet normal -6.829334e-01 -1.931152e-01 7.044916e-01
    outer loop
      vertex   2.081445e+01 -5.759005e+01 5.000000e+00
      vertex   2.006517e+01 -5.858835e+01 4.000000e+00
      vertex   2.106927e+01 -5.849121e+01 5.000000e+00
    endloop
  endfacet
  facet normal -6.940632e-01 -1.247401e-01 7.090248e-01
    outer loop
      vertex   2.106927e+01 -5.849121e+01 5.000000e+00
      vertex   2.006517e+01 -5.858835e+01 4.000000e+00
      vertex   2.022236e+01 -5.946295e+01 4.000000e+00
    endloop
  endfacet
  facet normal -6.991025e-01 -1.166596e-01 7.054405e-01
    outer loop
      vertex   2.106927e+01 -5.849121e+01 5.000000e+00
      vertex   2.022236e+01 -5.946295e+01 4.000000e+00
      vertex   2.122341e+01 -5.941493e+01 5.000000e+00
    endloop
  endfacet
  facet normal -7.051103e-01 -4.184467e-02 7.078619e-01
    outer loop
      vertex   2.122341e+01 -5.941493e+01 5.000000e+00
      vertex   2.022236e+01 -5.946295e+01 4.000000e+00
      vertex   2.027500e+01 -6.035000e+01 4.000000e+00
    endloop
  endfacet
  facet normal -9.982437e-01 5.924063e-02 8.418600e-16
    outer loop
      vertex   2.022236e+01 -6.123705e+01 3.500000e+00
      vertex   2.022236e+01 -6.123705e+01 4.000000e+00
      vertex   2.027500e+01 -6.035000e+01 3.500000e+00
    endloop
  endfacet
  facet normal -9.982437e-01 5.924063e-02 0.000000e+00
    outer loop
      vertex   2.027500e+01 -6.035000e+01 3.500000e+00
      vertex   2.022236e+01 -6.123705e+01 4.000000e+00
      vertex   2.027500e+01 -6.035000e+01 4.000000e+00
    endloop
  endfacet
  facet normal -9.982437e-01 -5.924063e-02 0.000000e+00
    outer loop
      vertex   2.027500e+01 -6.035000e+01 3.500000e+00
      vertex   2.027500e+01 -6.035000e+01 4.000000e+00
      vertex   2.022236e+01 -5.946295e+01 3.500000e+00
    endloop
  endfacet
  facet normal -9.982437e-01 -5.924063e-02 -8.418600e-16
    outer loop
      vertex   2.022236e+01 -5.946295e+01 3.500000e+00
      vertex   2.027500e+01 -6.035000e+01 4.000000e+00
      vertex   2.022236e+01 -5.946295e+01 4.000000e+00
    endloop
  endfacet
  facet normal -9.842306e-01 -1.768903e-01 -2.513762e-15
    outer loop
      vertex   2.022236e+01 -5.946295e+01 3.500000e+00
      vertex   2.022236e+01 -5.946295e+01 4.000000e+00
      vertex   2.006517e+01 -5.858835e+01 3.500000e+00
    endloop
  endfacet
  facet normal -9.842306e-01 -1.768903e-01 0.000000e+00
    outer loop
      vertex   2.006517e+01 -5.858835e+01 3.500000e+00
      vertex   2.022236e+01 -5.946295e+01 4.000000e+00
      vertex   2.006517e+01 -5.858835e+01 4.000000e+00
    endloop
  endfacet
  facet normal -9.564010e-01 -2.920568e-01 0.000000e+00
    outer loop
      vertex   2.006517e+01 -5.858835e+01 3.500000e+00
      vertex   2.006517e+01 -5.858835e+01 4.000000e+00
      vertex   1.980565e+01 -5.773849e+01 3.500000e+00
    endloop
  endfacet
  facet normal -9.564010e-01 -2.920568e-01 0.000000e+00
    outer loop
      vertex   1.980565e+01 -5.773849e+01 3.500000e+00
      vertex   2.006517e+01 -5.858835e+01 4.000000e+00
      vertex   1.980565e+01 -5.773849e+01 4.000000e+00
    endloop
  endfacet
  facet normal -9.151456e-01 -4.031234e-01 0.000000e+00
    outer loop
      vertex   1.980565e+01 -5.773849e+01 3.500000e+00
      vertex   1.980565e+01 -5.773849e+01 4.000000e+00
      vertex   1.944743e+01 -5.692528e+01 3.500000e+00
    endloop
  endfacet
  facet normal -9.151456e-01 -4.031234e-01 6.502501e-15
    outer loop
      vertex   1.944743e+01 -5.692528e+01 3.500000e+00
      vertex   1.980565e+01 -5.773849e+01 4.000000e+00
      vertex   1.944743e+01 -5.692528e+01 4.000000e+00
    endloop
  endfacet
  facet normal -8.610436e-01 -5.085311e-01 6.118083e-15
    outer loop
      vertex   1.944743e+01 -5.692528e+01 3.500000e+00
      vertex   1.944743e+01 -5.692528e+01 4.000000e+00
      vertex   1.899554e+01 -5.616015e+01 3.500000e+00
    endloop
  endfacet
  facet normal -8.610436e-01 -5.085311e-01 0.000000e+00
    outer loop
      vertex   1.899554e+01 -5.616015e+01 3.500000e+00
      vertex   1.944743e+01 -5.692528e+01 4.000000e+00
      vertex   1.899554e+01 -5.616015e+01 4.000000e+00
    endloop
  endfacet
  facet normal -7.948544e-01 -6.068001e-01 0.000000e+00
    outer loop
      vertex   1.899554e+01 -5.616015e+01 3.500000e+00
      vertex   1.899554e+01 -5.616015e+01 4.000000e+00
      vertex   1.845633e+01 -5.545383e+01 3.500000e+00
    endloop
  endfacet
  facet normal -7.948544e-01 -6.068001e-01 -2.975368e-15
    outer loop
      vertex   1.845633e+01 -5.545383e+01 3.500000e+00
      vertex   1.899554e+01 -5.616015e+01 4.000000e+00
      vertex   1.845633e+01 -5.545383e+01 4.000000e+00
    endloop
  endfacet
  facet normal -7.175073e-01 -6.965510e-01 -4.800390e-15
    outer loop
      vertex   1.845633e+01 -5.545383e+01 3.500000e+00
      vertex   1.845633e+01 -5.545383e+01 4.000000e+00
      vertex   1.783737e+01 -5.481625e+01 3.500000e+00
    endloop
  endfacet
  facet normal -7.175073e-01 -6.965510e-01 0.000000e+00
    outer loop
      vertex   1.783737e+01 -5.481625e+01 3.500000e+00
      vertex   1.845633e+01 -5.545383e+01 4.000000e+00
      vertex   1.783737e+01 -5.481625e+01 4.000000e+00
    endloop
  endfacet
  facet normal -6.300878e-01 -7.765239e-01 0.000000e+00
    outer loop
      vertex   1.783737e+01 -5.481625e+01 3.500000e+00
      vertex   1.783737e+01 -5.481625e+01 4.000000e+00
      vertex   1.714735e+01 -5.425635e+01 3.500000e+00
    endloop
  endfacet
  facet normal -6.300878e-01 -7.765239e-01 0.000000e+00
    outer loop
      vertex   1.714735e+01 -5.425635e+01 3.500000e+00
      vertex   1.783737e+01 -5.481625e+01 4.000000e+00
      vertex   1.714735e+01 -5.425635e+01 4.000000e+00
    endloop
  endfacet
  facet normal -5.338234e-01 -8.455960e-01 0.000000e+00
    outer loop
      vertex   1.714735e+01 -5.425635e+01 3.500000e+00
      vertex   1.714735e+01 -5.425635e+01 4.000000e+00
      vertex   1.639594e+01 -5.378199e+01 3.500000e+00
    endloop
  endfacet
  facet normal -5.338234e-01 -8.455960e-01 3.793043e-15
    outer loop
      vertex   1.639594e+01 -5.378199e+01 3.500000e+00
      vertex   1.714735e+01 -5.425635e+01 4.000000e+00
      vertex   1.639594e+01 -5.378199e+01 4.000000e+00
    endloop
  endfacet
  facet normal -4.300652e-01 -9.027978e-01 3.055797e-15
    outer loop
      vertex   1.639594e+01 -5.378199e+01 3.500000e+00
      vertex   1.639594e+01 -5.378199e+01 4.000000e+00
      vertex   1.559371e+01 -5.339983e+01 3.500000e+00
    endloop
  endfacet
  facet normal -4.300652e-01 -9.027978e-01 0.000000e+00
    outer loop
      vertex   1.559371e+01 -5.339983e+01 3.500000e+00
      vertex   1.639594e+01 -5.378199e+01 4.000000e+00
      vertex   1.559371e+01 -5.339983e+01 4.000000e+00
    endloop
  endfacet
  facet normal -3.202699e-01 -9.473264e-01 0.000000e+00
    outer loop
      vertex   1.559371e+01 -5.339983e+01 3.500000e+00
      vertex   1.559371e+01 -5.339983e+01 4.000000e+00
      vertex   1.475190e+01 -5.311523e+01 3.500000e+00
    endloop
  endfacet
  facet normal -3.202699e-01 -9.473264e-01 3.413481e-15
    outer loop
      vertex   1.475190e+01 -5.311523e+01 3.500000e+00
      vertex   1.559371e+01 -5.339983e+01 4.000000e+00
      vertex   1.475190e+01 -5.311523e+01 4.000000e+00
    endloop
  endfacet
  facet normal -2.059786e-01 -9.785565e-01 2.195349e-15
    outer loop
      vertex   1.475190e+01 -5.311523e+01 3.500000e+00
      vertex   1.475190e+01 -5.311523e+01 4.000000e+00
      vertex   1.388235e+01 -5.293220e+01 3.500000e+00
    endloop
  endfacet
  facet normal -2.059786e-01 -9.785565e-01 7.317831e-16
    outer loop
      vertex   1.388235e+01 -5.293220e+01 3.500000e+00
      vertex   1.475190e+01 -5.311523e+01 4.000000e+00
      vertex   1.388235e+01 -5.293220e+01 4.000000e+00
    endloop
  endfacet
  facet normal -8.879590e-02 -9.960498e-01 3.154664e-16
    outer loop
      vertex   1.388235e+01 -5.293220e+01 3.500000e+00
      vertex   1.388235e+01 -5.293220e+01 4.000000e+00
      vertex   1.299725e+01 -5.285329e+01 3.500000e+00
    endloop
  endfacet
  facet normal -8.879590e-02 -9.960498e-01 0.000000e+00
    outer loop
      vertex   1.299725e+01 -5.285329e+01 3.500000e+00
      vertex   1.388235e+01 -5.293220e+01 4.000000e+00
      vertex   1.299725e+01 -5.285329e+01 4.000000e+00
    endloop
  endfacet
  facet normal 2.963333e-02 -9.995608e-01 0.000000e+00
    outer loop
      vertex   1.299725e+01 -5.285329e+01 3.500000e+00
      vertex   1.299725e+01 -5.285329e+01 4.000000e+00
      vertex   1.210903e+01 -5.287963e+01 3.500000e+00
    endloop
  endfacet
  facet normal 2.963333e-02 -9.995608e-01 -1.052787e-16
    outer loop
      vertex   1.210903e+01 -5.287963e+01 3.500000e+00
      vertex   1.299725e+01 -5.285329e+01 4.000000e+00
      vertex   1.210903e+01 -5.287963e+01 4.000000e+00
    endloop
  endfacet
  facet normal 1.476466e-01 -9.890402e-01 -5.245460e-16
    outer loop
      vertex   1.210903e+01 -5.287963e+01 3.500000e+00
      vertex   1.210903e+01 -5.287963e+01 4.000000e+00
      vertex   1.123016e+01 -5.301083e+01 3.500000e+00
    endloop
  endfacet
  facet normal 1.476466e-01 -9.890402e-01 -5.245460e-16
    outer loop
      vertex   1.123016e+01 -5.301083e+01 3.500000e+00
      vertex   1.210903e+01 -5.287963e+01 4.000000e+00
      vertex   1.123016e+01 -5.301083e+01 4.000000e+00
    endloop
  endfacet
  facet normal 2.635872e-01 -9.646356e-01 -9.364497e-16
    outer loop
      vertex   1.123016e+01 -5.301083e+01 3.500000e+00
      vertex   1.123016e+01 -5.301083e+01 4.000000e+00
      vertex   1.037298e+01 -5.324505e+01 3.500000e+00
    endloop
  endfacet
  facet normal 2.635872e-01 -9.646356e-01 -3.745799e-15
    outer loop
      vertex   1.037298e+01 -5.324505e+01 3.500000e+00
      vertex   1.123016e+01 -5.301083e+01 4.000000e+00
      vertex   1.037298e+01 -5.324505e+01 4.000000e+00
    endloop
  endfacet
  facet normal 3.758276e-01 -9.266896e-01 -5.340831e-15
    outer loop
      vertex   1.037298e+01 -5.324505e+01 3.500000e+00
      vertex   1.037298e+01 -5.324505e+01 4.000000e+00
      vertex   9.549511e+00 -5.357902e+01 3.500000e+00
    endloop
  endfacet
  facet normal 3.758276e-01 -9.266896e-01 -2.670416e-15
    outer loop
      vertex   9.549511e+00 -5.357902e+01 3.500000e+00
      vertex   1.037298e+01 -5.324505e+01 4.000000e+00
      vertex   9.549511e+00 -5.357902e+01 4.000000e+00
    endloop
  endfacet
  facet normal 4.827922e-01 -8.757349e-01 -3.430445e-15
    outer loop
      vertex   9.549511e+00 -5.357902e+01 3.500000e+00
      vertex   9.549511e+00 -5.357902e+01 4.000000e+00
      vertex   8.771325e+00 -5.400803e+01 3.500000e+00
    endloop
  endfacet
  facet normal 4.827922e-01 -8.757349e-01 0.000000e+00
    outer loop
      vertex   8.771325e+00 -5.400803e+01 3.500000e+00
      vertex   9.549511e+00 -5.357902e+01 4.000000e+00
      vertex   8.771325e+00 -5.400803e+01 4.000000e+00
    endloop
  endfacet
  facet normal 5.829795e-01 -8.124869e-01 0.000000e+00
    outer loop
      vertex   8.771325e+00 -5.400803e+01 3.500000e+00
      vertex   8.771325e+00 -5.400803e+01 4.000000e+00
      vertex   8.049341e+00 -5.452607e+01 3.500000e+00
    endloop
  endfacet
  facet normal 5.829795e-01 -8.124869e-01 -2.071159e-15
    outer loop
      vertex   8.049341e+00 -5.452607e+01 3.500000e+00
      vertex   8.771325e+00 -5.400803e+01 4.000000e+00
      vertex   8.049341e+00 -5.452607e+01 4.000000e+00
    endloop
  endfacet
  facet normal 6.749830e-01 -7.378333e-01 -2.398021e-15
    outer loop
      vertex   8.049341e+00 -5.452607e+01 3.500000e+00
      vertex   8.049341e+00 -5.452607e+01 4.000000e+00
      vertex   7.393696e+00 -5.512587e+01 3.500000e+00
    endloop
  endfacet
  facet normal 6.749830e-01 -7.378333e-01 0.000000e+00
    outer loop
      vertex   7.393696e+00 -5.512587e+01 3.500000e+00
      vertex   8.049341e+00 -5.452607e+01 4.000000e+00
      vertex   7.393696e+00 -5.512587e+01 4.000000e+00
    endloop
  endfacet
  facet normal 7.575112e-01 -6.528221e-01 0.000000e+00
    outer loop
      vertex   7.393696e+00 -5.512587e+01 3.500000e+00
      vertex   7.393696e+00 -5.512587e+01 4.000000e+00
      vertex   6.813592e+00 -5.579900e+01 3.500000e+00
    endloop
  endfacet
  facet normal 7.575112e-01 -6.528221e-01 -2.691221e-15
    outer loop
      vertex   6.813592e+00 -5.579900e+01 3.500000e+00
      vertex   7.393696e+00 -5.512587e+01 4.000000e+00
      vertex   6.813592e+00 -5.579900e+01 4.000000e+00
    endloop
  endfacet
  facet normal 8.294057e-01 -5.586468e-01 -2.946641e-15
    outer loop
      vertex   6.813592e+00 -5.579900e+01 3.500000e+00
      vertex   6.813592e+00 -5.579900e+01 4.000000e+00
      vertex   6.317173e+00 -5.653602e+01 3.500000e+00
    endloop
  endfacet
  facet normal 8.294057e-01 -5.586468e-01 4.992207e-15
    outer loop
      vertex   6.317173e+00 -5.653602e+01 3.500000e+00
      vertex   6.813592e+00 -5.579900e+01 4.000000e+00
      vertex   6.317173e+00 -5.653602e+01 4.000000e+00
    endloop
  endfacet
  facet normal 8.896571e-01 -4.566292e-01 3.328395e-15
    outer loop
      vertex   6.317173e+00 -5.653602e+01 3.500000e+00
      vertex   6.317173e+00 -5.653602e+01 4.000000e+00
      vertex   5.911408e+00 -5.732657e+01 3.500000e+00
    endloop
  endfacet
  facet normal 8.896571e-01 -4.566292e-01 3.328395e-15
    outer loop
      vertex   5.911408e+00 -5.732657e+01 3.500000e+00
      vertex   6.317173e+00 -5.653602e+01 4.000000e+00
      vertex   5.911408e+00 -5.732657e+01 4.000000e+00
    endloop
  endfacet
  facet normal 9.374197e-01 -3.482016e-01 1.617859e-15
    outer loop
      vertex   5.911408e+00 -5.732657e+01 3.500000e+00
      vertex   5.911408e+00 -5.732657e+01 4.000000e+00
      vertex   5.601993e+00 -5.815957e+01 3.500000e+00
    endloop
  endfacet
  facet normal 9.374197e-01 -3.482016e-01 0.000000e+00
    outer loop
      vertex   5.601993e+00 -5.815957e+01 3.500000e+00
      vertex   5.911408e+00 -5.732657e+01 4.000000e+00
      vertex   5.601993e+00 -5.815957e+01 4.000000e+00
    endloop
  endfacet
  facet normal 9.720229e-01 -2.348860e-01 0.000000e+00
    outer loop
      vertex   5.601993e+00 -5.815957e+01 3.500000e+00
      vertex   5.601993e+00 -5.815957e+01 4.000000e+00
      vertex   5.393271e+00 -5.902332e+01 3.500000e+00
    endloop
  endfacet
  facet normal 9.720229e-01 -2.348860e-01 0.000000e+00
    outer loop
      vertex   5.393271e+00 -5.902332e+01 3.500000e+00
      vertex   5.601993e+00 -5.815957e+01 4.000000e+00
      vertex   5.393271e+00 -5.902332e+01 4.000000e+00
    endloop
  endfacet
  facet normal 9.929811e-01 -1.182732e-01 0.000000e+00
    outer loop
      vertex   5.393271e+00 -5.902332e+01 3.500000e+00
      vertex   5.393271e+00 -5.902332e+01 4.000000e+00
      vertex   5.288172e+00 -5.990570e+01 3.500000e+00
    endloop
  endfacet
  facet normal 9.929811e-01 -1.182732e-01 -8.312591e-17
    outer loop
      vertex   5.288172e+00 -5.990570e+01 3.500000e+00
      vertex   5.393271e+00 -5.902332e+01 4.000000e+00
      vertex   5.288172e+00 -5.990570e+01 4.000000e+00
    endloop
  endfacet
  facet normal 1.000000e+00 9.995150e-16 -1.776357e-15
    outer loop
      vertex   5.288172e+00 -5.990570e+01 3.500000e+00
      vertex   5.288172e+00 -5.990570e+01 4.000000e+00
      vertex   5.288172e+00 -6.079430e+01 3.500000e+00
    endloop
  endfacet
  facet normal 1.000000e+00 -9.995150e-16 1.776357e-15
    outer loop
      vertex   5.288172e+00 -6.079430e+01 3.500000e+00
      vertex   5.288172e+00 -5.990570e+01 4.000000e+00
      vertex   5.288172e+00 -6.079430e+01 4.000000e+00
    endloop
  endfacet
  facet normal 9.929811e-01 1.182732e-01 8.312591e-17
    outer loop
      vertex   5.288172e+00 -6.079430e+01 3.500000e+00
      vertex   5.288172e+00 -6.079430e+01 4.000000e+00
      vertex   5.393271e+00 -6.167668e+01 3.500000e+00
    endloop
  endfacet
  facet normal 9.929811e-01 1.182732e-01 -0.000000e+00
    outer loop
      vertex   5.393271e+00 -6.167668e+01 3.500000e+00
      vertex   5.288172e+00 -6.079430e+01 4.000000e+00
      vertex   5.393271e+00 -6.167668e+01 4.000000e+00
    endloop
  endfacet
  facet normal 9.720229e-01 2.348860e-01 -0.000000e+00
    outer loop
      vertex   5.393271e+00 -6.167668e+01 3.500000e+00
      vertex   5.393271e+00 -6.167668e+01 4.000000e+00
      vertex   5.601993e+00 -6.254043e+01 3.500000e+00
    endloop
  endfacet
  facet normal 9.720229e-01 2.348860e-01 -0.000000e+00
    outer loop
      vertex   5.601993e+00 -6.254043e+01 3.500000e+00
      vertex   5.393271e+00 -6.167668e+01 4.000000e+00
      vertex   5.601993e+00 -6.254043e+01 4.000000e+00
    endloop
  endfacet
  facet normal 9.374197e-01 3.482016e-01 -0.000000e+00
    outer loop
      vertex   5.601993e+00 -6.254043e+01 3.500000e+00
      vertex   5.601993e+00 -6.254043e+01 4.000000e+00
      vertex   5.911408e+00 -6.337343e+01 3.500000e+00
    endloop
  endfacet
  facet normal 9.374197e-01 3.482016e-01 -1.617859e-15
    outer loop
      vertex   5.911408e+00 -6.337343e+01 3.500000e+00
      vertex   5.601993e+00 -6.254043e+01 4.000000e+00
      vertex   5.911408e+00 -6.337343e+01 4.000000e+00
    endloop
  endfacet
  facet normal 8.896571e-01 4.566292e-01 -3.328395e-15
    outer loop
      vertex   5.911408e+00 -6.337343e+01 3.500000e+00
      vertex   5.911408e+00 -6.337343e+01 4.000000e+00
      vertex   6.317173e+00 -6.416398e+01 3.500000e+00
    endloop
  endfacet
  facet normal 8.896571e-01 4.566292e-01 -9.817487e-15
    outer loop
      vertex   6.317173e+00 -6.416398e+01 3.500000e+00
      vertex   5.911408e+00 -6.337343e+01 4.000000e+00
      vertex   6.317173e+00 -6.416398e+01 4.000000e+00
    endloop
  endfacet
  facet normal 8.294057e-01 5.586468e-01 -1.293106e-14
    outer loop
      vertex   6.317173e+00 -6.416398e+01 3.500000e+00
      vertex   6.317173e+00 -6.416398e+01 4.000000e+00
      vertex   6.813592e+00 -6.490100e+01 3.500000e+00
    endloop
  endfacet
  facet normal 8.294057e-01 5.586468e-01 2.946641e-15
    outer loop
      vertex   6.813592e+00 -6.490100e+01 3.500000e+00
      vertex   6.317173e+00 -6.416398e+01 4.000000e+00
      vertex   6.813592e+00 -6.490100e+01 4.000000e+00
    endloop
  endfacet
  facet normal 7.575112e-01 6.528221e-01 2.691221e-15
    outer loop
      vertex   6.813592e+00 -6.490100e+01 3.500000e+00
      vertex   6.813592e+00 -6.490100e+01 4.000000e+00
      vertex   7.393696e+00 -6.557413e+01 3.500000e+00
    endloop
  endfacet
  facet normal 7.575112e-01 6.528221e-01 -0.000000e+00
    outer loop
      vertex   7.393696e+00 -6.557413e+01 3.500000e+00
      vertex   6.813592e+00 -6.490100e+01 4.000000e+00
      vertex   7.393696e+00 -6.557413e+01 4.000000e+00
    endloop
  endfacet
  facet normal 6.749830e-01 7.378333e-01 -0.000000e+00
    outer loop
      vertex   7.393696e+00 -6.557413e+01 3.500000e+00
      vertex   7.393696e+00 -6.557413e+01 4.000000e+00
      vertex   8.049341e+00 -6.617393e+01 3.500000e+00
    endloop
  endfacet
  facet normal 6.749830e-01 7.378333e-01 2.398021e-15
    outer loop
      vertex   8.049341e+00 -6.617393e+01 3.500000e+00
      vertex   7.393696e+00 -6.557413e+01 4.000000e+00
      vertex   8.049341e+00 -6.617393e+01 4.000000e+00
    endloop
  endfacet
  facet normal 5.829795e-01 8.124869e-01 2.071159e-15
    outer loop
      vertex   8.049341e+00 -6.617393e+01 3.500000e+00
      vertex   8.049341e+00 -6.617393e+01 4.000000e+00
      vertex   8.771325e+00 -6.669197e+01 3.500000e+00
    endloop
  endfacet
  facet normal 5.829795e-01 8.124869e-01 -0.000000e+00
    outer loop
      vertex   8.771325e+00 -6.669197e+01 3.500000e+00
      vertex   8.049341e+00 -6.617393e+01 4.000000e+00
      vertex   8.771325e+00 -6.669197e+01 4.000000e+00
    endloop
  endfacet
  facet normal 4.827922e-01 8.757349e-01 -0.000000e+00
    outer loop
      vertex   8.771325e+00 -6.669197e+01 3.500000e+00
      vertex   8.771325e+00 -6.669197e+01 4.000000e+00
      vertex   9.549511e+00 -6.712098e+01 3.500000e+00
    endloop
  endfacet
  facet normal 4.827922e-01 8.757349e-01 3.430445e-15
    outer loop
      vertex   9.549511e+00 -6.712098e+01 3.500000e+00
      vertex   8.771325e+00 -6.669197e+01 4.000000e+00
      vertex   9.549511e+00 -6.712098e+01 4.000000e+00
    endloop
  endfacet
  facet normal 3.758276e-01 9.266896e-01 2.670416e-15
    outer loop
      vertex   9.549511e+00 -6.712098e+01 3.500000e+00
      vertex   9.549511e+00 -6.712098e+01 4.000000e+00
      vertex   1.037298e+01 -6.745495e+01 3.500000e+00
    endloop
  endfacet
  facet normal 3.758276e-01 9.266896e-01 5.340831e-15
    outer loop
      vertex   1.037298e+01 -6.745495e+01 3.500000e+00
      vertex   9.549511e+00 -6.712098e+01 4.000000e+00
      vertex   1.037298e+01 -6.745495e+01 4.000000e+00
    endloop
  endfacet
  facet normal 2.635872e-01 9.646356e-01 3.745799e-15
    outer loop
      vertex   1.037298e+01 -6.745495e+01 3.500000e+00
      vertex   1.037298e+01 -6.745495e+01 4.000000e+00
      vertex   1.123016e+01 -6.768917e+01 3.500000e+00
    endloop
  endfacet
  facet normal 2.635872e-01 9.646356e-01 9.364497e-16
    outer loop
      vertex   1.123016e+01 -6.768917e+01 3.500000e+00
      vertex   1.037298e+01 -6.745495e+01 4.000000e+00
      vertex   1.123016e+01 -6.768917e+01 4.000000e+00
    endloop
  endfacet
  facet normal 1.476466e-01 9.890402e-01 5.245460e-16
    outer loop
      vertex   1.123016e+01 -6.768917e+01 3.500000e+00
      vertex   1.123016e+01 -6.768917e+01 4.000000e+00
      vertex   1.210903e+01 -6.782037e+01 3.500000e+00
    endloop
  endfacet
  facet normal 1.476466e-01 9.890402e-01 5.245460e-16
    outer loop
      vertex   1.210903e+01 -6.782037e+01 3.500000e+00
      vertex   1.123016e+01 -6.768917e+01 4.000000e+00
      vertex   1.210903e+01 -6.782037e+01 4.000000e+00
    endloop
  endfacet
  facet normal 2.963333e-02 9.995608e-01 1.052787e-16
    outer loop
      vertex   1.210903e+01 -6.782037e+01 3.500000e+00
      vertex   1.210903e+01 -6.782037e+01 4.000000e+00
      vertex   1.299725e+01 -6.784671e+01 3.500000e+00
    endloop
  endfacet
  facet normal 2.963333e-02 9.995608e-01 -0.000000e+00
    outer loop
      vertex   1.299725e+01 -6.784671e+01 3.500000e+00
      vertex   1.210903e+01 -6.782037e+01 4.000000e+00
      vertex   1.299725e+01 -6.784671e+01 4.000000e+00
    endloop
  endfacet
  facet normal -8.879590e-02 9.960498e-01 0.000000e+00
    outer loop
      vertex   1.299725e+01 -6.784671e+01 3.500000e+00
      vertex   1.299725e+01 -6.784671e+01 4.000000e+00
      vertex   1.388235e+01 -6.776780e+01 3.500000e+00
    endloop
  endfacet
  facet normal -8.879590e-02 9.960498e-01 -3.154664e-16
    outer loop
      vertex   1.388235e+01 -6.776780e+01 3.500000e+00
      vertex   1.299725e+01 -6.784671e+01 4.000000e+00
      vertex   1.388235e+01 -6.776780e+01 4.000000e+00
    endloop
  endfacet
  facet normal -2.059786e-01 9.785565e-01 -7.317831e-16
    outer loop
      vertex   1.388235e+01 -6.776780e+01 3.500000e+00
      vertex   1.388235e+01 -6.776780e+01 4.000000e+00
      vertex   1.475190e+01 -6.758477e+01 3.500000e+00
    endloop
  endfacet
  facet normal -2.059786e-01 9.785565e-01 -2.195349e-15
    outer loop
      vertex   1.475190e+01 -6.758477e+01 3.500000e+00
      vertex   1.388235e+01 -6.776780e+01 4.000000e+00
      vertex   1.475190e+01 -6.758477e+01 4.000000e+00
    endloop
  endfacet
  facet normal -3.202699e-01 9.473264e-01 -3.413481e-15
    outer loop
      vertex   1.475190e+01 -6.758477e+01 3.500000e+00
      vertex   1.475190e+01 -6.758477e+01 4.000000e+00
      vertex   1.559371e+01 -6.730017e+01 3.500000e+00
    endloop
  endfacet
  facet normal -3.202699e-01 9.473264e-01 0.000000e+00
    outer loop
      vertex   1.559371e+01 -6.730017e+01 3.500000e+00
      vertex   1.475190e+01 -6.758477e+01 4.000000e+00
      vertex   1.559371e+01 -6.730017e+01 4.000000e+00
    endloop
  endfacet
  facet normal -4.300652e-01 9.027978e-01 0.000000e+00
    outer loop
      vertex   1.559371e+01 -6.730017e+01 3.500000e+00
      vertex   1.559371e+01 -6.730017e+01 4.000000e+00
      vertex   1.639594e+01 -6.691801e+01 3.500000e+00
    endloop
  endfacet
  facet normal -4.300652e-01 9.027978e-01 -3.055797e-15
    outer loop
      vertex   1.639594e+01 -6.691801e+01 3.500000e+00
      vertex   1.559371e+01 -6.730017e+01 4.000000e+00
      vertex   1.639594e+01 -6.691801e+01 4.000000e+00
    endloop
  endfacet
  facet normal -5.338234e-01 8.455960e-01 -3.793043e-15
    outer loop
      vertex   1.639594e+01 -6.691801e+01 3.500000e+00
      vertex   1.639594e+01 -6.691801e+01 4.000000e+00
      vertex   1.714735e+01 -6.644365e+01 3.500000e+00
    endloop
  endfacet
  facet normal -5.338234e-01 8.455960e-01 0.000000e+00
    outer loop
      vertex   1.714735e+01 -6.644365e+01 3.500000e+00
      vertex   1.639594e+01 -6.691801e+01 4.000000e+00
      vertex   1.714735e+01 -6.644365e+01 4.000000e+00
    endloop
  endfacet
  facet normal -6.300878e-01 7.765239e-01 0.000000e+00
    outer loop
      vertex   1.714735e+01 -6.644365e+01 3.500000e+00
      vertex   1.714735e+01 -6.644365e+01 4.000000e+00
      vertex   1.783737e+01 -6.588375e+01 3.500000e+00
    endloop
  endfacet
  facet normal -6.300878e-01 7.765239e-01 0.000000e+00
    outer loop
      vertex   1.783737e+01 -6.588375e+01 3.500000e+00
      vertex   1.714735e+01 -6.644365e+01 4.000000e+00
      vertex   1.783737e+01 -6.588375e+01 4.000000e+00
    endloop
  endfacet
  facet normal -7.175073e-01 6.965510e-01 0.000000e+00
    outer loop
      vertex   1.783737e+01 -6.588375e+01 3.500000e+00
      vertex   1.783737e+01 -6.588375e+01 4.000000e+00
      vertex   1.845633e+01 -6.524617e+01 3.500000e+00
    endloop
  endfacet
  facet normal -7.175073e-01 6.965510e-01 -5.098196e-15
    outer loop
      vertex   1.845633e+01 -6.524617e+01 3.500000e+00
      vertex   1.783737e+01 -6.588375e+01 4.000000e+00
      vertex   1.845633e+01 -6.524617e+01 4.000000e+00
    endloop
  endfacet
  facet normal -7.948544e-01 6.068001e-01 -5.647780e-15
    outer loop
      vertex   1.845633e+01 -6.524617e+01 3.500000e+00
      vertex   1.845633e+01 -6.524617e+01 4.000000e+00
      vertex   1.899554e+01 -6.453985e+01 3.500000e+00
    endloop
  endfacet
  facet normal -7.948544e-01 6.068001e-01 0.000000e+00
    outer loop
      vertex   1.899554e+01 -6.453985e+01 3.500000e+00
      vertex   1.845633e+01 -6.524617e+01 4.000000e+00
      vertex   1.899554e+01 -6.453985e+01 4.000000e+00
    endloop
  endfacet
  facet normal -8.610436e-01 5.085311e-01 0.000000e+00
    outer loop
      vertex   1.899554e+01 -6.453985e+01 3.500000e+00
      vertex   1.899554e+01 -6.453985e+01 4.000000e+00
      vertex   1.944743e+01 -6.377472e+01 3.500000e+00
    endloop
  endfacet
  facet normal -8.610436e-01 5.085311e-01 -6.118083e-15
    outer loop
      vertex   1.944743e+01 -6.377472e+01 3.500000e+00
      vertex   1.899554e+01 -6.453985e+01 4.000000e+00
      vertex   1.944743e+01 -6.377472e+01 4.000000e+00
    endloop
  endfacet
  facet normal -9.151456e-01 4.031234e-01 -6.502501e-15
    outer loop
      vertex   1.944743e+01 -6.377472e+01 3.500000e+00
      vertex   1.944743e+01 -6.377472e+01 4.000000e+00
      vertex   1.980565e+01 -6.296151e+01 3.500000e+00
    endloop
  endfacet
  facet normal -9.151456e-01 4.031234e-01 0.000000e+00
    outer loop
      vertex   1.980565e+01 -6.296151e+01 3.500000e+00
      vertex   1.944743e+01 -6.377472e+01 4.000000e+00
      vertex   1.980565e+01 -6.296151e+01 4.000000e+00
    endloop
  endfacet
  facet normal -9.564010e-01 2.920568e-01 0.000000e+00
    outer loop
      vertex   1.980565e+01 -6.296151e+01 3.500000e+00
      vertex   1.980565e+01 -6.296151e+01 4.000000e+00
      vertex   2.006517e+01 -6.211165e+01 3.500000e+00
    endloop
  endfacet
  facet normal -9.564010e-01 2.920568e-01 0.000000e+00
    outer loop
      vertex   2.006517e+01 -6.211165e+01 3.500000e+00
      vertex   1.980565e+01 -6.296151e+01 4.000000e+00
      vertex   2.006517e+01 -6.211165e+01 4.000000e+00
    endloop
  endfacet
  facet normal -9.842306e-01 1.768903e-01 0.000000e+00
    outer loop
      vertex   2.006517e+01 -6.211165e+01 3.500000e+00
      vertex   2.006517e+01 -6.211165e+01 4.000000e+00
      vertex   2.022236e+01 -6.123705e+01 3.500000e+00
    endloop
  endfacet
  facet normal -9.842306e-01 1.768903e-01 2.513762e-15
    outer loop
      vertex   2.022236e+01 -6.123705e+01 3.500000e+00
      vertex   2.006517e+01 -6.211165e+01 4.000000e+00
      vertex   2.022236e+01 -6.123705e+01 4.000000e+00
    endloop
  endfacet
  facet normal -6.947565e-02 7.053982e-01 7.053982e-01
    outer loop
      vertex   2.750000e-01 -2.785000e+01 4.000000e+00
      vertex   -2.127258e-01 -2.789804e+01 4.000000e+00
      vertex   2.750000e-01 -2.885000e+01 5.000000e+00
    endloop
  endfacet
  facet normal -9.195142e-02 6.984403e-01 7.097366e-01
    outer loop
      vertex   2.750000e-01 -2.885000e+01 5.000000e+00
      vertex   -2.127258e-01 -2.789804e+01 4.000000e+00
      vertex   -1.132286e-01 -2.890111e+01 5.000000e+00
    endloop
  endfacet
  facet normal -2.064186e-01 6.804708e-01 7.031009e-01
    outer loop
      vertex   -1.132286e-01 -2.890111e+01 5.000000e+00
      vertex   -2.127258e-01 -2.789804e+01 4.000000e+00
      vertex   -6.817086e-01 -2.804030e+01 4.000000e+00
    endloop
  endfacet
  facet normal -2.688674e-01 6.491033e-01 7.116004e-01
    outer loop
      vertex   -1.132286e-01 -2.890111e+01 5.000000e+00
      vertex   -6.817086e-01 -2.804030e+01 4.000000e+00
      vertex   -4.750000e-01 -2.905096e+01 5.000000e+00
    endloop
  endfacet
  facet normal -3.352055e-01 6.271255e-01 7.031009e-01
    outer loop
      vertex   -4.750000e-01 -2.905096e+01 5.000000e+00
      vertex   -6.817086e-01 -2.804030e+01 4.000000e+00
      vertex   -1.113926e+00 -2.827133e+01 4.000000e+00
    endloop
  endfacet
  facet normal -4.288524e-01 5.588914e-01 7.097366e-01
    outer loop
      vertex   -4.750000e-01 -2.905096e+01 5.000000e+00
      vertex   -1.113926e+00 -2.827133e+01 4.000000e+00
      vertex   -7.856602e-01 -2.928934e+01 5.000000e+00
    endloop
  endfacet
  facet normal -4.496651e-01 5.479185e-01 7.053982e-01
    outer loop
      vertex   -7.856602e-01 -2.928934e+01 5.000000e+00
      vertex   -1.113926e+00 -2.827133e+01 4.000000e+00
      vertex   -1.492767e+00 -2.858223e+01 4.000000e+00
    endloop
  endfacet
  facet normal -5.479185e-01 4.496651e-01 7.053982e-01
    outer loop
      vertex   -7.856602e-01 -2.928934e+01 5.000000e+00
      vertex   -1.492767e+00 -2.858223e+01 4.000000e+00
      vertex   -1.803674e+00 -2.896107e+01 4.000000e+00
    endloop
  endfacet
  facet normal -5.588914e-01 4.288524e-01 7.097366e-01
    outer loop
      vertex   -7.856602e-01 -2.928934e+01 5.000000e+00
      vertex   -1.803674e+00 -2.896107e+01 4.000000e+00
      vertex   -1.024038e+00 -2.960000e+01 5.000000e+00
    endloop
  endfacet
  facet normal -6.271255e-01 3.352055e-01 7.031009e-01
    outer loop
      vertex   -1.024038e+00 -2.960000e+01 5.000000e+00
      vertex   -1.803674e+00 -2.896107e+01 4.000000e+00
      vertex   -2.034699e+00 -2.939329e+01 4.000000e+00
    endloop
  endfacet
  facet normal -6.491033e-01 2.688674e-01 7.116004e-01
    outer loop
      vertex   -1.024038e+00 -2.960000e+01 5.000000e+00
      vertex   -2.034699e+00 -2.939329e+01 4.000000e+00
      vertex   -1.173889e+00 -2.996177e+01 5.000000e+00
    endloop
  endfacet
  facet normal -6.804708e-01 2.064186e-01 7.031009e-01
    outer loop
      vertex   -1.173889e+00 -2.996177e+01 5.000000e+00
      vertex   -2.034699e+00 -2.939329e+01 4.000000e+00
      vertex   -2.176963e+00 -2.986227e+01 4.000000e+00
    endloop
  endfacet
  facet normal -6.984403e-01 9.195142e-02 7.097366e-01
    outer loop
      vertex   -1.173889e+00 -2.996177e+01 5.000000e+00
      vertex   -2.176963e+00 -2.986227e+01 4.000000e+00
      vertex   -1.225000e+00 -3.035000e+01 5.000000e+00
    endloop
  endfacet
  facet normal -7.053982e-01 6.947565e-02 7.053982e-01
    outer loop
      vertex   -1.225000e+00 -3.035000e+01 5.000000e+00
      vertex   -2.176963e+00 -2.986227e+01 4.000000e+00
      vertex   -2.225000e+00 -3.035000e+01 4.000000e+00
    endloop
  endfacet
  facet normal -0.000000e+00 7.071068e-01 7.071068e-01
    outer loop
      vertex   2.750000e-01 -2.885000e+01 5.000000e+00
      vertex   1.777500e+01 -2.885000e+01 5.000000e+00
      vertex   2.750000e-01 -2.785000e+01 4.000000e+00
    endloop
  endfacet
  facet normal -0.000000e+00 7.071068e-01 7.071068e-01
    outer loop
      vertex   2.750000e-01 -2.785000e+01 4.000000e+00
      vertex   1.777500e+01 -2.885000e+01 5.000000e+00
      vertex   1.777500e+01 -2.785000e+01 4.000000e+00
    endloop
  endfacet
  facet normal -3.388543e-02 7.067007e-01 7.067007e-01
    outer loop
      vertex   1.777500e+01 -2.785000e+01 4.000000e+00
      vertex   1.777500e+01 -2.885000e+01 5.000000e+00
      vertex   1.873178e+01 -2.780412e+01 4.000000e+00
    endloop
  endfacet
  facet normal -3.388543e-02 7.067007e-01 7.067007e-01
    outer loop
      vertex   1.873178e+01 -2.780412e+01 4.000000e+00
      vertex   1.777500e+01 -2.885000e+01 5.000000e+00
      vertex   1.882745e+01 -2.879954e+01 5.000000e+00
    endloop
  endfacet
  facet normal -1.013454e-01 7.002166e-01 7.067007e-01
    outer loop
      vertex   1.873178e+01 -2.780412e+01 4.000000e+00
      vertex   1.882745e+01 -2.879954e+01 5.000000e+00
      vertex   1.967977e+01 -2.766692e+01 4.000000e+00
    endloop
  endfacet
  facet normal -1.013454e-01 7.002166e-01 7.067007e-01
    outer loop
      vertex   1.967977e+01 -2.766692e+01 4.000000e+00
      vertex   1.882745e+01 -2.879954e+01 5.000000e+00
      vertex   1.987025e+01 -2.864861e+01 5.000000e+00
    endloop
  endfacet
  facet normal -1.678755e-01 6.873077e-01 7.067007e-01
    outer loop
      vertex   1.967977e+01 -2.766692e+01 4.000000e+00
      vertex   1.987025e+01 -2.864861e+01 5.000000e+00
      vertex   2.061029e+01 -2.743964e+01 4.000000e+00
    endloop
  endfacet
  facet normal -1.678755e-01 6.873077e-01 7.067007e-01
    outer loop
      vertex   2.061029e+01 -2.743964e+01 4.000000e+00
      vertex   1.987025e+01 -2.864861e+01 5.000000e+00
      vertex   2.089382e+01 -2.839860e+01 5.000000e+00
    endloop
  endfacet
  facet normal -2.328653e-01 6.680927e-01 7.067007e-01
    outer loop
      vertex   2.061029e+01 -2.743964e+01 4.000000e+00
      vertex   2.089382e+01 -2.839860e+01 5.000000e+00
      vertex   2.151480e+01 -2.712437e+01 4.000000e+00
    endloop
  endfacet
  facet normal -2.328653e-01 6.680927e-01 7.067007e-01
    outer loop
      vertex   2.151480e+01 -2.712437e+01 4.000000e+00
      vertex   2.089382e+01 -2.839860e+01 5.000000e+00
      vertex   2.188878e+01 -2.805180e+01 5.000000e+00
    endloop
  endfacet
  facet normal -2.957185e-01 6.427478e-01 7.067007e-01
    outer loop
      vertex   2.151480e+01 -2.712437e+01 4.000000e+00
      vertex   2.188878e+01 -2.805180e+01 5.000000e+00
      vertex   2.238499e+01 -2.672401e+01 4.000000e+00
    endloop
  endfacet
  facet normal -2.957185e-01 6.427478e-01 7.067007e-01
    outer loop
      vertex   2.238499e+01 -2.672401e+01 4.000000e+00
      vertex   2.188878e+01 -2.805180e+01 5.000000e+00
      vertex   2.284599e+01 -2.761141e+01 5.000000e+00
    endloop
  endfacet
  facet normal -3.558584e-01 6.115055e-01 7.067007e-01
    outer loop
      vertex   2.238499e+01 -2.672401e+01 4.000000e+00
      vertex   2.284599e+01 -2.761141e+01 5.000000e+00
      vertex   2.321289e+01 -2.624222e+01 4.000000e+00
    endloop
  endfacet
  facet normal -3.558584e-01 6.115055e-01 7.067007e-01
    outer loop
      vertex   2.321289e+01 -2.624222e+01 4.000000e+00
      vertex   2.284599e+01 -2.761141e+01 5.000000e+00
      vertex   2.375667e+01 -2.708144e+01 5.000000e+00
    endloop
  endfacet
  facet normal -4.127332e-01 5.746524e-01 7.067007e-01
    outer loop
      vertex   2.321289e+01 -2.624222e+01 4.000000e+00
      vertex   2.375667e+01 -2.708144e+01 5.000000e+00
      vertex   2.399089e+01 -2.568344e+01 4.000000e+00
    endloop
  endfacet
  facet normal -4.127332e-01 5.746524e-01 7.067007e-01
    outer loop
      vertex   2.399089e+01 -2.568344e+01 4.000000e+00
      vertex   2.375667e+01 -2.708144e+01 5.000000e+00
      vertex   2.461248e+01 -2.646678e+01 5.000000e+00
    endloop
  endfacet
  facet normal -4.658211e-01 5.325268e-01 7.067007e-01
    outer loop
      vertex   2.399089e+01 -2.568344e+01 4.000000e+00
      vertex   2.461248e+01 -2.646678e+01 5.000000e+00
      vertex   2.471185e+01 -2.505278e+01 4.000000e+00
    endloop
  endfacet
  facet normal -4.658211e-01 5.325268e-01 7.067007e-01
    outer loop
      vertex   2.471185e+01 -2.505278e+01 4.000000e+00
      vertex   2.461248e+01 -2.646678e+01 5.000000e+00
      vertex   2.540554e+01 -2.577306e+01 5.000000e+00
    endloop
  endfacet
  facet normal -5.146349e-01 4.855152e-01 7.067007e-01
    outer loop
      vertex   2.471185e+01 -2.505278e+01 4.000000e+00
      vertex   2.540554e+01 -2.577306e+01 5.000000e+00
      vertex   2.536918e+01 -2.435604e+01 4.000000e+00
    endloop
  endfacet
  facet normal -5.146349e-01 4.855152e-01 7.067007e-01
    outer loop
      vertex   2.536918e+01 -2.435604e+01 4.000000e+00
      vertex   2.540554e+01 -2.577306e+01 5.000000e+00
      vertex   2.612859e+01 -2.500664e+01 5.000000e+00
    endloop
  endfacet
  facet normal -5.587269e-01 4.340488e-01 7.067007e-01
    outer loop
      vertex   2.536918e+01 -2.435604e+01 4.000000e+00
      vertex   2.612859e+01 -2.500664e+01 5.000000e+00
      vertex   2.595682e+01 -2.359960e+01 4.000000e+00
    endloop
  endfacet
  facet normal -5.587269e-01 4.340488e-01 7.067007e-01
    outer loop
      vertex   2.595682e+01 -2.359960e+01 4.000000e+00
      vertex   2.612859e+01 -2.500664e+01 5.000000e+00
      vertex   2.677500e+01 -2.417456e+01 5.000000e+00
    endloop
  endfacet
  facet normal 7.071068e-01 -2.194800e-16 7.071068e-01
    outer loop
      vertex   2.677500e+01 -9.285000e+01 5.000000e+00
      vertex   2.777500e+01 -9.285000e+01 4.000000e+00
      vertex   2.677500e+01 -2.417456e+01 5.000000e+00
    endloop
  endfacet
  facet normal 7.071068e-01 -1.920450e-16 7.071068e-01
    outer loop
      vertex   2.677500e+01 -2.417456e+01 5.000000e+00
      vertex   2.777500e+01 -9.285000e+01 4.000000e+00
      vertex   2.777500e+01 -2.417456e+01 4.000000e+00
    endloop
  endfacet
  facet normal 5.050872e-02 -7.062042e-01 7.062042e-01
    outer loop
      vertex   2.277500e+01 -9.785000e+01 4.000000e+00
      vertex   2.348657e+01 -9.779911e+01 4.000000e+00
      vertex   2.277500e+01 -9.685000e+01 5.000000e+00
    endloop
  endfacet
  facet normal 5.542321e-02 -7.042186e-01 7.078167e-01
    outer loop
      vertex   2.277500e+01 -9.685000e+01 5.000000e+00
      vertex   2.348657e+01 -9.779911e+01 4.000000e+00
      vertex   2.340074e+01 -9.680075e+01 5.000000e+00
    endloop
  endfacet
  facet normal 1.507742e-01 -6.930979e-01 7.048989e-01
    outer loop
      vertex   2.340074e+01 -9.680075e+01 5.000000e+00
      vertex   2.348657e+01 -9.779911e+01 4.000000e+00
      vertex   2.418366e+01 -9.764746e+01 4.000000e+00
    endloop
  endfacet
  facet normal 1.645692e-01 -6.854799e-01 7.092491e-01
    outer loop
      vertex   2.340074e+01 -9.680075e+01 5.000000e+00
      vertex   2.418366e+01 -9.764746e+01 4.000000e+00
      vertex   2.401107e+01 -9.665423e+01 5.000000e+00
    endloop
  endfacet
  facet normal 2.482316e-01 -6.655347e-01 7.038783e-01
    outer loop
      vertex   2.401107e+01 -9.665423e+01 5.000000e+00
      vertex   2.418366e+01 -9.764746e+01 4.000000e+00
      vertex   2.485208e+01 -9.739816e+01 4.000000e+00
    endloop
  endfacet
  facet normal 2.693636e-01 -6.503013e-01 7.103179e-01
    outer loop
      vertex   2.401107e+01 -9.665423e+01 5.000000e+00
      vertex   2.485208e+01 -9.739816e+01 4.000000e+00
      vertex   2.459096e+01 -9.641403e+01 5.000000e+00
    endloop
  endfacet
  facet normal 3.407676e-01 -6.240692e-01 7.031465e-01
    outer loop
      vertex   2.459096e+01 -9.641403e+01 5.000000e+00
      vertex   2.485208e+01 -9.739816e+01 4.000000e+00
      vertex   2.547820e+01 -9.705627e+01 4.000000e+00
    endloop
  endfacet
  facet normal 3.674021e-01 -5.995458e-01 7.110278e-01
    outer loop
      vertex   2.459096e+01 -9.641403e+01 5.000000e+00
      vertex   2.547820e+01 -9.705627e+01 4.000000e+00
      vertex   2.512614e+01 -9.608607e+01 5.000000e+00
    endloop
  endfacet
  facet normal 4.263741e-01 -5.695691e-01 7.027063e-01
    outer loop
      vertex   2.512614e+01 -9.608607e+01 5.000000e+00
      vertex   2.547820e+01 -9.705627e+01 4.000000e+00
      vertex   2.604930e+01 -9.662875e+01 4.000000e+00
    endloop
  endfacet
  facet normal 4.564357e-01 -5.344175e-01 7.113820e-01
    outer loop
      vertex   2.512614e+01 -9.608607e+01 5.000000e+00
      vertex   2.604930e+01 -9.662875e+01 4.000000e+00
      vertex   2.560343e+01 -9.567843e+01 5.000000e+00
    endloop
  endfacet
  facet normal 5.031949e-01 -5.031949e-01 7.025594e-01
    outer loop
      vertex   2.560343e+01 -9.567843e+01 5.000000e+00
      vertex   2.604930e+01 -9.662875e+01 4.000000e+00
      vertex   2.655375e+01 -9.612430e+01 4.000000e+00
    endloop
  endfacet
  facet normal 5.344175e-01 -4.564357e-01 7.113820e-01
    outer loop
      vertex   2.560343e+01 -9.567843e+01 5.000000e+00
      vertex   2.655375e+01 -9.612430e+01 4.000000e+00
      vertex   2.601107e+01 -9.520114e+01 5.000000e+00
    endloop
  endfacet
  facet normal 5.695691e-01 -4.263741e-01 7.027063e-01
    outer loop
      vertex   2.601107e+01 -9.520114e+01 5.000000e+00
      vertex   2.655375e+01 -9.612430e+01 4.000000e+00
      vertex   2.698127e+01 -9.555320e+01 4.000000e+00
    endloop
  endfacet
  facet normal 5.995458e-01 -3.674021e-01 7.110278e-01
    outer loop
      vertex   2.601107e+01 -9.520114e+01 5.000000e+00
      vertex   2.698127e+01 -9.555320e+01 4.000000e+00
      vertex   2.633903e+01 -9.466596e+01 5.000000e+00
    endloop
  endfacet
  facet normal 6.240692e-01 -3.407676e-01 7.031465e-01
    outer loop
      vertex   2.633903e+01 -9.466596e+01 5.000000e+00
      vertex   2.698127e+01 -9.555320e+01 4.000000e+00
      vertex   2.732316e+01 -9.492708e+01 4.000000e+00
    endloop
  endfacet
  facet normal 6.503013e-01 -2.693636e-01 7.103179e-01
    outer loop
      vertex   2.633903e+01 -9.466596e+01 5.000000e+00
      vertex   2.732316e+01 -9.492708e+01 4.000000e+00
      vertex   2.657923e+01 -9.408607e+01 5.000000e+00
    endloop
  endfacet
  facet normal 6.655347e-01 -2.482316e-01 7.038783e-01
    outer loop
      vertex   2.657923e+01 -9.408607e+01 5.000000e+00
      vertex   2.732316e+01 -9.492708e+01 4.000000e+00
      vertex   2.757246e+01 -9.425866e+01 4.000000e+00
    endloop
  endfacet
  facet normal 6.854799e-01 -1.645692e-01 7.092491e-01
    outer loop
      vertex   2.657923e+01 -9.408607e+01 5.000000e+00
      vertex   2.757246e+01 -9.425866e+01 4.000000e+00
      vertex   2.672575e+01 -9.347574e+01 5.000000e+00
    endloop
  endfacet
  facet normal 6.930979e-01 -1.507742e-01 7.048989e-01
    outer loop
      vertex   2.672575e+01 -9.347574e+01 5.000000e+00
      vertex   2.757246e+01 -9.425866e+01 4.000000e+00
      vertex   2.772411e+01 -9.356157e+01 4.000000e+00
    endloop
  endfacet
  facet normal 7.042186e-01 -5.542321e-02 7.078167e-01
    outer loop
      vertex   2.672575e+01 -9.347574e+01 5.000000e+00
      vertex   2.772411e+01 -9.356157e+01 4.000000e+00
      vertex   2.677500e+01 -9.285000e+01 5.000000e+00
    endloop
  endfacet
  facet normal 7.062042e-01 -5.050872e-02 7.062042e-01
    outer loop
      vertex   2.677500e+01 -9.285000e+01 5.000000e+00
      vertex   2.772411e+01 -9.356157e+01 4.000000e+00
      vertex   2.777500e+01 -9.285000e+01 4.000000e+00
    endloop
  endfacet
  facet normal -9.420555e-17 -7.071068e-01 7.071068e-01
    outer loop
      vertex   2.775000e+00 -9.785000e+01 4.000000e+00
      vertex   2.277500e+01 -9.785000e+01 4.000000e+00
      vertex   2.775000e+00 -9.685000e+01 5.000000e+00
    endloop
  endfacet
  facet normal 5.024296e-16 -7.071068e-01 7.071068e-01
    outer loop
      vertex   2.775000e+00 -9.685000e+01 5.000000e+00
      vertex   2.277500e+01 -9.785000e+01 4.000000e+00
      vertex   2.277500e+01 -9.685000e+01 5.000000e+00
    endloop
  endfacet
  facet normal -7.062042e-01 -5.050872e-02 7.062042e-01
    outer loop
      vertex   -2.225000e+00 -9.285000e+01 4.000000e+00
      vertex   -2.174107e+00 -9.356157e+01 4.000000e+00
      vertex   -1.225000e+00 -9.285000e+01 5.000000e+00
    endloop
  endfacet
  facet normal -7.042186e-01 -5.542321e-02 7.078167e-01
    outer loop
      vertex   -1.225000e+00 -9.285000e+01 5.000000e+00
      vertex   -2.174107e+00 -9.356157e+01 4.000000e+00
      vertex   -1.175753e+00 -9.347574e+01 5.000000e+00
    endloop
  endfacet
  facet normal -6.930979e-01 -1.507742e-01 7.048989e-01
    outer loop
      vertex   -1.175753e+00 -9.347574e+01 5.000000e+00
      vertex   -2.174107e+00 -9.356157e+01 4.000000e+00
      vertex   -2.022465e+00 -9.425866e+01 4.000000e+00
    endloop
  endfacet
  facet normal -6.854799e-01 -1.645692e-01 7.092491e-01
    outer loop
      vertex   -1.175753e+00 -9.347574e+01 5.000000e+00
      vertex   -2.022465e+00 -9.425866e+01 4.000000e+00
      vertex   -1.029226e+00 -9.408607e+01 5.000000e+00
    endloop
  endfacet
  facet normal -6.655347e-01 -2.482316e-01 7.038783e-01
    outer loop
      vertex   -1.029226e+00 -9.408607e+01 5.000000e+00
      vertex   -2.022465e+00 -9.425866e+01 4.000000e+00
      vertex   -1.773160e+00 -9.492708e+01 4.000000e+00
    endloop
  endfacet
  facet normal -6.503013e-01 -2.693636e-01 7.103179e-01
    outer loop
      vertex   -1.029226e+00 -9.408607e+01 5.000000e+00
      vertex   -1.773160e+00 -9.492708e+01 4.000000e+00
      vertex   -7.890261e-01 -9.466596e+01 5.000000e+00
    endloop
  endfacet
  facet normal -6.240692e-01 -3.407676e-01 7.031465e-01
    outer loop
      vertex   -7.890261e-01 -9.466596e+01 5.000000e+00
      vertex   -1.773160e+00 -9.492708e+01 4.000000e+00
      vertex   -1.431268e+00 -9.555320e+01 4.000000e+00
    endloop
  endfacet
  facet normal -5.995458e-01 -3.674021e-01 7.110278e-01
    outer loop
      vertex   -7.890261e-01 -9.466596e+01 5.000000e+00
      vertex   -1.431268e+00 -9.555320e+01 4.000000e+00
      vertex   -4.610680e-01 -9.520114e+01 5.000000e+00
    endloop
  endfacet
  facet normal -5.695691e-01 -4.263741e-01 7.027063e-01
    outer loop
      vertex   -4.610680e-01 -9.520114e+01 5.000000e+00
      vertex   -1.431268e+00 -9.555320e+01 4.000000e+00
      vertex   -1.003748e+00 -9.612430e+01 4.000000e+00
    endloop
  endfacet
  facet normal -5.344175e-01 -4.564357e-01 7.113820e-01
    outer loop
      vertex   -4.610680e-01 -9.520114e+01 5.000000e+00
      vertex   -1.003748e+00 -9.612430e+01 4.000000e+00
      vertex   -5.342712e-02 -9.567843e+01 5.000000e+00
    endloop
  endfacet
  facet normal -5.031949e-01 -5.031949e-01 7.025594e-01
    outer loop
      vertex   -5.342712e-02 -9.567843e+01 5.000000e+00
      vertex   -1.003748e+00 -9.612430e+01 4.000000e+00
      vertex   -4.993037e-01 -9.662875e+01 4.000000e+00
    endloop
  endfacet
  facet normal -4.564357e-01 -5.344175e-01 7.113820e-01
    outer loop
      vertex   -5.342712e-02 -9.567843e+01 5.000000e+00
      vertex   -4.993037e-01 -9.662875e+01 4.000000e+00
      vertex   4.238590e-01 -9.608607e+01 5.000000e+00
    endloop
  endfacet
  facet normal -4.263741e-01 -5.695691e-01 7.027063e-01
    outer loop
      vertex   4.238590e-01 -9.608607e+01 5.000000e+00
      vertex   -4.993037e-01 -9.662875e+01 4.000000e+00
      vertex   7.179591e-02 -9.705627e+01 4.000000e+00
    endloop
  endfacet
  facet normal -3.674021e-01 -5.995458e-01 7.110278e-01
    outer loop
      vertex   4.238590e-01 -9.608607e+01 5.000000e+00
      vertex   7.179591e-02 -9.705627e+01 4.000000e+00
      vertex   9.590380e-01 -9.641403e+01 5.000000e+00
    endloop
  endfacet
  facet normal -3.407676e-01 -6.240692e-01 7.031465e-01
    outer loop
      vertex   9.590380e-01 -9.641403e+01 5.000000e+00
      vertex   7.179591e-02 -9.705627e+01 4.000000e+00
      vertex   6.979249e-01 -9.739816e+01 4.000000e+00
    endloop
  endfacet
  facet normal -2.693636e-01 -6.503013e-01 7.103179e-01
    outer loop
      vertex   9.590380e-01 -9.641403e+01 5.000000e+00
      vertex   6.979249e-01 -9.739816e+01 4.000000e+00
      vertex   1.538932e+00 -9.665423e+01 5.000000e+00
    endloop
  endfacet
  facet normal -2.482316e-01 -6.655347e-01 7.038783e-01
    outer loop
      vertex   1.538932e+00 -9.665423e+01 5.000000e+00
      vertex   6.979249e-01 -9.739816e+01 4.000000e+00
      vertex   1.366337e+00 -9.764746e+01 4.000000e+00
    endloop
  endfacet
  facet normal -1.645692e-01 -6.854799e-01 7.092491e-01
    outer loop
      vertex   1.538932e+00 -9.665423e+01 5.000000e+00
      vertex   1.366337e+00 -9.764746e+01 4.000000e+00
      vertex   2.149262e+00 -9.680075e+01 5.000000e+00
    endloop
  endfacet
  facet normal -1.507742e-01 -6.930979e-01 7.048989e-01
    outer loop
      vertex   2.149262e+00 -9.680075e+01 5.000000e+00
      vertex   1.366337e+00 -9.764746e+01 4.000000e+00
      vertex   2.063426e+00 -9.779911e+01 4.000000e+00
    endloop
  endfacet
  facet normal -5.542321e-02 -7.042186e-01 7.078167e-01
    outer loop
      vertex   2.149262e+00 -9.680075e+01 5.000000e+00
      vertex   2.063426e+00 -9.779911e+01 4.000000e+00
      vertex   2.775000e+00 -9.685000e+01 5.000000e+00
    endloop
  endfacet
  facet normal -5.050872e-02 -7.062042e-01 7.062042e-01
    outer loop
      vertex   2.775000e+00 -9.685000e+01 5.000000e+00
      vertex   2.063426e+00 -9.779911e+01 4.000000e+00
      vertex   2.775000e+00 -9.785000e+01 4.000000e+00
    endloop
  endfacet
  facet normal -7.071068e-01 5.024296e-17 7.071068e-01
    outer loop
      vertex   -2.225000e+00 -9.285000e+01 4.000000e+00
      vertex   -1.225000e+00 -9.285000e+01 5.000000e+00
      vertex   -2.225000e+00 -3.035000e+01 4.000000e+00
    endloop
  endfacet
  facet normal -7.071068e-01 3.517007e-17 7.071068e-01
    outer loop
      vertex   -2.225000e+00 -3.035000e+01 4.000000e+00
      vertex   -1.225000e+00 -9.285000e+01 5.000000e+00
      vertex   -1.225000e+00 -3.035000e+01 5.000000e+00
    endloop
  endfacet
  facet normal 7.042669e-01 8.953361e-02 7.042669e-01
    outer loop
      vertex   2.777500e+01 -2.417456e+01 4.000000e+00
      vertex   2.774319e+01 -2.392434e+01 4.000000e+00
      vertex   2.677500e+01 -2.417456e+01 5.000000e+00
    endloop
  endfacet
  facet normal 6.594613e-01 2.629047e-01 7.042669e-01
    outer loop
      vertex   2.774319e+01 -2.392434e+01 4.000000e+00
      vertex   2.764978e+01 -2.369004e+01 4.000000e+00
      vertex   2.677500e+01 -2.417456e+01 5.000000e+00
    endloop
  endfacet
  facet normal 5.727008e-01 4.195497e-01 7.042669e-01
    outer loop
      vertex   2.764978e+01 -2.369004e+01 4.000000e+00
      vertex   2.750072e+01 -2.348657e+01 4.000000e+00
      vertex   2.677500e+01 -2.417456e+01 5.000000e+00
    endloop
  endfacet
  facet normal 4.495049e-01 5.495030e-01 7.042669e-01
    outer loop
      vertex   2.750072e+01 -2.348657e+01 4.000000e+00
      vertex   2.730549e+01 -2.332687e+01 4.000000e+00
      vertex   2.677500e+01 -2.417456e+01 5.000000e+00
    endloop
  endfacet
  facet normal 2.977114e-01 6.444967e-01 7.042669e-01
    outer loop
      vertex   2.730549e+01 -2.332687e+01 4.000000e+00
      vertex   2.707651e+01 -2.322109e+01 4.000000e+00
      vertex   2.677500e+01 -2.417456e+01 5.000000e+00
    endloop
  endfacet
  facet normal 1.269775e-01 6.984875e-01 7.042669e-01
    outer loop
      vertex   2.707651e+01 -2.322109e+01 4.000000e+00
      vertex   2.682835e+01 -2.317598e+01 4.000000e+00
      vertex   2.677500e+01 -2.417456e+01 5.000000e+00
    endloop
  endfacet
  facet normal -5.183471e-02 7.080405e-01 7.042669e-01
    outer loop
      vertex   2.682835e+01 -2.317598e+01 4.000000e+00
      vertex   2.657679e+01 -2.319440e+01 4.000000e+00
      vertex   2.677500e+01 -2.417456e+01 5.000000e+00
    endloop
  endfacet
  facet normal -2.273492e-01 6.725477e-01 7.042669e-01
    outer loop
      vertex   2.657679e+01 -2.319440e+01 4.000000e+00
      vertex   2.633784e+01 -2.327517e+01 4.000000e+00
      vertex   2.677500e+01 -2.417456e+01 5.000000e+00
    endloop
  endfacet
  facet normal -3.883997e-01 5.942674e-01 7.042669e-01
    outer loop
      vertex   2.633784e+01 -2.327517e+01 4.000000e+00
      vertex   2.612671e+01 -2.341316e+01 4.000000e+00
      vertex   2.677500e+01 -2.417456e+01 5.000000e+00
    endloop
  endfacet
  facet normal -5.247402e-01 4.781798e-01 7.042669e-01
    outer loop
      vertex   2.612671e+01 -2.341316e+01 4.000000e+00
      vertex   2.595682e+01 -2.359960e+01 4.000000e+00
      vertex   2.677500e+01 -2.417456e+01 5.000000e+00
    endloop
  endfacet
  facet normal -1.167838e-01 9.931552e-01 2.048896e-03
    outer loop
      vertex   4.123962e-02 -2.786095e+01 5.000000e-01
      vertex   -7.500000e-02 -2.787462e+01 5.000000e-01
      vertex   -2.127258e-01 -2.789804e+01 4.000000e+00
    endloop
  endfacet
  facet normal -1.676106e-01 9.858533e-01 1.874290e-19
    outer loop
      vertex   -2.127258e-01 -2.789804e+01 4.000000e+00
      vertex   -7.500000e-02 -2.787462e+01 5.000000e-01
      vertex   -7.500000e-02 -2.787462e+01 -5.024621e+00
    endloop
  endfacet
  facet normal -1.840564e-01 9.829157e-01 -2.586032e-04
    outer loop
      vertex   -2.127258e-01 -2.789804e+01 4.000000e+00
      vertex   -7.500000e-02 -2.787462e+01 -5.024621e+00
      vertex   -2.945966e-01 -2.791575e+01 -5.065753e+00
    endloop
  endfacet
  facet normal -2.712673e-01 9.625039e-01 5.688670e-04
    outer loop
      vertex   -2.945966e-01 -2.791575e+01 -5.065753e+00
      vertex   -5.096441e-01 -2.797632e+01 -5.126325e+00
      vertex   -2.127258e-01 -2.789804e+01 4.000000e+00
    endloop
  endfacet
  facet normal -2.902845e-01 9.569396e-01 1.235307e-03
    outer loop
      vertex   -2.127258e-01 -2.789804e+01 4.000000e+00
      vertex   -5.096441e-01 -2.797632e+01 -5.126325e+00
      vertex   -6.817086e-01 -2.804030e+01 4.000000e+00
    endloop
  endfacet
  facet normal -3.559164e-01 9.345178e-01 -1.592739e-04
    outer loop
      vertex   -6.817086e-01 -2.804030e+01 4.000000e+00
      vertex   -5.096441e-01 -2.797632e+01 -5.126325e+00
      vertex   -7.184253e-01 -2.805585e+01 -5.205854e+00
    endloop
  endfacet
  facet normal -4.380670e-01 8.989423e-01 2.284791e-04
    outer loop
      vertex   -6.817086e-01 -2.804030e+01 4.000000e+00
      vertex   -7.184253e-01 -2.805585e+01 -5.205854e+00
      vertex   -9.192727e-01 -2.815370e+01 -5.303705e+00
    endloop
  endfacet
  facet normal -4.713963e-01 8.819205e-01 1.287002e-03
    outer loop
      vertex   -6.817086e-01 -2.804030e+01 4.000000e+00
      vertex   -9.192727e-01 -2.815370e+01 -5.303705e+00
      vertex   -1.113926e+00 -2.827133e+01 4.000000e+00
    endloop
  endfacet
  facet normal -5.537443e-01 8.326861e-01 -1.058329e-03
    outer loop
      vertex   -1.113926e+00 -2.827133e+01 4.000000e+00
      vertex   -9.192727e-01 -2.815370e+01 -5.303705e+00
      vertex   -1.290826e+00 -2.840111e+01 -5.551106e+00
    endloop
  endfacet
  facet normal -6.343928e-01 7.730099e-01 1.246278e-03
    outer loop
      vertex   -1.113926e+00 -2.827133e+01 4.000000e+00
      vertex   -1.290826e+00 -2.840111e+01 -5.551106e+00
      vertex   -1.492767e+00 -2.858223e+01 4.000000e+00
    endloop
  endfacet
  facet normal -6.929368e-01 7.209977e-01 -9.778901e-04
    outer loop
      vertex   -1.492767e+00 -2.858223e+01 4.000000e+00
      vertex   -1.290826e+00 -2.840111e+01 -5.551106e+00
      vertex   -1.612459e+00 -2.871064e+01 -5.860640e+00
    endloop
  endfacet
  facet normal -7.730100e-01 6.343929e-01 1.121849e-03
    outer loop
      vertex   -1.492767e+00 -2.858223e+01 4.000000e+00
      vertex   -1.612459e+00 -2.871064e+01 -5.860640e+00
      vertex   -1.803674e+00 -2.896107e+01 4.000000e+00
    endloop
  endfacet
  facet normal -8.101216e-01 5.862613e-01 -8.202268e-04
    outer loop
      vertex   -1.803674e+00 -2.896107e+01 4.000000e+00
      vertex   -1.612459e+00 -2.871064e+01 -5.860640e+00
      vertex   -1.873916e+00 -2.907244e+01 -6.222440e+00
    endloop
  endfacet
  facet normal -8.819209e-01 4.713965e-01 9.244970e-04
    outer loop
      vertex   -1.803674e+00 -2.896107e+01 4.000000e+00
      vertex   -1.873916e+00 -2.907244e+01 -6.222440e+00
      vertex   -2.034699e+00 -2.939329e+01 4.000000e+00
    endloop
  endfacet
  facet normal -9.015236e-01 4.327296e-01 -5.974594e-04
    outer loop
      vertex   -2.034699e+00 -2.939329e+01 4.000000e+00
      vertex   -1.873916e+00 -2.907244e+01 -6.222440e+00
      vertex   -2.066863e+00 -2.947497e+01 -6.624970e+00
    endloop
  endfacet
  facet normal -9.569401e-01 2.902846e-01 6.653398e-04
    outer loop
      vertex   -2.034699e+00 -2.939329e+01 4.000000e+00
      vertex   -2.066863e+00 -2.947497e+01 -6.624970e+00
      vertex   -2.176963e+00 -2.986227e+01 4.000000e+00
    endloop
  endfacet
  facet normal -9.641706e-01 2.652828e-01 -3.209550e-04
    outer loop
      vertex   -2.176963e+00 -2.986227e+01 4.000000e+00
      vertex   -2.066863e+00 -2.947497e+01 -6.624970e+00
      vertex   -2.185148e+00 -2.990540e+01 -7.055398e+00
    endloop
  endfacet
  facet normal -9.951847e-01 9.801713e-02 3.544592e-04
    outer loop
      vertex   -2.176963e+00 -2.986227e+01 4.000000e+00
      vertex   -2.185148e+00 -2.990540e+01 -7.055398e+00
      vertex   -2.225000e+00 -3.035000e+01 4.000000e+00
    endloop
  endfacet
  facet normal -9.960068e-01 8.927691e-02 3.846225e-17
    outer loop
      vertex   -2.225000e+00 -3.035000e+01 4.000000e+00
      vertex   -2.185148e+00 -2.990540e+01 -7.055398e+00
      vertex   -2.225000e+00 -3.035000e+01 -7.500000e+00
    endloop
  endfacet
  facet normal -9.801656e-02 9.951789e-01 3.432119e-03
    outer loop
      vertex   -2.127258e-01 -2.789804e+01 4.000000e+00
      vertex   2.750000e-01 -2.785000e+01 4.000000e+00
      vertex   4.123962e-02 -2.786095e+01 5.000000e-01
    endloop
  endfacet
  facet normal -7.017290e-02 9.975336e-01 1.565109e-03
    outer loop
      vertex   4.123962e-02 -2.786095e+01 5.000000e-01
      vertex   2.750000e-01 -2.785000e+01 4.000000e+00
      vertex   1.579916e-01 -2.785274e+01 5.000000e-01
    endloop
  endfacet
  facet normal -2.340810e-02 9.997260e-01 5.844594e-20
    outer loop
      vertex   1.579916e-01 -2.785274e+01 5.000000e-01
      vertex   2.750000e-01 -2.785000e+01 4.000000e+00
      vertex   2.750000e-01 -2.785000e+01 5.000000e-01
    endloop
  endfacet
  facet normal -7.391380e-01 6.735540e-01 0.000000e+00
    outer loop
      vertex   2.612671e+01 -2.341316e+01 4.000000e+00
      vertex   2.612671e+01 -2.341316e+01 -1.416080e+00
      vertex   2.595682e+01 -2.359960e+01 4.000000e+00
    endloop
  endfacet
  facet normal -7.236502e-01 6.901662e-01 1.057646e-03
    outer loop
      vertex   2.595682e+01 -2.359960e+01 4.000000e+00
      vertex   2.612671e+01 -2.341316e+01 -1.416080e+00
      vertex   2.601566e+01 -2.352410e+01 -5.005214e+00
    endloop
  endfacet
  facet normal -7.887368e-01 6.147310e-01 0.000000e+00
    outer loop
      vertex   2.595682e+01 -2.359960e+01 4.000000e+00
      vertex   2.601566e+01 -2.352410e+01 -5.005214e+00
      vertex   2.595682e+01 -2.359960e+01 -5.000000e+00
    endloop
  endfacet
  facet normal -5.470917e-01 8.370727e-01 0.000000e+00
    outer loop
      vertex   2.612671e+01 -2.341316e+01 -1.416080e+00
      vertex   2.612671e+01 -2.341316e+01 4.000000e+00
      vertex   2.633784e+01 -2.327517e+01 -1.416080e+00
    endloop
  endfacet
  facet normal -5.470917e-01 8.370727e-01 0.000000e+00
    outer loop
      vertex   2.633784e+01 -2.327517e+01 -1.416080e+00
      vertex   2.612671e+01 -2.341316e+01 4.000000e+00
      vertex   2.633784e+01 -2.327517e+01 4.000000e+00
    endloop
  endfacet
  facet normal -3.202393e-01 9.473367e-01 0.000000e+00
    outer loop
      vertex   2.633784e+01 -2.327517e+01 -1.416080e+00
      vertex   2.633784e+01 -2.327517e+01 4.000000e+00
      vertex   2.657679e+01 -2.319440e+01 -1.416080e+00
    endloop
  endfacet
  facet normal -3.202393e-01 9.473367e-01 -1.242824e-15
    outer loop
      vertex   2.657679e+01 -2.319440e+01 -1.416080e+00
      vertex   2.633784e+01 -2.327517e+01 4.000000e+00
      vertex   2.657679e+01 -2.319440e+01 4.000000e+00
    endloop
  endfacet
  facet normal -7.301329e-02 9.973310e-01 -1.308412e-15
    outer loop
      vertex   2.657679e+01 -2.319440e+01 -1.416080e+00
      vertex   2.657679e+01 -2.319440e+01 4.000000e+00
      vertex   2.682835e+01 -2.317598e+01 -1.416080e+00
    endloop
  endfacet
  facet normal -7.301329e-02 9.973310e-01 0.000000e+00
    outer loop
      vertex   2.682835e+01 -2.317598e+01 -1.416080e+00
      vertex   2.657679e+01 -2.319440e+01 4.000000e+00
      vertex   2.682835e+01 -2.317598e+01 4.000000e+00
    endloop
  endfacet
  facet normal 1.788579e-01 9.838749e-01 -0.000000e+00
    outer loop
      vertex   2.682835e+01 -2.317598e+01 -1.416080e+00
      vertex   2.682835e+01 -2.317598e+01 4.000000e+00
      vertex   2.707651e+01 -2.322109e+01 -1.416080e+00
    endloop
  endfacet
  facet normal 1.788579e-01 9.838749e-01 -0.000000e+00
    outer loop
      vertex   2.707651e+01 -2.322109e+01 -1.416080e+00
      vertex   2.682835e+01 -2.317598e+01 4.000000e+00
      vertex   2.707651e+01 -2.322109e+01 4.000000e+00
    endloop
  endfacet
  facet normal 4.193501e-01 9.078246e-01 -0.000000e+00
    outer loop
      vertex   2.707651e+01 -2.322109e+01 -1.416080e+00
      vertex   2.707651e+01 -2.322109e+01 4.000000e+00
      vertex   2.730549e+01 -2.332687e+01 -1.416080e+00
    endloop
  endfacet
  facet normal 4.193501e-01 9.078246e-01 -5.954936e-16
    outer loop
      vertex   2.730549e+01 -2.332687e+01 -1.416080e+00
      vertex   2.707651e+01 -2.322109e+01 4.000000e+00
      vertex   2.730549e+01 -2.332687e+01 4.000000e+00
    endloop
  endfacet
  facet normal 6.331631e-01 7.740184e-01 -5.077225e-16
    outer loop
      vertex   2.730549e+01 -2.332687e+01 -1.416080e+00
      vertex   2.730549e+01 -2.332687e+01 4.000000e+00
      vertex   2.750072e+01 -2.348657e+01 -1.416080e+00
    endloop
  endfacet
  facet normal 6.331631e-01 7.740184e-01 -5.077225e-16
    outer loop
      vertex   2.750072e+01 -2.348657e+01 -1.416080e+00
      vertex   2.730549e+01 -2.332687e+01 4.000000e+00
      vertex   2.750072e+01 -2.348657e+01 4.000000e+00
    endloop
  endfacet
  facet normal 8.066943e-01 5.909690e-01 -3.876500e-16
    outer loop
      vertex   2.750072e+01 -2.348657e+01 -1.416080e+00
      vertex   2.750072e+01 -2.348657e+01 4.000000e+00
      vertex   2.764978e+01 -2.369004e+01 -1.416080e+00
    endloop
  endfacet
  facet normal 8.066943e-01 5.909690e-01 -0.000000e+00
    outer loop
      vertex   2.764978e+01 -2.369004e+01 -1.416080e+00
      vertex   2.750072e+01 -2.348657e+01 4.000000e+00
      vertex   2.764978e+01 -2.369004e+01 4.000000e+00
    endloop
  endfacet
  facet normal 9.289034e-01 3.703220e-01 -0.000000e+00
    outer loop
      vertex   2.764978e+01 -2.369004e+01 -1.416080e+00
      vertex   2.764978e+01 -2.369004e+01 4.000000e+00
      vertex   2.774319e+01 -2.392434e+01 -1.416080e+00
    endloop
  endfacet
  facet normal 9.289034e-01 3.703220e-01 -0.000000e+00
    outer loop
      vertex   2.774319e+01 -2.392434e+01 -1.416080e+00
      vertex   2.764978e+01 -2.369004e+01 4.000000e+00
      vertex   2.774319e+01 -2.392434e+01 4.000000e+00
    endloop
  endfacet
  facet normal 9.920156e-01 1.261152e-01 -0.000000e+00
    outer loop
      vertex   2.774319e+01 -2.392434e+01 -1.416080e+00
      vertex   2.774319e+01 -2.392434e+01 4.000000e+00
      vertex   2.777500e+01 -2.417456e+01 4.000000e+00
    endloop
  endfacet
  facet normal 9.920156e-01 1.261152e-01 3.667227e-16
    outer loop
      vertex   2.777500e+01 -2.417456e+01 4.000000e+00
      vertex   2.777500e+01 -2.417456e+01 -6.832160e+00
      vertex   2.774319e+01 -2.392434e+01 -1.416080e+00
    endloop
  endfacet
  facet normal 9.965045e-01 8.351572e-02 1.994408e-03
    outer loop
      vertex   2.774319e+01 -2.392434e+01 -1.416080e+00
      vertex   2.777500e+01 -2.417456e+01 -6.832160e+00
      vertex   2.776071e+01 -2.400649e+01 -6.731019e+00
    endloop
  endfacet
  facet normal 9.694192e-01 2.454098e-01 -5.971397e-04
    outer loop
      vertex   2.774319e+01 -2.392434e+01 -1.416080e+00
      vertex   2.776071e+01 -2.400649e+01 -6.731019e+00
      vertex   2.772234e+01 -2.385464e+01 -6.619173e+00
    endloop
  endfacet
  facet normal 9.289027e-01 3.703218e-01 1.238522e-03
    outer loop
      vertex   2.774319e+01 -2.392434e+01 -1.416080e+00
      vertex   2.772234e+01 -2.385464e+01 -6.619173e+00
      vertex   2.764978e+01 -2.369004e+01 -1.416080e+00
    endloop
  endfacet
  facet normal 8.867579e-01 4.622287e-01 -2.256623e-03
    outer loop
      vertex   2.764978e+01 -2.369004e+01 -1.416080e+00
      vertex   2.772234e+01 -2.385464e+01 -6.619173e+00
      vertex   2.758177e+01 -2.358369e+01 -6.359928e+00
    endloop
  endfacet
  facet normal 8.066932e-01 5.909682e-01 1.614160e-03
    outer loop
      vertex   2.764978e+01 -2.369004e+01 -1.416080e+00
      vertex   2.758177e+01 -2.358369e+01 -6.359928e+00
      vertex   2.750072e+01 -2.348657e+01 -1.416080e+00
    endloop
  endfacet
  facet normal 7.103082e-01 7.038874e-01 -2.184299e-03
    outer loop
      vertex   2.750072e+01 -2.348657e+01 -1.416080e+00
      vertex   2.758177e+01 -2.358369e+01 -6.359928e+00
      vertex   2.737727e+01 -2.337646e+01 -6.079038e+00
    endloop
  endfacet
  facet normal 6.331624e-01 7.740175e-01 1.514108e-03
    outer loop
      vertex   2.750072e+01 -2.348657e+01 -1.416080e+00
      vertex   2.737727e+01 -2.337646e+01 -6.079038e+00
      vertex   2.730549e+01 -2.332687e+01 -1.416080e+00
    endloop
  endfacet
  facet normal 4.849190e-01 8.745571e-01 -1.837258e-03
    outer loop
      vertex   2.730549e+01 -2.332687e+01 -1.416080e+00
      vertex   2.737727e+01 -2.337646e+01 -6.079038e+00
      vertex   2.713643e+01 -2.324234e+01 -5.803389e+00
    endloop
  endfacet
  facet normal 4.193497e-01 9.078238e-01 1.330389e-03
    outer loop
      vertex   2.730549e+01 -2.332687e+01 -1.416080e+00
      vertex   2.713643e+01 -2.324234e+01 -5.803389e+00
      vertex   2.707651e+01 -2.322109e+01 -1.416080e+00
    endloop
  endfacet
  facet normal 2.195712e-01 9.755950e-01 -1.726067e-03
    outer loop
      vertex   2.707651e+01 -2.322109e+01 -1.416080e+00
      vertex   2.713643e+01 -2.324234e+01 -5.803389e+00
      vertex   2.685015e+01 -2.317741e+01 -5.523289e+00
    endloop
  endfacet
  facet normal 1.788578e-01 9.838747e-01 6.058246e-04
    outer loop
      vertex   2.707651e+01 -2.322109e+01 -1.416080e+00
      vertex   2.685015e+01 -2.317741e+01 -5.523289e+00
      vertex   2.682835e+01 -2.317598e+01 -1.416080e+00
    endloop
  endfacet
  facet normal -2.288594e-03 9.999973e-01 -3.613751e-04
    outer loop
      vertex   2.682835e+01 -2.317598e+01 -1.416080e+00
      vertex   2.685015e+01 -2.317741e+01 -5.523289e+00
      vertex   2.669715e+01 -2.317772e+01 -5.391780e+00
    endloop
  endfacet
  facet normal -7.301315e-02 9.973290e-01 1.973625e-03
    outer loop
      vertex   2.682835e+01 -2.317598e+01 -1.416080e+00
      vertex   2.669715e+01 -2.317772e+01 -5.391780e+00
      vertex   2.657679e+01 -2.319440e+01 -1.416080e+00
    endloop
  endfacet
  facet normal -1.550632e-01 9.879044e-01 -5.499580e-04
    outer loop
      vertex   2.657679e+01 -2.319440e+01 -1.416080e+00
      vertex   2.669715e+01 -2.317772e+01 -5.391780e+00
      vertex   2.654320e+01 -2.320182e+01 -5.272445e+00
    endloop
  endfacet
  facet normal -3.103521e-01 9.506213e-01 8.745976e-04
    outer loop
      vertex   2.657679e+01 -2.319440e+01 -1.416080e+00
      vertex   2.654320e+01 -2.320182e+01 -5.272445e+00
      vertex   2.638861e+01 -2.325238e+01 -5.167599e+00
    endloop
  endfacet
  facet normal -3.202390e-01 9.473357e-01 1.421313e-03
    outer loop
      vertex   2.657679e+01 -2.319440e+01 -1.416080e+00
      vertex   2.638861e+01 -2.325238e+01 -5.167599e+00
      vertex   2.633784e+01 -2.327517e+01 -1.416080e+00
    endloop
  endfacet
  facet normal -4.673386e-01 8.840779e-01 -9.536416e-04
    outer loop
      vertex   2.633784e+01 -2.327517e+01 -1.416080e+00
      vertex   2.638861e+01 -2.325238e+01 -5.167599e+00
      vertex   2.623010e+01 -2.333608e+01 -5.078976e+00
    endloop
  endfacet
  facet normal -5.470904e-01 8.370707e-01 2.173881e-03
    outer loop
      vertex   2.633784e+01 -2.327517e+01 -1.416080e+00
      vertex   2.623010e+01 -2.333608e+01 -5.078976e+00
      vertex   2.612671e+01 -2.341316e+01 -1.416080e+00
    endloop
  endfacet
  facet normal -6.231225e-01 7.821234e-01 -1.128637e-03
    outer loop
      vertex   2.612671e+01 -2.341316e+01 -1.416080e+00
      vertex   2.623010e+01 -2.333608e+01 -5.078976e+00
      vertex   2.608182e+01 -2.345413e+01 -5.020488e+00
    endloop
  endfacet
  facet normal -7.264902e-01 6.871757e-01 1.237958e-03
    outer loop
      vertex   2.612671e+01 -2.341316e+01 -1.416080e+00
      vertex   2.608182e+01 -2.345413e+01 -5.020488e+00
      vertex   2.601566e+01 -2.352410e+01 -5.005214e+00
    endloop
  endfacet
  facet normal 1.000000e+00 -3.103916e-16 3.279783e-16
    outer loop
      vertex   2.777500e+01 -2.417456e+01 4.000000e+00
      vertex   2.777500e+01 -9.285000e+01 4.000000e+00
      vertex   2.777500e+01 -2.417456e+01 -6.832160e+00
    endloop
  endfacet
  facet normal 1.000000e+00 -3.621235e-16 -8.910970e-32
    outer loop
      vertex   2.777500e+01 -2.417456e+01 -6.832160e+00
      vertex   2.777500e+01 -9.285000e+01 4.000000e+00
      vertex   2.777500e+01 -9.285000e+01 -1.250000e+01
    endloop
  endfacet
  facet normal 1.000000e+00 1.582432e-11 -1.917427e-10
    outer loop
      vertex   2.777500e+01 -2.417456e+01 -6.832160e+00
      vertex   2.777500e+01 -9.285000e+01 -1.250000e+01
      vertex   2.777500e+01 -2.278345e+01 -1.034926e+01
    endloop
  endfacet
  facet normal 1.000000e+00 -3.668199e-11 1.518804e-09
    outer loop
      vertex   2.777500e+01 -2.278345e+01 -1.034926e+01
      vertex   2.777500e+01 -9.285000e+01 -1.250000e+01
      vertex   2.777500e+01 -2.371963e+01 -1.083038e+01
    endloop
  endfacet
  facet normal 1.000000e+00 1.941287e-17 -1.357097e-14
    outer loop
      vertex   2.777500e+01 -2.371963e+01 -1.083038e+01
      vertex   2.777500e+01 -9.285000e+01 -1.250000e+01
      vertex   2.777500e+01 -2.463272e+01 -1.135527e+01
    endloop
  endfacet
  facet normal 1.000000e+00 -4.332332e-16 1.340323e-14
    outer loop
      vertex   2.777500e+01 -2.463272e+01 -1.135527e+01
      vertex   2.777500e+01 -9.285000e+01 -1.250000e+01
      vertex   2.777500e+01 -2.552546e+01 -1.191425e+01
    endloop
  endfacet
  facet normal 1.000000e+00 -3.207897e-16 4.792725e-16
    outer loop
      vertex   2.777500e+01 -2.552546e+01 -1.191425e+01
      vertex   2.777500e+01 -9.285000e+01 -1.250000e+01
      vertex   2.777500e+01 -2.640060e+01 -1.250000e+01
    endloop
  endfacet
  facet normal 1.000000e+00 -2.985556e-10 -6.748027e-10
    outer loop
      vertex   2.777500e+01 -2.210933e+01 -1.063069e+01
      vertex   2.777500e+01 -1.785000e+01 -1.150000e+01
      vertex   2.777500e+01 -2.278345e+01 -1.034926e+01
    endloop
  endfacet
  facet normal 1.000000e+00 -1.990316e-16 6.051665e-10
    outer loop
      vertex   2.777500e+01 -2.278345e+01 -1.034926e+01
      vertex   2.777500e+01 -1.785000e+01 -1.150000e+01
      vertex   2.777500e+01 1.785000e+01 -1.150000e+01
    endloop
  endfacet
  facet normal 1.000000e+00 -2.300355e-11 -2.071002e-10
    outer loop
      vertex   2.777500e+01 -2.278345e+01 -1.034926e+01
      vertex   2.777500e+01 1.785000e+01 -1.150000e+01
      vertex   2.777500e+01 -2.417456e+01 -6.832160e+00
    endloop
  endfacet
  facet normal 1.000000e+00 -8.453900e-17 0.000000e+00
    outer loop
      vertex   2.777500e+01 -2.417456e+01 -6.832160e+00
      vertex   2.777500e+01 1.785000e+01 -1.150000e+01
      vertex   2.777500e+01 1.785000e+01 -5.000000e+00
    endloop
  endfacet
  facet normal 1.000000e+00 -9.250950e-17 1.828208e-16
    outer loop
      vertex   2.777500e+01 -2.417456e+01 -6.832160e+00
      vertex   2.777500e+01 1.785000e+01 -5.000000e+00
      vertex   2.777500e+01 -2.326767e+01 -6.373262e+00
    endloop
  endfacet
  facet normal 1.000000e+00 -1.990316e-16 3.372262e-15
    outer loop
      vertex   2.777500e+01 -2.326767e+01 -6.373262e+00
      vertex   2.777500e+01 1.785000e+01 -5.000000e+00
      vertex   2.777500e+01 -1.785000e+01 -5.000000e+00
    endloop
  endfacet
  facet normal 1.000000e+00 -3.934588e-15 1.810943e-14
    outer loop
      vertex   2.777500e+01 -2.326767e+01 -6.373262e+00
      vertex   2.777500e+01 -1.785000e+01 -5.000000e+00
      vertex   2.777500e+01 -2.241063e+01 -5.990877e+00
    endloop
  endfacet
  facet normal 1.000000e+00 5.693677e-15 -2.620585e-14
    outer loop
      vertex   2.777500e+01 -2.241063e+01 -5.990877e+00
      vertex   2.777500e+01 -1.785000e+01 -5.000000e+00
      vertex   2.777500e+01 -2.159385e+01 -5.677847e+00
    endloop
  endfacet
  facet normal 1.000000e+00 -3.795785e-15 2.620585e-14
    outer loop
      vertex   2.777500e+01 -2.159385e+01 -5.677847e+00
      vertex   2.777500e+01 -1.785000e+01 -5.000000e+00
      vertex   2.777500e+01 -2.080898e+01 -5.428593e+00
    endloop
  endfacet
  facet normal 1.000000e+00 0.000000e+00 0.000000e+00
    outer loop
      vertex   2.777500e+01 -2.080898e+01 -5.428593e+00
      vertex   2.777500e+01 -1.785000e+01 -5.000000e+00
      vertex   2.777500e+01 -2.004862e+01 -5.238844e+00
    endloop
  endfacet
  facet normal 1.000000e+00 7.319717e-15 -6.737980e-14
    outer loop
      vertex   2.777500e+01 -2.004862e+01 -5.238844e+00
      vertex   2.777500e+01 -1.785000e+01 -5.000000e+00
      vertex   2.777500e+01 -1.930609e+01 -5.105453e+00
    endloop
  endfacet
  facet normal 1.000000e+00 -2.439906e-15 6.737980e-14
    outer loop
      vertex   2.777500e+01 -1.930609e+01 -5.105453e+00
      vertex   2.777500e+01 -1.785000e+01 -5.000000e+00
      vertex   2.777500e+01 -1.857518e+01 -5.026260e+00
    endloop
  endfacet
  facet normal 1.000000e+00 -2.985623e-10 -6.748356e-10
    outer loop
      vertex   2.777500e+01 -2.210933e+01 -1.063069e+01
      vertex   2.777500e+01 -2.145924e+01 -1.086860e+01
      vertex   2.777500e+01 -1.785000e+01 -1.150000e+01
    endloop
  endfacet
  facet normal 1.000000e+00 -2.985333e-10 -6.746698e-10
    outer loop
      vertex   2.777500e+01 -1.785000e+01 -1.150000e+01
      vertex   2.777500e+01 -2.145924e+01 -1.086860e+01
      vertex   2.777500e+01 -2.082896e+01 -1.106572e+01
    endloop
  endfacet
  facet normal 1.000000e+00 -2.985673e-10 -6.749029e-10
    outer loop
      vertex   2.777500e+01 -1.785000e+01 -1.150000e+01
      vertex   2.777500e+01 -2.082896e+01 -1.106572e+01
      vertex   2.777500e+01 -2.021468e+01 -1.122422e+01
    endloop
  endfacet
  facet normal 1.000000e+00 -2.985583e-10 -6.748265e-10
    outer loop
      vertex   2.777500e+01 -2.021468e+01 -1.122422e+01
      vertex   2.777500e+01 -1.961288e+01 -1.134580e+01
      vertex   2.777500e+01 -1.785000e+01 -1.150000e+01
    endloop
  endfacet
  facet normal 1.000000e+00 -2.985670e-10 -6.749256e-10
    outer loop
      vertex   2.777500e+01 -1.785000e+01 -1.150000e+01
      vertex   2.777500e+01 -1.961288e+01 -1.134580e+01
      vertex   2.777500e+01 -1.902024e+01 -1.143176e+01
    endloop
  endfacet
  facet normal 1.000000e+00 -2.985581e-10 -6.747721e-10
    outer loop
      vertex   2.777500e+01 -1.785000e+01 -1.150000e+01
      vertex   2.777500e+01 -1.902024e+01 -1.143176e+01
      vertex   2.777500e+01 -1.843363e+01 -1.148298e+01
    endloop
  endfacet
  facet normal -1.000000e+00 7.105427e-17 3.861645e-17
    outer loop
      vertex   -2.225000e+00 -3.035000e+01 4.000000e+00
      vertex   -2.225000e+00 -3.035000e+01 -7.500000e+00
      vertex   -2.225000e+00 -9.285000e+01 4.000000e+00
    endloop
  endfacet
  facet normal -1.000000e+00 6.394885e-17 0.000000e+00
    outer loop
      vertex   -2.225000e+00 -9.285000e+01 4.000000e+00
      vertex   -2.225000e+00 -3.035000e+01 -7.500000e+00
      vertex   -2.225000e+00 -9.285000e+01 -1.250000e+01
    endloop
  endfacet
  facet normal -1.000000e+00 6.394885e-17 -6.731613e-32
    outer loop
      vertex   -2.225000e+00 -9.285000e+01 -1.250000e+01
      vertex   -2.225000e+00 -3.035000e+01 -7.500000e+00
      vertex   -2.225000e+00 -3.035000e+01 -9.000000e+00
    endloop
  endfacet
  facet normal -1.000000e+00 6.938894e-17 -9.714451e-17
    outer loop
      vertex   -2.225000e+00 -9.285000e+01 -1.250000e+01
      vertex   -2.225000e+00 -3.035000e+01 -9.000000e+00
      vertex   -2.225000e+00 -2.885000e+01 -1.250000e+01
    endloop
  endfacet
  facet normal -1.000000e+00 8.881784e-17 -8.881784e-17
    outer loop
      vertex   -2.225000e+00 -2.885000e+01 -1.250000e+01
      vertex   -2.225000e+00 -3.035000e+01 -9.000000e+00
      vertex   -2.225000e+00 -2.785000e+01 -1.150000e+01
    endloop
  endfacet
  facet normal 9.974521e-01 -7.133918e-02 0.000000e+00
    outer loop
      vertex   2.777500e+01 -9.285000e+01 -1.250000e+01
      vertex   2.777500e+01 -9.285000e+01 4.000000e+00
      vertex   2.772411e+01 -9.356157e+01 -1.250000e+01
    endloop
  endfacet
  facet normal 9.974521e-01 -7.133918e-02 0.000000e+00
    outer loop
      vertex   2.772411e+01 -9.356157e+01 -1.250000e+01
      vertex   2.777500e+01 -9.285000e+01 4.000000e+00
      vertex   2.772411e+01 -9.356157e+01 4.000000e+00
    endloop
  endfacet
  facet normal 9.771469e-01 -2.125653e-01 0.000000e+00
    outer loop
      vertex   2.772411e+01 -9.356157e+01 -1.250000e+01
      vertex   2.772411e+01 -9.356157e+01 4.000000e+00
      vertex   2.757246e+01 -9.425866e+01 -1.250000e+01
    endloop
  endfacet
  facet normal 9.771469e-01 -2.125653e-01 0.000000e+00
    outer loop
      vertex   2.757246e+01 -9.425866e+01 -1.250000e+01
      vertex   2.772411e+01 -9.356157e+01 4.000000e+00
      vertex   2.757246e+01 -9.425866e+01 4.000000e+00
    endloop
  endfacet
  facet normal 9.369497e-01 -3.494642e-01 0.000000e+00
    outer loop
      vertex   2.757246e+01 -9.425866e+01 -1.250000e+01
      vertex   2.757246e+01 -9.425866e+01 4.000000e+00
      vertex   2.732316e+01 -9.492708e+01 -1.250000e+01
    endloop
  endfacet
  facet normal 9.369497e-01 -3.494642e-01 0.000000e+00
    outer loop
      vertex   2.732316e+01 -9.492708e+01 -1.250000e+01
      vertex   2.757246e+01 -9.425866e+01 4.000000e+00
      vertex   2.732316e+01 -9.492708e+01 4.000000e+00
    endloop
  endfacet
  facet normal 8.776790e-01 -4.792490e-01 0.000000e+00
    outer loop
      vertex   2.732316e+01 -9.492708e+01 -1.250000e+01
      vertex   2.732316e+01 -9.492708e+01 4.000000e+00
      vertex   2.698127e+01 -9.555320e+01 -1.250000e+01
    endloop
  endfacet
  facet normal 8.776790e-01 -4.792490e-01 0.000000e+00
    outer loop
      vertex   2.698127e+01 -9.555320e+01 -1.250000e+01
      vertex   2.732316e+01 -9.492708e+01 4.000000e+00
      vertex   2.698127e+01 -9.555320e+01 4.000000e+00
    endloop
  endfacet
  facet normal 8.005412e-01 -5.992777e-01 0.000000e+00
    outer loop
      vertex   2.698127e+01 -9.555320e+01 -1.250000e+01
      vertex   2.698127e+01 -9.555320e+01 4.000000e+00
      vertex   2.655375e+01 -9.612430e+01 -1.250000e+01
    endloop
  endfacet
  facet normal 8.005412e-01 -5.992777e-01 0.000000e+00
    outer loop
      vertex   2.655375e+01 -9.612430e+01 -1.250000e+01
      vertex   2.698127e+01 -9.555320e+01 4.000000e+00
      vertex   2.655375e+01 -9.612430e+01 4.000000e+00
    endloop
  endfacet
  facet normal 7.071068e-01 -7.071068e-01 0.000000e+00
    outer loop
      vertex   2.655375e+01 -9.612430e+01 -1.250000e+01
      vertex   2.655375e+01 -9.612430e+01 4.000000e+00
      vertex   2.604930e+01 -9.662875e+01 -1.250000e+01
    endloop
  endfacet
  facet normal 7.071068e-01 -7.071068e-01 0.000000e+00
    outer loop
      vertex   2.604930e+01 -9.662875e+01 -1.250000e+01
      vertex   2.655375e+01 -9.612430e+01 4.000000e+00
      vertex   2.604930e+01 -9.662875e+01 4.000000e+00
    endloop
  endfacet
  facet normal 5.992777e-01 -8.005412e-01 0.000000e+00
    outer loop
      vertex   2.604930e+01 -9.662875e+01 -1.250000e+01
      vertex   2.604930e+01 -9.662875e+01 4.000000e+00
      vertex   2.547820e+01 -9.705627e+01 -1.250000e+01
    endloop
  endfacet
  facet normal 5.992777e-01 -8.005412e-01 0.000000e+00
    outer loop
      vertex   2.547820e+01 -9.705627e+01 -1.250000e+01
      vertex   2.604930e+01 -9.662875e+01 4.000000e+00
      vertex   2.547820e+01 -9.705627e+01 4.000000e+00
    endloop
  endfacet
  facet normal 4.792490e-01 -8.776790e-01 0.000000e+00
    outer loop
      vertex   2.547820e+01 -9.705627e+01 -1.250000e+01
      vertex   2.547820e+01 -9.705627e+01 4.000000e+00
      vertex   2.485208e+01 -9.739816e+01 -1.250000e+01
    endloop
  endfacet
  facet normal 4.792490e-01 -8.776790e-01 0.000000e+00
    outer loop
      vertex   2.485208e+01 -9.739816e+01 -1.250000e+01
      vertex   2.547820e+01 -9.705627e+01 4.000000e+00
      vertex   2.485208e+01 -9.739816e+01 4.000000e+00
    endloop
  endfacet
  facet normal 3.494642e-01 -9.369497e-01 0.000000e+00
    outer loop
      vertex   2.485208e+01 -9.739816e+01 -1.250000e+01
      vertex   2.485208e+01 -9.739816e+01 4.000000e+00
      vertex   2.418366e+01 -9.764746e+01 -1.250000e+01
    endloop
  endfacet
  facet normal 3.494642e-01 -9.369497e-01 0.000000e+00
    outer loop
      vertex   2.418366e+01 -9.764746e+01 -1.250000e+01
      vertex   2.485208e+01 -9.739816e+01 4.000000e+00
      vertex   2.418366e+01 -9.764746e+01 4.000000e+00
    endloop
  endfacet
  facet normal 2.125653e-01 -9.771469e-01 0.000000e+00
    outer loop
      vertex   2.418366e+01 -9.764746e+01 -1.250000e+01
      vertex   2.418366e+01 -9.764746e+01 4.000000e+00
      vertex   2.348657e+01 -9.779911e+01 -1.250000e+01
    endloop
  endfacet
  facet normal 2.125653e-01 -9.771469e-01 0.000000e+00
    outer loop
      vertex   2.348657e+01 -9.779911e+01 -1.250000e+01
      vertex   2.418366e+01 -9.764746e+01 4.000000e+00
      vertex   2.348657e+01 -9.779911e+01 4.000000e+00
    endloop
  endfacet
  facet normal 7.133918e-02 -9.974521e-01 0.000000e+00
    outer loop
      vertex   2.348657e+01 -9.779911e+01 -1.250000e+01
      vertex   2.348657e+01 -9.779911e+01 4.000000e+00
      vertex   2.277500e+01 -9.785000e+01 -1.250000e+01
    endloop
  endfacet
  facet normal 7.133918e-02 -9.974521e-01 0.000000e+00
    outer loop
      vertex   2.277500e+01 -9.785000e+01 -1.250000e+01
      vertex   2.348657e+01 -9.779911e+01 4.000000e+00
      vertex   2.277500e+01 -9.785000e+01 4.000000e+00
    endloop
  endfacet
  facet normal 0.000000e+00 0.000000e+00 -1.000000e+00
    outer loop
      vertex   2.562500e+01 -2.910000e+01 -1.250000e+01
      vertex   2.777500e+01 -9.285000e+01 -1.250000e+01
      vertex   2.562500e+01 -9.160000e+01 -1.250000e+01
    endloop
  endfacet
  facet normal 0.000000e+00 0.000000e+00 -1.000000e+00
    outer loop
      vertex   2.562500e+01 -9.160000e+01 -1.250000e+01
      vertex   2.777500e+01 -9.285000e+01 -1.250000e+01
      vertex   2.772411e+01 -9.356157e+01 -1.250000e+01
    endloop
  endfacet
  facet normal 0.000000e+00 0.000000e+00 -1.000000e+00
    outer loop
      vertex   2.562500e+01 -9.160000e+01 -1.250000e+01
      vertex   2.772411e+01 -9.356157e+01 -1.250000e+01
      vertex   2.757246e+01 -9.425866e+01 -1.250000e+01
    endloop
  endfacet
  facet normal 0.000000e+00 0.000000e+00 -1.000000e+00
    outer loop
      vertex   -7.500000e-02 -2.910000e+01 -1.250000e+01
      vertex   1.777500e+01 -2.885000e+01 -1.250000e+01
      vertex   2.562500e+01 -2.910000e+01 -1.250000e+01
    endloop
  endfacet
  facet normal 0.000000e+00 0.000000e+00 -1.000000e+00
    outer loop
      vertex   2.562500e+01 -2.910000e+01 -1.250000e+01
      vertex   1.777500e+01 -2.885000e+01 -1.250000e+01
      vertex   1.884508e+01 -2.879783e+01 -1.250000e+01
    endloop
  endfacet
  facet normal 0.000000e+00 0.000000e+00 -1.000000e+00
    outer loop
      vertex   2.562500e+01 -2.910000e+01 -1.250000e+01
      vertex   1.884508e+01 -2.879783e+01 -1.250000e+01
      vertex   1.990501e+01 -2.864181e+01 -1.250000e+01
    endloop
  endfacet
  facet normal -0.000000e+00 0.000000e+00 -1.000000e+00
    outer loop
      vertex   1.777500e+01 -2.885000e+01 -1.250000e+01
      vertex   -7.500000e-02 -2.910000e+01 -1.250000e+01
      vertex   -2.225000e+00 -2.885000e+01 -1.250000e+01
    endloop
  endfacet
  facet normal 0.000000e+00 0.000000e+00 -1.000000e+00
    outer loop
      vertex   -2.225000e+00 -2.885000e+01 -1.250000e+01
      vertex   -7.500000e-02 -2.910000e+01 -1.250000e+01
      vertex   -7.500000e-02 -9.160000e+01 -1.250000e+01
    endloop
  endfacet
  facet normal 0.000000e+00 -0.000000e+00 -1.000000e+00
    outer loop
      vertex   -2.225000e+00 -2.885000e+01 -1.250000e+01
      vertex   -7.500000e-02 -9.160000e+01 -1.250000e+01
      vertex   -2.225000e+00 -9.285000e+01 -1.250000e+01
    endloop
  endfacet
  facet normal 0.000000e+00 0.000000e+00 -1.000000e+00
    outer loop
      vertex   -2.225000e+00 -9.285000e+01 -1.250000e+01
      vertex   -7.500000e-02 -9.160000e+01 -1.250000e+01
      vertex   -2.174107e+00 -9.356157e+01 -1.250000e+01
    endloop
  endfacet
  facet normal 0.000000e+00 0.000000e+00 -1.000000e+00
    outer loop
      vertex   -2.174107e+00 -9.356157e+01 -1.250000e+01
      vertex   -7.500000e-02 -9.160000e+01 -1.250000e+01
      vertex   -2.022465e+00 -9.425866e+01 -1.250000e+01
    endloop
  endfacet
  facet normal 0.000000e+00 0.000000e+00 -1.000000e+00
    outer loop
      vertex   -2.022465e+00 -9.425866e+01 -1.250000e+01
      vertex   -7.500000e-02 -9.160000e+01 -1.250000e+01
      vertex   -1.773160e+00 -9.492708e+01 -1.250000e+01
    endloop
  endfacet
  facet normal 0.000000e+00 0.000000e+00 -1.000000e+00
    outer loop
      vertex   -1.773160e+00 -9.492708e+01 -1.250000e+01
      vertex   -7.500000e-02 -9.160000e+01 -1.250000e+01
      vertex   -1.431268e+00 -9.555320e+01 -1.250000e+01
    endloop
  endfacet
  facet normal 0.000000e+00 0.000000e+00 -1.000000e+00
    outer loop
      vertex   -1.431268e+00 -9.555320e+01 -1.250000e+01
      vertex   -7.500000e-02 -9.160000e+01 -1.250000e+01
      vertex   -1.003748e+00 -9.612430e+01 -1.250000e+01
    endloop
  endfacet
  facet normal 0.000000e+00 0.000000e+00 -1.000000e+00
    outer loop
      vertex   -1.003748e+00 -9.612430e+01 -1.250000e+01
      vertex   -7.500000e-02 -9.160000e+01 -1.250000e+01
      vertex   -4.993037e-01 -9.662875e+01 -1.250000e+01
    endloop
  endfacet
  facet normal 0.000000e+00 0.000000e+00 -1.000000e+00
    outer loop
      vertex   -4.993037e-01 -9.662875e+01 -1.250000e+01
      vertex   -7.500000e-02 -9.160000e+01 -1.250000e+01
      vertex   7.179591e-02 -9.705627e+01 -1.250000e+01
    endloop
  endfacet
  facet normal 0.000000e+00 0.000000e+00 -1.000000e+00
    outer loop
      vertex   7.179591e-02 -9.705627e+01 -1.250000e+01
      vertex   -7.500000e-02 -9.160000e+01 -1.250000e+01
      vertex   6.979249e-01 -9.739816e+01 -1.250000e+01
    endloop
  endfacet
  facet normal 0.000000e+00 0.000000e+00 -1.000000e+00
    outer loop
      vertex   6.979249e-01 -9.739816e+01 -1.250000e+01
      vertex   -7.500000e-02 -9.160000e+01 -1.250000e+01
      vertex   1.366337e+00 -9.764746e+01 -1.250000e+01
    endloop
  endfacet
  facet normal 0.000000e+00 0.000000e+00 -1.000000e+00
    outer loop
      vertex   1.366337e+00 -9.764746e+01 -1.250000e+01
      vertex   -7.500000e-02 -9.160000e+01 -1.250000e+01
      vertex   2.063426e+00 -9.779911e+01 -1.250000e+01
    endloop
  endfacet
  facet normal 0.000000e+00 0.000000e+00 -1.000000e+00
    outer loop
      vertex   2.063426e+00 -9.779911e+01 -1.250000e+01
      vertex   -7.500000e-02 -9.160000e+01 -1.250000e+01
      vertex   2.775000e+00 -9.785000e+01 -1.250000e+01
    endloop
  endfacet
  facet normal 0.000000e+00 0.000000e+00 -1.000000e+00
    outer loop
      vertex   2.775000e+00 -9.785000e+01 -1.250000e+01
      vertex   -7.500000e-02 -9.160000e+01 -1.250000e+01
      vertex   2.562500e+01 -9.160000e+01 -1.250000e+01
    endloop
  endfacet
  facet normal 0.000000e+00 0.000000e+00 -1.000000e+00
    outer loop
      vertex   2.775000e+00 -9.785000e+01 -1.250000e+01
      vertex   2.562500e+01 -9.160000e+01 -1.250000e+01
      vertex   2.277500e+01 -9.785000e+01 -1.250000e+01
    endloop
  endfacet
  facet normal 0.000000e+00 0.000000e+00 -1.000000e+00
    outer loop
      vertex   2.277500e+01 -9.785000e+01 -1.250000e+01
      vertex   2.562500e+01 -9.160000e+01 -1.250000e+01
      vertex   2.348657e+01 -9.779911e+01 -1.250000e+01
    endloop
  endfacet
  facet normal 0.000000e+00 0.000000e+00 -1.000000e+00
    outer loop
      vertex   2.348657e+01 -9.779911e+01 -1.250000e+01
      vertex   2.562500e+01 -9.160000e+01 -1.250000e+01
      vertex   2.418366e+01 -9.764746e+01 -1.250000e+01
    endloop
  endfacet
  facet normal 0.000000e+00 0.000000e+00 -1.000000e+00
    outer loop
      vertex   2.418366e+01 -9.764746e+01 -1.250000e+01
      vertex   2.562500e+01 -9.160000e+01 -1.250000e+01
      vertex   2.485208e+01 -9.739816e+01 -1.250000e+01
    endloop
  endfacet
  facet normal 0.000000e+00 0.000000e+00 -1.000000e+00
    outer loop
      vertex   2.485208e+01 -9.739816e+01 -1.250000e+01
      vertex   2.562500e+01 -9.160000e+01 -1.250000e+01
      vertex   2.547820e+01 -9.705627e+01 -1.250000e+01
    endloop
  endfacet
  facet normal 0.000000e+00 0.000000e+00 -1.000000e+00
    outer loop
      vertex   2.547820e+01 -9.705627e+01 -1.250000e+01
      vertex   2.562500e+01 -9.160000e+01 -1.250000e+01
      vertex   2.604930e+01 -9.662875e+01 -1.250000e+01
    endloop
  endfacet
  facet normal 0.000000e+00 0.000000e+00 -1.000000e+00
    outer loop
      vertex   2.604930e+01 -9.662875e+01 -1.250000e+01
      vertex   2.562500e+01 -9.160000e+01 -1.250000e+01
      vertex   2.655375e+01 -9.612430e+01 -1.250000e+01
    endloop
  endfacet
  facet normal 0.000000e+00 0.000000e+00 -1.000000e+00
    outer loop
      vertex   2.655375e+01 -9.612430e+01 -1.250000e+01
      vertex   2.562500e+01 -9.160000e+01 -1.250000e+01
      vertex   2.698127e+01 -9.555320e+01 -1.250000e+01
    endloop
  endfacet
  facet normal 0.000000e+00 0.000000e+00 -1.000000e+00
    outer loop
      vertex   2.698127e+01 -9.555320e+01 -1.250000e+01
      vertex   2.562500e+01 -9.160000e+01 -1.250000e+01
      vertex   2.732316e+01 -9.492708e+01 -1.250000e+01
    endloop
  endfacet
  facet normal 0.000000e+00 0.000000e+00 -1.000000e+00
    outer loop
      vertex   2.732316e+01 -9.492708e+01 -1.250000e+01
      vertex   2.562500e+01 -9.160000e+01 -1.250000e+01
      vertex   2.757246e+01 -9.425866e+01 -1.250000e+01
    endloop
  endfacet
  facet normal 0.000000e+00 0.000000e+00 -1.000000e+00
    outer loop
      vertex   1.990501e+01 -2.864181e+01 -1.250000e+01
      vertex   2.094473e+01 -2.838341e+01 -1.250000e+01
      vertex   2.562500e+01 -2.910000e+01 -1.250000e+01
    endloop
  endfacet
  facet normal 0.000000e+00 0.000000e+00 -1.000000e+00
    outer loop
      vertex   2.562500e+01 -2.910000e+01 -1.250000e+01
      vertex   2.094473e+01 -2.838341e+01 -1.250000e+01
      vertex   2.195439e+01 -2.802510e+01 -1.250000e+01
    endloop
  endfacet
  facet normal 0.000000e+00 0.000000e+00 -1.000000e+00
    outer loop
      vertex   2.562500e+01 -2.910000e+01 -1.250000e+01
      vertex   2.195439e+01 -2.802510e+01 -1.250000e+01
      vertex   2.292440e+01 -2.757027e+01 -1.250000e+01
    endloop
  endfacet
  facet normal 0.000000e+00 0.000000e+00 -1.000000e+00
    outer loop
      vertex   2.292440e+01 -2.757027e+01 -1.250000e+01
      vertex   2.384556e+01 -2.702324e+01 -1.250000e+01
      vertex   2.562500e+01 -2.910000e+01 -1.250000e+01
    endloop
  endfacet
  facet normal 0.000000e+00 0.000000e+00 -1.000000e+00
    outer loop
      vertex   2.562500e+01 -2.910000e+01 -1.250000e+01
      vertex   2.384556e+01 -2.702324e+01 -1.250000e+01
      vertex   2.470914e+01 -2.638919e+01 -1.250000e+01
    endloop
  endfacet
  facet normal 0.000000e+00 0.000000e+00 -1.000000e+00
    outer loop
      vertex   2.562500e+01 -2.910000e+01 -1.250000e+01
      vertex   2.470914e+01 -2.638919e+01 -1.250000e+01
      vertex   2.550694e+01 -2.567413e+01 -1.250000e+01
    endloop
  endfacet
  facet normal -1.134362e-13 -3.909059e-15 -1.000000e+00
    outer loop
      vertex   2.550694e+01 -2.567413e+01 -1.250000e+01
      vertex   2.623140e+01 -2.488486e+01 -1.250000e+01
      vertex   2.562500e+01 -2.910000e+01 -1.250000e+01
    endloop
  endfacet
  facet normal -1.129652e-11 1.604921e-12 -1.000000e+00
    outer loop
      vertex   2.562500e+01 -2.910000e+01 -1.250000e+01
      vertex   2.623140e+01 -2.488486e+01 -1.250000e+01
      vertex   2.731283e+01 -2.487798e+01 -1.250000e+01
    endloop
  endfacet
  facet normal -5.253216e-10 2.070960e-10 -1.000000e+00
    outer loop
      vertex   2.562500e+01 -2.910000e+01 -1.250000e+01
      vertex   2.731283e+01 -2.487798e+01 -1.250000e+01
      vertex   2.777500e+01 -2.640060e+01 -1.250000e+01
    endloop
  endfacet
  facet normal -2.157816e-09 -2.884231e-10 -1.000000e+00
    outer loop
      vertex   2.777500e+01 -2.640060e+01 -1.250000e+01
      vertex   2.731283e+01 -2.487798e+01 -1.250000e+01
      vertex   2.750459e+01 -2.517175e+01 -1.250000e+01
    endloop
  endfacet
  facet normal 6.531997e-10 3.301363e-10 -1.000000e+00
    outer loop
      vertex   2.777500e+01 -2.640060e+01 -1.250000e+01
      vertex   2.750459e+01 -2.517175e+01 -1.250000e+01
      vertex   2.765120e+01 -2.553981e+01 -1.250000e+01
    endloop
  endfacet
  facet normal -1.131482e-11 4.479724e-12 -1.000000e+00
    outer loop
      vertex   2.623140e+01 -2.488486e+01 -1.250000e+01
      vertex   2.634216e+01 -2.476928e+01 -1.250000e+01
      vertex   2.731283e+01 -2.487798e+01 -1.250000e+01
    endloop
  endfacet
  facet normal 1.637891e-13 1.069817e-10 -1.000000e+00
    outer loop
      vertex   2.731283e+01 -2.487798e+01 -1.250000e+01
      vertex   2.634216e+01 -2.476928e+01 -1.250000e+01
      vertex   2.720067e+01 -2.476292e+01 -1.250000e+01
    endloop
  endfacet
  facet normal 9.645622e-13 -1.166274e-12 -1.000000e+00
    outer loop
      vertex   2.720067e+01 -2.476292e+01 -1.250000e+01
      vertex   2.634216e+01 -2.476928e+01 -1.250000e+01
      vertex   2.647007e+01 -2.467415e+01 -1.250000e+01
    endloop
  endfacet
  facet normal 1.328753e-12 1.831191e-12 -1.000000e+00
    outer loop
      vertex   2.720067e+01 -2.476292e+01 -1.250000e+01
      vertex   2.647007e+01 -2.467415e+01 -1.250000e+01
      vertex   2.707136e+01 -2.466909e+01 -1.250000e+01
    endloop
  endfacet
  facet normal 1.380615e-12 -4.325390e-12 -1.000000e+00
    outer loop
      vertex   2.707136e+01 -2.466909e+01 -1.250000e+01
      vertex   2.647007e+01 -2.467415e+01 -1.250000e+01
      vertex   2.661479e+01 -2.460907e+01 -1.250000e+01
    endloop
  endfacet
  facet normal -6.910306e-11 -5.405093e-10 -1.000000e+00
    outer loop
      vertex   2.707136e+01 -2.466909e+01 -1.250000e+01
      vertex   2.661479e+01 -2.460907e+01 -1.250000e+01
      vertex   2.669160e+01 -2.459134e+01 -1.250000e+01
    endloop
  endfacet
  facet normal -8.106769e-11 -1.573684e-09 -1.000000e+00
    outer loop
      vertex   2.677000e+01 -2.458482e+01 -1.250000e+01
      vertex   2.684908e+01 -2.458996e+01 -1.250000e+01
      vertex   2.669160e+01 -2.459134e+01 -1.250000e+01
    endloop
  endfacet
  facet normal -8.280448e-11 -1.376086e-09 -1.000000e+00
    outer loop
      vertex   2.669160e+01 -2.459134e+01 -1.250000e+01
      vertex   2.684908e+01 -2.458996e+01 -1.250000e+01
      vertex   2.692603e+01 -2.460635e+01 -1.250000e+01
    endloop
  endfacet
  facet normal -1.122628e-11 -2.577883e-10 -1.000000e+00
    outer loop
      vertex   2.669160e+01 -2.459134e+01 -1.250000e+01
      vertex   2.692603e+01 -2.460635e+01 -1.250000e+01
      vertex   2.707136e+01 -2.466909e+01 -1.250000e+01
    endloop
  endfacet
  facet normal 1.009590e-08 1.688172e-09 -1.000000e+00
    outer loop
      vertex   2.765120e+01 -2.553981e+01 -1.250000e+01
      vertex   2.774319e+01 -2.595640e+01 -1.250000e+01
      vertex   2.777500e+01 -2.640060e+01 -1.250000e+01
    endloop
  endfacet
  facet normal -2.545275e-10 -8.584064e-12 -1.000000e+00
    outer loop
      vertex   2.777500e+01 -2.640060e+01 -1.250000e+01
      vertex   2.777500e+01 -9.285000e+01 -1.250000e+01
      vertex   2.562500e+01 -2.910000e+01 -1.250000e+01
    endloop
  endfacet
  facet normal -7.133918e-02 -9.974521e-01 0.000000e+00
    outer loop
      vertex   2.775000e+00 -9.785000e+01 -1.250000e+01
      vertex   2.775000e+00 -9.785000e+01 4.000000e+00
      vertex   2.063426e+00 -9.779911e+01 -1.250000e+01
    endloop
  endfacet
  facet normal -7.133918e-02 -9.974521e-01 1.920058e-18
    outer loop
      vertex   2.063426e+00 -9.779911e+01 -1.250000e+01
      vertex   2.775000e+00 -9.785000e+01 4.000000e+00
      vertex   2.063426e+00 -9.779911e+01 4.000000e+00
    endloop
  endfacet
  facet normal -2.125653e-01 -9.771469e-01 5.721088e-18
    outer loop
      vertex   2.063426e+00 -9.779911e+01 -1.250000e+01
      vertex   2.063426e+00 -9.779911e+01 4.000000e+00
      vertex   1.366337e+00 -9.764746e+01 -1.250000e+01
    endloop
  endfacet
  facet normal -2.125653e-01 -9.771469e-01 2.860544e-18
    outer loop
      vertex   1.366337e+00 -9.764746e+01 -1.250000e+01
      vertex   2.063426e+00 -9.779911e+01 4.000000e+00
      vertex   1.366337e+00 -9.764746e+01 4.000000e+00
    endloop
  endfacet
  facet normal -3.494642e-01 -9.369497e-01 4.702826e-18
    outer loop
      vertex   1.366337e+00 -9.764746e+01 -1.250000e+01
      vertex   1.366337e+00 -9.764746e+01 4.000000e+00
      vertex   6.979249e-01 -9.739816e+01 -1.250000e+01
    endloop
  endfacet
  facet normal -3.494642e-01 -9.369497e-01 9.405653e-18
    outer loop
      vertex   6.979249e-01 -9.739816e+01 -1.250000e+01
      vertex   1.366337e+00 -9.764746e+01 4.000000e+00
      vertex   6.979249e-01 -9.739816e+01 4.000000e+00
    endloop
  endfacet
  facet normal -4.792490e-01 -8.776790e-01 1.289875e-17
    outer loop
      vertex   6.979249e-01 -9.739816e+01 -1.250000e+01
      vertex   6.979249e-01 -9.739816e+01 4.000000e+00
      vertex   7.179591e-02 -9.705627e+01 -1.250000e+01
    endloop
  endfacet
  facet normal -4.792490e-01 -8.776790e-01 1.209257e-17
    outer loop
      vertex   7.179591e-02 -9.705627e+01 -1.250000e+01
      vertex   6.979249e-01 -9.739816e+01 4.000000e+00
      vertex   7.179591e-02 -9.705627e+01 4.000000e+00
    endloop
  endfacet
  facet normal -5.992777e-01 -8.005412e-01 1.512118e-17
    outer loop
      vertex   7.179591e-02 -9.705627e+01 -1.250000e+01
      vertex   7.179591e-02 -9.705627e+01 4.000000e+00
      vertex   -4.993037e-01 -9.662875e+01 -1.250000e+01
    endloop
  endfacet
  facet normal -5.992777e-01 -8.005412e-01 1.814541e-17
    outer loop
      vertex   -4.993037e-01 -9.662875e+01 -1.250000e+01
      vertex   7.179591e-02 -9.705627e+01 4.000000e+00
      vertex   -4.993037e-01 -9.662875e+01 4.000000e+00
    endloop
  endfacet
  facet normal -7.071068e-01 -7.071068e-01 2.141035e-17
    outer loop
      vertex   -4.993037e-01 -9.662875e+01 -1.250000e+01
      vertex   -4.993037e-01 -9.662875e+01 4.000000e+00
      vertex   -1.003748e+00 -9.612430e+01 -1.250000e+01
    endloop
  endfacet
  facet normal -7.071068e-01 -7.071068e-01 1.903142e-17
    outer loop
      vertex   -1.003748e+00 -9.612430e+01 -1.250000e+01
      vertex   -4.993037e-01 -9.662875e+01 4.000000e+00
      vertex   -1.003748e+00 -9.612430e+01 4.000000e+00
    endloop
  endfacet
  facet normal -8.005412e-01 -5.992777e-01 2.154617e-17
    outer loop
      vertex   -1.003748e+00 -9.612430e+01 -1.250000e+01
      vertex   -1.003748e+00 -9.612430e+01 4.000000e+00
      vertex   -1.431268e+00 -9.555320e+01 -1.250000e+01
    endloop
  endfacet
  facet normal -8.005412e-01 -5.992777e-01 2.154617e-17
    outer loop
      vertex   -1.431268e+00 -9.555320e+01 -1.250000e+01
      vertex   -1.003748e+00 -9.612430e+01 4.000000e+00
      vertex   -1.431268e+00 -9.555320e+01 4.000000e+00
    endloop
  endfacet
  facet normal -8.776790e-01 -4.792490e-01 2.362229e-17
    outer loop
      vertex   -1.431268e+00 -9.555320e+01 -1.250000e+01
      vertex   -1.431268e+00 -9.555320e+01 4.000000e+00
      vertex   -1.773160e+00 -9.492708e+01 -1.250000e+01
    endloop
  endfacet
  facet normal -8.776790e-01 -4.792490e-01 3.543343e-17
    outer loop
      vertex   -1.773160e+00 -9.492708e+01 -1.250000e+01
      vertex   -1.431268e+00 -9.555320e+01 4.000000e+00
      vertex   -1.773160e+00 -9.492708e+01 4.000000e+00
    endloop
  endfacet
  facet normal -9.369497e-01 -3.494642e-01 3.782630e-17
    outer loop
      vertex   -1.773160e+00 -9.492708e+01 -1.250000e+01
      vertex   -1.773160e+00 -9.492708e+01 4.000000e+00
      vertex   -2.022465e+00 -9.425866e+01 -1.250000e+01
    endloop
  endfacet
  facet normal -9.369497e-01 -3.494642e-01 5.043506e-17
    outer loop
      vertex   -2.022465e+00 -9.425866e+01 -1.250000e+01
      vertex   -1.773160e+00 -9.492708e+01 4.000000e+00
      vertex   -2.022465e+00 -9.425866e+01 4.000000e+00
    endloop
  endfacet
  facet normal -9.771469e-01 -2.125653e-01 5.259883e-17
    outer loop
      vertex   -2.022465e+00 -9.425866e+01 -1.250000e+01
      vertex   -2.022465e+00 -9.425866e+01 4.000000e+00
      vertex   -2.174107e+00 -9.356157e+01 -1.250000e+01
    endloop
  endfacet
  facet normal -9.771469e-01 -2.125653e-01 5.259883e-17
    outer loop
      vertex   -2.174107e+00 -9.356157e+01 -1.250000e+01
      vertex   -2.022465e+00 -9.425866e+01 4.000000e+00
      vertex   -2.174107e+00 -9.356157e+01 4.000000e+00
    endloop
  endfacet
  facet normal -9.974521e-01 -7.133918e-02 5.369185e-17
    outer loop
      vertex   -2.174107e+00 -9.356157e+01 -1.250000e+01
      vertex   -2.174107e+00 -9.356157e+01 4.000000e+00
      vertex   -2.225000e+00 -9.285000e+01 -1.250000e+01
    endloop
  endfacet
  facet normal -9.974521e-01 -7.133918e-02 0.000000e+00
    outer loop
      vertex   -2.225000e+00 -9.285000e+01 -1.250000e+01
      vertex   -2.174107e+00 -9.356157e+01 4.000000e+00
      vertex   -2.225000e+00 -9.285000e+01 4.000000e+00
    endloop
  endfacet
  facet normal 0.000000e+00 -1.000000e+00 0.000000e+00
    outer loop
      vertex   2.775000e+00 -9.785000e+01 4.000000e+00
      vertex   2.775000e+00 -9.785000e+01 -1.250000e+01
      vertex   2.277500e+01 -9.785000e+01 4.000000e+00
    endloop
  endfacet
  facet normal 0.000000e+00 -1.000000e+00 -0.000000e+00
    outer loop
      vertex   2.277500e+01 -9.785000e+01 4.000000e+00
      vertex   2.775000e+00 -9.785000e+01 -1.250000e+01
      vertex   2.277500e+01 -9.785000e+01 -1.250000e+01
    endloop
  endfacet
  facet normal -1.000000e+00 0.000000e+00 0.000000e+00
    outer loop
      vertex   2.562500e+01 -2.910000e+01 -1.250000e+01
      vertex   2.562500e+01 -9.160000e+01 -1.250000e+01
      vertex   2.562500e+01 -2.910000e+01 3.500000e+00
    endloop
  endfacet
  facet normal -1.000000e+00 -0.000000e+00 0.000000e+00
    outer loop
      vertex   2.562500e+01 -2.910000e+01 3.500000e+00
      vertex   2.562500e+01 -9.160000e+01 -1.250000e+01
      vertex   2.562500e+01 -9.160000e+01 3.500000e+00
    endloop
  endfacet
  facet normal 0.000000e+00 1.000000e+00 -0.000000e+00
    outer loop
      vertex   2.562500e+01 -9.160000e+01 -1.250000e+01
      vertex   -7.500000e-02 -9.160000e+01 -1.250000e+01
      vertex   2.562500e+01 -9.160000e+01 3.500000e+00
    endloop
  endfacet
  facet normal 0.000000e+00 1.000000e+00 0.000000e+00
    outer loop
      vertex   2.562500e+01 -9.160000e+01 3.500000e+00
      vertex   -7.500000e-02 -9.160000e+01 -1.250000e+01
      vertex   -7.500000e-02 -9.160000e+01 3.500000e+00
    endloop
  endfacet
  facet normal 1.000000e+00 0.000000e+00 -0.000000e+00
    outer loop
      vertex   -7.500000e-02 -2.910000e+01 -1.250000e+01
      vertex   -7.500000e-02 -2.910000e+01 -9.500000e+00
      vertex   -7.500000e-02 -9.160000e+01 -1.250000e+01
    endloop
  endfacet
  facet normal 1.000000e+00 0.000000e+00 0.000000e+00
    outer loop
      vertex   -7.500000e-02 -9.160000e+01 -1.250000e+01
      vertex   -7.500000e-02 -2.910000e+01 -9.500000e+00
      vertex   -7.500000e-02 -2.787462e+01 -5.024621e+00
    endloop
  endfacet
  facet normal 1.000000e+00 0.000000e+00 0.000000e+00
    outer loop
      vertex   -7.500000e-02 -9.160000e+01 -1.250000e+01
      vertex   -7.500000e-02 -2.787462e+01 -5.024621e+00
      vertex   -7.500000e-02 -9.160000e+01 3.500000e+00
    endloop
  endfacet
  facet normal 1.000000e+00 0.000000e+00 0.000000e+00
    outer loop
      vertex   -7.500000e-02 -9.160000e+01 3.500000e+00
      vertex   -7.500000e-02 -2.787462e+01 -5.024621e+00
      vertex   -7.500000e-02 -2.910000e+01 5.000000e-01
    endloop
  endfacet
  facet normal 1.000000e+00 -0.000000e+00 0.000000e+00
    outer loop
      vertex   -7.500000e-02 -9.160000e+01 3.500000e+00
      vertex   -7.500000e-02 -2.910000e+01 5.000000e-01
      vertex   -7.500000e-02 -2.910000e+01 3.500000e+00
    endloop
  endfacet
  facet normal 1.000000e+00 0.000000e+00 0.000000e+00
    outer loop
      vertex   -7.500000e-02 -2.910000e+01 -9.500000e+00
      vertex   -7.500000e-02 -2.685000e+01 -9.500000e+00
      vertex   -7.500000e-02 -2.787462e+01 -5.024621e+00
    endloop
  endfacet
  facet normal 1.000000e+00 -0.000000e+00 0.000000e+00
    outer loop
      vertex   -7.500000e-02 -2.787462e+01 -5.024621e+00
      vertex   -7.500000e-02 -2.685000e+01 -9.500000e+00
      vertex   -7.500000e-02 -2.685000e+01 -4.000000e+00
    endloop
  endfacet
  facet normal 1.000000e+00 0.000000e+00 -0.000000e+00
    outer loop
      vertex   -7.500000e-02 -2.787462e+01 -5.024621e+00
      vertex   -7.500000e-02 -2.787462e+01 5.000000e-01
      vertex   -7.500000e-02 -2.910000e+01 5.000000e-01
    endloop
  endfacet
  facet normal 0.000000e+00 0.000000e+00 -1.000000e+00
    outer loop
      vertex   1.653382e+01 -3.218407e+01 3.500000e+00
      vertex   1.627500e+01 -3.215000e+01 3.500000e+00
      vertex   2.562500e+01 -2.910000e+01 3.500000e+00
    endloop
  endfacet
  facet normal 0.000000e+00 0.000000e+00 -1.000000e+00
    outer loop
      vertex   2.562500e+01 -2.910000e+01 3.500000e+00
      vertex   1.627500e+01 -3.215000e+01 3.500000e+00
      vertex   9.275000e+00 -3.215000e+01 3.500000e+00
    endloop
  endfacet
  facet normal -0.000000e+00 0.000000e+00 -1.000000e+00
    outer loop
      vertex   2.562500e+01 -2.910000e+01 3.500000e+00
      vertex   9.275000e+00 -3.215000e+01 3.500000e+00
      vertex   -7.500000e-02 -2.910000e+01 3.500000e+00
    endloop
  endfacet
  facet normal 0.000000e+00 0.000000e+00 -1.000000e+00
    outer loop
      vertex   -7.500000e-02 -2.910000e+01 3.500000e+00
      vertex   9.275000e+00 -3.215000e+01 3.500000e+00
      vertex   9.016181e+00 -3.218407e+01 3.500000e+00
    endloop
  endfacet
  facet normal 0.000000e+00 0.000000e+00 -1.000000e+00
    outer loop
      vertex   -7.500000e-02 -2.910000e+01 3.500000e+00
      vertex   9.016181e+00 -3.218407e+01 3.500000e+00
      vertex   8.775000e+00 -3.228397e+01 3.500000e+00
    endloop
  endfacet
  facet normal -0.000000e+00 0.000000e+00 -1.000000e+00
    outer loop
      vertex   8.775000e+00 -3.228397e+01 3.500000e+00
      vertex   8.567893e+00 -3.244289e+01 3.500000e+00
      vertex   -7.500000e-02 -2.910000e+01 3.500000e+00
    endloop
  endfacet
  facet normal 0.000000e+00 0.000000e+00 -1.000000e+00
    outer loop
      vertex   -7.500000e-02 -2.910000e+01 3.500000e+00
      vertex   8.567893e+00 -3.244289e+01 3.500000e+00
      vertex   8.408975e+00 -3.265000e+01 3.500000e+00
    endloop
  endfacet
  facet normal 0.000000e+00 0.000000e+00 -1.000000e+00
    outer loop
      vertex   -7.500000e-02 -2.910000e+01 3.500000e+00
      vertex   8.408975e+00 -3.265000e+01 3.500000e+00
      vertex   8.309074e+00 -3.289118e+01 3.500000e+00
    endloop
  endfacet
  facet normal -0.000000e+00 0.000000e+00 -1.000000e+00
    outer loop
      vertex   8.309074e+00 -3.289118e+01 3.500000e+00
      vertex   8.275000e+00 -3.315000e+01 3.500000e+00
      vertex   -7.500000e-02 -2.910000e+01 3.500000e+00
    endloop
  endfacet
  facet normal 0.000000e+00 0.000000e+00 -1.000000e+00
    outer loop
      vertex   -7.500000e-02 -2.910000e+01 3.500000e+00
      vertex   8.275000e+00 -3.315000e+01 3.500000e+00
      vertex   8.275000e+00 -3.615000e+01 3.500000e+00
    endloop
  endfacet
  facet normal 0.000000e+00 0.000000e+00 -1.000000e+00
    outer loop
      vertex   -7.500000e-02 -2.910000e+01 3.500000e+00
      vertex   8.275000e+00 -3.615000e+01 3.500000e+00
      vertex   8.309074e+00 -3.640882e+01 3.500000e+00
    endloop
  endfacet
  facet normal -0.000000e+00 0.000000e+00 -1.000000e+00
    outer loop
      vertex   8.408975e+00 -3.665000e+01 3.500000e+00
      vertex   6.813592e+00 -5.579900e+01 3.500000e+00
      vertex   8.309074e+00 -3.640882e+01 3.500000e+00
    endloop
  endfacet
  facet normal 0.000000e+00 0.000000e+00 -1.000000e+00
    outer loop
      vertex   8.309074e+00 -3.640882e+01 3.500000e+00
      vertex   6.813592e+00 -5.579900e+01 3.500000e+00
      vertex   6.317173e+00 -5.653602e+01 3.500000e+00
    endloop
  endfacet
  facet normal -0.000000e+00 0.000000e+00 -1.000000e+00
    outer loop
      vertex   8.309074e+00 -3.640882e+01 3.500000e+00
      vertex   6.317173e+00 -5.653602e+01 3.500000e+00
      vertex   -7.500000e-02 -2.910000e+01 3.500000e+00
    endloop
  endfacet
  facet normal 0.000000e+00 0.000000e+00 -1.000000e+00
    outer loop
      vertex   -7.500000e-02 -2.910000e+01 3.500000e+00
      vertex   6.317173e+00 -5.653602e+01 3.500000e+00
      vertex   5.911408e+00 -5.732657e+01 3.500000e+00
    endloop
  endfacet
  facet normal 0.000000e+00 0.000000e+00 -1.000000e+00
    outer loop
      vertex   -7.500000e-02 -2.910000e+01 3.500000e+00
      vertex   5.911408e+00 -5.732657e+01 3.500000e+00
      vertex   5.601993e+00 -5.815957e+01 3.500000e+00
    endloop
  endfacet
  facet normal -0.000000e+00 0.000000e+00 -1.000000e+00
    outer loop
      vertex   8.567893e+00 -3.685711e+01 3.500000e+00
      vertex   8.049341e+00 -5.452607e+01 3.500000e+00
      vertex   8.408975e+00 -3.665000e+01 3.500000e+00
    endloop
  endfacet
  facet normal 0.000000e+00 0.000000e+00 -1.000000e+00
    outer loop
      vertex   8.408975e+00 -3.665000e+01 3.500000e+00
      vertex   8.049341e+00 -5.452607e+01 3.500000e+00
      vertex   7.393696e+00 -5.512587e+01 3.500000e+00
    endloop
  endfacet
  facet normal 0.000000e+00 0.000000e+00 -1.000000e+00
    outer loop
      vertex   8.408975e+00 -3.665000e+01 3.500000e+00
      vertex   7.393696e+00 -5.512587e+01 3.500000e+00
      vertex   6.813592e+00 -5.579900e+01 3.500000e+00
    endloop
  endfacet
  facet normal 0.000000e+00 0.000000e+00 -1.000000e+00
    outer loop
      vertex   8.049341e+00 -5.452607e+01 3.500000e+00
      vertex   8.567893e+00 -3.685711e+01 3.500000e+00
      vertex   8.771325e+00 -5.400803e+01 3.500000e+00
    endloop
  endfacet
  facet normal 0.000000e+00 0.000000e+00 -1.000000e+00
    outer loop
      vertex   8.771325e+00 -5.400803e+01 3.500000e+00
      vertex   8.567893e+00 -3.685711e+01 3.500000e+00
      vertex   8.775000e+00 -3.701603e+01 3.500000e+00
    endloop
  endfacet
  facet normal 0.000000e+00 0.000000e+00 -1.000000e+00
    outer loop
      vertex   8.771325e+00 -5.400803e+01 3.500000e+00
      vertex   8.775000e+00 -3.701603e+01 3.500000e+00
      vertex   9.016181e+00 -3.711593e+01 3.500000e+00
    endloop
  endfacet
  facet normal 0.000000e+00 0.000000e+00 -1.000000e+00
    outer loop
      vertex   8.771325e+00 -5.400803e+01 3.500000e+00
      vertex   9.016181e+00 -3.711593e+01 3.500000e+00
      vertex   9.549511e+00 -5.357902e+01 3.500000e+00
    endloop
  endfacet
  facet normal 0.000000e+00 0.000000e+00 -1.000000e+00
    outer loop
      vertex   9.549511e+00 -5.357902e+01 3.500000e+00
      vertex   9.016181e+00 -3.711593e+01 3.500000e+00
      vertex   9.275000e+00 -3.715000e+01 3.500000e+00
    endloop
  endfacet
  facet normal 0.000000e+00 0.000000e+00 -1.000000e+00
    outer loop
      vertex   9.549511e+00 -5.357902e+01 3.500000e+00
      vertex   9.275000e+00 -3.715000e+01 3.500000e+00
      vertex   1.037298e+01 -5.324505e+01 3.500000e+00
    endloop
  endfacet
  facet normal 0.000000e+00 0.000000e+00 -1.000000e+00
    outer loop
      vertex   1.037298e+01 -5.324505e+01 3.500000e+00
      vertex   9.275000e+00 -3.715000e+01 3.500000e+00
      vertex   1.123016e+01 -5.301083e+01 3.500000e+00
    endloop
  endfacet
  facet normal 0.000000e+00 0.000000e+00 -1.000000e+00
    outer loop
      vertex   1.123016e+01 -5.301083e+01 3.500000e+00
      vertex   9.275000e+00 -3.715000e+01 3.500000e+00
      vertex   1.210903e+01 -5.287963e+01 3.500000e+00
    endloop
  endfacet
  facet normal 0.000000e+00 0.000000e+00 -1.000000e+00
    outer loop
      vertex   1.210903e+01 -5.287963e+01 3.500000e+00
      vertex   9.275000e+00 -3.715000e+01 3.500000e+00
      vertex   1.299725e+01 -5.285329e+01 3.500000e+00
    endloop
  endfacet
  facet normal 0.000000e+00 0.000000e+00 -1.000000e+00
    outer loop
      vertex   1.299725e+01 -5.285329e+01 3.500000e+00
      vertex   9.275000e+00 -3.715000e+01 3.500000e+00
      vertex   1.627500e+01 -3.715000e+01 3.500000e+00
    endloop
  endfacet
  facet normal 0.000000e+00 0.000000e+00 -1.000000e+00
    outer loop
      vertex   1.299725e+01 -5.285329e+01 3.500000e+00
      vertex   1.627500e+01 -3.715000e+01 3.500000e+00
      vertex   1.388235e+01 -5.293220e+01 3.500000e+00
    endloop
  endfacet
  facet normal 0.000000e+00 0.000000e+00 -1.000000e+00
    outer loop
      vertex   1.388235e+01 -5.293220e+01 3.500000e+00
      vertex   1.627500e+01 -3.715000e+01 3.500000e+00
      vertex   1.475190e+01 -5.311523e+01 3.500000e+00
    endloop
  endfacet
  facet normal 0.000000e+00 0.000000e+00 -1.000000e+00
    outer loop
      vertex   1.475190e+01 -5.311523e+01 3.500000e+00
      vertex   1.627500e+01 -3.715000e+01 3.500000e+00
      vertex   1.559371e+01 -5.339983e+01 3.500000e+00
    endloop
  endfacet
  facet normal 0.000000e+00 0.000000e+00 -1.000000e+00
    outer loop
      vertex   1.559371e+01 -5.339983e+01 3.500000e+00
      vertex   1.627500e+01 -3.715000e+01 3.500000e+00
      vertex   1.653382e+01 -3.711593e+01 3.500000e+00
    endloop
  endfacet
  facet normal 0.000000e+00 0.000000e+00 -1.000000e+00
    outer loop
      vertex   1.559371e+01 -5.339983e+01 3.500000e+00
      vertex   1.653382e+01 -3.711593e+01 3.500000e+00
      vertex   1.639594e+01 -5.378199e+01 3.500000e+00
    endloop
  endfacet
  facet normal 0.000000e+00 0.000000e+00 -1.000000e+00
    outer loop
      vertex   1.639594e+01 -5.378199e+01 3.500000e+00
      vertex   1.653382e+01 -3.711593e+01 3.500000e+00
      vertex   1.677500e+01 -3.701603e+01 3.500000e+00
    endloop
  endfacet
  facet normal 0.000000e+00 0.000000e+00 -1.000000e+00
    outer loop
      vertex   1.639594e+01 -5.378199e+01 3.500000e+00
      vertex   1.677500e+01 -3.701603e+01 3.500000e+00
      vertex   1.714735e+01 -5.425635e+01 3.500000e+00
    endloop
  endfacet
  facet normal 0.000000e+00 0.000000e+00 -1.000000e+00
    outer loop
      vertex   1.714735e+01 -5.425635e+01 3.500000e+00
      vertex   1.677500e+01 -3.701603e+01 3.500000e+00
      vertex   1.698211e+01 -3.685711e+01 3.500000e+00
    endloop
  endfacet
  facet normal 0.000000e+00 0.000000e+00 -1.000000e+00
    outer loop
      vertex   1.714735e+01 -5.425635e+01 3.500000e+00
      vertex   1.698211e+01 -3.685711e+01 3.500000e+00
      vertex   1.783737e+01 -5.481625e+01 3.500000e+00
    endloop
  endfacet
  facet normal 0.000000e+00 0.000000e+00 -1.000000e+00
    outer loop
      vertex   1.783737e+01 -5.481625e+01 3.500000e+00
      vertex   1.698211e+01 -3.685711e+01 3.500000e+00
      vertex   1.714103e+01 -3.665000e+01 3.500000e+00
    endloop
  endfacet
  facet normal 0.000000e+00 0.000000e+00 -1.000000e+00
    outer loop
      vertex   1.783737e+01 -5.481625e+01 3.500000e+00
      vertex   1.714103e+01 -3.665000e+01 3.500000e+00
      vertex   1.845633e+01 -5.545383e+01 3.500000e+00
    endloop
  endfacet
  facet normal 0.000000e+00 0.000000e+00 -1.000000e+00
    outer loop
      vertex   1.845633e+01 -5.545383e+01 3.500000e+00
      vertex   1.714103e+01 -3.665000e+01 3.500000e+00
      vertex   1.724093e+01 -3.640882e+01 3.500000e+00
    endloop
  endfacet
  facet normal 0.000000e+00 0.000000e+00 -1.000000e+00
    outer loop
      vertex   1.845633e+01 -5.545383e+01 3.500000e+00
      vertex   1.724093e+01 -3.640882e+01 3.500000e+00
      vertex   1.899554e+01 -5.616015e+01 3.500000e+00
    endloop
  endfacet
  facet normal 0.000000e+00 0.000000e+00 -1.000000e+00
    outer loop
      vertex   1.899554e+01 -5.616015e+01 3.500000e+00
      vertex   1.724093e+01 -3.640882e+01 3.500000e+00
      vertex   1.944743e+01 -5.692528e+01 3.500000e+00
    endloop
  endfacet
  facet normal 0.000000e+00 0.000000e+00 -1.000000e+00
    outer loop
      vertex   1.944743e+01 -5.692528e+01 3.500000e+00
      vertex   1.724093e+01 -3.640882e+01 3.500000e+00
      vertex   2.562500e+01 -2.910000e+01 3.500000e+00
    endloop
  endfacet
  facet normal 0.000000e+00 0.000000e+00 -1.000000e+00
    outer loop
      vertex   1.944743e+01 -5.692528e+01 3.500000e+00
      vertex   2.562500e+01 -2.910000e+01 3.500000e+00
      vertex   1.980565e+01 -5.773849e+01 3.500000e+00
    endloop
  endfacet
  facet normal 0.000000e+00 0.000000e+00 -1.000000e+00
    outer loop
      vertex   1.980565e+01 -5.773849e+01 3.500000e+00
      vertex   2.562500e+01 -2.910000e+01 3.500000e+00
      vertex   2.006517e+01 -5.858835e+01 3.500000e+00
    endloop
  endfacet
  facet normal 0.000000e+00 0.000000e+00 -1.000000e+00
    outer loop
      vertex   2.006517e+01 -5.858835e+01 3.500000e+00
      vertex   2.562500e+01 -2.910000e+01 3.500000e+00
      vertex   2.022236e+01 -5.946295e+01 3.500000e+00
    endloop
  endfacet
  facet normal -4.219794e-15 7.508504e-16 -1.000000e+00
    outer loop
      vertex   2.022236e+01 -5.946295e+01 3.500000e+00
      vertex   2.562500e+01 -2.910000e+01 3.500000e+00
      vertex   2.027500e+01 -6.035000e+01 3.500000e+00
    endloop
  endfacet
  facet normal 1.660147e-16 0.000000e+00 -1.000000e+00
    outer loop
      vertex   2.027500e+01 -6.035000e+01 3.500000e+00
      vertex   2.562500e+01 -2.910000e+01 3.500000e+00
      vertex   2.562500e+01 -9.160000e+01 3.500000e+00
    endloop
  endfacet
  facet normal -4.219794e-15 -7.508504e-16 -1.000000e+00
    outer loop
      vertex   2.027500e+01 -6.035000e+01 3.500000e+00
      vertex   2.562500e+01 -9.160000e+01 3.500000e+00
      vertex   2.022236e+01 -6.123705e+01 3.500000e+00
    endloop
  endfacet
  facet normal 0.000000e+00 -0.000000e+00 -1.000000e+00
    outer loop
      vertex   2.022236e+01 -6.123705e+01 3.500000e+00
      vertex   2.562500e+01 -9.160000e+01 3.500000e+00
      vertex   2.006517e+01 -6.211165e+01 3.500000e+00
    endloop
  endfacet
  facet normal 0.000000e+00 -0.000000e+00 -1.000000e+00
    outer loop
      vertex   2.006517e+01 -6.211165e+01 3.500000e+00
      vertex   2.562500e+01 -9.160000e+01 3.500000e+00
      vertex   1.980565e+01 -6.296151e+01 3.500000e+00
    endloop
  endfacet
  facet normal 0.000000e+00 -0.000000e+00 -1.000000e+00
    outer loop
      vertex   1.980565e+01 -6.296151e+01 3.500000e+00
      vertex   2.562500e+01 -9.160000e+01 3.500000e+00
      vertex   1.944743e+01 -6.377472e+01 3.500000e+00
    endloop
  endfacet
  facet normal 0.000000e+00 -0.000000e+00 -1.000000e+00
    outer loop
      vertex   1.944743e+01 -6.377472e+01 3.500000e+00
      vertex   2.562500e+01 -9.160000e+01 3.500000e+00
      vertex   1.899554e+01 -6.453985e+01 3.500000e+00
    endloop
  endfacet
  facet normal 0.000000e+00 -0.000000e+00 -1.000000e+00
    outer loop
      vertex   1.899554e+01 -6.453985e+01 3.500000e+00
      vertex   2.562500e+01 -9.160000e+01 3.500000e+00
      vertex   1.845633e+01 -6.524617e+01 3.500000e+00
    endloop
  endfacet
  facet normal 0.000000e+00 -0.000000e+00 -1.000000e+00
    outer loop
      vertex   1.845633e+01 -6.524617e+01 3.500000e+00
      vertex   2.562500e+01 -9.160000e+01 3.500000e+00
      vertex   1.783737e+01 -6.588375e+01 3.500000e+00
    endloop
  endfacet
  facet normal 0.000000e+00 -0.000000e+00 -1.000000e+00
    outer loop
      vertex   1.783737e+01 -6.588375e+01 3.500000e+00
      vertex   2.562500e+01 -9.160000e+01 3.500000e+00
      vertex   1.714735e+01 -6.644365e+01 3.500000e+00
    endloop
  endfacet
  facet normal 0.000000e+00 -0.000000e+00 -1.000000e+00
    outer loop
      vertex   1.714735e+01 -6.644365e+01 3.500000e+00
      vertex   2.562500e+01 -9.160000e+01 3.500000e+00
      vertex   1.639594e+01 -6.691801e+01 3.500000e+00
    endloop
  endfacet
  facet normal 0.000000e+00 -0.000000e+00 -1.000000e+00
    outer loop
      vertex   1.639594e+01 -6.691801e+01 3.500000e+00
      vertex   2.562500e+01 -9.160000e+01 3.500000e+00
      vertex   1.559371e+01 -6.730017e+01 3.500000e+00
    endloop
  endfacet
  facet normal 0.000000e+00 -0.000000e+00 -1.000000e+00
    outer loop
      vertex   1.559371e+01 -6.730017e+01 3.500000e+00
      vertex   2.562500e+01 -9.160000e+01 3.500000e+00
      vertex   1.475190e+01 -6.758477e+01 3.500000e+00
    endloop
  endfacet
  facet normal 0.000000e+00 -0.000000e+00 -1.000000e+00
    outer loop
      vertex   1.475190e+01 -6.758477e+01 3.500000e+00
      vertex   2.562500e+01 -9.160000e+01 3.500000e+00
      vertex   1.388235e+01 -6.776780e+01 3.500000e+00
    endloop
  endfacet
  facet normal 0.000000e+00 -0.000000e+00 -1.000000e+00
    outer loop
      vertex   1.388235e+01 -6.776780e+01 3.500000e+00
      vertex   2.562500e+01 -9.160000e+01 3.500000e+00
      vertex   1.299725e+01 -6.784671e+01 3.500000e+00
    endloop
  endfacet
  facet normal 0.000000e+00 -0.000000e+00 -1.000000e+00
    outer loop
      vertex   1.299725e+01 -6.784671e+01 3.500000e+00
      vertex   2.562500e+01 -9.160000e+01 3.500000e+00
      vertex   -7.500000e-02 -9.160000e+01 3.500000e+00
    endloop
  endfacet
  facet normal -0.000000e+00 0.000000e+00 -1.000000e+00
    outer loop
      vertex   1.299725e+01 -6.784671e+01 3.500000e+00
      vertex   -7.500000e-02 -9.160000e+01 3.500000e+00
      vertex   1.210903e+01 -6.782037e+01 3.500000e+00
    endloop
  endfacet
  facet normal -0.000000e+00 0.000000e+00 -1.000000e+00
    outer loop
      vertex   1.210903e+01 -6.782037e+01 3.500000e+00
      vertex   -7.500000e-02 -9.160000e+01 3.500000e+00
      vertex   1.123016e+01 -6.768917e+01 3.500000e+00
    endloop
  endfacet
  facet normal -0.000000e+00 0.000000e+00 -1.000000e+00
    outer loop
      vertex   1.123016e+01 -6.768917e+01 3.500000e+00
      vertex   -7.500000e-02 -9.160000e+01 3.500000e+00
      vertex   1.037298e+01 -6.745495e+01 3.500000e+00
    endloop
  endfacet
  facet normal -0.000000e+00 0.000000e+00 -1.000000e+00
    outer loop
      vertex   1.037298e+01 -6.745495e+01 3.500000e+00
      vertex   -7.500000e-02 -9.160000e+01 3.500000e+00
      vertex   9.549511e+00 -6.712098e+01 3.500000e+00
    endloop
  endfacet
  facet normal -0.000000e+00 0.000000e+00 -1.000000e+00
    outer loop
      vertex   9.549511e+00 -6.712098e+01 3.500000e+00
      vertex   -7.500000e-02 -9.160000e+01 3.500000e+00
      vertex   8.771325e+00 -6.669197e+01 3.500000e+00
    endloop
  endfacet
  facet normal -0.000000e+00 0.000000e+00 -1.000000e+00
    outer loop
      vertex   8.771325e+00 -6.669197e+01 3.500000e+00
      vertex   -7.500000e-02 -9.160000e+01 3.500000e+00
      vertex   8.049341e+00 -6.617393e+01 3.500000e+00
    endloop
  endfacet
  facet normal -0.000000e+00 0.000000e+00 -1.000000e+00
    outer loop
      vertex   8.049341e+00 -6.617393e+01 3.500000e+00
      vertex   -7.500000e-02 -9.160000e+01 3.500000e+00
      vertex   7.393696e+00 -6.557413e+01 3.500000e+00
    endloop
  endfacet
  facet normal -0.000000e+00 0.000000e+00 -1.000000e+00
    outer loop
      vertex   7.393696e+00 -6.557413e+01 3.500000e+00
      vertex   -7.500000e-02 -9.160000e+01 3.500000e+00
      vertex   6.813592e+00 -6.490100e+01 3.500000e+00
    endloop
  endfacet
  facet normal -0.000000e+00 0.000000e+00 -1.000000e+00
    outer loop
      vertex   6.813592e+00 -6.490100e+01 3.500000e+00
      vertex   -7.500000e-02 -9.160000e+01 3.500000e+00
      vertex   6.317173e+00 -6.416398e+01 3.500000e+00
    endloop
  endfacet
  facet normal -0.000000e+00 0.000000e+00 -1.000000e+00
    outer loop
      vertex   6.317173e+00 -6.416398e+01 3.500000e+00
      vertex   -7.500000e-02 -9.160000e+01 3.500000e+00
      vertex   5.911408e+00 -6.337343e+01 3.500000e+00
    endloop
  endfacet
  facet normal -0.000000e+00 0.000000e+00 -1.000000e+00
    outer loop
      vertex   5.911408e+00 -6.337343e+01 3.500000e+00
      vertex   -7.500000e-02 -9.160000e+01 3.500000e+00
      vertex   5.601993e+00 -6.254043e+01 3.500000e+00
    endloop
  endfacet
  facet normal -0.000000e+00 0.000000e+00 -1.000000e+00
    outer loop
      vertex   5.601993e+00 -6.254043e+01 3.500000e+00
      vertex   -7.500000e-02 -9.160000e+01 3.500000e+00
      vertex   5.393271e+00 -6.167668e+01 3.500000e+00
    endloop
  endfacet
  facet normal -0.000000e+00 0.000000e+00 -1.000000e+00
    outer loop
      vertex   5.393271e+00 -6.167668e+01 3.500000e+00
      vertex   -7.500000e-02 -9.160000e+01 3.500000e+00
      vertex   5.288172e+00 -6.079430e+01 3.500000e+00
    endloop
  endfacet
  facet normal -0.000000e+00 0.000000e+00 -1.000000e+00
    outer loop
      vertex   5.288172e+00 -6.079430e+01 3.500000e+00
      vertex   -7.500000e-02 -9.160000e+01 3.500000e+00
      vertex   5.288172e+00 -5.990570e+01 3.500000e+00
    endloop
  endfacet
  facet normal -0.000000e+00 0.000000e+00 -1.000000e+00
    outer loop
      vertex   5.288172e+00 -5.990570e+01 3.500000e+00
      vertex   -7.500000e-02 -9.160000e+01 3.500000e+00
      vertex   -7.500000e-02 -2.910000e+01 3.500000e+00
    endloop
  endfacet
  facet normal 0.000000e+00 0.000000e+00 -1.000000e+00
    outer loop
      vertex   5.288172e+00 -5.990570e+01 3.500000e+00
      vertex   -7.500000e-02 -2.910000e+01 3.500000e+00
      vertex   5.393271e+00 -5.902332e+01 3.500000e+00
    endloop
  endfacet
  facet normal 0.000000e+00 0.000000e+00 -1.000000e+00
    outer loop
      vertex   5.393271e+00 -5.902332e+01 3.500000e+00
      vertex   -7.500000e-02 -2.910000e+01 3.500000e+00
      vertex   5.601993e+00 -5.815957e+01 3.500000e+00
    endloop
  endfacet
  facet normal 0.000000e+00 0.000000e+00 -1.000000e+00
    outer loop
      vertex   1.724093e+01 -3.640882e+01 3.500000e+00
      vertex   1.727500e+01 -3.615000e+01 3.500000e+00
      vertex   2.562500e+01 -2.910000e+01 3.500000e+00
    endloop
  endfacet
  facet normal 0.000000e+00 0.000000e+00 -1.000000e+00
    outer loop
      vertex   2.562500e+01 -2.910000e+01 3.500000e+00
      vertex   1.727500e+01 -3.615000e+01 3.500000e+00
      vertex   1.727500e+01 -3.315000e+01 3.500000e+00
    endloop
  endfacet
  facet normal 0.000000e+00 0.000000e+00 -1.000000e+00
    outer loop
      vertex   2.562500e+01 -2.910000e+01 3.500000e+00
      vertex   1.727500e+01 -3.315000e+01 3.500000e+00
      vertex   1.724093e+01 -3.289118e+01 3.500000e+00
    endloop
  endfacet
  facet normal 0.000000e+00 0.000000e+00 -1.000000e+00
    outer loop
      vertex   1.724093e+01 -3.289118e+01 3.500000e+00
      vertex   1.714103e+01 -3.265000e+01 3.500000e+00
      vertex   2.562500e+01 -2.910000e+01 3.500000e+00
    endloop
  endfacet
  facet normal 0.000000e+00 0.000000e+00 -1.000000e+00
    outer loop
      vertex   2.562500e+01 -2.910000e+01 3.500000e+00
      vertex   1.714103e+01 -3.265000e+01 3.500000e+00
      vertex   1.698211e+01 -3.244289e+01 3.500000e+00
    endloop
  endfacet
  facet normal 0.000000e+00 0.000000e+00 -1.000000e+00
    outer loop
      vertex   2.562500e+01 -2.910000e+01 3.500000e+00
      vertex   1.698211e+01 -3.244289e+01 3.500000e+00
      vertex   1.677500e+01 -3.228397e+01 3.500000e+00
    endloop
  endfacet
  facet normal 0.000000e+00 0.000000e+00 -1.000000e+00
    outer loop
      vertex   1.677500e+01 -3.228397e+01 3.500000e+00
      vertex   1.653382e+01 -3.218407e+01 3.500000e+00
      vertex   2.562500e+01 -2.910000e+01 3.500000e+00
    endloop
  endfacet
  facet normal 9.918154e-01 7.101924e-02 -1.061056e-01
    outer loop
      vertex   2.777500e+01 -2.640060e+01 -1.250000e+01
      vertex   2.774319e+01 -2.595640e+01 -1.250000e+01
      vertex   2.777500e+01 -2.552546e+01 -1.191425e+01
    endloop
  endfacet
  facet normal 9.926639e-01 6.516327e-02 -1.018434e-01
    outer loop
      vertex   2.777500e+01 -2.552546e+01 -1.191425e+01
      vertex   2.774319e+01 -2.595640e+01 -1.250000e+01
      vertex   2.774650e+01 -2.520779e+01 -1.198878e+01
    endloop
  endfacet
  facet normal 9.925234e-01 6.477399e-02 -1.034490e-01
    outer loop
      vertex   2.777500e+01 -2.552546e+01 -1.191425e+01
      vertex   2.774650e+01 -2.520779e+01 -1.198878e+01
      vertex   2.777500e+01 -2.463272e+01 -1.135527e+01
    endloop
  endfacet
  facet normal 9.928990e-01 6.238034e-02 -1.012931e-01
    outer loop
      vertex   2.777500e+01 -2.463272e+01 -1.135527e+01
      vertex   2.774650e+01 -2.520779e+01 -1.198878e+01
      vertex   2.774542e+01 -2.412241e+01 -1.133098e+01
    endloop
  endfacet
  facet normal 9.920538e-01 6.270176e-02 -1.090766e-01
    outer loop
      vertex   2.777500e+01 -2.463272e+01 -1.135527e+01
      vertex   2.774542e+01 -2.412241e+01 -1.133098e+01
      vertex   2.777500e+01 -2.371963e+01 -1.083038e+01
    endloop
  endfacet
  facet normal 9.925659e-01 5.923786e-02 -1.063198e-01
    outer loop
      vertex   2.777500e+01 -2.371963e+01 -1.083038e+01
      vertex   2.774542e+01 -2.412241e+01 -1.133098e+01
      vertex   2.774452e+01 -2.326788e+01 -1.086319e+01
    endloop
  endfacet
  facet normal 9.896472e-01 5.720284e-02 -1.316293e-01
    outer loop
      vertex   2.777500e+01 -2.371963e+01 -1.083038e+01
      vertex   2.774452e+01 -2.326788e+01 -1.086319e+01
      vertex   2.776469e+01 -2.261985e+01 -1.042998e+01
    endloop
  endfacet
  facet normal 9.775911e-01 9.512506e-02 -1.877947e-01
    outer loop
      vertex   2.776469e+01 -2.261985e+01 -1.042998e+01
      vertex   2.774452e+01 -2.326788e+01 -1.086319e+01
      vertex   2.773378e+01 -2.247733e+01 -1.051867e+01
    endloop
  endfacet
  facet normal 9.357473e-01 1.515048e-01 -3.184702e-01
    outer loop
      vertex   2.773378e+01 -2.247733e+01 -1.051867e+01
      vertex   2.774452e+01 -2.326788e+01 -1.086319e+01
      vertex   2.768156e+01 -2.235872e+01 -1.061568e+01
    endloop
  endfacet
  facet normal 9.327816e-01 1.533962e-01 -3.261720e-01
    outer loop
      vertex   2.768156e+01 -2.235872e+01 -1.061568e+01
      vertex   2.774452e+01 -2.326788e+01 -1.086319e+01
      vertex   2.765568e+01 -2.316235e+01 -1.106763e+01
    endloop
  endfacet
  facet normal 8.725100e-01 2.178558e-01 -4.373387e-01
    outer loop
      vertex   2.768156e+01 -2.235872e+01 -1.061568e+01
      vertex   2.765568e+01 -2.316235e+01 -1.106763e+01
      vertex   2.760477e+01 -2.226727e+01 -1.072333e+01
    endloop
  endfacet
  facet normal 8.070682e-01 2.514146e-01 -5.342580e-01
    outer loop
      vertex   2.760477e+01 -2.226727e+01 -1.072333e+01
      vertex   2.765568e+01 -2.316235e+01 -1.106763e+01
      vertex   2.755758e+01 -2.223519e+01 -1.077952e+01
    endloop
  endfacet
  facet normal 8.177130e-01 2.479507e-01 -5.194863e-01
    outer loop
      vertex   2.755758e+01 -2.223519e+01 -1.077952e+01
      vertex   2.765568e+01 -2.316235e+01 -1.106763e+01
      vertex   2.751404e+01 -2.307013e+01 -1.124658e+01
    endloop
  endfacet
  facet normal 7.288075e-01 3.049360e-01 -6.130690e-01
    outer loop
      vertex   2.755758e+01 -2.223519e+01 -1.077952e+01
      vertex   2.751404e+01 -2.307013e+01 -1.124658e+01
      vertex   2.744885e+01 -2.220204e+01 -1.089229e+01
    endloop
  endfacet
  facet normal 6.423457e-01 3.304583e-01 -6.915124e-01
    outer loop
      vertex   2.744885e+01 -2.220204e+01 -1.089229e+01
      vertex   2.751404e+01 -2.307013e+01 -1.124658e+01
      vertex   2.738956e+01 -2.220088e+01 -1.094680e+01
    endloop
  endfacet
  facet normal 6.759430e-01 3.249071e-01 -6.614653e-01
    outer loop
      vertex   2.738956e+01 -2.220088e+01 -1.094680e+01
      vertex   2.751404e+01 -2.307013e+01 -1.124658e+01
      vertex   2.738682e+01 -2.301681e+01 -1.135038e+01
    endloop
  endfacet
  facet normal 5.473715e-01 3.695616e-01 -7.508719e-01
    outer loop
      vertex   2.738956e+01 -2.220088e+01 -1.094680e+01
      vertex   2.738682e+01 -2.301681e+01 -1.135038e+01
      vertex   2.726653e+01 -2.222536e+01 -1.104854e+01
    endloop
  endfacet
  facet normal 5.522042e-01 3.690414e-01 -7.475821e-01
    outer loop
      vertex   2.726653e+01 -2.222536e+01 -1.104854e+01
      vertex   2.738682e+01 -2.301681e+01 -1.135038e+01
      vertex   2.726893e+01 -2.298124e+01 -1.141991e+01
    endloop
  endfacet
  facet normal 4.201933e-01 4.012141e-01 -8.139194e-01
    outer loop
      vertex   2.726653e+01 -2.222536e+01 -1.104854e+01
      vertex   2.726893e+01 -2.298124e+01 -1.141991e+01
      vertex   2.714161e+01 -2.227852e+01 -1.113923e+01
    endloop
  endfacet
  facet normal 4.320570e-01 4.009296e-01 -8.078256e-01
    outer loop
      vertex   2.714161e+01 -2.227852e+01 -1.113923e+01
      vertex   2.726893e+01 -2.298124e+01 -1.141991e+01
      vertex   2.714134e+01 -2.295354e+01 -1.147440e+01
    endloop
  endfacet
  facet normal 3.033120e-01 4.236730e-01 -8.535239e-01
    outer loop
      vertex   2.714161e+01 -2.227852e+01 -1.113923e+01
      vertex   2.714134e+01 -2.295354e+01 -1.147440e+01
      vertex   2.700664e+01 -2.293431e+01 -1.151272e+01
    endloop
  endfacet
  facet normal 3.031152e-01 4.594685e-01 -8.348712e-01
    outer loop
      vertex   2.700664e+01 -2.293431e+01 -1.151272e+01
      vertex   2.714134e+01 -2.295354e+01 -1.147440e+01
      vertex   2.715734e+01 -2.377949e+01 -1.192315e+01
    endloop
  endfacet
  facet normal 3.204249e-01 4.594175e-01 -8.284102e-01
    outer loop
      vertex   2.700664e+01 -2.293431e+01 -1.151272e+01
      vertex   2.715734e+01 -2.377949e+01 -1.192315e+01
      vertex   2.702536e+01 -2.375712e+01 -1.196179e+01
    endloop
  endfacet
  facet normal 3.204677e-01 4.800507e-01 -8.166100e-01
    outer loop
      vertex   2.702536e+01 -2.375712e+01 -1.196179e+01
      vertex   2.715734e+01 -2.377949e+01 -1.192315e+01
      vertex   2.692603e+01 -2.460635e+01 -1.250000e+01
    endloop
  endfacet
  facet normal 1.113134e-01 5.226600e-01 -8.452431e-01
    outer loop
      vertex   2.702536e+01 -2.375712e+01 -1.196179e+01
      vertex   2.692603e+01 -2.460635e+01 -1.250000e+01
      vertex   2.684908e+01 -2.458996e+01 -1.250000e+01
    endloop
  endfacet
  facet normal 9.370630e-01 1.940742e-01 -2.902554e-01
    outer loop
      vertex   2.774650e+01 -2.520779e+01 -1.198878e+01
      vertex   2.774319e+01 -2.595640e+01 -1.250000e+01
      vertex   2.766319e+01 -2.508667e+01 -1.217674e+01
    endloop
  endfacet
  facet normal 9.249299e-01 2.042401e-01 -3.206097e-01
    outer loop
      vertex   2.766319e+01 -2.508667e+01 -1.217674e+01
      vertex   2.774319e+01 -2.595640e+01 -1.250000e+01
      vertex   2.765120e+01 -2.553981e+01 -1.250000e+01
    endloop
  endfacet
  facet normal 8.289438e-01 3.101281e-01 -4.654813e-01
    outer loop
      vertex   2.766319e+01 -2.508667e+01 -1.217674e+01
      vertex   2.765120e+01 -2.553981e+01 -1.250000e+01
      vertex   2.752995e+01 -2.497964e+01 -1.234272e+01
    endloop
  endfacet
  facet normal 7.960015e-01 3.170708e-01 -5.156043e-01
    outer loop
      vertex   2.752995e+01 -2.497964e+01 -1.234272e+01
      vertex   2.765120e+01 -2.553981e+01 -1.250000e+01
      vertex   2.750459e+01 -2.517175e+01 -1.250000e+01
    endloop
  endfacet
  facet normal 6.955629e-01 3.979405e-01 -5.981937e-01
    outer loop
      vertex   2.752995e+01 -2.497964e+01 -1.234272e+01
      vertex   2.750459e+01 -2.517175e+01 -1.250000e+01
      vertex   2.740991e+01 -2.491657e+01 -1.244035e+01
    endloop
  endfacet
  facet normal 5.894529e-01 3.847684e-01 -7.102806e-01
    outer loop
      vertex   2.740991e+01 -2.491657e+01 -1.244035e+01
      vertex   2.750459e+01 -2.517175e+01 -1.250000e+01
      vertex   2.731283e+01 -2.487798e+01 -1.250000e+01
    endloop
  endfacet
  facet normal 5.904797e-01 4.200316e-01 -6.891351e-01
    outer loop
      vertex   2.740991e+01 -2.491657e+01 -1.244035e+01
      vertex   2.731283e+01 -2.487798e+01 -1.250000e+01
      vertex   2.739720e+01 -2.385010e+01 -1.180121e+01
    endloop
  endfacet
  facet normal 4.785233e-01 4.664683e-01 -7.439239e-01
    outer loop
      vertex   2.739720e+01 -2.385010e+01 -1.180121e+01
      vertex   2.731283e+01 -2.487798e+01 -1.250000e+01
      vertex   2.720067e+01 -2.476292e+01 -1.250000e+01
    endloop
  endfacet
  facet normal 5.640834e-01 4.219150e-01 -7.097870e-01
    outer loop
      vertex   2.739720e+01 -2.385010e+01 -1.180121e+01
      vertex   2.720067e+01 -2.476292e+01 -1.250000e+01
      vertex   2.728211e+01 -2.381070e+01 -1.186925e+01
    endloop
  endfacet
  facet normal 3.584774e-01 4.940273e-01 -7.921054e-01
    outer loop
      vertex   2.728211e+01 -2.381070e+01 -1.186925e+01
      vertex   2.720067e+01 -2.476292e+01 -1.250000e+01
      vertex   2.707136e+01 -2.466909e+01 -1.250000e+01
    endloop
  endfacet
  facet normal 4.465868e-01 4.560136e-01 -7.698128e-01
    outer loop
      vertex   2.728211e+01 -2.381070e+01 -1.186925e+01
      vertex   2.707136e+01 -2.466909e+01 -1.250000e+01
      vertex   2.715734e+01 -2.377949e+01 -1.192315e+01
    endloop
  endfacet
  facet normal 2.224141e-01 5.152164e-01 -8.276980e-01
    outer loop
      vertex   2.715734e+01 -2.377949e+01 -1.192315e+01
      vertex   2.707136e+01 -2.466909e+01 -1.250000e+01
      vertex   2.692603e+01 -2.460635e+01 -1.250000e+01
    endloop
  endfacet
  facet normal 3.381990e-02 5.202705e-01 -8.533316e-01
    outer loop
      vertex   2.677000e+01 -2.458482e+01 -1.250000e+01
      vertex   2.672017e+01 -2.374192e+01 -1.198806e+01
      vertex   2.684908e+01 -2.458996e+01 -1.250000e+01
    endloop
  endfacet
  facet normal 2.731314e-02 5.196502e-01 -8.539424e-01
    outer loop
      vertex   2.684908e+01 -2.458996e+01 -1.250000e+01
      vertex   2.672017e+01 -2.374192e+01 -1.198806e+01
      vertex   2.688863e+01 -2.374422e+01 -1.198407e+01
    endloop
  endfacet
  facet normal 1.850300e-01 5.054627e-01 -8.427760e-01
    outer loop
      vertex   2.684908e+01 -2.458996e+01 -1.250000e+01
      vertex   2.688863e+01 -2.374422e+01 -1.198407e+01
      vertex   2.702536e+01 -2.375712e+01 -1.196179e+01
    endloop
  endfacet
  facet normal 1.850217e-01 4.767144e-01 -8.593662e-01
    outer loop
      vertex   2.702536e+01 -2.375712e+01 -1.196179e+01
      vertex   2.688863e+01 -2.374422e+01 -1.198407e+01
      vertex   2.686745e+01 -2.292416e+01 -1.153373e+01
    endloop
  endfacet
  facet normal 1.650627e-01 4.753900e-01 -8.641520e-01
    outer loop
      vertex   2.702536e+01 -2.375712e+01 -1.196179e+01
      vertex   2.686745e+01 -2.292416e+01 -1.153373e+01
      vertex   2.700664e+01 -2.293431e+01 -1.151272e+01
    endloop
  endfacet
  facet normal 1.652685e-01 4.417913e-01 -8.817634e-01
    outer loop
      vertex   2.700664e+01 -2.293431e+01 -1.151272e+01
      vertex   2.686745e+01 -2.292416e+01 -1.153373e+01
      vertex   2.689574e+01 -2.244374e+01 -1.128771e+01
    endloop
  endfacet
  facet normal 2.223432e-01 4.475453e-01 -8.661793e-01
    outer loop
      vertex   2.700664e+01 -2.293431e+01 -1.151272e+01
      vertex   2.689574e+01 -2.244374e+01 -1.128771e+01
      vertex   2.714161e+01 -2.227852e+01 -1.113923e+01
    endloop
  endfacet
  facet normal -4.300343e-02 5.167687e-01 -8.550443e-01
    outer loop
      vertex   2.677000e+01 -2.458482e+01 -1.250000e+01
      vertex   2.669160e+01 -2.459134e+01 -1.250000e+01
      vertex   2.672017e+01 -2.374192e+01 -1.198806e+01
    endloop
  endfacet
  facet normal -1.270943e-01 5.151318e-01 -8.476357e-01
    outer loop
      vertex   2.672017e+01 -2.374192e+01 -1.198806e+01
      vertex   2.669160e+01 -2.459134e+01 -1.250000e+01
      vertex   2.658161e+01 -2.375082e+01 -1.197270e+01
    endloop
  endfacet
  facet normal -1.271002e-01 4.814981e-01 -8.671823e-01
    outer loop
      vertex   2.672017e+01 -2.374192e+01 -1.198806e+01
      vertex   2.658161e+01 -2.375082e+01 -1.197270e+01
      vertex   2.655644e+01 -2.293524e+01 -1.151617e+01
    endloop
  endfacet
  facet normal -2.873691e-01 4.610788e-01 -8.395388e-01
    outer loop
      vertex   2.655644e+01 -2.293524e+01 -1.151617e+01
      vertex   2.658161e+01 -2.375082e+01 -1.197270e+01
      vertex   2.642061e+01 -2.295483e+01 -1.148043e+01
    endloop
  endfacet
  facet normal -2.873604e-01 4.671846e-01 -8.361594e-01
    outer loop
      vertex   2.655644e+01 -2.293524e+01 -1.151617e+01
      vertex   2.642061e+01 -2.295483e+01 -1.148043e+01
      vertex   2.664495e+01 -2.267641e+01 -1.140196e+01
    endloop
  endfacet
  facet normal -3.100786e-01 4.809591e-01 -8.200790e-01
    outer loop
      vertex   2.664495e+01 -2.267641e+01 -1.140196e+01
      vertex   2.642061e+01 -2.295483e+01 -1.148043e+01
      vertex   2.640116e+01 -2.295787e+01 -1.147486e+01
    endloop
  endfacet
  facet normal -3.101996e-01 4.491842e-01 -8.378602e-01
    outer loop
      vertex   2.640116e+01 -2.295787e+01 -1.147486e+01
      vertex   2.642061e+01 -2.295483e+01 -1.148043e+01
      vertex   2.631805e+01 -2.379657e+01 -1.189372e+01
    endloop
  endfacet
  facet normal -5.096964e-01 4.242998e-01 -7.484512e-01
    outer loop
      vertex   2.640116e+01 -2.295787e+01 -1.147486e+01
      vertex   2.631805e+01 -2.379657e+01 -1.189372e+01
      vertex   2.618063e+01 -2.326713e+01 -1.150000e+01
    endloop
  endfacet
  facet normal -4.933355e-01 4.329832e-01 -7.544175e-01
    outer loop
      vertex   2.618063e+01 -2.326713e+01 -1.150000e+01
      vertex   2.631805e+01 -2.379657e+01 -1.189372e+01
      vertex   2.620637e+01 -2.408230e+01 -1.198468e+01
    endloop
  endfacet
  facet normal -5.316513e-01 4.384767e-01 -7.246276e-01
    outer loop
      vertex   2.620637e+01 -2.408230e+01 -1.198468e+01
      vertex   2.631805e+01 -2.379657e+01 -1.189372e+01
      vertex   2.634216e+01 -2.476928e+01 -1.250000e+01
    endloop
  endfacet
  facet normal -4.826527e-01 4.624961e-01 -7.437364e-01
    outer loop
      vertex   2.620637e+01 -2.408230e+01 -1.198468e+01
      vertex   2.634216e+01 -2.476928e+01 -1.250000e+01
      vertex   2.623140e+01 -2.488486e+01 -1.250000e+01
    endloop
  endfacet
  facet normal -1.191481e-01 5.164084e-01 -8.480130e-01
    outer loop
      vertex   2.669160e+01 -2.459134e+01 -1.250000e+01
      vertex   2.661479e+01 -2.460907e+01 -1.250000e+01
      vertex   2.658161e+01 -2.375082e+01 -1.197270e+01
    endloop
  endfacet
  facet normal -2.264457e-01 5.035173e-01 -8.337821e-01
    outer loop
      vertex   2.658161e+01 -2.375082e+01 -1.197270e+01
      vertex   2.661479e+01 -2.460907e+01 -1.250000e+01
      vertex   2.647007e+01 -2.467415e+01 -1.250000e+01
    endloop
  endfacet
  facet normal -2.615145e-01 5.022861e-01 -8.242080e-01
    outer loop
      vertex   2.658161e+01 -2.375082e+01 -1.197270e+01
      vertex   2.647007e+01 -2.467415e+01 -1.250000e+01
      vertex   2.644668e+01 -2.376915e+01 -1.194106e+01
    endloop
  endfacet
  facet normal -3.913030e-01 4.762321e-01 -7.874547e-01
    outer loop
      vertex   2.644668e+01 -2.376915e+01 -1.194106e+01
      vertex   2.647007e+01 -2.467415e+01 -1.250000e+01
      vertex   2.631805e+01 -2.379657e+01 -1.189372e+01
    endloop
  endfacet
  facet normal -3.912813e-01 4.435736e-01 -8.063135e-01
    outer loop
      vertex   2.644668e+01 -2.376915e+01 -1.194106e+01
      vertex   2.631805e+01 -2.379657e+01 -1.189372e+01
      vertex   2.642061e+01 -2.295483e+01 -1.148043e+01
    endloop
  endfacet
  facet normal -3.618992e-01 4.866251e-01 -7.951258e-01
    outer loop
      vertex   2.647007e+01 -2.467415e+01 -1.250000e+01
      vertex   2.634216e+01 -2.476928e+01 -1.250000e+01
      vertex   2.631805e+01 -2.379657e+01 -1.189372e+01
    endloop
  endfacet
  facet normal -1.516266e-01 4.419381e-01 -8.841381e-01
    outer loop
      vertex   2.655644e+01 -2.293524e+01 -1.151617e+01
      vertex   2.664495e+01 -2.267641e+01 -1.140196e+01
      vertex   2.669651e+01 -2.292459e+01 -1.153486e+01
    endloop
  endfacet
  facet normal -3.055069e-02 4.668980e-01 -8.837833e-01
    outer loop
      vertex   2.669651e+01 -2.292459e+01 -1.153486e+01
      vertex   2.664495e+01 -2.267641e+01 -1.140196e+01
      vertex   2.689574e+01 -2.244374e+01 -1.128771e+01
    endloop
  endfacet
  facet normal 4.758744e-03 4.555617e-01 -8.901915e-01
    outer loop
      vertex   2.669651e+01 -2.292459e+01 -1.153486e+01
      vertex   2.689574e+01 -2.244374e+01 -1.128771e+01
      vertex   2.686745e+01 -2.292416e+01 -1.153373e+01
    endloop
  endfacet
  facet normal 6.450183e-01 -2.897140e-01 -7.071190e-01
    outer loop
      vertex   2.744885e+01 -2.220204e+01 -1.089229e+01
      vertex   2.750548e+01 -2.221342e+01 -1.083596e+01
      vertex   2.755758e+01 -2.223519e+01 -1.077952e+01
    endloop
  endfacet
  facet normal 9.975341e-01 3.208040e-02 -6.242305e-02
    outer loop
      vertex   2.776469e+01 -2.261985e+01 -1.042998e+01
      vertex   2.777500e+01 -2.278345e+01 -1.034926e+01
      vertex   2.777500e+01 -2.371963e+01 -1.083038e+01
    endloop
  endfacet
  facet normal 6.954693e-01 3.737223e-01 -6.137215e-01
    outer loop
      vertex   2.752995e+01 -2.497964e+01 -1.234272e+01
      vertex   2.740991e+01 -2.491657e+01 -1.244035e+01
      vertex   2.752120e+01 -2.390849e+01 -1.170037e+01
    endloop
  endfacet
  facet normal 6.847197e-01 3.806295e-01 -6.215144e-01
    outer loop
      vertex   2.752120e+01 -2.390849e+01 -1.170037e+01
      vertex   2.740991e+01 -2.491657e+01 -1.244035e+01
      vertex   2.739720e+01 -2.385010e+01 -1.180121e+01
    endloop
  endfacet
  facet normal 6.847440e-01 3.514311e-01 -6.384527e-01
    outer loop
      vertex   2.752120e+01 -2.390849e+01 -1.170037e+01
      vertex   2.739720e+01 -2.385010e+01 -1.180121e+01
      vertex   2.751404e+01 -2.307013e+01 -1.124658e+01
    endloop
  endfacet
  facet normal 6.758212e-01 3.572214e-01 -6.447159e-01
    outer loop
      vertex   2.751404e+01 -2.307013e+01 -1.124658e+01
      vertex   2.739720e+01 -2.385010e+01 -1.180121e+01
      vertex   2.738682e+01 -2.301681e+01 -1.135038e+01
    endloop
  endfacet
  facet normal 9.370431e-01 1.816804e-01 -2.982323e-01
    outer loop
      vertex   2.774542e+01 -2.412241e+01 -1.133098e+01
      vertex   2.774650e+01 -2.520779e+01 -1.198878e+01
      vertex   2.766319e+01 -2.508667e+01 -1.217674e+01
    endloop
  endfacet
  facet normal 8.288852e-01 2.908846e-01 -4.778446e-01
    outer loop
      vertex   2.766319e+01 -2.508667e+01 -1.217674e+01
      vertex   2.752995e+01 -2.497964e+01 -1.234272e+01
      vertex   2.765907e+01 -2.400855e+01 -1.152760e+01
    endloop
  endfacet
  facet normal 8.227781e-01 2.972366e-01 -4.844447e-01
    outer loop
      vertex   2.765907e+01 -2.400855e+01 -1.152760e+01
      vertex   2.752995e+01 -2.497964e+01 -1.234272e+01
      vertex   2.752120e+01 -2.390849e+01 -1.170037e+01
    endloop
  endfacet
  facet normal 8.228000e-01 2.739582e-01 -4.979429e-01
    outer loop
      vertex   2.765907e+01 -2.400855e+01 -1.152760e+01
      vertex   2.752120e+01 -2.390849e+01 -1.170037e+01
      vertex   2.765568e+01 -2.316235e+01 -1.106763e+01
    endloop
  endfacet
  facet normal 8.177091e-01 2.793993e-01 -5.032771e-01
    outer loop
      vertex   2.765568e+01 -2.316235e+01 -1.106763e+01
      vertex   2.752120e+01 -2.390849e+01 -1.170037e+01
      vertex   2.751404e+01 -2.307013e+01 -1.124658e+01
    endloop
  endfacet
  facet normal -2.615359e-01 4.688566e-01 -8.436661e-01
    outer loop
      vertex   2.642061e+01 -2.295483e+01 -1.148043e+01
      vertex   2.658161e+01 -2.375082e+01 -1.197270e+01
      vertex   2.644668e+01 -2.376915e+01 -1.194106e+01
    endloop
  endfacet
  facet normal -1.518277e-01 4.759457e-01 -8.662702e-01
    outer loop
      vertex   2.655644e+01 -2.293524e+01 -1.151617e+01
      vertex   2.669651e+01 -2.292459e+01 -1.153486e+01
      vertex   2.672017e+01 -2.374192e+01 -1.198806e+01
    endloop
  endfacet
  facet normal 2.731681e-02 4.853567e-01 -8.738894e-01
    outer loop
      vertex   2.672017e+01 -2.374192e+01 -1.198806e+01
      vertex   2.669651e+01 -2.292459e+01 -1.153486e+01
      vertex   2.688863e+01 -2.374422e+01 -1.198407e+01
    endloop
  endfacet
  facet normal 4.601798e-03 4.814438e-01 -8.764649e-01
    outer loop
      vertex   2.669651e+01 -2.292459e+01 -1.153486e+01
      vertex   2.686745e+01 -2.292416e+01 -1.153373e+01
      vertex   2.688863e+01 -2.374422e+01 -1.198407e+01
    endloop
  endfacet
  facet normal 4.465421e-01 4.338255e-01 -7.825571e-01
    outer loop
      vertex   2.715734e+01 -2.377949e+01 -1.192315e+01
      vertex   2.714134e+01 -2.295354e+01 -1.147440e+01
      vertex   2.728211e+01 -2.381070e+01 -1.186925e+01
    endloop
  endfacet
  facet normal 4.318826e-01 4.349129e-01 -7.901444e-01
    outer loop
      vertex   2.728211e+01 -2.381070e+01 -1.186925e+01
      vertex   2.714134e+01 -2.295354e+01 -1.147440e+01
      vertex   2.726893e+01 -2.298124e+01 -1.141991e+01
    endloop
  endfacet
  facet normal 5.640400e-01 4.002405e-01 -7.222647e-01
    outer loop
      vertex   2.728211e+01 -2.381070e+01 -1.186925e+01
      vertex   2.726893e+01 -2.298124e+01 -1.141991e+01
      vertex   2.739720e+01 -2.385010e+01 -1.180121e+01
    endloop
  endfacet
  facet normal 5.520672e-01 4.020672e-01 -7.304545e-01
    outer loop
      vertex   2.739720e+01 -2.385010e+01 -1.180121e+01
      vertex   2.726893e+01 -2.298124e+01 -1.141991e+01
      vertex   2.738682e+01 -2.301681e+01 -1.135038e+01
    endloop
  endfacet
  facet normal 9.347432e-01 1.713703e-01 -3.112673e-01
    outer loop
      vertex   2.774452e+01 -2.326788e+01 -1.086319e+01
      vertex   2.774542e+01 -2.412241e+01 -1.133098e+01
      vertex   2.765907e+01 -2.400855e+01 -1.152760e+01
    endloop
  endfacet
  facet normal 9.347320e-01 1.859171e-01 -3.028380e-01
    outer loop
      vertex   2.765907e+01 -2.400855e+01 -1.152760e+01
      vertex   2.774542e+01 -2.412241e+01 -1.133098e+01
      vertex   2.766319e+01 -2.508667e+01 -1.217674e+01
    endloop
  endfacet
  facet normal 9.328080e-01 1.749795e-01 -3.150418e-01
    outer loop
      vertex   2.774452e+01 -2.326788e+01 -1.086319e+01
      vertex   2.765907e+01 -2.400855e+01 -1.152760e+01
      vertex   2.765568e+01 -2.316235e+01 -1.106763e+01
    endloop
  endfacet
  facet normal -3.140185e-16 7.071068e-01 -7.071068e-01
    outer loop
      vertex   -2.225000e+00 -2.785000e+01 -1.150000e+01
      vertex   1.777500e+01 -2.785000e+01 -1.150000e+01
      vertex   -2.225000e+00 -2.885000e+01 -1.250000e+01
    endloop
  endfacet
  facet normal 0.000000e+00 7.071068e-01 -7.071068e-01
    outer loop
      vertex   -2.225000e+00 -2.885000e+01 -1.250000e+01
      vertex   1.777500e+01 -2.785000e+01 -1.150000e+01
      vertex   1.777500e+01 -2.885000e+01 -1.250000e+01
    endloop
  endfacet
  facet normal -5.677658e-01 4.073855e-01 -7.153174e-01
    outer loop
      vertex   2.618063e+01 -2.326713e+01 -1.150000e+01
      vertex   2.620637e+01 -2.408230e+01 -1.198468e+01
      vertex   2.559887e+01 -2.407792e+01 -1.150000e+01
    endloop
  endfacet
  facet normal -5.595280e-01 4.353827e-01 -7.052449e-01
    outer loop
      vertex   2.559887e+01 -2.407792e+01 -1.150000e+01
      vertex   2.620637e+01 -2.408230e+01 -1.198468e+01
      vertex   2.623140e+01 -2.488486e+01 -1.250000e+01
    endloop
  endfacet
  facet normal -5.284405e-01 4.655603e-01 -7.099326e-01
    outer loop
      vertex   2.559887e+01 -2.407792e+01 -1.150000e+01
      vertex   2.623140e+01 -2.488486e+01 -1.250000e+01
      vertex   2.493920e+01 -2.482669e+01 -1.150000e+01
    endloop
  endfacet
  facet normal -5.231997e-01 4.802357e-01 -7.040141e-01
    outer loop
      vertex   2.493920e+01 -2.482669e+01 -1.150000e+01
      vertex   2.623140e+01 -2.488486e+01 -1.250000e+01
      vertex   2.550694e+01 -2.567413e+01 -1.250000e+01
    endloop
  endfacet
  facet normal -4.795954e-01 5.161109e-01 -7.096603e-01
    outer loop
      vertex   2.493920e+01 -2.482669e+01 -1.150000e+01
      vertex   2.550694e+01 -2.567413e+01 -1.250000e+01
      vertex   2.420819e+01 -2.550598e+01 -1.150000e+01
    endloop
  endfacet
  facet normal -4.738263e-01 5.286600e-01 -7.042779e-01
    outer loop
      vertex   2.420819e+01 -2.550598e+01 -1.150000e+01
      vertex   2.550694e+01 -2.567413e+01 -1.250000e+01
      vertex   2.470914e+01 -2.638919e+01 -1.250000e+01
    endloop
  endfacet
  facet normal -4.259478e-01 5.615772e-01 -7.093656e-01
    outer loop
      vertex   2.420819e+01 -2.550598e+01 -1.150000e+01
      vertex   2.470914e+01 -2.638919e+01 -1.250000e+01
      vertex   2.341311e+01 -2.610904e+01 -1.150000e+01
    endloop
  endfacet
  facet normal -4.199841e-01 5.720191e-01 -7.045619e-01
    outer loop
      vertex   2.341311e+01 -2.610904e+01 -1.150000e+01
      vertex   2.470914e+01 -2.638919e+01 -1.250000e+01
      vertex   2.384556e+01 -2.702324e+01 -1.250000e+01
    endloop
  endfacet
  facet normal -3.680231e-01 6.015060e-01 -7.090484e-01
    outer loop
      vertex   2.341311e+01 -2.610904e+01 -1.150000e+01
      vertex   2.384556e+01 -2.702324e+01 -1.250000e+01
      vertex   2.256189e+01 -2.662984e+01 -1.150000e+01
    endloop
  endfacet
  facet normal -3.621919e-01 6.099023e-01 -7.048661e-01
    outer loop
      vertex   2.256189e+01 -2.662984e+01 -1.150000e+01
      vertex   2.384556e+01 -2.702324e+01 -1.250000e+01
      vertex   2.292440e+01 -2.757027e+01 -1.250000e+01
    endloop
  endfacet
  facet normal -3.063891e-01 6.354983e-01 -7.087085e-01
    outer loop
      vertex   2.256189e+01 -2.662984e+01 -1.150000e+01
      vertex   2.292440e+01 -2.757027e+01 -1.250000e+01
      vertex   2.166300e+01 -2.706322e+01 -1.150000e+01
    endloop
  endfacet
  facet normal -3.010060e-01 6.419516e-01 -7.051904e-01
    outer loop
      vertex   2.166300e+01 -2.706322e+01 -1.150000e+01
      vertex   2.292440e+01 -2.757027e+01 -1.250000e+01
      vertex   2.195439e+01 -2.802510e+01 -1.250000e+01
    endloop
  endfacet
  facet normal -2.416503e-01 6.632128e-01 -7.083459e-01
    outer loop
      vertex   2.166300e+01 -2.706322e+01 -1.150000e+01
      vertex   2.195439e+01 -2.802510e+01 -1.250000e+01
      vertex   2.072539e+01 -2.740485e+01 -1.150000e+01
    endloop
  endfacet
  facet normal -2.370147e-01 6.678658e-01 -7.055348e-01
    outer loop
      vertex   2.072539e+01 -2.740485e+01 -1.150000e+01
      vertex   2.195439e+01 -2.802510e+01 -1.250000e+01
      vertex   2.094473e+01 -2.838341e+01 -1.250000e+01
    endloop
  endfacet
  facet normal -1.744425e-01 6.843697e-01 -7.079604e-01
    outer loop
      vertex   2.072539e+01 -2.740485e+01 -1.150000e+01
      vertex   2.094473e+01 -2.838341e+01 -1.250000e+01
      vertex   1.975840e+01 -2.765133e+01 -1.150000e+01
    endloop
  endfacet
  facet normal -1.708332e-01 6.874028e-01 -7.058990e-01
    outer loop
      vertex   1.975840e+01 -2.765133e+01 -1.150000e+01
      vertex   2.094473e+01 -2.838341e+01 -1.250000e+01
      vertex   1.990501e+01 -2.864181e+01 -1.250000e+01
    endloop
  endfacet
  facet normal -1.054263e-01 6.987528e-01 -7.075520e-01
    outer loop
      vertex   1.975840e+01 -2.765133e+01 -1.150000e+01
      vertex   1.990501e+01 -2.864181e+01 -1.250000e+01
      vertex   1.877166e+01 -2.780021e+01 -1.150000e+01
    endloop
  endfacet
  facet normal -1.030967e-01 7.003822e-01 -7.062831e-01
    outer loop
      vertex   1.877166e+01 -2.780021e+01 -1.150000e+01
      vertex   1.990501e+01 -2.864181e+01 -1.250000e+01
      vertex   1.884508e+01 -2.879783e+01 -1.250000e+01
    endloop
  endfacet
  facet normal -3.528067e-02 7.062122e-01 -7.071206e-01
    outer loop
      vertex   1.877166e+01 -2.780021e+01 -1.150000e+01
      vertex   1.884508e+01 -2.879783e+01 -1.250000e+01
      vertex   1.777500e+01 -2.785000e+01 -1.150000e+01
    endloop
  endfacet
  facet normal -3.445493e-02 7.066869e-01 -7.066869e-01
    outer loop
      vertex   1.777500e+01 -2.785000e+01 -1.150000e+01
      vertex   1.884508e+01 -2.879783e+01 -1.250000e+01
      vertex   1.777500e+01 -2.885000e+01 -1.250000e+01
    endloop
  endfacet
  facet normal -9.951847e-01 -9.801714e-02 0.000000e+00
    outer loop
      vertex   -2.225000e+00 -3.035000e+01 -9.000000e+00
      vertex   -2.225000e+00 -3.035000e+01 -7.500000e+00
      vertex   -2.273037e+00 -2.986227e+01 -9.487726e+00
    endloop
  endfacet
  facet normal -9.951847e-01 -9.801714e-02 1.785334e-16
    outer loop
      vertex   -2.273037e+00 -2.986227e+01 -9.487726e+00
      vertex   -2.225000e+00 -3.035000e+01 -7.500000e+00
      vertex   -2.273037e+00 -2.986227e+01 -7.012274e+00
    endloop
  endfacet
  facet normal -9.569403e-01 -2.902847e-01 1.716725e-16
    outer loop
      vertex   -2.273037e+00 -2.986227e+01 -9.487726e+00
      vertex   -2.273037e+00 -2.986227e+01 -7.012274e+00
      vertex   -2.415301e+00 -2.939329e+01 -9.956709e+00
    endloop
  endfacet
  facet normal -9.569403e-01 -2.902847e-01 1.244990e-16
    outer loop
      vertex   -2.415301e+00 -2.939329e+01 -9.956709e+00
      vertex   -2.273037e+00 -2.986227e+01 -7.012274e+00
      vertex   -2.415301e+00 -2.939329e+01 -6.543291e+00
    endloop
  endfacet
  facet normal -9.039893e-01 -4.275551e-01 1.176100e-16
    outer loop
      vertex   -2.415301e+00 -2.939329e+01 -9.956709e+00
      vertex   -2.415301e+00 -2.939329e+01 -6.543291e+00
      vertex   -2.520197e+00 -2.917151e+01 -1.017849e+01
    endloop
  endfacet
  facet normal -9.039893e-01 -4.275551e-01 2.081688e-16
    outer loop
      vertex   -2.520197e+00 -2.917151e+01 -1.017849e+01
      vertex   -2.415301e+00 -2.939329e+01 -6.543291e+00
      vertex   -2.520197e+00 -2.917151e+01 -6.321508e+00
    endloop
  endfacet
  facet normal -8.577286e-01 -5.141027e-01 1.975160e-16
    outer loop
      vertex   -2.520197e+00 -2.917151e+01 -1.017849e+01
      vertex   -2.520197e+00 -2.917151e+01 -6.321508e+00
      vertex   -2.646326e+00 -2.896107e+01 -1.038893e+01
    endloop
  endfacet
  facet normal -8.577286e-01 -5.141027e-01 8.904191e-17
    outer loop
      vertex   -2.646326e+00 -2.896107e+01 -1.038893e+01
      vertex   -2.520197e+00 -2.917151e+01 -6.321508e+00
      vertex   -2.646326e+00 -2.896107e+01 -6.111074e+00
    endloop
  endfacet
  facet normal -8.032075e-01 -5.956993e-01 8.338200e-17
    outer loop
      vertex   -2.646326e+00 -2.896107e+01 -1.038893e+01
      vertex   -2.646326e+00 -2.896107e+01 -6.111074e+00
      vertex   -2.792474e+00 -2.876402e+01 -1.058598e+01
    endloop
  endfacet
  facet normal -8.032075e-01 -5.956993e-01 1.526962e-16
    outer loop
      vertex   -2.792474e+00 -2.876402e+01 -1.058598e+01
      vertex   -2.646326e+00 -2.896107e+01 -6.111074e+00
      vertex   -2.792474e+00 -2.876402e+01 -5.914017e+00
    endloop
  endfacet
  facet normal -7.409511e-01 -6.715590e-01 1.408608e-16
    outer loop
      vertex   -2.792474e+00 -2.876402e+01 -1.058598e+01
      vertex   -2.792474e+00 -2.876402e+01 -5.914017e+00
      vertex   -2.957233e+00 -2.858223e+01 -1.076777e+01
    endloop
  endfacet
  facet normal -7.409511e-01 -6.715590e-01 6.534529e-17
    outer loop
      vertex   -2.957233e+00 -2.858223e+01 -1.076777e+01
      vertex   -2.792474e+00 -2.876402e+01 -5.914017e+00
      vertex   -2.957233e+00 -2.858223e+01 -5.732233e+00
    endloop
  endfacet
  facet normal -6.715590e-01 -7.409511e-01 5.922551e-17
    outer loop
      vertex   -2.957233e+00 -2.858223e+01 -1.076777e+01
      vertex   -2.957233e+00 -2.858223e+01 -5.732233e+00
      vertex   -3.139017e+00 -2.841747e+01 -1.093253e+01
    endloop
  endfacet
  facet normal -6.715590e-01 -7.409511e-01 0.000000e+00
    outer loop
      vertex   -3.139017e+00 -2.841747e+01 -1.093253e+01
      vertex   -2.957233e+00 -2.858223e+01 -5.732233e+00
      vertex   -3.139017e+00 -2.841747e+01 -5.567474e+00
    endloop
  endfacet
  facet normal -5.956993e-01 -8.032075e-01 0.000000e+00
    outer loop
      vertex   -3.139017e+00 -2.841747e+01 -1.093253e+01
      vertex   -3.139017e+00 -2.841747e+01 -5.567474e+00
      vertex   -3.336074e+00 -2.827133e+01 -1.107867e+01
    endloop
  endfacet
  facet normal -5.956993e-01 -8.032075e-01 9.352213e-17
    outer loop
      vertex   -3.336074e+00 -2.827133e+01 -1.107867e+01
      vertex   -3.139017e+00 -2.841747e+01 -5.567474e+00
      vertex   -3.336074e+00 -2.827133e+01 -5.421326e+00
    endloop
  endfacet
  facet normal -5.141027e-01 -8.577286e-01 8.071184e-17
    outer loop
      vertex   -3.336074e+00 -2.827133e+01 -1.107867e+01
      vertex   -3.336074e+00 -2.827133e+01 -5.421326e+00
      vertex   -3.546508e+00 -2.814520e+01 -1.120480e+01
    endloop
  endfacet
  facet normal -5.141027e-01 -8.577286e-01 3.863328e-17
    outer loop
      vertex   -3.546508e+00 -2.814520e+01 -1.120480e+01
      vertex   -3.336074e+00 -2.827133e+01 -5.421326e+00
      vertex   -3.546508e+00 -2.814520e+01 -5.295197e+00
    endloop
  endfacet
  facet normal -4.275551e-01 -9.039893e-01 3.212948e-17
    outer loop
      vertex   -3.546508e+00 -2.814520e+01 -1.120480e+01
      vertex   -3.546508e+00 -2.814520e+01 -5.295197e+00
      vertex   -3.768291e+00 -2.804030e+01 -1.130970e+01
    endloop
  endfacet
  facet normal -4.275551e-01 -9.039893e-01 3.102799e-17
    outer loop
      vertex   -3.768291e+00 -2.804030e+01 -1.130970e+01
      vertex   -3.546508e+00 -2.814520e+01 -5.295197e+00
      vertex   -3.768291e+00 -2.804030e+01 -5.190301e+00
    endloop
  endfacet
  facet normal -3.368899e-01 -9.415441e-01 2.444835e-17
    outer loop
      vertex   -3.768291e+00 -2.804030e+01 -1.130970e+01
      vertex   -3.768291e+00 -2.804030e+01 -5.190301e+00
      vertex   -3.999288e+00 -2.795765e+01 -1.139235e+01
    endloop
  endfacet
  facet normal -3.368899e-01 -9.415441e-01 2.380529e-17
    outer loop
      vertex   -3.999288e+00 -2.795765e+01 -1.139235e+01
      vertex   -3.768291e+00 -2.804030e+01 -5.190301e+00
      vertex   -3.999288e+00 -2.795765e+01 -5.107649e+00
    endloop
  endfacet
  facet normal -2.429802e-01 -9.700313e-01 1.716945e-17
    outer loop
      vertex   -3.999288e+00 -2.795765e+01 -1.139235e+01
      vertex   -3.999288e+00 -2.795765e+01 -5.107649e+00
      vertex   -4.237274e+00 -2.789804e+01 -1.145196e+01
    endloop
  endfacet
  facet normal -2.429802e-01 -9.700313e-01 0.000000e+00
    outer loop
      vertex   -4.237274e+00 -2.789804e+01 -1.145196e+01
      vertex   -3.999288e+00 -2.795765e+01 -5.107649e+00
      vertex   -4.237274e+00 -2.789804e+01 -5.048037e+00
    endloop
  endfacet
  facet normal -1.467305e-01 -9.891765e-01 0.000000e+00
    outer loop
      vertex   -4.237274e+00 -2.789804e+01 -1.145196e+01
      vertex   -4.237274e+00 -2.789804e+01 -5.048037e+00
      vertex   -4.479957e+00 -2.786204e+01 -1.148796e+01
    endloop
  endfacet
  facet normal -1.467305e-01 -9.891765e-01 2.012421e-17
    outer loop
      vertex   -4.479957e+00 -2.786204e+01 -1.148796e+01
      vertex   -4.237274e+00 -2.789804e+01 -5.048037e+00
      vertex   -4.479957e+00 -2.786204e+01 -5.012038e+00
    endloop
  endfacet
  facet normal -4.906767e-02 -9.987955e-01 6.729673e-18
    outer loop
      vertex   -4.479957e+00 -2.786204e+01 -1.148796e+01
      vertex   -4.479957e+00 -2.786204e+01 -5.012038e+00
      vertex   -4.725000e+00 -2.785000e+01 -1.150000e+01
    endloop
  endfacet
  facet normal -4.906767e-02 -9.987955e-01 0.000000e+00
    outer loop
      vertex   -4.725000e+00 -2.785000e+01 -1.150000e+01
      vertex   -4.479957e+00 -2.786204e+01 -5.012038e+00
      vertex   -4.725000e+00 -2.785000e+01 -5.000000e+00
    endloop
  endfacet
  facet normal -7.066805e-01 -3.471699e-02 -7.066805e-01
    outer loop
      vertex   -2.777500e+01 -1.785000e+01 -1.150000e+01
      vertex   -2.677500e+01 -1.785000e+01 -1.250000e+01
      vertex   -2.772685e+01 -1.883017e+01 -1.150000e+01
    endloop
  endfacet
  facet normal -7.054880e-01 -3.697306e-02 -7.077568e-01
    outer loop
      vertex   -2.772685e+01 -1.883017e+01 -1.150000e+01
      vertex   -2.677500e+01 -1.785000e+01 -1.250000e+01
      vertex   -2.672570e+01 -1.879076e+01 -1.250000e+01
    endloop
  endfacet
  facet normal -7.008195e-01 -1.039568e-01 -7.057231e-01
    outer loop
      vertex   -2.772685e+01 -1.883017e+01 -1.150000e+01
      vertex   -2.672570e+01 -1.879076e+01 -1.250000e+01
      vertex   -2.758285e+01 -1.980090e+01 -1.150000e+01
    endloop
  endfacet
  facet normal -6.967881e-01 -1.103604e-01 -7.087361e-01
    outer loop
      vertex   -2.758285e+01 -1.980090e+01 -1.150000e+01
      vertex   -2.672570e+01 -1.879076e+01 -1.250000e+01
      vertex   -2.657833e+01 -1.972121e+01 -1.250000e+01
    endloop
  endfacet
  facet normal -6.880504e-01 -1.723477e-01 -7.048992e-01
    outer loop
      vertex   -2.758285e+01 -1.980090e+01 -1.150000e+01
      vertex   -2.657833e+01 -1.972121e+01 -1.250000e+01
      vertex   -2.734440e+01 -2.075285e+01 -1.150000e+01
    endloop
  endfacet
  facet normal -6.806331e-01 -1.823751e-01 -7.095617e-01
    outer loop
      vertex   -2.734440e+01 -2.075285e+01 -1.150000e+01
      vertex   -2.657833e+01 -1.972121e+01 -1.250000e+01
      vertex   -2.633451e+01 -2.063115e+01 -1.250000e+01
    endloop
  endfacet
  facet normal -6.684881e-01 -2.391889e-01 -7.042104e-01
    outer loop
      vertex   -2.734440e+01 -2.075285e+01 -1.150000e+01
      vertex   -2.633451e+01 -2.063115e+01 -1.250000e+01
      vertex   -2.701380e+01 -2.167683e+01 -1.150000e+01
    endloop
  endfacet
  facet normal -6.572075e-01 -2.522783e-01 -7.102351e-01
    outer loop
      vertex   -2.701380e+01 -2.167683e+01 -1.150000e+01
      vertex   -2.633451e+01 -2.063115e+01 -1.250000e+01
      vertex   -2.599691e+01 -2.151063e+01 -1.250000e+01
    endloop
  endfacet
  facet normal -6.423196e-01 -3.037945e-01 -7.036579e-01
    outer loop
      vertex   -2.701380e+01 -2.167683e+01 -1.150000e+01
      vertex   -2.599691e+01 -2.151063e+01 -1.250000e+01
      vertex   -2.659421e+01 -2.256397e+01 -1.150000e+01
    endloop
  endfacet
  facet normal -6.267671e-01 -3.193538e-01 -7.107575e-01
    outer loop
      vertex   -2.659421e+01 -2.256397e+01 -1.150000e+01
      vertex   -2.599691e+01 -2.151063e+01 -1.250000e+01
      vertex   -2.556923e+01 -2.235000e+01 -1.250000e+01
    endloop
  endfacet
  facet normal -6.098020e-01 -3.655013e-01 -7.032427e-01
    outer loop
      vertex   -2.659421e+01 -2.256397e+01 -1.150000e+01
      vertex   -2.556923e+01 -2.235000e+01 -1.250000e+01
      vertex   -2.608970e+01 -2.340570e+01 -1.150000e+01
    endloop
  endfacet
  facet normal -5.896362e-01 -3.829142e-01 -7.111299e-01
    outer loop
      vertex   -2.608970e+01 -2.340570e+01 -1.150000e+01
      vertex   -2.556923e+01 -2.235000e+01 -1.250000e+01
      vertex   -2.505615e+01 -2.314007e+01 -1.250000e+01
    endloop
  endfacet
  facet normal -5.712605e-01 -4.236756e-01 -7.029655e-01
    outer loop
      vertex   -2.608970e+01 -2.340570e+01 -1.150000e+01
      vertex   -2.505615e+01 -2.314007e+01 -1.250000e+01
      vertex   -2.550510e+01 -2.419393e+01 -1.150000e+01
    endloop
  endfacet
  facet normal -5.462052e-01 -4.423083e-01 -7.113531e-01
    outer loop
      vertex   -2.550510e+01 -2.419393e+01 -1.150000e+01
      vertex   -2.505615e+01 -2.314007e+01 -1.250000e+01
      vertex   -2.446330e+01 -2.387218e+01 -1.250000e+01
    endloop
  endfacet
  facet normal -5.270838e-01 -4.777209e-01 -7.028267e-01
    outer loop
      vertex   -2.550510e+01 -2.419393e+01 -1.150000e+01
      vertex   -2.446330e+01 -2.387218e+01 -1.250000e+01
      vertex   -2.484607e+01 -2.492107e+01 -1.150000e+01
    endloop
  endfacet
  facet normal -4.969260e-01 -4.969260e-01 -7.114275e-01
    outer loop
      vertex   -2.484607e+01 -2.492107e+01 -1.150000e+01
      vertex   -2.446330e+01 -2.387218e+01 -1.250000e+01
      vertex   -2.379718e+01 -2.453830e+01 -1.250000e+01
    endloop
  endfacet
  facet normal -4.777209e-01 -5.270838e-01 -7.028267e-01
    outer loop
      vertex   -2.484607e+01 -2.492107e+01 -1.150000e+01
      vertex   -2.379718e+01 -2.453830e+01 -1.250000e+01
      vertex   -2.411893e+01 -2.558010e+01 -1.150000e+01
    endloop
  endfacet
  facet normal -4.423083e-01 -5.462052e-01 -7.113531e-01
    outer loop
      vertex   -2.411893e+01 -2.558010e+01 -1.150000e+01
      vertex   -2.379718e+01 -2.453830e+01 -1.250000e+01
      vertex   -2.306507e+01 -2.513115e+01 -1.250000e+01
    endloop
  endfacet
  facet normal -4.236756e-01 -5.712605e-01 -7.029655e-01
    outer loop
      vertex   -2.411893e+01 -2.558010e+01 -1.150000e+01
      vertex   -2.306507e+01 -2.513115e+01 -1.250000e+01
      vertex   -2.333070e+01 -2.616470e+01 -1.150000e+01
    endloop
  endfacet
  facet normal -3.829142e-01 -5.896362e-01 -7.111299e-01
    outer loop
      vertex   -2.333070e+01 -2.616470e+01 -1.150000e+01
      vertex   -2.306507e+01 -2.513115e+01 -1.250000e+01
      vertex   -2.227500e+01 -2.564423e+01 -1.250000e+01
    endloop
  endfacet
  facet normal -3.655013e-01 -6.098020e-01 -7.032427e-01
    outer loop
      vertex   -2.333070e+01 -2.616470e+01 -1.150000e+01
      vertex   -2.227500e+01 -2.564423e+01 -1.250000e+01
      vertex   -2.248897e+01 -2.666921e+01 -1.150000e+01
    endloop
  endfacet
  facet normal -3.193538e-01 -6.267671e-01 -7.107575e-01
    outer loop
      vertex   -2.248897e+01 -2.666921e+01 -1.150000e+01
      vertex   -2.227500e+01 -2.564423e+01 -1.250000e+01
      vertex   -2.143563e+01 -2.607191e+01 -1.250000e+01
    endloop
  endfacet
  facet normal -3.037945e-01 -6.423196e-01 -7.036579e-01
    outer loop
      vertex   -2.248897e+01 -2.666921e+01 -1.150000e+01
      vertex   -2.143563e+01 -2.607191e+01 -1.250000e+01
      vertex   -2.160183e+01 -2.708880e+01 -1.150000e+01
    endloop
  endfacet
  facet normal -2.522783e-01 -6.572075e-01 -7.102351e-01
    outer loop
      vertex   -2.160183e+01 -2.708880e+01 -1.150000e+01
      vertex   -2.143563e+01 -2.607191e+01 -1.250000e+01
      vertex   -2.055615e+01 -2.640951e+01 -1.250000e+01
    endloop
  endfacet
  facet normal -2.391889e-01 -6.684881e-01 -7.042104e-01
    outer loop
      vertex   -2.160183e+01 -2.708880e+01 -1.150000e+01
      vertex   -2.055615e+01 -2.640951e+01 -1.250000e+01
      vertex   -2.067785e+01 -2.741940e+01 -1.150000e+01
    endloop
  endfacet
  facet normal -1.823751e-01 -6.806331e-01 -7.095617e-01
    outer loop
      vertex   -2.067785e+01 -2.741940e+01 -1.150000e+01
      vertex   -2.055615e+01 -2.640951e+01 -1.250000e+01
      vertex   -1.964621e+01 -2.665333e+01 -1.250000e+01
    endloop
  endfacet
  facet normal -1.723477e-01 -6.880504e-01 -7.048992e-01
    outer loop
      vertex   -2.067785e+01 -2.741940e+01 -1.150000e+01
      vertex   -1.964621e+01 -2.665333e+01 -1.250000e+01
      vertex   -1.972590e+01 -2.765785e+01 -1.150000e+01
    endloop
  endfacet
  facet normal -1.103604e-01 -6.967881e-01 -7.087361e-01
    outer loop
      vertex   -1.972590e+01 -2.765785e+01 -1.150000e+01
      vertex   -1.964621e+01 -2.665333e+01 -1.250000e+01
      vertex   -1.871576e+01 -2.680070e+01 -1.250000e+01
    endloop
  endfacet
  facet normal -1.039568e-01 -7.008195e-01 -7.057231e-01
    outer loop
      vertex   -1.972590e+01 -2.765785e+01 -1.150000e+01
      vertex   -1.871576e+01 -2.680070e+01 -1.250000e+01
      vertex   -1.875517e+01 -2.780185e+01 -1.150000e+01
    endloop
  endfacet
  facet normal -3.697306e-02 -7.054880e-01 -7.077568e-01
    outer loop
      vertex   -1.875517e+01 -2.780185e+01 -1.150000e+01
      vertex   -1.871576e+01 -2.680070e+01 -1.250000e+01
      vertex   -1.777500e+01 -2.685000e+01 -1.250000e+01
    endloop
  endfacet
  facet normal -3.471699e-02 -7.066805e-01 -7.066805e-01
    outer loop
      vertex   -1.875517e+01 -2.780185e+01 -1.150000e+01
      vertex   -1.777500e+01 -2.685000e+01 -1.250000e+01
      vertex   -1.777500e+01 -2.785000e+01 -1.150000e+01
    endloop
  endfacet
  facet normal -7.071068e-01 -0.000000e+00 -7.071068e-01
    outer loop
      vertex   -2.777500e+01 1.785000e+01 -1.150000e+01
      vertex   -2.677500e+01 1.785000e+01 -1.250000e+01
      vertex   -2.777500e+01 -1.785000e+01 -1.150000e+01
    endloop
  endfacet
  facet normal -7.071068e-01 7.036829e-17 -7.071068e-01
    outer loop
      vertex   -2.777500e+01 -1.785000e+01 -1.150000e+01
      vertex   -2.677500e+01 1.785000e+01 -1.250000e+01
      vertex   -2.677500e+01 -1.785000e+01 -1.250000e+01
    endloop
  endfacet
  facet normal -3.471699e-02 7.066805e-01 -7.066805e-01
    outer loop
      vertex   -1.777500e+01 2.785000e+01 -1.150000e+01
      vertex   -1.777500e+01 2.685000e+01 -1.250000e+01
      vertex   -1.875517e+01 2.780185e+01 -1.150000e+01
    endloop
  endfacet
  facet normal -3.697306e-02 7.054880e-01 -7.077568e-01
    outer loop
      vertex   -1.875517e+01 2.780185e+01 -1.150000e+01
      vertex   -1.777500e+01 2.685000e+01 -1.250000e+01
      vertex   -1.871576e+01 2.680070e+01 -1.250000e+01
    endloop
  endfacet
  facet normal -1.039568e-01 7.008195e-01 -7.057231e-01
    outer loop
      vertex   -1.875517e+01 2.780185e+01 -1.150000e+01
      vertex   -1.871576e+01 2.680070e+01 -1.250000e+01
      vertex   -1.972590e+01 2.765785e+01 -1.150000e+01
    endloop
  endfacet
  facet normal -1.103604e-01 6.967881e-01 -7.087361e-01
    outer loop
      vertex   -1.972590e+01 2.765785e+01 -1.150000e+01
      vertex   -1.871576e+01 2.680070e+01 -1.250000e+01
      vertex   -1.964621e+01 2.665333e+01 -1.250000e+01
    endloop
  endfacet
  facet normal -1.723477e-01 6.880504e-01 -7.048992e-01
    outer loop
      vertex   -1.972590e+01 2.765785e+01 -1.150000e+01
      vertex   -1.964621e+01 2.665333e+01 -1.250000e+01
      vertex   -2.067785e+01 2.741940e+01 -1.150000e+01
    endloop
  endfacet
  facet normal -1.823751e-01 6.806331e-01 -7.095617e-01
    outer loop
      vertex   -2.067785e+01 2.741940e+01 -1.150000e+01
      vertex   -1.964621e+01 2.665333e+01 -1.250000e+01
      vertex   -2.055615e+01 2.640951e+01 -1.250000e+01
    endloop
  endfacet
  facet normal -2.391889e-01 6.684881e-01 -7.042104e-01
    outer loop
      vertex   -2.067785e+01 2.741940e+01 -1.150000e+01
      vertex   -2.055615e+01 2.640951e+01 -1.250000e+01
      vertex   -2.160183e+01 2.708880e+01 -1.150000e+01
    endloop
  endfacet
  facet normal -2.522783e-01 6.572075e-01 -7.102351e-01
    outer loop
      vertex   -2.160183e+01 2.708880e+01 -1.150000e+01
      vertex   -2.055615e+01 2.640951e+01 -1.250000e+01
      vertex   -2.143563e+01 2.607191e+01 -1.250000e+01
    endloop
  endfacet
  facet normal -3.037945e-01 6.423196e-01 -7.036579e-01
    outer loop
      vertex   -2.160183e+01 2.708880e+01 -1.150000e+01
      vertex   -2.143563e+01 2.607191e+01 -1.250000e+01
      vertex   -2.248897e+01 2.666921e+01 -1.150000e+01
    endloop
  endfacet
  facet normal -3.193538e-01 6.267671e-01 -7.107575e-01
    outer loop
      vertex   -2.248897e+01 2.666921e+01 -1.150000e+01
      vertex   -2.143563e+01 2.607191e+01 -1.250000e+01
      vertex   -2.227500e+01 2.564423e+01 -1.250000e+01
    endloop
  endfacet
  facet normal -3.655013e-01 6.098020e-01 -7.032427e-01
    outer loop
      vertex   -2.248897e+01 2.666921e+01 -1.150000e+01
      vertex   -2.227500e+01 2.564423e+01 -1.250000e+01
      vertex   -2.333070e+01 2.616470e+01 -1.150000e+01
    endloop
  endfacet
  facet normal -3.829142e-01 5.896362e-01 -7.111299e-01
    outer loop
      vertex   -2.333070e+01 2.616470e+01 -1.150000e+01
      vertex   -2.227500e+01 2.564423e+01 -1.250000e+01
      vertex   -2.306507e+01 2.513115e+01 -1.250000e+01
    endloop
  endfacet
  facet normal -4.236756e-01 5.712605e-01 -7.029655e-01
    outer loop
      vertex   -2.333070e+01 2.616470e+01 -1.150000e+01
      vertex   -2.306507e+01 2.513115e+01 -1.250000e+01
      vertex   -2.411893e+01 2.558010e+01 -1.150000e+01
    endloop
  endfacet
  facet normal -4.423083e-01 5.462052e-01 -7.113531e-01
    outer loop
      vertex   -2.411893e+01 2.558010e+01 -1.150000e+01
      vertex   -2.306507e+01 2.513115e+01 -1.250000e+01
      vertex   -2.379718e+01 2.453830e+01 -1.250000e+01
    endloop
  endfacet
  facet normal -4.777209e-01 5.270838e-01 -7.028267e-01
    outer loop
      vertex   -2.411893e+01 2.558010e+01 -1.150000e+01
      vertex   -2.379718e+01 2.453830e+01 -1.250000e+01
      vertex   -2.484607e+01 2.492107e+01 -1.150000e+01
    endloop
  endfacet
  facet normal -4.969260e-01 4.969260e-01 -7.114275e-01
    outer loop
      vertex   -2.484607e+01 2.492107e+01 -1.150000e+01
      vertex   -2.379718e+01 2.453830e+01 -1.250000e+01
      vertex   -2.446330e+01 2.387218e+01 -1.250000e+01
    endloop
  endfacet
  facet normal -5.270838e-01 4.777209e-01 -7.028267e-01
    outer loop
      vertex   -2.484607e+01 2.492107e+01 -1.150000e+01
      vertex   -2.446330e+01 2.387218e+01 -1.250000e+01
      vertex   -2.550510e+01 2.419393e+01 -1.150000e+01
    endloop
  endfacet
  facet normal -5.462052e-01 4.423083e-01 -7.113531e-01
    outer loop
      vertex   -2.550510e+01 2.419393e+01 -1.150000e+01
      vertex   -2.446330e+01 2.387218e+01 -1.250000e+01
      vertex   -2.505615e+01 2.314007e+01 -1.250000e+01
    endloop
  endfacet
  facet normal -5.712605e-01 4.236756e-01 -7.029655e-01
    outer loop
      vertex   -2.550510e+01 2.419393e+01 -1.150000e+01
      vertex   -2.505615e+01 2.314007e+01 -1.250000e+01
      vertex   -2.608970e+01 2.340570e+01 -1.150000e+01
    endloop
  endfacet
  facet normal -5.896362e-01 3.829142e-01 -7.111299e-01
    outer loop
      vertex   -2.608970e+01 2.340570e+01 -1.150000e+01
      vertex   -2.505615e+01 2.314007e+01 -1.250000e+01
      vertex   -2.556923e+01 2.235000e+01 -1.250000e+01
    endloop
  endfacet
  facet normal -6.098020e-01 3.655013e-01 -7.032427e-01
    outer loop
      vertex   -2.608970e+01 2.340570e+01 -1.150000e+01
      vertex   -2.556923e+01 2.235000e+01 -1.250000e+01
      vertex   -2.659421e+01 2.256397e+01 -1.150000e+01
    endloop
  endfacet
  facet normal -6.267671e-01 3.193538e-01 -7.107575e-01
    outer loop
      vertex   -2.659421e+01 2.256397e+01 -1.150000e+01
      vertex   -2.556923e+01 2.235000e+01 -1.250000e+01
      vertex   -2.599691e+01 2.151063e+01 -1.250000e+01
    endloop
  endfacet
  facet normal -6.423196e-01 3.037945e-01 -7.036579e-01
    outer loop
      vertex   -2.659421e+01 2.256397e+01 -1.150000e+01
      vertex   -2.599691e+01 2.151063e+01 -1.250000e+01
      vertex   -2.701380e+01 2.167683e+01 -1.150000e+01
    endloop
  endfacet
  facet normal -6.572075e-01 2.522783e-01 -7.102351e-01
    outer loop
      vertex   -2.701380e+01 2.167683e+01 -1.150000e+01
      vertex   -2.599691e+01 2.151063e+01 -1.250000e+01
      vertex   -2.633451e+01 2.063115e+01 -1.250000e+01
    endloop
  endfacet
  facet normal -6.684881e-01 2.391889e-01 -7.042104e-01
    outer loop
      vertex   -2.701380e+01 2.167683e+01 -1.150000e+01
      vertex   -2.633451e+01 2.063115e+01 -1.250000e+01
      vertex   -2.734440e+01 2.075285e+01 -1.150000e+01
    endloop
  endfacet
  facet normal -6.806331e-01 1.823751e-01 -7.095617e-01
    outer loop
      vertex   -2.734440e+01 2.075285e+01 -1.150000e+01
      vertex   -2.633451e+01 2.063115e+01 -1.250000e+01
      vertex   -2.657833e+01 1.972121e+01 -1.250000e+01
    endloop
  endfacet
  facet normal -6.880504e-01 1.723477e-01 -7.048992e-01
    outer loop
      vertex   -2.734440e+01 2.075285e+01 -1.150000e+01
      vertex   -2.657833e+01 1.972121e+01 -1.250000e+01
      vertex   -2.758285e+01 1.980090e+01 -1.150000e+01
    endloop
  endfacet
  facet normal -6.967881e-01 1.103604e-01 -7.087361e-01
    outer loop
      vertex   -2.758285e+01 1.980090e+01 -1.150000e+01
      vertex   -2.657833e+01 1.972121e+01 -1.250000e+01
      vertex   -2.672570e+01 1.879076e+01 -1.250000e+01
    endloop
  endfacet
  facet normal -7.008195e-01 1.039568e-01 -7.057231e-01
    outer loop
      vertex   -2.758285e+01 1.980090e+01 -1.150000e+01
      vertex   -2.672570e+01 1.879076e+01 -1.250000e+01
      vertex   -2.772685e+01 1.883017e+01 -1.150000e+01
    endloop
  endfacet
  facet normal -7.054880e-01 3.697306e-02 -7.077568e-01
    outer loop
      vertex   -2.772685e+01 1.883017e+01 -1.150000e+01
      vertex   -2.672570e+01 1.879076e+01 -1.250000e+01
      vertex   -2.677500e+01 1.785000e+01 -1.250000e+01
    endloop
  endfacet
  facet normal -7.066805e-01 3.471699e-02 -7.066805e-01
    outer loop
      vertex   -2.772685e+01 1.883017e+01 -1.150000e+01
      vertex   -2.677500e+01 1.785000e+01 -1.250000e+01
      vertex   -2.777500e+01 1.785000e+01 -1.150000e+01
    endloop
  endfacet
  facet normal -7.066520e-17 7.071068e-01 -7.071068e-01
    outer loop
      vertex   1.777500e+01 2.685000e+01 -1.250000e+01
      vertex   -1.777500e+01 2.685000e+01 -1.250000e+01
      vertex   1.777500e+01 2.785000e+01 -1.150000e+01
    endloop
  endfacet
  facet normal 0.000000e+00 7.071068e-01 -7.071068e-01
    outer loop
      vertex   1.777500e+01 2.785000e+01 -1.150000e+01
      vertex   -1.777500e+01 2.685000e+01 -1.250000e+01
      vertex   -1.777500e+01 2.785000e+01 -1.150000e+01
    endloop
  endfacet
  facet normal 7.066805e-01 3.471699e-02 -7.066805e-01
    outer loop
      vertex   2.777500e+01 1.785000e+01 -1.150000e+01
      vertex   2.677500e+01 1.785000e+01 -1.250000e+01
      vertex   2.772685e+01 1.883017e+01 -1.150000e+01
    endloop
  endfacet
  facet normal 7.054880e-01 3.697306e-02 -7.077568e-01
    outer loop
      vertex   2.772685e+01 1.883017e+01 -1.150000e+01
      vertex   2.677500e+01 1.785000e+01 -1.250000e+01
      vertex   2.672570e+01 1.879076e+01 -1.250000e+01
    endloop
  endfacet
  facet normal 7.008195e-01 1.039568e-01 -7.057231e-01
    outer loop
      vertex   2.772685e+01 1.883017e+01 -1.150000e+01
      vertex   2.672570e+01 1.879076e+01 -1.250000e+01
      vertex   2.758285e+01 1.980090e+01 -1.150000e+01
    endloop
  endfacet
  facet normal 6.967881e-01 1.103604e-01 -7.087361e-01
    outer loop
      vertex   2.758285e+01 1.980090e+01 -1.150000e+01
      vertex   2.672570e+01 1.879076e+01 -1.250000e+01
      vertex   2.657833e+01 1.972121e+01 -1.250000e+01
    endloop
  endfacet
  facet normal 6.880504e-01 1.723477e-01 -7.048992e-01
    outer loop
      vertex   2.758285e+01 1.980090e+01 -1.150000e+01
      vertex   2.657833e+01 1.972121e+01 -1.250000e+01
      vertex   2.734440e+01 2.075285e+01 -1.150000e+01
    endloop
  endfacet
  facet normal 6.806331e-01 1.823751e-01 -7.095617e-01
    outer loop
      vertex   2.734440e+01 2.075285e+01 -1.150000e+01
      vertex   2.657833e+01 1.972121e+01 -1.250000e+01
      vertex   2.633451e+01 2.063115e+01 -1.250000e+01
    endloop
  endfacet
  facet normal 6.684881e-01 2.391889e-01 -7.042104e-01
    outer loop
      vertex   2.734440e+01 2.075285e+01 -1.150000e+01
      vertex   2.633451e+01 2.063115e+01 -1.250000e+01
      vertex   2.701380e+01 2.167683e+01 -1.150000e+01
    endloop
  endfacet
  facet normal 6.572075e-01 2.522783e-01 -7.102351e-01
    outer loop
      vertex   2.701380e+01 2.167683e+01 -1.150000e+01
      vertex   2.633451e+01 2.063115e+01 -1.250000e+01
      vertex   2.599691e+01 2.151063e+01 -1.250000e+01
    endloop
  endfacet
  facet normal 6.423196e-01 3.037945e-01 -7.036579e-01
    outer loop
      vertex   2.701380e+01 2.167683e+01 -1.150000e+01
      vertex   2.599691e+01 2.151063e+01 -1.250000e+01
      vertex   2.659421e+01 2.256397e+01 -1.150000e+01
    endloop
  endfacet
  facet normal 6.267671e-01 3.193538e-01 -7.107575e-01
    outer loop
      vertex   2.659421e+01 2.256397e+01 -1.150000e+01
      vertex   2.599691e+01 2.151063e+01 -1.250000e+01
      vertex   2.556923e+01 2.235000e+01 -1.250000e+01
    endloop
  endfacet
  facet normal 6.098020e-01 3.655013e-01 -7.032427e-01
    outer loop
      vertex   2.659421e+01 2.256397e+01 -1.150000e+01
      vertex   2.556923e+01 2.235000e+01 -1.250000e+01
      vertex   2.608970e+01 2.340570e+01 -1.150000e+01
    endloop
  endfacet
  facet normal 5.896362e-01 3.829142e-01 -7.111299e-01
    outer loop
      vertex   2.608970e+01 2.340570e+01 -1.150000e+01
      vertex   2.556923e+01 2.235000e+01 -1.250000e+01
      vertex   2.505615e+01 2.314007e+01 -1.250000e+01
    endloop
  endfacet
  facet normal 5.712605e-01 4.236756e-01 -7.029655e-01
    outer loop
      vertex   2.608970e+01 2.340570e+01 -1.150000e+01
      vertex   2.505615e+01 2.314007e+01 -1.250000e+01
      vertex   2.550510e+01 2.419393e+01 -1.150000e+01
    endloop
  endfacet
  facet normal 5.462052e-01 4.423083e-01 -7.113531e-01
    outer loop
      vertex   2.550510e+01 2.419393e+01 -1.150000e+01
      vertex   2.505615e+01 2.314007e+01 -1.250000e+01
      vertex   2.446330e+01 2.387218e+01 -1.250000e+01
    endloop
  endfacet
  facet normal 5.270838e-01 4.777209e-01 -7.028267e-01
    outer loop
      vertex   2.550510e+01 2.419393e+01 -1.150000e+01
      vertex   2.446330e+01 2.387218e+01 -1.250000e+01
      vertex   2.484607e+01 2.492107e+01 -1.150000e+01
    endloop
  endfacet
  facet normal 4.969260e-01 4.969260e-01 -7.114275e-01
    outer loop
      vertex   2.484607e+01 2.492107e+01 -1.150000e+01
      vertex   2.446330e+01 2.387218e+01 -1.250000e+01
      vertex   2.379718e+01 2.453830e+01 -1.250000e+01
    endloop
  endfacet
  facet normal 4.777209e-01 5.270838e-01 -7.028267e-01
    outer loop
      vertex   2.484607e+01 2.492107e+01 -1.150000e+01
      vertex   2.379718e+01 2.453830e+01 -1.250000e+01
      vertex   2.411893e+01 2.558010e+01 -1.150000e+01
    endloop
  endfacet
  facet normal 4.423083e-01 5.462052e-01 -7.113531e-01
    outer loop
      vertex   2.411893e+01 2.558010e+01 -1.150000e+01
      vertex   2.379718e+01 2.453830e+01 -1.250000e+01
      vertex   2.306507e+01 2.513115e+01 -1.250000e+01
    endloop
  endfacet
  facet normal 4.236756e-01 5.712605e-01 -7.029655e-01
    outer loop
      vertex   2.411893e+01 2.558010e+01 -1.150000e+01
      vertex   2.306507e+01 2.513115e+01 -1.250000e+01
      vertex   2.333070e+01 2.616470e+01 -1.150000e+01
    endloop
  endfacet
  facet normal 3.829142e-01 5.896362e-01 -7.111299e-01
    outer loop
      vertex   2.333070e+01 2.616470e+01 -1.150000e+01
      vertex   2.306507e+01 2.513115e+01 -1.250000e+01
      vertex   2.227500e+01 2.564423e+01 -1.250000e+01
    endloop
  endfacet
  facet normal 3.655013e-01 6.098020e-01 -7.032427e-01
    outer loop
      vertex   2.333070e+01 2.616470e+01 -1.150000e+01
      vertex   2.227500e+01 2.564423e+01 -1.250000e+01
      vertex   2.248897e+01 2.666921e+01 -1.150000e+01
    endloop
  endfacet
  facet normal 3.193538e-01 6.267671e-01 -7.107575e-01
    outer loop
      vertex   2.248897e+01 2.666921e+01 -1.150000e+01
      vertex   2.227500e+01 2.564423e+01 -1.250000e+01
      vertex   2.143563e+01 2.607191e+01 -1.250000e+01
    endloop
  endfacet
  facet normal 3.037945e-01 6.423196e-01 -7.036579e-01
    outer loop
      vertex   2.248897e+01 2.666921e+01 -1.150000e+01
      vertex   2.143563e+01 2.607191e+01 -1.250000e+01
      vertex   2.160183e+01 2.708880e+01 -1.150000e+01
    endloop
  endfacet
  facet normal 2.522783e-01 6.572075e-01 -7.102351e-01
    outer loop
      vertex   2.160183e+01 2.708880e+01 -1.150000e+01
      vertex   2.143563e+01 2.607191e+01 -1.250000e+01
      vertex   2.055615e+01 2.640951e+01 -1.250000e+01
    endloop
  endfacet
  facet normal 2.391889e-01 6.684881e-01 -7.042104e-01
    outer loop
      vertex   2.160183e+01 2.708880e+01 -1.150000e+01
      vertex   2.055615e+01 2.640951e+01 -1.250000e+01
      vertex   2.067785e+01 2.741940e+01 -1.150000e+01
    endloop
  endfacet
  facet normal 1.823751e-01 6.806331e-01 -7.095617e-01
    outer loop
      vertex   2.067785e+01 2.741940e+01 -1.150000e+01
      vertex   2.055615e+01 2.640951e+01 -1.250000e+01
      vertex   1.964621e+01 2.665333e+01 -1.250000e+01
    endloop
  endfacet
  facet normal 1.723477e-01 6.880504e-01 -7.048992e-01
    outer loop
      vertex   2.067785e+01 2.741940e+01 -1.150000e+01
      vertex   1.964621e+01 2.665333e+01 -1.250000e+01
      vertex   1.972590e+01 2.765785e+01 -1.150000e+01
    endloop
  endfacet
  facet normal 1.103604e-01 6.967881e-01 -7.087361e-01
    outer loop
      vertex   1.972590e+01 2.765785e+01 -1.150000e+01
      vertex   1.964621e+01 2.665333e+01 -1.250000e+01
      vertex   1.871576e+01 2.680070e+01 -1.250000e+01
    endloop
  endfacet
  facet normal 1.039568e-01 7.008195e-01 -7.057231e-01
    outer loop
      vertex   1.972590e+01 2.765785e+01 -1.150000e+01
      vertex   1.871576e+01 2.680070e+01 -1.250000e+01
      vertex   1.875517e+01 2.780185e+01 -1.150000e+01
    endloop
  endfacet
  facet normal 3.697306e-02 7.054880e-01 -7.077568e-01
    outer loop
      vertex   1.875517e+01 2.780185e+01 -1.150000e+01
      vertex   1.871576e+01 2.680070e+01 -1.250000e+01
      vertex   1.777500e+01 2.685000e+01 -1.250000e+01
    endloop
  endfacet
  facet normal 3.471699e-02 7.066805e-01 -7.066805e-01
    outer loop
      vertex   1.875517e+01 2.780185e+01 -1.150000e+01
      vertex   1.777500e+01 2.685000e+01 -1.250000e+01
      vertex   1.777500e+01 2.785000e+01 -1.150000e+01
    endloop
  endfacet
  facet normal 7.071068e-01 -1.407366e-16 -7.071068e-01
    outer loop
      vertex   2.777500e+01 -1.785000e+01 -1.150000e+01
      vertex   2.677500e+01 -1.785000e+01 -1.250000e+01
      vertex   2.777500e+01 1.785000e+01 -1.150000e+01
    endloop
  endfacet
  facet normal 7.071068e-01 -3.518414e-16 -7.071068e-01
    outer loop
      vertex   2.777500e+01 1.785000e+01 -1.150000e+01
      vertex   2.677500e+01 -1.785000e+01 -1.250000e+01
      vertex   2.677500e+01 1.785000e+01 -1.250000e+01
    endloop
  endfacet
  facet normal 3.530334e-02 -7.066660e-01 -7.066660e-01
    outer loop
      vertex   1.777500e+01 -2.785000e+01 -1.150000e+01
      vertex   1.777500e+01 -2.685000e+01 -1.250000e+01
      vertex   1.877166e+01 -2.780021e+01 -1.150000e+01
    endloop
  endfacet
  facet normal 3.698735e-02 -7.057607e-01 -7.074841e-01
    outer loop
      vertex   1.877166e+01 -2.780021e+01 -1.150000e+01
      vertex   1.777500e+01 -2.685000e+01 -1.250000e+01
      vertex   1.871576e+01 -2.680070e+01 -1.250000e+01
    endloop
  endfacet
  facet normal 1.056687e-01 -7.003595e-01 -7.059254e-01
    outer loop
      vertex   1.877166e+01 -2.780021e+01 -1.150000e+01
      vertex   1.871576e+01 -2.680070e+01 -1.250000e+01
      vertex   1.975840e+01 -2.765133e+01 -1.150000e+01
    endloop
  endfacet
  facet normal 1.104353e-01 -6.972608e-01 -7.082595e-01
    outer loop
      vertex   1.975840e+01 -2.765133e+01 -1.150000e+01
      vertex   1.871576e+01 -2.680070e+01 -1.250000e+01
      vertex   1.964621e+01 -2.665333e+01 -1.250000e+01
    endloop
  endfacet
  facet normal 1.751088e-01 -6.869836e-01 -7.052591e-01
    outer loop
      vertex   1.975840e+01 -2.765133e+01 -1.150000e+01
      vertex   1.964621e+01 -2.665333e+01 -1.250000e+01
      vertex   2.072539e+01 -2.740485e+01 -1.150000e+01
    endloop
  endfacet
  facet normal 1.825348e-01 -6.812291e-01 -7.089485e-01
    outer loop
      vertex   2.072539e+01 -2.740485e+01 -1.150000e+01
      vertex   1.964621e+01 -2.665333e+01 -1.250000e+01
      vertex   2.055615e+01 -2.640951e+01 -1.250000e+01
    endloop
  endfacet
  facet normal 2.429074e-01 -6.666630e-01 -7.046677e-01
    outer loop
      vertex   2.072539e+01 -2.740485e+01 -1.150000e+01
      vertex   2.055615e+01 -2.640951e+01 -1.250000e+01
      vertex   2.166300e+01 -2.706322e+01 -1.150000e+01
    endloop
  endfacet
  facet normal 2.525251e-01 -6.578503e-01 -7.095520e-01
    outer loop
      vertex   2.166300e+01 -2.706322e+01 -1.150000e+01
      vertex   2.055615e+01 -2.640951e+01 -1.250000e+01
      vertex   2.143563e+01 -2.607191e+01 -1.250000e+01
    endloop
  endfacet
  facet normal 3.083643e-01 -6.395951e-01 -7.041516e-01
    outer loop
      vertex   2.166300e+01 -2.706322e+01 -1.150000e+01
      vertex   2.143563e+01 -2.607191e+01 -1.250000e+01
      vertex   2.256189e+01 -2.662984e+01 -1.150000e+01
    endloop
  endfacet
  facet normal 3.196685e-01 -6.273848e-01 -7.100706e-01
    outer loop
      vertex   2.256189e+01 -2.662984e+01 -1.150000e+01
      vertex   2.143563e+01 -2.607191e+01 -1.250000e+01
      vertex   2.227500e+01 -2.564423e+01 -1.250000e+01
    endloop
  endfacet
  facet normal 3.708027e-01 -6.060490e-01 -7.037116e-01
    outer loop
      vertex   2.256189e+01 -2.662984e+01 -1.150000e+01
      vertex   2.227500e+01 -2.564423e+01 -1.250000e+01
      vertex   2.341311e+01 -2.610904e+01 -1.150000e+01
    endloop
  endfacet
  facet normal 3.832583e-01 -5.901660e-01 -7.105049e-01
    outer loop
      vertex   2.341311e+01 -2.610904e+01 -1.150000e+01
      vertex   2.227500e+01 -2.564423e+01 -1.250000e+01
      vertex   2.306507e+01 -2.513115e+01 -1.250000e+01
    endloop
  endfacet
  facet normal 4.295767e-01 -5.663616e-01 -7.033480e-01
    outer loop
      vertex   2.341311e+01 -2.610904e+01 -1.150000e+01
      vertex   2.306507e+01 -2.513115e+01 -1.250000e+01
      vertex   2.420819e+01 -2.550598e+01 -1.150000e+01
    endloop
  endfacet
  facet normal 4.426251e-01 -5.465965e-01 -7.108553e-01
    outer loop
      vertex   2.420819e+01 -2.550598e+01 -1.150000e+01
      vertex   2.306507e+01 -2.513115e+01 -1.250000e+01
      vertex   2.379718e+01 -2.453830e+01 -1.250000e+01
    endloop
  endfacet
  facet normal 4.840782e-01 -5.209351e-01 -7.030611e-01
    outer loop
      vertex   2.420819e+01 -2.550598e+01 -1.150000e+01
      vertex   2.379718e+01 -2.453830e+01 -1.250000e+01
      vertex   2.493920e+01 -2.482669e+01 -1.150000e+01
    endloop
  endfacet
  facet normal 4.971445e-01 -4.971445e-01 -7.111222e-01
    outer loop
      vertex   2.493920e+01 -2.482669e+01 -1.150000e+01
      vertex   2.379718e+01 -2.453830e+01 -1.250000e+01
      vertex   2.446330e+01 -2.387218e+01 -1.250000e+01
    endloop
  endfacet
  facet normal 5.337433e-01 -4.702321e-01 -7.028512e-01
    outer loop
      vertex   2.493920e+01 -2.482669e+01 -1.150000e+01
      vertex   2.446330e+01 -2.387218e+01 -1.250000e+01
      vertex   2.559887e+01 -2.407792e+01 -1.150000e+01
    endloop
  endfacet
  facet normal 5.462424e-01 -4.423384e-01 -7.113058e-01
    outer loop
      vertex   2.559887e+01 -2.407792e+01 -1.150000e+01
      vertex   2.446330e+01 -2.387218e+01 -1.250000e+01
      vertex   2.505615e+01 -2.314007e+01 -1.250000e+01
    endloop
  endfacet
  facet normal 5.780585e-01 -4.147708e-01 -7.027187e-01
    outer loop
      vertex   2.559887e+01 -2.407792e+01 -1.150000e+01
      vertex   2.505615e+01 -2.314007e+01 -1.250000e+01
      vertex   2.618063e+01 -2.326713e+01 -1.150000e+01
    endloop
  endfacet
  facet normal 5.894016e-01 -3.827619e-01 -7.114064e-01
    outer loop
      vertex   2.618063e+01 -2.326713e+01 -1.150000e+01
      vertex   2.505615e+01 -2.314007e+01 -1.250000e+01
      vertex   2.556923e+01 -2.235000e+01 -1.250000e+01
    endloop
  endfacet
  facet normal 6.010824e-01 -3.710655e-01 -7.078209e-01
    outer loop
      vertex   2.618063e+01 -2.326713e+01 -1.150000e+01
      vertex   2.556923e+01 -2.235000e+01 -1.250000e+01
      vertex   2.640116e+01 -2.295787e+01 -1.147486e+01
    endloop
  endfacet
  facet normal 6.151095e-01 -3.498029e-01 -7.065963e-01
    outer loop
      vertex   2.640116e+01 -2.295787e+01 -1.147486e+01
      vertex   2.556923e+01 -2.235000e+01 -1.250000e+01
      vertex   2.664495e+01 -2.267641e+01 -1.140196e+01
    endloop
  endfacet
  facet normal 6.252073e-01 -3.256021e-01 -7.092948e-01
    outer loop
      vertex   2.664495e+01 -2.267641e+01 -1.140196e+01
      vertex   2.556923e+01 -2.235000e+01 -1.250000e+01
      vertex   2.689574e+01 -2.244374e+01 -1.128771e+01
    endloop
  endfacet
  facet normal 6.268736e-01 -3.194080e-01 -7.106392e-01
    outer loop
      vertex   2.689574e+01 -2.244374e+01 -1.128771e+01
      vertex   2.556923e+01 -2.235000e+01 -1.250000e+01
      vertex   2.599691e+01 -2.151063e+01 -1.250000e+01
    endloop
  endfacet
  facet normal 6.349992e-01 -3.084769e-01 -7.082500e-01
    outer loop
      vertex   2.689574e+01 -2.244374e+01 -1.128771e+01
      vertex   2.599691e+01 -2.151063e+01 -1.250000e+01
      vertex   2.714161e+01 -2.227852e+01 -1.113923e+01
    endloop
  endfacet
  facet normal 6.406470e-01 -2.985682e-01 -7.074096e-01
    outer loop
      vertex   2.714161e+01 -2.227852e+01 -1.113923e+01
      vertex   2.599691e+01 -2.151063e+01 -1.250000e+01
      vertex   2.726653e+01 -2.222536e+01 -1.104854e+01
    endloop
  endfacet
  facet normal 6.431973e-01 -2.935790e-01 -7.071836e-01
    outer loop
      vertex   2.726653e+01 -2.222536e+01 -1.104854e+01
      vertex   2.599691e+01 -2.151063e+01 -1.250000e+01
      vertex   2.738956e+01 -2.220088e+01 -1.094680e+01
    endloop
  endfacet
  facet normal 6.445790e-01 -2.906670e-01 -7.071284e-01
    outer loop
      vertex   2.738956e+01 -2.220088e+01 -1.094680e+01
      vertex   2.599691e+01 -2.151063e+01 -1.250000e+01
      vertex   2.744885e+01 -2.220204e+01 -1.089229e+01
    endloop
  endfacet
  facet normal 6.450138e-01 -2.897282e-01 -7.071173e-01
    outer loop
      vertex   2.744885e+01 -2.220204e+01 -1.089229e+01
      vertex   2.599691e+01 -2.151063e+01 -1.250000e+01
      vertex   2.750548e+01 -2.221342e+01 -1.083596e+01
    endloop
  endfacet
  facet normal 6.449828e-01 -2.897958e-01 -7.071178e-01
    outer loop
      vertex   2.750548e+01 -2.221342e+01 -1.083596e+01
      vertex   2.599691e+01 -2.151063e+01 -1.250000e+01
      vertex   2.755758e+01 -2.223519e+01 -1.077952e+01
    endloop
  endfacet
  facet normal 6.479612e-01 -2.832311e-01 -7.070548e-01
    outer loop
      vertex   2.755758e+01 -2.223519e+01 -1.077952e+01
      vertex   2.599691e+01 -2.151063e+01 -1.250000e+01
      vertex   2.777500e+01 -2.210933e+01 -1.063069e+01
    endloop
  endfacet
  facet normal 6.481363e-01 -2.841687e-01 -7.065178e-01
    outer loop
      vertex   2.755758e+01 -2.223519e+01 -1.077952e+01
      vertex   2.777500e+01 -2.210933e+01 -1.063069e+01
      vertex   2.760477e+01 -2.226727e+01 -1.072333e+01
    endloop
  endfacet
  facet normal 6.487845e-01 -2.855415e-01 -7.053685e-01
    outer loop
      vertex   2.760477e+01 -2.226727e+01 -1.072333e+01
      vertex   2.777500e+01 -2.210933e+01 -1.063069e+01
      vertex   2.768156e+01 -2.235872e+01 -1.061568e+01
    endloop
  endfacet
  facet normal 6.523149e-01 -2.866409e-01 -7.016568e-01
    outer loop
      vertex   2.768156e+01 -2.235872e+01 -1.061568e+01
      vertex   2.777500e+01 -2.210933e+01 -1.063069e+01
      vertex   2.773378e+01 -2.247733e+01 -1.051867e+01
    endloop
  endfacet
  facet normal 6.663426e-01 -2.844391e-01 -6.892619e-01
    outer loop
      vertex   2.773378e+01 -2.247733e+01 -1.051867e+01
      vertex   2.777500e+01 -2.210933e+01 -1.063069e+01
      vertex   2.776469e+01 -2.261985e+01 -1.042998e+01
    endloop
  endfacet
  facet normal 7.434025e-01 -2.576720e-01 -6.172179e-01
    outer loop
      vertex   2.776469e+01 -2.261985e+01 -1.042998e+01
      vertex   2.777500e+01 -2.210933e+01 -1.063069e+01
      vertex   2.777500e+01 -2.278345e+01 -1.034926e+01
    endloop
  endfacet
  facet normal 6.570285e-01 -2.590856e-01 -7.079464e-01
    outer loop
      vertex   2.777500e+01 -2.210933e+01 -1.063069e+01
      vertex   2.599691e+01 -2.151063e+01 -1.250000e+01
      vertex   2.777500e+01 -2.145924e+01 -1.086860e+01
    endloop
  endfacet
  facet normal 6.580853e-01 -2.526153e-01 -7.093020e-01
    outer loop
      vertex   2.777500e+01 -2.145924e+01 -1.086860e+01
      vertex   2.599691e+01 -2.151063e+01 -1.250000e+01
      vertex   2.633451e+01 -2.063115e+01 -1.250000e+01
    endloop
  endfacet
  facet normal 6.727614e-01 -2.208395e-01 -7.061317e-01
    outer loop
      vertex   2.777500e+01 -2.145924e+01 -1.086860e+01
      vertex   2.633451e+01 -2.063115e+01 -1.250000e+01
      vertex   2.777500e+01 -2.082896e+01 -1.106572e+01
    endloop
  endfacet
  facet normal 6.810337e-01 -1.824824e-01 -7.091497e-01
    outer loop
      vertex   2.777500e+01 -2.082896e+01 -1.106572e+01
      vertex   2.633451e+01 -2.063115e+01 -1.250000e+01
      vertex   2.657833e+01 -1.972121e+01 -1.250000e+01
    endloop
  endfacet
  facet normal 6.807271e-01 -1.830164e-01 -7.093064e-01
    outer loop
      vertex   2.777500e+01 -2.082896e+01 -1.106572e+01
      vertex   2.657833e+01 -1.972121e+01 -1.250000e+01
      vertex   2.777500e+01 -2.021468e+01 -1.122422e+01
    endloop
  endfacet
  facet normal 6.937795e-01 -1.426211e-01 -7.059243e-01
    outer loop
      vertex   2.777500e+01 -2.021468e+01 -1.122422e+01
      vertex   2.657833e+01 -1.972121e+01 -1.250000e+01
      vertex   2.777500e+01 -1.961288e+01 -1.134580e+01
    endloop
  endfacet
  facet normal 6.951430e-01 -1.100998e-01 -7.103902e-01
    outer loop
      vertex   2.777500e+01 -1.961288e+01 -1.134580e+01
      vertex   2.657833e+01 -1.972121e+01 -1.250000e+01
      vertex   2.672570e+01 -1.879076e+01 -1.250000e+01
    endloop
  endfacet
  facet normal 6.985082e-01 -1.027180e-01 -7.081916e-01
    outer loop
      vertex   2.777500e+01 -1.961288e+01 -1.134580e+01
      vertex   2.672570e+01 -1.879076e+01 -1.250000e+01
      vertex   2.777500e+01 -1.902024e+01 -1.143176e+01
    endloop
  endfacet
  facet normal 7.053906e-01 -6.166016e-02 -7.061318e-01
    outer loop
      vertex   2.777500e+01 -1.902024e+01 -1.143176e+01
      vertex   2.672570e+01 -1.879076e+01 -1.250000e+01
      vertex   2.777500e+01 -1.843363e+01 -1.148298e+01
    endloop
  endfacet
  facet normal 7.019297e-01 -3.678658e-02 -7.112956e-01
    outer loop
      vertex   2.777500e+01 -1.843363e+01 -1.148298e+01
      vertex   2.672570e+01 -1.879076e+01 -1.250000e+01
      vertex   2.677500e+01 -1.785000e+01 -1.250000e+01
    endloop
  endfacet
  facet normal 7.069566e-01 -2.061238e-02 -7.069566e-01
    outer loop
      vertex   2.777500e+01 -1.843363e+01 -1.148298e+01
      vertex   2.677500e+01 -1.785000e+01 -1.250000e+01
      vertex   2.777500e+01 -1.785000e+01 -1.150000e+01
    endloop
  endfacet
  facet normal 1.925018e-16 -7.071068e-01 -7.071068e-01
    outer loop
      vertex   -1.777500e+01 -2.785000e+01 -1.150000e+01
      vertex   -1.777500e+01 -2.685000e+01 -1.250000e+01
      vertex   -4.725000e+00 -2.785000e+01 -1.150000e+01
    endloop
  endfacet
  facet normal 5.024296e-16 -7.071068e-01 -7.071068e-01
    outer loop
      vertex   -4.725000e+00 -2.785000e+01 -1.150000e+01
      vertex   -1.777500e+01 -2.685000e+01 -1.250000e+01
      vertex   -2.225000e+00 -2.785000e+01 -1.150000e+01
    endloop
  endfacet
  facet normal 5.024296e-16 -7.071068e-01 -7.071068e-01
    outer loop
      vertex   -4.725000e+00 -2.785000e+01 -1.150000e+01
      vertex   -2.225000e+00 -2.785000e+01 -1.150000e+01
      vertex   -4.479957e+00 -2.786204e+01 -1.148796e+01
    endloop
  endfacet
  facet normal 7.176316e-16 -7.071068e-01 -7.071068e-01
    outer loop
      vertex   -4.479957e+00 -2.786204e+01 -1.148796e+01
      vertex   -2.225000e+00 -2.785000e+01 -1.150000e+01
      vertex   -4.237274e+00 -2.789804e+01 -1.145196e+01
    endloop
  endfacet
  facet normal 4.602816e-16 -7.071068e-01 -7.071068e-01
    outer loop
      vertex   -4.237274e+00 -2.789804e+01 -1.145196e+01
      vertex   -2.225000e+00 -2.785000e+01 -1.150000e+01
      vertex   -3.999288e+00 -2.795765e+01 -1.139235e+01
    endloop
  endfacet
  facet normal -2.970938e-15 -7.071068e-01 -7.071068e-01
    outer loop
      vertex   -3.999288e+00 -2.795765e+01 -1.139235e+01
      vertex   -2.225000e+00 -2.785000e+01 -1.150000e+01
      vertex   -3.768291e+00 -2.804030e+01 -1.130970e+01
    endloop
  endfacet
  facet normal 3.632300e-15 -7.071068e-01 -7.071068e-01
    outer loop
      vertex   -3.768291e+00 -2.804030e+01 -1.130970e+01
      vertex   -2.225000e+00 -2.785000e+01 -1.150000e+01
      vertex   -3.546508e+00 -2.814520e+01 -1.120480e+01
    endloop
  endfacet
  facet normal -1.618051e-15 -7.071068e-01 -7.071068e-01
    outer loop
      vertex   -3.546508e+00 -2.814520e+01 -1.120480e+01
      vertex   -2.225000e+00 -2.785000e+01 -1.150000e+01
      vertex   -3.336074e+00 -2.827133e+01 -1.107867e+01
    endloop
  endfacet
  facet normal 7.495577e-16 -7.071068e-01 -7.071068e-01
    outer loop
      vertex   -3.336074e+00 -2.827133e+01 -1.107867e+01
      vertex   -2.225000e+00 -2.785000e+01 -1.150000e+01
      vertex   -3.139017e+00 -2.841747e+01 -1.093253e+01
    endloop
  endfacet
  facet normal 6.440151e-15 -7.071068e-01 -7.071068e-01
    outer loop
      vertex   -3.139017e+00 -2.841747e+01 -1.093253e+01
      vertex   -2.225000e+00 -2.785000e+01 -1.150000e+01
      vertex   -2.957233e+00 -2.858223e+01 -1.076777e+01
    endloop
  endfacet
  facet normal -8.117915e-15 -7.071068e-01 -7.071068e-01
    outer loop
      vertex   -2.957233e+00 -2.858223e+01 -1.076777e+01
      vertex   -2.225000e+00 -2.785000e+01 -1.150000e+01
      vertex   -2.792474e+00 -2.876402e+01 -1.058598e+01
    endloop
  endfacet
  facet normal -3.684638e-15 -7.071068e-01 -7.071068e-01
    outer loop
      vertex   -2.792474e+00 -2.876402e+01 -1.058598e+01
      vertex   -2.225000e+00 -2.785000e+01 -1.150000e+01
      vertex   -2.646326e+00 -2.896107e+01 -1.038893e+01
    endloop
  endfacet
  facet normal 1.449970e-14 -7.071068e-01 -7.071068e-01
    outer loop
      vertex   -2.646326e+00 -2.896107e+01 -1.038893e+01
      vertex   -2.225000e+00 -2.785000e+01 -1.150000e+01
      vertex   -2.520197e+00 -2.917151e+01 -1.017849e+01
    endloop
  endfacet
  facet normal -8.226279e-15 -7.071068e-01 -7.071068e-01
    outer loop
      vertex   -2.520197e+00 -2.917151e+01 -1.017849e+01
      vertex   -2.225000e+00 -2.785000e+01 -1.150000e+01
      vertex   -2.415301e+00 -2.939329e+01 -9.956709e+00
    endloop
  endfacet
  facet normal 1.438700e-14 -7.071068e-01 -7.071068e-01
    outer loop
      vertex   -2.415301e+00 -2.939329e+01 -9.956709e+00
      vertex   -2.225000e+00 -2.785000e+01 -1.150000e+01
      vertex   -2.273037e+00 -2.986227e+01 -9.487726e+00
    endloop
  endfacet
  facet normal -5.375168e-15 -7.071068e-01 -7.071068e-01
    outer loop
      vertex   -2.273037e+00 -2.986227e+01 -9.487726e+00
      vertex   -2.225000e+00 -2.785000e+01 -1.150000e+01
      vertex   -2.225000e+00 -3.035000e+01 -9.000000e+00
    endloop
  endfacet
  facet normal 0.000000e+00 -7.071068e-01 -7.071068e-01
    outer loop
      vertex   -1.777500e+01 -2.685000e+01 -1.250000e+01
      vertex   1.777500e+01 -2.685000e+01 -1.250000e+01
      vertex   -2.225000e+00 -2.785000e+01 -1.150000e+01
    endloop
  endfacet
  facet normal -6.280370e-17 -7.071068e-01 -7.071068e-01
    outer loop
      vertex   -2.225000e+00 -2.785000e+01 -1.150000e+01
      vertex   1.777500e+01 -2.685000e+01 -1.250000e+01
      vertex   1.777500e+01 -2.785000e+01 -1.150000e+01
    endloop
  endfacet
  facet normal 0.000000e+00 1.000000e+00 -0.000000e+00
    outer loop
      vertex   1.777500e+01 2.785000e+01 -1.150000e+01
      vertex   -1.777500e+01 2.785000e+01 -1.150000e+01
      vertex   1.777500e+01 2.785000e+01 -5.000000e+00
    endloop
  endfacet
  facet normal 0.000000e+00 1.000000e+00 0.000000e+00
    outer loop
      vertex   1.777500e+01 2.785000e+01 -5.000000e+00
      vertex   -1.777500e+01 2.785000e+01 -1.150000e+01
      vertex   -1.777500e+01 2.785000e+01 -5.000000e+00
    endloop
  endfacet
  facet normal -4.906767e-02 9.987955e-01 0.000000e+00
    outer loop
      vertex   -1.777500e+01 2.785000e+01 -5.000000e+00
      vertex   -1.777500e+01 2.785000e+01 -1.150000e+01
      vertex   -1.875517e+01 2.780185e+01 -5.000000e+00
    endloop
  endfacet
  facet normal -4.906767e-02 9.987955e-01 0.000000e+00
    outer loop
      vertex   -1.875517e+01 2.780185e+01 -5.000000e+00
      vertex   -1.777500e+01 2.785000e+01 -1.150000e+01
      vertex   -1.875517e+01 2.780185e+01 -1.150000e+01
    endloop
  endfacet
  facet normal -1.467305e-01 9.891765e-01 0.000000e+00
    outer loop
      vertex   -1.875517e+01 2.780185e+01 -5.000000e+00
      vertex   -1.875517e+01 2.780185e+01 -1.150000e+01
      vertex   -1.972590e+01 2.765785e+01 -5.000000e+00
    endloop
  endfacet
  facet normal -1.467305e-01 9.891765e-01 0.000000e+00
    outer loop
      vertex   -1.972590e+01 2.765785e+01 -5.000000e+00
      vertex   -1.875517e+01 2.780185e+01 -1.150000e+01
      vertex   -1.972590e+01 2.765785e+01 -1.150000e+01
    endloop
  endfacet
  facet normal -2.429802e-01 9.700313e-01 0.000000e+00
    outer loop
      vertex   -1.972590e+01 2.765785e+01 -5.000000e+00
      vertex   -1.972590e+01 2.765785e+01 -1.150000e+01
      vertex   -2.067785e+01 2.741940e+01 -5.000000e+00
    endloop
  endfacet
  facet normal -2.429802e-01 9.700313e-01 0.000000e+00
    outer loop
      vertex   -2.067785e+01 2.741940e+01 -5.000000e+00
      vertex   -1.972590e+01 2.765785e+01 -1.150000e+01
      vertex   -2.067785e+01 2.741940e+01 -1.150000e+01
    endloop
  endfacet
  facet normal -3.368899e-01 9.415441e-01 0.000000e+00
    outer loop
      vertex   -2.067785e+01 2.741940e+01 -5.000000e+00
      vertex   -2.067785e+01 2.741940e+01 -1.150000e+01
      vertex   -2.160183e+01 2.708880e+01 -5.000000e+00
    endloop
  endfacet
  facet normal -3.368899e-01 9.415441e-01 0.000000e+00
    outer loop
      vertex   -2.160183e+01 2.708880e+01 -5.000000e+00
      vertex   -2.067785e+01 2.741940e+01 -1.150000e+01
      vertex   -2.160183e+01 2.708880e+01 -1.150000e+01
    endloop
  endfacet
  facet normal -4.275551e-01 9.039893e-01 0.000000e+00
    outer loop
      vertex   -2.160183e+01 2.708880e+01 -5.000000e+00
      vertex   -2.160183e+01 2.708880e+01 -1.150000e+01
      vertex   -2.248897e+01 2.666921e+01 -5.000000e+00
    endloop
  endfacet
  facet normal -4.275551e-01 9.039893e-01 0.000000e+00
    outer loop
      vertex   -2.248897e+01 2.666921e+01 -5.000000e+00
      vertex   -2.160183e+01 2.708880e+01 -1.150000e+01
      vertex   -2.248897e+01 2.666921e+01 -1.150000e+01
    endloop
  endfacet
  facet normal -5.141027e-01 8.577286e-01 0.000000e+00
    outer loop
      vertex   -2.248897e+01 2.666921e+01 -5.000000e+00
      vertex   -2.248897e+01 2.666921e+01 -1.150000e+01
      vertex   -2.333070e+01 2.616470e+01 -5.000000e+00
    endloop
  endfacet
  facet normal -5.141027e-01 8.577286e-01 0.000000e+00
    outer loop
      vertex   -2.333070e+01 2.616470e+01 -5.000000e+00
      vertex   -2.248897e+01 2.666921e+01 -1.150000e+01
      vertex   -2.333070e+01 2.616470e+01 -1.150000e+01
    endloop
  endfacet
  facet normal -5.956993e-01 8.032075e-01 0.000000e+00
    outer loop
      vertex   -2.333070e+01 2.616470e+01 -5.000000e+00
      vertex   -2.333070e+01 2.616470e+01 -1.150000e+01
      vertex   -2.411893e+01 2.558010e+01 -5.000000e+00
    endloop
  endfacet
  facet normal -5.956993e-01 8.032075e-01 0.000000e+00
    outer loop
      vertex   -2.411893e+01 2.558010e+01 -5.000000e+00
      vertex   -2.333070e+01 2.616470e+01 -1.150000e+01
      vertex   -2.411893e+01 2.558010e+01 -1.150000e+01
    endloop
  endfacet
  facet normal -6.715590e-01 7.409511e-01 0.000000e+00
    outer loop
      vertex   -2.411893e+01 2.558010e+01 -5.000000e+00
      vertex   -2.411893e+01 2.558010e+01 -1.150000e+01
      vertex   -2.484607e+01 2.492107e+01 -5.000000e+00
    endloop
  endfacet
  facet normal -6.715590e-01 7.409511e-01 0.000000e+00
    outer loop
      vertex   -2.484607e+01 2.492107e+01 -5.000000e+00
      vertex   -2.411893e+01 2.558010e+01 -1.150000e+01
      vertex   -2.484607e+01 2.492107e+01 -1.150000e+01
    endloop
  endfacet
  facet normal -7.409511e-01 6.715590e-01 0.000000e+00
    outer loop
      vertex   -2.484607e+01 2.492107e+01 -5.000000e+00
      vertex   -2.484607e+01 2.492107e+01 -1.150000e+01
      vertex   -2.550510e+01 2.419393e+01 -5.000000e+00
    endloop
  endfacet
  facet normal -7.409511e-01 6.715590e-01 0.000000e+00
    outer loop
      vertex   -2.550510e+01 2.419393e+01 -5.000000e+00
      vertex   -2.484607e+01 2.492107e+01 -1.150000e+01
      vertex   -2.550510e+01 2.419393e+01 -1.150000e+01
    endloop
  endfacet
  facet normal -8.032075e-01 5.956993e-01 0.000000e+00
    outer loop
      vertex   -2.550510e+01 2.419393e+01 -5.000000e+00
      vertex   -2.550510e+01 2.419393e+01 -1.150000e+01
      vertex   -2.608970e+01 2.340570e+01 -5.000000e+00
    endloop
  endfacet
  facet normal -8.032075e-01 5.956993e-01 0.000000e+00
    outer loop
      vertex   -2.608970e+01 2.340570e+01 -5.000000e+00
      vertex   -2.550510e+01 2.419393e+01 -1.150000e+01
      vertex   -2.608970e+01 2.340570e+01 -1.150000e+01
    endloop
  endfacet
  facet normal -8.577286e-01 5.141027e-01 0.000000e+00
    outer loop
      vertex   -2.608970e+01 2.340570e+01 -5.000000e+00
      vertex   -2.608970e+01 2.340570e+01 -1.150000e+01
      vertex   -2.659421e+01 2.256397e+01 -5.000000e+00
    endloop
  endfacet
  facet normal -8.577286e-01 5.141027e-01 0.000000e+00
    outer loop
      vertex   -2.659421e+01 2.256397e+01 -5.000000e+00
      vertex   -2.608970e+01 2.340570e+01 -1.150000e+01
      vertex   -2.659421e+01 2.256397e+01 -1.150000e+01
    endloop
  endfacet
  facet normal -9.039893e-01 4.275551e-01 0.000000e+00
    outer loop
      vertex   -2.659421e+01 2.256397e+01 -5.000000e+00
      vertex   -2.659421e+01 2.256397e+01 -1.150000e+01
      vertex   -2.701380e+01 2.167683e+01 -5.000000e+00
    endloop
  endfacet
  facet normal -9.039893e-01 4.275551e-01 -2.336894e-16
    outer loop
      vertex   -2.701380e+01 2.167683e+01 -5.000000e+00
      vertex   -2.659421e+01 2.256397e+01 -1.150000e+01
      vertex   -2.701380e+01 2.167683e+01 -1.150000e+01
    endloop
  endfacet
  facet normal -9.415441e-01 3.368899e-01 -1.841343e-16
    outer loop
      vertex   -2.701380e+01 2.167683e+01 -5.000000e+00
      vertex   -2.701380e+01 2.167683e+01 -1.150000e+01
      vertex   -2.734440e+01 2.075285e+01 -5.000000e+00
    endloop
  endfacet
  facet normal -9.415441e-01 3.368899e-01 0.000000e+00
    outer loop
      vertex   -2.734440e+01 2.075285e+01 -5.000000e+00
      vertex   -2.701380e+01 2.167683e+01 -1.150000e+01
      vertex   -2.734440e+01 2.075285e+01 -1.150000e+01
    endloop
  endfacet
  facet normal -9.700313e-01 2.429802e-01 0.000000e+00
    outer loop
      vertex   -2.734440e+01 2.075285e+01 -5.000000e+00
      vertex   -2.734440e+01 2.075285e+01 -1.150000e+01
      vertex   -2.758285e+01 1.980090e+01 -5.000000e+00
    endloop
  endfacet
  facet normal -9.700313e-01 2.429802e-01 0.000000e+00
    outer loop
      vertex   -2.758285e+01 1.980090e+01 -5.000000e+00
      vertex   -2.734440e+01 2.075285e+01 -1.150000e+01
      vertex   -2.758285e+01 1.980090e+01 -1.150000e+01
    endloop
  endfacet
  facet normal -9.891765e-01 1.467305e-01 0.000000e+00
    outer loop
      vertex   -2.758285e+01 1.980090e+01 -5.000000e+00
      vertex   -2.758285e+01 1.980090e+01 -1.150000e+01
      vertex   -2.772685e+01 1.883017e+01 -5.000000e+00
    endloop
  endfacet
  facet normal -9.891765e-01 1.467305e-01 0.000000e+00
    outer loop
      vertex   -2.772685e+01 1.883017e+01 -5.000000e+00
      vertex   -2.758285e+01 1.980090e+01 -1.150000e+01
      vertex   -2.772685e+01 1.883017e+01 -1.150000e+01
    endloop
  endfacet
  facet normal -9.987955e-01 4.906767e-02 0.000000e+00
    outer loop
      vertex   -2.772685e+01 1.883017e+01 -5.000000e+00
      vertex   -2.772685e+01 1.883017e+01 -1.150000e+01
      vertex   -2.777500e+01 1.785000e+01 -5.000000e+00
    endloop
  endfacet
  facet normal -9.987955e-01 4.906767e-02 0.000000e+00
    outer loop
      vertex   -2.777500e+01 1.785000e+01 -5.000000e+00
      vertex   -2.772685e+01 1.883017e+01 -1.150000e+01
      vertex   -2.777500e+01 1.785000e+01 -1.150000e+01
    endloop
  endfacet
  facet normal -1.000000e+00 0.000000e+00 0.000000e+00
    outer loop
      vertex   -2.777500e+01 1.785000e+01 -1.150000e+01
      vertex   -2.777500e+01 -1.785000e+01 -1.150000e+01
      vertex   -2.777500e+01 1.785000e+01 -5.000000e+00
    endloop
  endfacet
  facet normal -1.000000e+00 -0.000000e+00 0.000000e+00
    outer loop
      vertex   -2.777500e+01 1.785000e+01 -5.000000e+00
      vertex   -2.777500e+01 -1.785000e+01 -1.150000e+01
      vertex   -2.777500e+01 -1.785000e+01 -5.000000e+00
    endloop
  endfacet
  facet normal -9.987955e-01 -4.906767e-02 -0.000000e+00
    outer loop
      vertex   -2.777500e+01 -1.785000e+01 -5.000000e+00
      vertex   -2.777500e+01 -1.785000e+01 -1.150000e+01
      vertex   -2.772685e+01 -1.883017e+01 -5.000000e+00
    endloop
  endfacet
  facet normal -9.987955e-01 -4.906767e-02 -0.000000e+00
    outer loop
      vertex   -2.772685e+01 -1.883017e+01 -5.000000e+00
      vertex   -2.777500e+01 -1.785000e+01 -1.150000e+01
      vertex   -2.772685e+01 -1.883017e+01 -1.150000e+01
    endloop
  endfacet
  facet normal -9.891765e-01 -1.467305e-01 -0.000000e+00
    outer loop
      vertex   -2.772685e+01 -1.883017e+01 -5.000000e+00
      vertex   -2.772685e+01 -1.883017e+01 -1.150000e+01
      vertex   -2.758285e+01 -1.980090e+01 -5.000000e+00
    endloop
  endfacet
  facet normal -9.891765e-01 -1.467305e-01 -0.000000e+00
    outer loop
      vertex   -2.758285e+01 -1.980090e+01 -5.000000e+00
      vertex   -2.772685e+01 -1.883017e+01 -1.150000e+01
      vertex   -2.758285e+01 -1.980090e+01 -1.150000e+01
    endloop
  endfacet
  facet normal -9.700313e-01 -2.429802e-01 -0.000000e+00
    outer loop
      vertex   -2.758285e+01 -1.980090e+01 -5.000000e+00
      vertex   -2.758285e+01 -1.980090e+01 -1.150000e+01
      vertex   -2.734440e+01 -2.075285e+01 -5.000000e+00
    endloop
  endfacet
  facet normal -9.700313e-01 -2.429802e-01 -0.000000e+00
    outer loop
      vertex   -2.734440e+01 -2.075285e+01 -5.000000e+00
      vertex   -2.758285e+01 -1.980090e+01 -1.150000e+01
      vertex   -2.734440e+01 -2.075285e+01 -1.150000e+01
    endloop
  endfacet
  facet normal -9.415441e-01 -3.368899e-01 -0.000000e+00
    outer loop
      vertex   -2.734440e+01 -2.075285e+01 -5.000000e+00
      vertex   -2.734440e+01 -2.075285e+01 -1.150000e+01
      vertex   -2.701380e+01 -2.167683e+01 -5.000000e+00
    endloop
  endfacet
  facet normal -9.415441e-01 -3.368899e-01 -0.000000e+00
    outer loop
      vertex   -2.701380e+01 -2.167683e+01 -5.000000e+00
      vertex   -2.734440e+01 -2.075285e+01 -1.150000e+01
      vertex   -2.701380e+01 -2.167683e+01 -1.150000e+01
    endloop
  endfacet
  facet normal -9.039893e-01 -4.275551e-01 -0.000000e+00
    outer loop
      vertex   -2.701380e+01 -2.167683e+01 -5.000000e+00
      vertex   -2.701380e+01 -2.167683e+01 -1.150000e+01
      vertex   -2.659421e+01 -2.256397e+01 -5.000000e+00
    endloop
  endfacet
  facet normal -9.039893e-01 -4.275551e-01 -0.000000e+00
    outer loop
      vertex   -2.659421e+01 -2.256397e+01 -5.000000e+00
      vertex   -2.701380e+01 -2.167683e+01 -1.150000e+01
      vertex   -2.659421e+01 -2.256397e+01 -1.150000e+01
    endloop
  endfacet
  facet normal -8.577286e-01 -5.141027e-01 -0.000000e+00
    outer loop
      vertex   -2.659421e+01 -2.256397e+01 -5.000000e+00
      vertex   -2.659421e+01 -2.256397e+01 -1.150000e+01
      vertex   -2.608970e+01 -2.340570e+01 -5.000000e+00
    endloop
  endfacet
  facet normal -8.577286e-01 -5.141027e-01 -0.000000e+00
    outer loop
      vertex   -2.608970e+01 -2.340570e+01 -5.000000e+00
      vertex   -2.659421e+01 -2.256397e+01 -1.150000e+01
      vertex   -2.608970e+01 -2.340570e+01 -1.150000e+01
    endloop
  endfacet
  facet normal -8.032075e-01 -5.956993e-01 -0.000000e+00
    outer loop
      vertex   -2.608970e+01 -2.340570e+01 -5.000000e+00
      vertex   -2.608970e+01 -2.340570e+01 -1.150000e+01
      vertex   -2.550510e+01 -2.419393e+01 -5.000000e+00
    endloop
  endfacet
  facet normal -8.032075e-01 -5.956993e-01 -0.000000e+00
    outer loop
      vertex   -2.550510e+01 -2.419393e+01 -5.000000e+00
      vertex   -2.608970e+01 -2.340570e+01 -1.150000e+01
      vertex   -2.550510e+01 -2.419393e+01 -1.150000e+01
    endloop
  endfacet
  facet normal -7.409511e-01 -6.715590e-01 -0.000000e+00
    outer loop
      vertex   -2.550510e+01 -2.419393e+01 -5.000000e+00
      vertex   -2.550510e+01 -2.419393e+01 -1.150000e+01
      vertex   -2.484607e+01 -2.492107e+01 -5.000000e+00
    endloop
  endfacet
  facet normal -7.409511e-01 -6.715590e-01 -0.000000e+00
    outer loop
      vertex   -2.484607e+01 -2.492107e+01 -5.000000e+00
      vertex   -2.550510e+01 -2.419393e+01 -1.150000e+01
      vertex   -2.484607e+01 -2.492107e+01 -1.150000e+01
    endloop
  endfacet
  facet normal -6.715590e-01 -7.409511e-01 -0.000000e+00
    outer loop
      vertex   -2.484607e+01 -2.492107e+01 -5.000000e+00
      vertex   -2.484607e+01 -2.492107e+01 -1.150000e+01
      vertex   -2.411893e+01 -2.558010e+01 -5.000000e+00
    endloop
  endfacet
  facet normal -6.715590e-01 -7.409511e-01 -0.000000e+00
    outer loop
      vertex   -2.411893e+01 -2.558010e+01 -5.000000e+00
      vertex   -2.484607e+01 -2.492107e+01 -1.150000e+01
      vertex   -2.411893e+01 -2.558010e+01 -1.150000e+01
    endloop
  endfacet
  facet normal -5.956993e-01 -8.032075e-01 -0.000000e+00
    outer loop
      vertex   -2.411893e+01 -2.558010e+01 -5.000000e+00
      vertex   -2.411893e+01 -2.558010e+01 -1.150000e+01
      vertex   -2.333070e+01 -2.616470e+01 -5.000000e+00
    endloop
  endfacet
  facet normal -5.956993e-01 -8.032075e-01 -0.000000e+00
    outer loop
      vertex   -2.333070e+01 -2.616470e+01 -5.000000e+00
      vertex   -2.411893e+01 -2.558010e+01 -1.150000e+01
      vertex   -2.333070e+01 -2.616470e+01 -1.150000e+01
    endloop
  endfacet
  facet normal -5.141027e-01 -8.577286e-01 -0.000000e+00
    outer loop
      vertex   -2.333070e+01 -2.616470e+01 -5.000000e+00
      vertex   -2.333070e+01 -2.616470e+01 -1.150000e+01
      vertex   -2.248897e+01 -2.666921e+01 -5.000000e+00
    endloop
  endfacet
  facet normal -5.141027e-01 -8.577286e-01 -0.000000e+00
    outer loop
      vertex   -2.248897e+01 -2.666921e+01 -5.000000e+00
      vertex   -2.333070e+01 -2.616470e+01 -1.150000e+01
      vertex   -2.248897e+01 -2.666921e+01 -1.150000e+01
    endloop
  endfacet
  facet normal -4.275551e-01 -9.039893e-01 -0.000000e+00
    outer loop
      vertex   -2.248897e+01 -2.666921e+01 -5.000000e+00
      vertex   -2.248897e+01 -2.666921e+01 -1.150000e+01
      vertex   -2.160183e+01 -2.708880e+01 -5.000000e+00
    endloop
  endfacet
  facet normal -4.275551e-01 -9.039893e-01 -0.000000e+00
    outer loop
      vertex   -2.160183e+01 -2.708880e+01 -5.000000e+00
      vertex   -2.248897e+01 -2.666921e+01 -1.150000e+01
      vertex   -2.160183e+01 -2.708880e+01 -1.150000e+01
    endloop
  endfacet
  facet normal -3.368899e-01 -9.415441e-01 -0.000000e+00
    outer loop
      vertex   -2.160183e+01 -2.708880e+01 -5.000000e+00
      vertex   -2.160183e+01 -2.708880e+01 -1.150000e+01
      vertex   -2.067785e+01 -2.741940e+01 -5.000000e+00
    endloop
  endfacet
  facet normal -3.368899e-01 -9.415441e-01 -0.000000e+00
    outer loop
      vertex   -2.067785e+01 -2.741940e+01 -5.000000e+00
      vertex   -2.160183e+01 -2.708880e+01 -1.150000e+01
      vertex   -2.067785e+01 -2.741940e+01 -1.150000e+01
    endloop
  endfacet
  facet normal -2.429802e-01 -9.700313e-01 -0.000000e+00
    outer loop
      vertex   -2.067785e+01 -2.741940e+01 -5.000000e+00
      vertex   -2.067785e+01 -2.741940e+01 -1.150000e+01
      vertex   -1.972590e+01 -2.765785e+01 -5.000000e+00
    endloop
  endfacet
  facet normal -2.429802e-01 -9.700313e-01 -1.328060e-16
    outer loop
      vertex   -1.972590e+01 -2.765785e+01 -5.000000e+00
      vertex   -2.067785e+01 -2.741940e+01 -1.150000e+01
      vertex   -1.972590e+01 -2.765785e+01 -1.150000e+01
    endloop
  endfacet
  facet normal -1.467305e-01 -9.891765e-01 -8.019867e-17
    outer loop
      vertex   -1.972590e+01 -2.765785e+01 -5.000000e+00
      vertex   -1.972590e+01 -2.765785e+01 -1.150000e+01
      vertex   -1.875517e+01 -2.780185e+01 -5.000000e+00
    endloop
  endfacet
  facet normal -1.467305e-01 -9.891765e-01 -0.000000e+00
    outer loop
      vertex   -1.875517e+01 -2.780185e+01 -5.000000e+00
      vertex   -1.972590e+01 -2.765785e+01 -1.150000e+01
      vertex   -1.875517e+01 -2.780185e+01 -1.150000e+01
    endloop
  endfacet
  facet normal -4.906767e-02 -9.987955e-01 -0.000000e+00
    outer loop
      vertex   -1.875517e+01 -2.780185e+01 -5.000000e+00
      vertex   -1.875517e+01 -2.780185e+01 -1.150000e+01
      vertex   -1.777500e+01 -2.785000e+01 -5.000000e+00
    endloop
  endfacet
  facet normal -4.906767e-02 -9.987955e-01 -0.000000e+00
    outer loop
      vertex   -1.777500e+01 -2.785000e+01 -5.000000e+00
      vertex   -1.875517e+01 -2.780185e+01 -1.150000e+01
      vertex   -1.777500e+01 -2.785000e+01 -1.150000e+01
    endloop
  endfacet
  facet normal 0.000000e+00 0.000000e+00 -1.000000e+00
    outer loop
      vertex   -1.871576e+01 -2.680070e+01 -1.250000e+01
      vertex   -2.677500e+01 -1.785000e+01 -1.250000e+01
      vertex   -1.777500e+01 -2.685000e+01 -1.250000e+01
    endloop
  endfacet
  facet normal 0.000000e+00 0.000000e+00 -1.000000e+00
    outer loop
      vertex   -1.777500e+01 -2.685000e+01 -1.250000e+01
      vertex   -2.677500e+01 -1.785000e+01 -1.250000e+01
      vertex   2.677500e+01 1.785000e+01 -1.250000e+01
    endloop
  endfacet
  facet normal 0.000000e+00 0.000000e+00 -1.000000e+00
    outer loop
      vertex   -1.777500e+01 -2.685000e+01 -1.250000e+01
      vertex   2.677500e+01 1.785000e+01 -1.250000e+01
      vertex   1.777500e+01 -2.685000e+01 -1.250000e+01
    endloop
  endfacet
  facet normal 0.000000e+00 0.000000e+00 -1.000000e+00
    outer loop
      vertex   1.777500e+01 -2.685000e+01 -1.250000e+01
      vertex   2.677500e+01 1.785000e+01 -1.250000e+01
      vertex   2.677500e+01 -1.785000e+01 -1.250000e+01
    endloop
  endfacet
  facet normal 0.000000e+00 0.000000e+00 -1.000000e+00
    outer loop
      vertex   1.777500e+01 -2.685000e+01 -1.250000e+01
      vertex   2.677500e+01 -1.785000e+01 -1.250000e+01
      vertex   1.871576e+01 -2.680070e+01 -1.250000e+01
    endloop
  endfacet
  facet normal 0.000000e+00 0.000000e+00 -1.000000e+00
    outer loop
      vertex   1.871576e+01 -2.680070e+01 -1.250000e+01
      vertex   2.677500e+01 -1.785000e+01 -1.250000e+01
      vertex   1.964621e+01 -2.665333e+01 -1.250000e+01
    endloop
  endfacet
  facet normal 0.000000e+00 0.000000e+00 -1.000000e+00
    outer loop
      vertex   1.964621e+01 -2.665333e+01 -1.250000e+01
      vertex   2.677500e+01 -1.785000e+01 -1.250000e+01
      vertex   2.055615e+01 -2.640951e+01 -1.250000e+01
    endloop
  endfacet
  facet normal 0.000000e+00 0.000000e+00 -1.000000e+00
    outer loop
      vertex   2.055615e+01 -2.640951e+01 -1.250000e+01
      vertex   2.677500e+01 -1.785000e+01 -1.250000e+01
      vertex   2.143563e+01 -2.607191e+01 -1.250000e+01
    endloop
  endfacet
  facet normal 0.000000e+00 0.000000e+00 -1.000000e+00
    outer loop
      vertex   2.143563e+01 -2.607191e+01 -1.250000e+01
      vertex   2.677500e+01 -1.785000e+01 -1.250000e+01
      vertex   2.227500e+01 -2.564423e+01 -1.250000e+01
    endloop
  endfacet
  facet normal 0.000000e+00 0.000000e+00 -1.000000e+00
    outer loop
      vertex   2.227500e+01 -2.564423e+01 -1.250000e+01
      vertex   2.677500e+01 -1.785000e+01 -1.250000e+01
      vertex   2.306507e+01 -2.513115e+01 -1.250000e+01
    endloop
  endfacet
  facet normal 0.000000e+00 0.000000e+00 -1.000000e+00
    outer loop
      vertex   2.306507e+01 -2.513115e+01 -1.250000e+01
      vertex   2.677500e+01 -1.785000e+01 -1.250000e+01
      vertex   2.379718e+01 -2.453830e+01 -1.250000e+01
    endloop
  endfacet
  facet normal 0.000000e+00 0.000000e+00 -1.000000e+00
    outer loop
      vertex   2.379718e+01 -2.453830e+01 -1.250000e+01
      vertex   2.677500e+01 -1.785000e+01 -1.250000e+01
      vertex   2.446330e+01 -2.387218e+01 -1.250000e+01
    endloop
  endfacet
  facet normal 0.000000e+00 0.000000e+00 -1.000000e+00
    outer loop
      vertex   2.446330e+01 -2.387218e+01 -1.250000e+01
      vertex   2.677500e+01 -1.785000e+01 -1.250000e+01
      vertex   2.505615e+01 -2.314007e+01 -1.250000e+01
    endloop
  endfacet
  facet normal 0.000000e+00 0.000000e+00 -1.000000e+00
    outer loop
      vertex   2.505615e+01 -2.314007e+01 -1.250000e+01
      vertex   2.677500e+01 -1.785000e+01 -1.250000e+01
      vertex   2.556923e+01 -2.235000e+01 -1.250000e+01
    endloop
  endfacet
  facet normal 0.000000e+00 0.000000e+00 -1.000000e+00
    outer loop
      vertex   2.556923e+01 -2.235000e+01 -1.250000e+01
      vertex   2.677500e+01 -1.785000e+01 -1.250000e+01
      vertex   2.599691e+01 -2.151063e+01 -1.250000e+01
    endloop
  endfacet
  facet normal 0.000000e+00 0.000000e+00 -1.000000e+00
    outer loop
      vertex   2.599691e+01 -2.151063e+01 -1.250000e+01
      vertex   2.677500e+01 -1.785000e+01 -1.250000e+01
      vertex   2.633451e+01 -2.063115e+01 -1.250000e+01
    endloop
  endfacet
  facet normal 0.000000e+00 0.000000e+00 -1.000000e+00
    outer loop
      vertex   2.633451e+01 -2.063115e+01 -1.250000e+01
      vertex   2.677500e+01 -1.785000e+01 -1.250000e+01
      vertex   2.657833e+01 -1.972121e+01 -1.250000e+01
    endloop
  endfacet
  facet normal 0.000000e+00 0.000000e+00 -1.000000e+00
    outer loop
      vertex   2.657833e+01 -1.972121e+01 -1.250000e+01
      vertex   2.677500e+01 -1.785000e+01 -1.250000e+01
      vertex   2.672570e+01 -1.879076e+01 -1.250000e+01
    endloop
  endfacet
  facet normal 0.000000e+00 0.000000e+00 -1.000000e+00
    outer loop
      vertex   -1.871576e+01 -2.680070e+01 -1.250000e+01
      vertex   -1.964621e+01 -2.665333e+01 -1.250000e+01
      vertex   -2.677500e+01 -1.785000e+01 -1.250000e+01
    endloop
  endfacet
  facet normal 0.000000e+00 0.000000e+00 -1.000000e+00
    outer loop
      vertex   -2.677500e+01 -1.785000e+01 -1.250000e+01
      vertex   -1.964621e+01 -2.665333e+01 -1.250000e+01
      vertex   -2.055615e+01 -2.640951e+01 -1.250000e+01
    endloop
  endfacet
  facet normal 0.000000e+00 0.000000e+00 -1.000000e+00
    outer loop
      vertex   -2.677500e+01 -1.785000e+01 -1.250000e+01
      vertex   -2.055615e+01 -2.640951e+01 -1.250000e+01
      vertex   -2.143563e+01 -2.607191e+01 -1.250000e+01
    endloop
  endfacet
  facet normal 0.000000e+00 0.000000e+00 -1.000000e+00
    outer loop
      vertex   -2.143563e+01 -2.607191e+01 -1.250000e+01
      vertex   -2.227500e+01 -2.564423e+01 -1.250000e+01
      vertex   -2.677500e+01 -1.785000e+01 -1.250000e+01
    endloop
  endfacet
  facet normal 0.000000e+00 0.000000e+00 -1.000000e+00
    outer loop
      vertex   -2.677500e+01 -1.785000e+01 -1.250000e+01
      vertex   -2.227500e+01 -2.564423e+01 -1.250000e+01
      vertex   -2.306507e+01 -2.513115e+01 -1.250000e+01
    endloop
  endfacet
  facet normal 0.000000e+00 0.000000e+00 -1.000000e+00
    outer loop
      vertex   -2.677500e+01 -1.785000e+01 -1.250000e+01
      vertex   -2.306507e+01 -2.513115e+01 -1.250000e+01
      vertex   -2.379718e+01 -2.453830e+01 -1.250000e+01
    endloop
  endfacet
  facet normal 0.000000e+00 0.000000e+00 -1.000000e+00
    outer loop
      vertex   -2.379718e+01 -2.453830e+01 -1.250000e+01
      vertex   -2.446330e+01 -2.387218e+01 -1.250000e+01
      vertex   -2.677500e+01 -1.785000e+01 -1.250000e+01
    endloop
  endfacet
  facet normal 0.000000e+00 0.000000e+00 -1.000000e+00
    outer loop
      vertex   -2.677500e+01 -1.785000e+01 -1.250000e+01
      vertex   -2.446330e+01 -2.387218e+01 -1.250000e+01
      vertex   -2.505615e+01 -2.314007e+01 -1.250000e+01
    endloop
  endfacet
  facet normal 0.000000e+00 0.000000e+00 -1.000000e+00
    outer loop
      vertex   -2.677500e+01 -1.785000e+01 -1.250000e+01
      vertex   -2.505615e+01 -2.314007e+01 -1.250000e+01
      vertex   -2.556923e+01 -2.235000e+01 -1.250000e+01
    endloop
  endfacet
  facet normal 0.000000e+00 0.000000e+00 -1.000000e+00
    outer loop
      vertex   -2.556923e+01 -2.235000e+01 -1.250000e+01
      vertex   -2.599691e+01 -2.151063e+01 -1.250000e+01
      vertex   -2.677500e+01 -1.785000e+01 -1.250000e+01
    endloop
  endfacet
  facet normal 0.000000e+00 0.000000e+00 -1.000000e+00
    outer loop
      vertex   -2.677500e+01 -1.785000e+01 -1.250000e+01
      vertex   -2.599691e+01 -2.151063e+01 -1.250000e+01
      vertex   -2.633451e+01 -2.063115e+01 -1.250000e+01
    endloop
  endfacet
  facet normal 0.000000e+00 0.000000e+00 -1.000000e+00
    outer loop
      vertex   -2.677500e+01 -1.785000e+01 -1.250000e+01
      vertex   -2.633451e+01 -2.063115e+01 -1.250000e+01
      vertex   -2.657833e+01 -1.972121e+01 -1.250000e+01
    endloop
  endfacet
  facet normal 0.000000e+00 0.000000e+00 -1.000000e+00
    outer loop
      vertex   -2.657833e+01 -1.972121e+01 -1.250000e+01
      vertex   -2.672570e+01 -1.879076e+01 -1.250000e+01
      vertex   -2.677500e+01 -1.785000e+01 -1.250000e+01
    endloop
  endfacet
  facet normal 0.000000e+00 0.000000e+00 -1.000000e+00
    outer loop
      vertex   -2.677500e+01 -1.785000e+01 -1.250000e+01
      vertex   -2.677500e+01 1.785000e+01 -1.250000e+01
      vertex   2.677500e+01 1.785000e+01 -1.250000e+01
    endloop
  endfacet
  facet normal 0.000000e+00 0.000000e+00 -1.000000e+00
    outer loop
      vertex   2.677500e+01 1.785000e+01 -1.250000e+01
      vertex   -2.677500e+01 1.785000e+01 -1.250000e+01
      vertex   2.633451e+01 2.063115e+01 -1.250000e+01
    endloop
  endfacet
  facet normal 0.000000e+00 0.000000e+00 -1.000000e+00
    outer loop
      vertex   2.677500e+01 1.785000e+01 -1.250000e+01
      vertex   2.633451e+01 2.063115e+01 -1.250000e+01
      vertex   2.657833e+01 1.972121e+01 -1.250000e+01
    endloop
  endfacet
  facet normal 0.000000e+00 -0.000000e+00 -1.000000e+00
    outer loop
      vertex   -2.672570e+01 1.879076e+01 -1.250000e+01
      vertex   -2.657833e+01 1.972121e+01 -1.250000e+01
      vertex   -2.677500e+01 1.785000e+01 -1.250000e+01
    endloop
  endfacet
  facet normal 0.000000e+00 0.000000e+00 -1.000000e+00
    outer loop
      vertex   -2.677500e+01 1.785000e+01 -1.250000e+01
      vertex   -2.657833e+01 1.972121e+01 -1.250000e+01
      vertex   -2.633451e+01 2.063115e+01 -1.250000e+01
    endloop
  endfacet
  facet normal 0.000000e+00 0.000000e+00 -1.000000e+00
    outer loop
      vertex   -2.677500e+01 1.785000e+01 -1.250000e+01
      vertex   -2.633451e+01 2.063115e+01 -1.250000e+01
      vertex   2.633451e+01 2.063115e+01 -1.250000e+01
    endloop
  endfacet
  facet normal 0.000000e+00 0.000000e+00 -1.000000e+00
    outer loop
      vertex   2.633451e+01 2.063115e+01 -1.250000e+01
      vertex   -2.633451e+01 2.063115e+01 -1.250000e+01
      vertex   2.599691e+01 2.151063e+01 -1.250000e+01
    endloop
  endfacet
  facet normal -0.000000e+00 0.000000e+00 -1.000000e+00
    outer loop
      vertex   2.599691e+01 2.151063e+01 -1.250000e+01
      vertex   -2.633451e+01 2.063115e+01 -1.250000e+01
      vertex   -2.599691e+01 2.151063e+01 -1.250000e+01
    endloop
  endfacet
  facet normal 0.000000e+00 0.000000e+00 -1.000000e+00
    outer loop
      vertex   2.599691e+01 2.151063e+01 -1.250000e+01
      vertex   -2.599691e+01 2.151063e+01 -1.250000e+01
      vertex   2.556923e+01 2.235000e+01 -1.250000e+01
    endloop
  endfacet
  facet normal -0.000000e+00 0.000000e+00 -1.000000e+00
    outer loop
      vertex   2.556923e+01 2.235000e+01 -1.250000e+01
      vertex   -2.599691e+01 2.151063e+01 -1.250000e+01
      vertex   -2.556923e+01 2.235000e+01 -1.250000e+01
    endloop
  endfacet
  facet normal 0.000000e+00 0.000000e+00 -1.000000e+00
    outer loop
      vertex   2.556923e+01 2.235000e+01 -1.250000e+01
      vertex   -2.556923e+01 2.235000e+01 -1.250000e+01
      vertex   2.505615e+01 2.314007e+01 -1.250000e+01
    endloop
  endfacet
  facet normal -0.000000e+00 0.000000e+00 -1.000000e+00
    outer loop
      vertex   2.505615e+01 2.314007e+01 -1.250000e+01
      vertex   -2.556923e+01 2.235000e+01 -1.250000e+01
      vertex   -2.505615e+01 2.314007e+01 -1.250000e+01
    endloop
  endfacet
  facet normal 0.000000e+00 0.000000e+00 -1.000000e+00
    outer loop
      vertex   2.505615e+01 2.314007e+01 -1.250000e+01
      vertex   -2.505615e+01 2.314007e+01 -1.250000e+01
      vertex   2.446330e+01 2.387218e+01 -1.250000e+01
    endloop
  endfacet
  facet normal -0.000000e+00 0.000000e+00 -1.000000e+00
    outer loop
      vertex   2.446330e+01 2.387218e+01 -1.250000e+01
      vertex   -2.505615e+01 2.314007e+01 -1.250000e+01
      vertex   -2.446330e+01 2.387218e+01 -1.250000e+01
    endloop
  endfacet
  facet normal 0.000000e+00 0.000000e+00 -1.000000e+00
    outer loop
      vertex   2.446330e+01 2.387218e+01 -1.250000e+01
      vertex   -2.446330e+01 2.387218e+01 -1.250000e+01
      vertex   2.379718e+01 2.453830e+01 -1.250000e+01
    endloop
  endfacet
  facet normal -0.000000e+00 0.000000e+00 -1.000000e+00
    outer loop
      vertex   2.379718e+01 2.453830e+01 -1.250000e+01
      vertex   -2.446330e+01 2.387218e+01 -1.250000e+01
      vertex   -2.379718e+01 2.453830e+01 -1.250000e+01
    endloop
  endfacet
  facet normal 0.000000e+00 0.000000e+00 -1.000000e+00
    outer loop
      vertex   2.379718e+01 2.453830e+01 -1.250000e+01
      vertex   -2.379718e+01 2.453830e+01 -1.250000e+01
      vertex   2.306507e+01 2.513115e+01 -1.250000e+01
    endloop
  endfacet
  facet normal -0.000000e+00 0.000000e+00 -1.000000e+00
    outer loop
      vertex   2.306507e+01 2.513115e+01 -1.250000e+01
      vertex   -2.379718e+01 2.453830e+01 -1.250000e+01
      vertex   -2.306507e+01 2.513115e+01 -1.250000e+01
    endloop
  endfacet
  facet normal 0.000000e+00 0.000000e+00 -1.000000e+00
    outer loop
      vertex   2.306507e+01 2.513115e+01 -1.250000e+01
      vertex   -2.306507e+01 2.513115e+01 -1.250000e+01
      vertex   2.227500e+01 2.564423e+01 -1.250000e+01
    endloop
  endfacet
  facet normal 0.000000e+00 0.000000e+00 -1.000000e+00
    outer loop
      vertex   2.227500e+01 2.564423e+01 -1.250000e+01
      vertex   -2.306507e+01 2.513115e+01 -1.250000e+01
      vertex   -2.227500e+01 2.564423e+01 -1.250000e+01
    endloop
  endfacet
  facet normal -0.000000e+00 0.000000e+00 -1.000000e+00
    outer loop
      vertex   2.227500e+01 2.564423e+01 -1.250000e+01
      vertex   -2.227500e+01 2.564423e+01 -1.250000e+01
      vertex   2.143563e+01 2.607191e+01 -1.250000e+01
    endloop
  endfacet
  facet normal -0.000000e+00 0.000000e+00 -1.000000e+00
    outer loop
      vertex   2.143563e+01 2.607191e+01 -1.250000e+01
      vertex   -2.227500e+01 2.564423e+01 -1.250000e+01
      vertex   -2.143563e+01 2.607191e+01 -1.250000e+01
    endloop
  endfacet
  facet normal 0.000000e+00 0.000000e+00 -1.000000e+00
    outer loop
      vertex   2.143563e+01 2.607191e+01 -1.250000e+01
      vertex   -2.143563e+01 2.607191e+01 -1.250000e+01
      vertex   2.055615e+01 2.640951e+01 -1.250000e+01
    endloop
  endfacet
  facet normal 0.000000e+00 0.000000e+00 -1.000000e+00
    outer loop
      vertex   2.055615e+01 2.640951e+01 -1.250000e+01
      vertex   -2.143563e+01 2.607191e+01 -1.250000e+01
      vertex   -2.055615e+01 2.640951e+01 -1.250000e+01
    endloop
  endfacet
  facet normal -0.000000e+00 0.000000e+00 -1.000000e+00
    outer loop
      vertex   2.055615e+01 2.640951e+01 -1.250000e+01
      vertex   -2.055615e+01 2.640951e+01 -1.250000e+01
      vertex   1.964621e+01 2.665333e+01 -1.250000e+01
    endloop
  endfacet
  facet normal 0.000000e+00 0.000000e+00 -1.000000e+00
    outer loop
      vertex   1.964621e+01 2.665333e+01 -1.250000e+01
      vertex   -2.055615e+01 2.640951e+01 -1.250000e+01
      vertex   -1.964621e+01 2.665333e+01 -1.250000e+01
    endloop
  endfacet
  facet normal -0.000000e+00 0.000000e+00 -1.000000e+00
    outer loop
      vertex   1.964621e+01 2.665333e+01 -1.250000e+01
      vertex   -1.964621e+01 2.665333e+01 -1.250000e+01
      vertex   1.871576e+01 2.680070e+01 -1.250000e+01
    endloop
  endfacet
  facet normal 0.000000e+00 0.000000e+00 -1.000000e+00
    outer loop
      vertex   1.871576e+01 2.680070e+01 -1.250000e+01
      vertex   -1.964621e+01 2.665333e+01 -1.250000e+01
      vertex   -1.871576e+01 2.680070e+01 -1.250000e+01
    endloop
  endfacet
  facet normal -0.000000e+00 0.000000e+00 -1.000000e+00
    outer loop
      vertex   1.871576e+01 2.680070e+01 -1.250000e+01
      vertex   -1.871576e+01 2.680070e+01 -1.250000e+01
      vertex   1.777500e+01 2.685000e+01 -1.250000e+01
    endloop
  endfacet
  facet normal 0.000000e+00 0.000000e+00 -1.000000e+00
    outer loop
      vertex   1.777500e+01 2.685000e+01 -1.250000e+01
      vertex   -1.871576e+01 2.680070e+01 -1.250000e+01
      vertex   -1.777500e+01 2.685000e+01 -1.250000e+01
    endloop
  endfacet
  facet normal 0.000000e+00 0.000000e+00 -1.000000e+00
    outer loop
      vertex   2.657833e+01 1.972121e+01 -1.250000e+01
      vertex   2.672570e+01 1.879076e+01 -1.250000e+01
      vertex   2.677500e+01 1.785000e+01 -1.250000e+01
    endloop
  endfacet
  facet normal -7.066805e-01 -3.471699e-02 7.066805e-01
    outer loop
      vertex   -2.777500e+01 -1.785000e+01 -5.000000e+00
      vertex   -2.772685e+01 -1.883017e+01 -5.000000e+00
      vertex   -2.677500e+01 -1.785000e+01 -4.000000e+00
    endloop
  endfacet
  facet normal -7.054880e-01 -3.697306e-02 7.077568e-01
    outer loop
      vertex   -2.677500e+01 -1.785000e+01 -4.000000e+00
      vertex   -2.772685e+01 -1.883017e+01 -5.000000e+00
      vertex   -2.672570e+01 -1.879076e+01 -4.000000e+00
    endloop
  endfacet
  facet normal -7.008195e-01 -1.039568e-01 7.057231e-01
    outer loop
      vertex   -2.672570e+01 -1.879076e+01 -4.000000e+00
      vertex   -2.772685e+01 -1.883017e+01 -5.000000e+00
      vertex   -2.758285e+01 -1.980090e+01 -5.000000e+00
    endloop
  endfacet
  facet normal -6.967881e-01 -1.103604e-01 7.087361e-01
    outer loop
      vertex   -2.672570e+01 -1.879076e+01 -4.000000e+00
      vertex   -2.758285e+01 -1.980090e+01 -5.000000e+00
      vertex   -2.657833e+01 -1.972121e+01 -4.000000e+00
    endloop
  endfacet
  facet normal -6.880504e-01 -1.723477e-01 7.048992e-01
    outer loop
      vertex   -2.657833e+01 -1.972121e+01 -4.000000e+00
      vertex   -2.758285e+01 -1.980090e+01 -5.000000e+00
      vertex   -2.734440e+01 -2.075285e+01 -5.000000e+00
    endloop
  endfacet
  facet normal -6.806331e-01 -1.823751e-01 7.095617e-01
    outer loop
      vertex   -2.657833e+01 -1.972121e+01 -4.000000e+00
      vertex   -2.734440e+01 -2.075285e+01 -5.000000e+00
      vertex   -2.633451e+01 -2.063115e+01 -4.000000e+00
    endloop
  endfacet
  facet normal -6.684881e-01 -2.391889e-01 7.042104e-01
    outer loop
      vertex   -2.633451e+01 -2.063115e+01 -4.000000e+00
      vertex   -2.734440e+01 -2.075285e+01 -5.000000e+00
      vertex   -2.701380e+01 -2.167683e+01 -5.000000e+00
    endloop
  endfacet
  facet normal -6.572075e-01 -2.522783e-01 7.102351e-01
    outer loop
      vertex   -2.633451e+01 -2.063115e+01 -4.000000e+00
      vertex   -2.701380e+01 -2.167683e+01 -5.000000e+00
      vertex   -2.599691e+01 -2.151063e+01 -4.000000e+00
    endloop
  endfacet
  facet normal -6.423196e-01 -3.037945e-01 7.036579e-01
    outer loop
      vertex   -2.599691e+01 -2.151063e+01 -4.000000e+00
      vertex   -2.701380e+01 -2.167683e+01 -5.000000e+00
      vertex   -2.659421e+01 -2.256397e+01 -5.000000e+00
    endloop
  endfacet
  facet normal -6.267671e-01 -3.193538e-01 7.107575e-01
    outer loop
      vertex   -2.599691e+01 -2.151063e+01 -4.000000e+00
      vertex   -2.659421e+01 -2.256397e+01 -5.000000e+00
      vertex   -2.556923e+01 -2.235000e+01 -4.000000e+00
    endloop
  endfacet
  facet normal -6.098020e-01 -3.655013e-01 7.032427e-01
    outer loop
      vertex   -2.556923e+01 -2.235000e+01 -4.000000e+00
      vertex   -2.659421e+01 -2.256397e+01 -5.000000e+00
      vertex   -2.608970e+01 -2.340570e+01 -5.000000e+00
    endloop
  endfacet
  facet normal -5.896362e-01 -3.829142e-01 7.111299e-01
    outer loop
      vertex   -2.556923e+01 -2.235000e+01 -4.000000e+00
      vertex   -2.608970e+01 -2.340570e+01 -5.000000e+00
      vertex   -2.505615e+01 -2.314007e+01 -4.000000e+00
    endloop
  endfacet
  facet normal -5.712605e-01 -4.236756e-01 7.029655e-01
    outer loop
      vertex   -2.505615e+01 -2.314007e+01 -4.000000e+00
      vertex   -2.608970e+01 -2.340570e+01 -5.000000e+00
      vertex   -2.550510e+01 -2.419393e+01 -5.000000e+00
    endloop
  endfacet
  facet normal -5.462052e-01 -4.423083e-01 7.113531e-01
    outer loop
      vertex   -2.505615e+01 -2.314007e+01 -4.000000e+00
      vertex   -2.550510e+01 -2.419393e+01 -5.000000e+00
      vertex   -2.446330e+01 -2.387218e+01 -4.000000e+00
    endloop
  endfacet
  facet normal -5.270838e-01 -4.777209e-01 7.028267e-01
    outer loop
      vertex   -2.446330e+01 -2.387218e+01 -4.000000e+00
      vertex   -2.550510e+01 -2.419393e+01 -5.000000e+00
      vertex   -2.484607e+01 -2.492107e+01 -5.000000e+00
    endloop
  endfacet
  facet normal -4.969260e-01 -4.969260e-01 7.114275e-01
    outer loop
      vertex   -2.446330e+01 -2.387218e+01 -4.000000e+00
      vertex   -2.484607e+01 -2.492107e+01 -5.000000e+00
      vertex   -2.379718e+01 -2.453830e+01 -4.000000e+00
    endloop
  endfacet
  facet normal -4.777209e-01 -5.270838e-01 7.028267e-01
    outer loop
      vertex   -2.379718e+01 -2.453830e+01 -4.000000e+00
      vertex   -2.484607e+01 -2.492107e+01 -5.000000e+00
      vertex   -2.411893e+01 -2.558010e+01 -5.000000e+00
    endloop
  endfacet
  facet normal -4.423083e-01 -5.462052e-01 7.113531e-01
    outer loop
      vertex   -2.379718e+01 -2.453830e+01 -4.000000e+00
      vertex   -2.411893e+01 -2.558010e+01 -5.000000e+00
      vertex   -2.306507e+01 -2.513115e+01 -4.000000e+00
    endloop
  endfacet
  facet normal -4.236756e-01 -5.712605e-01 7.029655e-01
    outer loop
      vertex   -2.306507e+01 -2.513115e+01 -4.000000e+00
      vertex   -2.411893e+01 -2.558010e+01 -5.000000e+00
      vertex   -2.333070e+01 -2.616470e+01 -5.000000e+00
    endloop
  endfacet
  facet normal -3.829142e-01 -5.896362e-01 7.111299e-01
    outer loop
      vertex   -2.306507e+01 -2.513115e+01 -4.000000e+00
      vertex   -2.333070e+01 -2.616470e+01 -5.000000e+00
      vertex   -2.227500e+01 -2.564423e+01 -4.000000e+00
    endloop
  endfacet
  facet normal -3.655013e-01 -6.098020e-01 7.032427e-01
    outer loop
      vertex   -2.227500e+01 -2.564423e+01 -4.000000e+00
      vertex   -2.333070e+01 -2.616470e+01 -5.000000e+00
      vertex   -2.248897e+01 -2.666921e+01 -5.000000e+00
    endloop
  endfacet
  facet normal -3.193538e-01 -6.267671e-01 7.107575e-01
    outer loop
      vertex   -2.227500e+01 -2.564423e+01 -4.000000e+00
      vertex   -2.248897e+01 -2.666921e+01 -5.000000e+00
      vertex   -2.143563e+01 -2.607191e+01 -4.000000e+00
    endloop
  endfacet
  facet normal -3.037945e-01 -6.423196e-01 7.036579e-01
    outer loop
      vertex   -2.143563e+01 -2.607191e+01 -4.000000e+00
      vertex   -2.248897e+01 -2.666921e+01 -5.000000e+00
      vertex   -2.160183e+01 -2.708880e+01 -5.000000e+00
    endloop
  endfacet
  facet normal -2.522783e-01 -6.572075e-01 7.102351e-01
    outer loop
      vertex   -2.143563e+01 -2.607191e+01 -4.000000e+00
      vertex   -2.160183e+01 -2.708880e+01 -5.000000e+00
      vertex   -2.055615e+01 -2.640951e+01 -4.000000e+00
    endloop
  endfacet
  facet normal -2.391889e-01 -6.684881e-01 7.042104e-01
    outer loop
      vertex   -2.055615e+01 -2.640951e+01 -4.000000e+00
      vertex   -2.160183e+01 -2.708880e+01 -5.000000e+00
      vertex   -2.067785e+01 -2.741940e+01 -5.000000e+00
    endloop
  endfacet
  facet normal -1.823751e-01 -6.806331e-01 7.095617e-01
    outer loop
      vertex   -2.055615e+01 -2.640951e+01 -4.000000e+00
      vertex   -2.067785e+01 -2.741940e+01 -5.000000e+00
      vertex   -1.964621e+01 -2.665333e+01 -4.000000e+00
    endloop
  endfacet
  facet normal -1.723477e-01 -6.880504e-01 7.048992e-01
    outer loop
      vertex   -1.964621e+01 -2.665333e+01 -4.000000e+00
      vertex   -2.067785e+01 -2.741940e+01 -5.000000e+00
      vertex   -1.972590e+01 -2.765785e+01 -5.000000e+00
    endloop
  endfacet
  facet normal -1.103604e-01 -6.967881e-01 7.087361e-01
    outer loop
      vertex   -1.964621e+01 -2.665333e+01 -4.000000e+00
      vertex   -1.972590e+01 -2.765785e+01 -5.000000e+00
      vertex   -1.871576e+01 -2.680070e+01 -4.000000e+00
    endloop
  endfacet
  facet normal -1.039568e-01 -7.008195e-01 7.057231e-01
    outer loop
      vertex   -1.871576e+01 -2.680070e+01 -4.000000e+00
      vertex   -1.972590e+01 -2.765785e+01 -5.000000e+00
      vertex   -1.875517e+01 -2.780185e+01 -5.000000e+00
    endloop
  endfacet
  facet normal -3.697306e-02 -7.054880e-01 7.077568e-01
    outer loop
      vertex   -1.871576e+01 -2.680070e+01 -4.000000e+00
      vertex   -1.875517e+01 -2.780185e+01 -5.000000e+00
      vertex   -1.777500e+01 -2.685000e+01 -4.000000e+00
    endloop
  endfacet
  facet normal -3.471699e-02 -7.066805e-01 7.066805e-01
    outer loop
      vertex   -1.777500e+01 -2.685000e+01 -4.000000e+00
      vertex   -1.875517e+01 -2.780185e+01 -5.000000e+00
      vertex   -1.777500e+01 -2.785000e+01 -5.000000e+00
    endloop
  endfacet
  facet normal -7.071068e-01 0.000000e+00 7.071068e-01
    outer loop
      vertex   -2.677500e+01 1.785000e+01 -4.000000e+00
      vertex   -2.777500e+01 1.785000e+01 -5.000000e+00
      vertex   -2.677500e+01 1.326053e+01 -4.000000e+00
    endloop
  endfacet
  facet normal -7.071068e-01 0.000000e+00 7.071068e-01
    outer loop
      vertex   -2.677500e+01 1.326053e+01 -4.000000e+00
      vertex   -2.777500e+01 1.785000e+01 -5.000000e+00
      vertex   -2.777500e+01 -1.785000e+01 -5.000000e+00
    endloop
  endfacet
  facet normal -7.071068e-01 0.000000e+00 7.071068e-01
    outer loop
      vertex   -2.677500e+01 1.326053e+01 -4.000000e+00
      vertex   -2.777500e+01 -1.785000e+01 -5.000000e+00
      vertex   -2.677500e+01 -1.785000e+01 -4.000000e+00
    endloop
  endfacet
  facet normal -3.471699e-02 7.066805e-01 7.066805e-01
    outer loop
      vertex   -1.777500e+01 2.785000e+01 -5.000000e+00
      vertex   -1.875517e+01 2.780185e+01 -5.000000e+00
      vertex   -1.777500e+01 2.685000e+01 -4.000000e+00
    endloop
  endfacet
  facet normal -3.697306e-02 7.054880e-01 7.077568e-01
    outer loop
      vertex   -1.777500e+01 2.685000e+01 -4.000000e+00
      vertex   -1.875517e+01 2.780185e+01 -5.000000e+00
      vertex   -1.871576e+01 2.680070e+01 -4.000000e+00
    endloop
  endfacet
  facet normal -1.039568e-01 7.008195e-01 7.057231e-01
    outer loop
      vertex   -1.871576e+01 2.680070e+01 -4.000000e+00
      vertex   -1.875517e+01 2.780185e+01 -5.000000e+00
      vertex   -1.972590e+01 2.765785e+01 -5.000000e+00
    endloop
  endfacet
  facet normal -1.103604e-01 6.967881e-01 7.087361e-01
    outer loop
      vertex   -1.871576e+01 2.680070e+01 -4.000000e+00
      vertex   -1.972590e+01 2.765785e+01 -5.000000e+00
      vertex   -1.964621e+01 2.665333e+01 -4.000000e+00
    endloop
  endfacet
  facet normal -1.723477e-01 6.880504e-01 7.048992e-01
    outer loop
      vertex   -1.964621e+01 2.665333e+01 -4.000000e+00
      vertex   -1.972590e+01 2.765785e+01 -5.000000e+00
      vertex   -2.067785e+01 2.741940e+01 -5.000000e+00
    endloop
  endfacet
  facet normal -1.823751e-01 6.806331e-01 7.095617e-01
    outer loop
      vertex   -1.964621e+01 2.665333e+01 -4.000000e+00
      vertex   -2.067785e+01 2.741940e+01 -5.000000e+00
      vertex   -2.055615e+01 2.640951e+01 -4.000000e+00
    endloop
  endfacet
  facet normal -2.391889e-01 6.684881e-01 7.042104e-01
    outer loop
      vertex   -2.055615e+01 2.640951e+01 -4.000000e+00
      vertex   -2.067785e+01 2.741940e+01 -5.000000e+00
      vertex   -2.160183e+01 2.708880e+01 -5.000000e+00
    endloop
  endfacet
  facet normal -2.522783e-01 6.572075e-01 7.102351e-01
    outer loop
      vertex   -2.055615e+01 2.640951e+01 -4.000000e+00
      vertex   -2.160183e+01 2.708880e+01 -5.000000e+00
      vertex   -2.143563e+01 2.607191e+01 -4.000000e+00
    endloop
  endfacet
  facet normal -3.037945e-01 6.423196e-01 7.036579e-01
    outer loop
      vertex   -2.143563e+01 2.607191e+01 -4.000000e+00
      vertex   -2.160183e+01 2.708880e+01 -5.000000e+00
      vertex   -2.248897e+01 2.666921e+01 -5.000000e+00
    endloop
  endfacet
  facet normal -3.193538e-01 6.267671e-01 7.107575e-01
    outer loop
      vertex   -2.143563e+01 2.607191e+01 -4.000000e+00
      vertex   -2.248897e+01 2.666921e+01 -5.000000e+00
      vertex   -2.227500e+01 2.564423e+01 -4.000000e+00
    endloop
  endfacet
  facet normal -3.655013e-01 6.098020e-01 7.032427e-01
    outer loop
      vertex   -2.227500e+01 2.564423e+01 -4.000000e+00
      vertex   -2.248897e+01 2.666921e+01 -5.000000e+00
      vertex   -2.333070e+01 2.616470e+01 -5.000000e+00
    endloop
  endfacet
  facet normal -3.829142e-01 5.896362e-01 7.111299e-01
    outer loop
      vertex   -2.227500e+01 2.564423e+01 -4.000000e+00
      vertex   -2.333070e+01 2.616470e+01 -5.000000e+00
      vertex   -2.306507e+01 2.513115e+01 -4.000000e+00
    endloop
  endfacet
  facet normal -4.236756e-01 5.712605e-01 7.029655e-01
    outer loop
      vertex   -2.306507e+01 2.513115e+01 -4.000000e+00
      vertex   -2.333070e+01 2.616470e+01 -5.000000e+00
      vertex   -2.411893e+01 2.558010e+01 -5.000000e+00
    endloop
  endfacet
  facet normal -4.423083e-01 5.462052e-01 7.113531e-01
    outer loop
      vertex   -2.306507e+01 2.513115e+01 -4.000000e+00
      vertex   -2.411893e+01 2.558010e+01 -5.000000e+00
      vertex   -2.379718e+01 2.453830e+01 -4.000000e+00
    endloop
  endfacet
  facet normal -4.777209e-01 5.270838e-01 7.028267e-01
    outer loop
      vertex   -2.379718e+01 2.453830e+01 -4.000000e+00
      vertex   -2.411893e+01 2.558010e+01 -5.000000e+00
      vertex   -2.484607e+01 2.492107e+01 -5.000000e+00
    endloop
  endfacet
  facet normal -4.969260e-01 4.969260e-01 7.114275e-01
    outer loop
      vertex   -2.379718e+01 2.453830e+01 -4.000000e+00
      vertex   -2.484607e+01 2.492107e+01 -5.000000e+00
      vertex   -2.446330e+01 2.387218e+01 -4.000000e+00
    endloop
  endfacet
  facet normal -5.270838e-01 4.777209e-01 7.028267e-01
    outer loop
      vertex   -2.446330e+01 2.387218e+01 -4.000000e+00
      vertex   -2.484607e+01 2.492107e+01 -5.000000e+00
      vertex   -2.550510e+01 2.419393e+01 -5.000000e+00
    endloop
  endfacet
  facet normal -5.462052e-01 4.423083e-01 7.113531e-01
    outer loop
      vertex   -2.446330e+01 2.387218e+01 -4.000000e+00
      vertex   -2.550510e+01 2.419393e+01 -5.000000e+00
      vertex   -2.505615e+01 2.314007e+01 -4.000000e+00
    endloop
  endfacet
  facet normal -5.712605e-01 4.236756e-01 7.029655e-01
    outer loop
      vertex   -2.505615e+01 2.314007e+01 -4.000000e+00
      vertex   -2.550510e+01 2.419393e+01 -5.000000e+00
      vertex   -2.608970e+01 2.340570e+01 -5.000000e+00
    endloop
  endfacet
  facet normal -5.896362e-01 3.829142e-01 7.111299e-01
    outer loop
      vertex   -2.505615e+01 2.314007e+01 -4.000000e+00
      vertex   -2.608970e+01 2.340570e+01 -5.000000e+00
      vertex   -2.556923e+01 2.235000e+01 -4.000000e+00
    endloop
  endfacet
  facet normal -6.098020e-01 3.655013e-01 7.032427e-01
    outer loop
      vertex   -2.556923e+01 2.235000e+01 -4.000000e+00
      vertex   -2.608970e+01 2.340570e+01 -5.000000e+00
      vertex   -2.659421e+01 2.256397e+01 -5.000000e+00
    endloop
  endfacet
  facet normal -6.267671e-01 3.193538e-01 7.107575e-01
    outer loop
      vertex   -2.556923e+01 2.235000e+01 -4.000000e+00
      vertex   -2.659421e+01 2.256397e+01 -5.000000e+00
      vertex   -2.599691e+01 2.151063e+01 -4.000000e+00
    endloop
  endfacet
  facet normal -6.423196e-01 3.037945e-01 7.036579e-01
    outer loop
      vertex   -2.599691e+01 2.151063e+01 -4.000000e+00
      vertex   -2.659421e+01 2.256397e+01 -5.000000e+00
      vertex   -2.701380e+01 2.167683e+01 -5.000000e+00
    endloop
  endfacet
  facet normal -6.572075e-01 2.522783e-01 7.102351e-01
    outer loop
      vertex   -2.599691e+01 2.151063e+01 -4.000000e+00
      vertex   -2.701380e+01 2.167683e+01 -5.000000e+00
      vertex   -2.633451e+01 2.063115e+01 -4.000000e+00
    endloop
  endfacet
  facet normal -6.684881e-01 2.391889e-01 7.042104e-01
    outer loop
      vertex   -2.633451e+01 2.063115e+01 -4.000000e+00
      vertex   -2.701380e+01 2.167683e+01 -5.000000e+00
      vertex   -2.734440e+01 2.075285e+01 -5.000000e+00
    endloop
  endfacet
  facet normal -6.806331e-01 1.823751e-01 7.095617e-01
    outer loop
      vertex   -2.633451e+01 2.063115e+01 -4.000000e+00
      vertex   -2.734440e+01 2.075285e+01 -5.000000e+00
      vertex   -2.657833e+01 1.972121e+01 -4.000000e+00
    endloop
  endfacet
  facet normal -6.880504e-01 1.723477e-01 7.048992e-01
    outer loop
      vertex   -2.657833e+01 1.972121e+01 -4.000000e+00
      vertex   -2.734440e+01 2.075285e+01 -5.000000e+00
      vertex   -2.758285e+01 1.980090e+01 -5.000000e+00
    endloop
  endfacet
  facet normal -6.967881e-01 1.103604e-01 7.087361e-01
    outer loop
      vertex   -2.657833e+01 1.972121e+01 -4.000000e+00
      vertex   -2.758285e+01 1.980090e+01 -5.000000e+00
      vertex   -2.672570e+01 1.879076e+01 -4.000000e+00
    endloop
  endfacet
  facet normal -7.008195e-01 1.039568e-01 7.057231e-01
    outer loop
      vertex   -2.672570e+01 1.879076e+01 -4.000000e+00
      vertex   -2.758285e+01 1.980090e+01 -5.000000e+00
      vertex   -2.772685e+01 1.883017e+01 -5.000000e+00
    endloop
  endfacet
  facet normal -7.054880e-01 3.697306e-02 7.077568e-01
    outer loop
      vertex   -2.672570e+01 1.879076e+01 -4.000000e+00
      vertex   -2.772685e+01 1.883017e+01 -5.000000e+00
      vertex   -2.677500e+01 1.785000e+01 -4.000000e+00
    endloop
  endfacet
  facet normal -7.066805e-01 3.471699e-02 7.066805e-01
    outer loop
      vertex   -2.677500e+01 1.785000e+01 -4.000000e+00
      vertex   -2.772685e+01 1.883017e+01 -5.000000e+00
      vertex   -2.777500e+01 1.785000e+01 -5.000000e+00
    endloop
  endfacet
  facet normal 0.000000e+00 7.071068e-01 7.071068e-01
    outer loop
      vertex   1.777500e+01 2.685000e+01 -4.000000e+00
      vertex   1.777500e+01 2.785000e+01 -5.000000e+00
      vertex   -1.318553e+01 2.685000e+01 -4.000000e+00
    endloop
  endfacet
  facet normal 0.000000e+00 7.071068e-01 7.071068e-01
    outer loop
      vertex   -1.318553e+01 2.685000e+01 -4.000000e+00
      vertex   1.777500e+01 2.785000e+01 -5.000000e+00
      vertex   -1.777500e+01 2.785000e+01 -5.000000e+00
    endloop
  endfacet
  facet normal 1.094745e-15 7.071068e-01 7.071068e-01
    outer loop
      vertex   -1.318553e+01 2.685000e+01 -4.000000e+00
      vertex   -1.777500e+01 2.785000e+01 -5.000000e+00
      vertex   -1.777500e+01 2.685000e+01 -4.000000e+00
    endloop
  endfacet
  facet normal 7.066805e-01 3.471699e-02 7.066805e-01
    outer loop
      vertex   2.777500e+01 1.785000e+01 -5.000000e+00
      vertex   2.772685e+01 1.883017e+01 -5.000000e+00
      vertex   2.677500e+01 1.785000e+01 -4.000000e+00
    endloop
  endfacet
  facet normal 7.054880e-01 3.697306e-02 7.077568e-01
    outer loop
      vertex   2.677500e+01 1.785000e+01 -4.000000e+00
      vertex   2.772685e+01 1.883017e+01 -5.000000e+00
      vertex   2.672570e+01 1.879076e+01 -4.000000e+00
    endloop
  endfacet
  facet normal 7.008195e-01 1.039568e-01 7.057231e-01
    outer loop
      vertex   2.672570e+01 1.879076e+01 -4.000000e+00
      vertex   2.772685e+01 1.883017e+01 -5.000000e+00
      vertex   2.758285e+01 1.980090e+01 -5.000000e+00
    endloop
  endfacet
  facet normal 6.967881e-01 1.103604e-01 7.087361e-01
    outer loop
      vertex   2.672570e+01 1.879076e+01 -4.000000e+00
      vertex   2.758285e+01 1.980090e+01 -5.000000e+00
      vertex   2.657833e+01 1.972121e+01 -4.000000e+00
    endloop
  endfacet
  facet normal 6.880504e-01 1.723477e-01 7.048992e-01
    outer loop
      vertex   2.657833e+01 1.972121e+01 -4.000000e+00
      vertex   2.758285e+01 1.980090e+01 -5.000000e+00
      vertex   2.734440e+01 2.075285e+01 -5.000000e+00
    endloop
  endfacet
  facet normal 6.806331e-01 1.823751e-01 7.095617e-01
    outer loop
      vertex   2.657833e+01 1.972121e+01 -4.000000e+00
      vertex   2.734440e+01 2.075285e+01 -5.000000e+00
      vertex   2.633451e+01 2.063115e+01 -4.000000e+00
    endloop
  endfacet
  facet normal 6.684881e-01 2.391889e-01 7.042104e-01
    outer loop
      vertex   2.633451e+01 2.063115e+01 -4.000000e+00
      vertex   2.734440e+01 2.075285e+01 -5.000000e+00
      vertex   2.701380e+01 2.167683e+01 -5.000000e+00
    endloop
  endfacet
  facet normal 6.572075e-01 2.522783e-01 7.102351e-01
    outer loop
      vertex   2.633451e+01 2.063115e+01 -4.000000e+00
      vertex   2.701380e+01 2.167683e+01 -5.000000e+00
      vertex   2.599691e+01 2.151063e+01 -4.000000e+00
    endloop
  endfacet
  facet normal 6.423196e-01 3.037945e-01 7.036579e-01
    outer loop
      vertex   2.599691e+01 2.151063e+01 -4.000000e+00
      vertex   2.701380e+01 2.167683e+01 -5.000000e+00
      vertex   2.659421e+01 2.256397e+01 -5.000000e+00
    endloop
  endfacet
  facet normal 6.267671e-01 3.193538e-01 7.107575e-01
    outer loop
      vertex   2.599691e+01 2.151063e+01 -4.000000e+00
      vertex   2.659421e+01 2.256397e+01 -5.000000e+00
      vertex   2.556923e+01 2.235000e+01 -4.000000e+00
    endloop
  endfacet
  facet normal 6.098020e-01 3.655013e-01 7.032427e-01
    outer loop
      vertex   2.556923e+01 2.235000e+01 -4.000000e+00
      vertex   2.659421e+01 2.256397e+01 -5.000000e+00
      vertex   2.608970e+01 2.340570e+01 -5.000000e+00
    endloop
  endfacet
  facet normal 5.896362e-01 3.829142e-01 7.111299e-01
    outer loop
      vertex   2.556923e+01 2.235000e+01 -4.000000e+00
      vertex   2.608970e+01 2.340570e+01 -5.000000e+00
      vertex   2.505615e+01 2.314007e+01 -4.000000e+00
    endloop
  endfacet
  facet normal 5.712605e-01 4.236756e-01 7.029655e-01
    outer loop
      vertex   2.505615e+01 2.314007e+01 -4.000000e+00
      vertex   2.608970e+01 2.340570e+01 -5.000000e+00
      vertex   2.550510e+01 2.419393e+01 -5.000000e+00
    endloop
  endfacet
  facet normal 5.462052e-01 4.423083e-01 7.113531e-01
    outer loop
      vertex   2.505615e+01 2.314007e+01 -4.000000e+00
      vertex   2.550510e+01 2.419393e+01 -5.000000e+00
      vertex   2.446330e+01 2.387218e+01 -4.000000e+00
    endloop
  endfacet
  facet normal 5.270838e-01 4.777209e-01 7.028267e-01
    outer loop
      vertex   2.446330e+01 2.387218e+01 -4.000000e+00
      vertex   2.550510e+01 2.419393e+01 -5.000000e+00
      vertex   2.484607e+01 2.492107e+01 -5.000000e+00
    endloop
  endfacet
  facet normal 4.969260e-01 4.969260e-01 7.114275e-01
    outer loop
      vertex   2.446330e+01 2.387218e+01 -4.000000e+00
      vertex   2.484607e+01 2.492107e+01 -5.000000e+00
      vertex   2.379718e+01 2.453830e+01 -4.000000e+00
    endloop
  endfacet
  facet normal 4.777209e-01 5.270838e-01 7.028267e-01
    outer loop
      vertex   2.379718e+01 2.453830e+01 -4.000000e+00
      vertex   2.484607e+01 2.492107e+01 -5.000000e+00
      vertex   2.411893e+01 2.558010e+01 -5.000000e+00
    endloop
  endfacet
  facet normal 4.423083e-01 5.462052e-01 7.113531e-01
    outer loop
      vertex   2.379718e+01 2.453830e+01 -4.000000e+00
      vertex   2.411893e+01 2.558010e+01 -5.000000e+00
      vertex   2.306507e+01 2.513115e+01 -4.000000e+00
    endloop
  endfacet
  facet normal 4.236756e-01 5.712605e-01 7.029655e-01
    outer loop
      vertex   2.306507e+01 2.513115e+01 -4.000000e+00
      vertex   2.411893e+01 2.558010e+01 -5.000000e+00
      vertex   2.333070e+01 2.616470e+01 -5.000000e+00
    endloop
  endfacet
  facet normal 3.829142e-01 5.896362e-01 7.111299e-01
    outer loop
      vertex   2.306507e+01 2.513115e+01 -4.000000e+00
      vertex   2.333070e+01 2.616470e+01 -5.000000e+00
      vertex   2.227500e+01 2.564423e+01 -4.000000e+00
    endloop
  endfacet
  facet normal 3.655013e-01 6.098020e-01 7.032427e-01
    outer loop
      vertex   2.227500e+01 2.564423e+01 -4.000000e+00
      vertex   2.333070e+01 2.616470e+01 -5.000000e+00
      vertex   2.248897e+01 2.666921e+01 -5.000000e+00
    endloop
  endfacet
  facet normal 3.193538e-01 6.267671e-01 7.107575e-01
    outer loop
      vertex   2.227500e+01 2.564423e+01 -4.000000e+00
      vertex   2.248897e+01 2.666921e+01 -5.000000e+00
      vertex   2.143563e+01 2.607191e+01 -4.000000e+00
    endloop
  endfacet
  facet normal 3.037945e-01 6.423196e-01 7.036579e-01
    outer loop
      vertex   2.143563e+01 2.607191e+01 -4.000000e+00
      vertex   2.248897e+01 2.666921e+01 -5.000000e+00
      vertex   2.160183e+01 2.708880e+01 -5.000000e+00
    endloop
  endfacet
  facet normal 2.522783e-01 6.572075e-01 7.102351e-01
    outer loop
      vertex   2.143563e+01 2.607191e+01 -4.000000e+00
      vertex   2.160183e+01 2.708880e+01 -5.000000e+00
      vertex   2.055615e+01 2.640951e+01 -4.000000e+00
    endloop
  endfacet
  facet normal 2.391889e-01 6.684881e-01 7.042104e-01
    outer loop
      vertex   2.055615e+01 2.640951e+01 -4.000000e+00
      vertex   2.160183e+01 2.708880e+01 -5.000000e+00
      vertex   2.067785e+01 2.741940e+01 -5.000000e+00
    endloop
  endfacet
  facet normal 1.823751e-01 6.806331e-01 7.095617e-01
    outer loop
      vertex   2.055615e+01 2.640951e+01 -4.000000e+00
      vertex   2.067785e+01 2.741940e+01 -5.000000e+00
      vertex   1.964621e+01 2.665333e+01 -4.000000e+00
    endloop
  endfacet
  facet normal 1.723477e-01 6.880504e-01 7.048992e-01
    outer loop
      vertex   1.964621e+01 2.665333e+01 -4.000000e+00
      vertex   2.067785e+01 2.741940e+01 -5.000000e+00
      vertex   1.972590e+01 2.765785e+01 -5.000000e+00
    endloop
  endfacet
  facet normal 1.103604e-01 6.967881e-01 7.087361e-01
    outer loop
      vertex   1.964621e+01 2.665333e+01 -4.000000e+00
      vertex   1.972590e+01 2.765785e+01 -5.000000e+00
      vertex   1.871576e+01 2.680070e+01 -4.000000e+00
    endloop
  endfacet
  facet normal 1.039568e-01 7.008195e-01 7.057231e-01
    outer loop
      vertex   1.871576e+01 2.680070e+01 -4.000000e+00
      vertex   1.972590e+01 2.765785e+01 -5.000000e+00
      vertex   1.875517e+01 2.780185e+01 -5.000000e+00
    endloop
  endfacet
  facet normal 3.697306e-02 7.054880e-01 7.077568e-01
    outer loop
      vertex   1.871576e+01 2.680070e+01 -4.000000e+00
      vertex   1.875517e+01 2.780185e+01 -5.000000e+00
      vertex   1.777500e+01 2.685000e+01 -4.000000e+00
    endloop
  endfacet
  facet normal 3.471699e-02 7.066805e-01 7.066805e-01
    outer loop
      vertex   1.777500e+01 2.685000e+01 -4.000000e+00
      vertex   1.875517e+01 2.780185e+01 -5.000000e+00
      vertex   1.777500e+01 2.785000e+01 -5.000000e+00
    endloop
  endfacet
  facet normal 7.071068e-01 -0.000000e+00 7.071068e-01
    outer loop
      vertex   2.677500e+01 -1.785000e+01 -4.000000e+00
      vertex   2.777500e+01 -1.785000e+01 -5.000000e+00
      vertex   2.677500e+01 -1.687500e+01 -4.000000e+00
    endloop
  endfacet
  facet normal 7.071068e-01 -1.545937e-16 7.071068e-01
    outer loop
      vertex   2.677500e+01 -1.687500e+01 -4.000000e+00
      vertex   2.777500e+01 -1.785000e+01 -5.000000e+00
      vertex   2.677500e+01 -6.250000e-01 -4.000000e+00
    endloop
  endfacet
  facet normal 7.071068e-01 -1.407366e-16 7.071068e-01
    outer loop
      vertex   2.677500e+01 -6.250000e-01 -4.000000e+00
      vertex   2.777500e+01 -1.785000e+01 -5.000000e+00
      vertex   2.777500e+01 1.785000e+01 -5.000000e+00
    endloop
  endfacet
  facet normal 7.071068e-01 -2.719511e-16 7.071068e-01
    outer loop
      vertex   2.677500e+01 -6.250000e-01 -4.000000e+00
      vertex   2.777500e+01 1.785000e+01 -5.000000e+00
      vertex   2.677500e+01 1.785000e+01 -4.000000e+00
    endloop
  endfacet
  facet normal -2.654862e-16 -7.071068e-01 7.071068e-01
    outer loop
      vertex   -2.945966e-01 -2.791575e+01 -5.065753e+00
      vertex   -7.500000e-02 -2.787462e+01 -5.024621e+00
      vertex   -4.237274e+00 -2.789804e+01 -5.048037e+00
    endloop
  endfacet
  facet normal 1.054195e-17 -7.071068e-01 7.071068e-01
    outer loop
      vertex   -4.237274e+00 -2.789804e+01 -5.048037e+00
      vertex   -7.500000e-02 -2.787462e+01 -5.024621e+00
      vertex   -7.500000e-02 -2.685000e+01 -4.000000e+00
    endloop
  endfacet
  facet normal -1.628769e-16 -7.071068e-01 7.071068e-01
    outer loop
      vertex   -4.237274e+00 -2.789804e+01 -5.048037e+00
      vertex   -7.500000e-02 -2.685000e+01 -4.000000e+00
      vertex   -4.479957e+00 -2.786204e+01 -5.012038e+00
    endloop
  endfacet
  facet normal -2.186825e-15 -7.071068e-01 7.071068e-01
    outer loop
      vertex   -4.479957e+00 -2.786204e+01 -5.012038e+00
      vertex   -7.500000e-02 -2.685000e+01 -4.000000e+00
      vertex   -4.725000e+00 -2.785000e+01 -5.000000e+00
    endloop
  endfacet
  facet normal 0.000000e+00 -7.071068e-01 7.071068e-01
    outer loop
      vertex   -4.725000e+00 -2.785000e+01 -5.000000e+00
      vertex   -7.500000e-02 -2.685000e+01 -4.000000e+00
      vertex   -1.777500e+01 -2.685000e+01 -4.000000e+00
    endloop
  endfacet
  facet normal 1.925018e-16 -7.071068e-01 7.071068e-01
    outer loop
      vertex   -4.725000e+00 -2.785000e+01 -5.000000e+00
      vertex   -1.777500e+01 -2.685000e+01 -4.000000e+00
      vertex   -1.777500e+01 -2.785000e+01 -5.000000e+00
    endloop
  endfacet
  facet normal -6.311074e-16 -7.071068e-01 7.071068e-01
    outer loop
      vertex   -4.237274e+00 -2.789804e+01 -5.048037e+00
      vertex   -3.999288e+00 -2.795765e+01 -5.107649e+00
      vertex   -2.945966e-01 -2.791575e+01 -5.065753e+00
    endloop
  endfacet
  facet normal -6.936857e-16 -7.071068e-01 7.071068e-01
    outer loop
      vertex   -2.945966e-01 -2.791575e+01 -5.065753e+00
      vertex   -3.999288e+00 -2.795765e+01 -5.107649e+00
      vertex   -5.096441e-01 -2.797632e+01 -5.126325e+00
    endloop
  endfacet
  facet normal -3.418933e-16 -7.071068e-01 7.071068e-01
    outer loop
      vertex   -5.096441e-01 -2.797632e+01 -5.126325e+00
      vertex   -3.999288e+00 -2.795765e+01 -5.107649e+00
      vertex   -3.768291e+00 -2.804030e+01 -5.190301e+00
    endloop
  endfacet
  facet normal 2.437200e-16 -7.071068e-01 7.071068e-01
    outer loop
      vertex   -5.096441e-01 -2.797632e+01 -5.126325e+00
      vertex   -3.768291e+00 -2.804030e+01 -5.190301e+00
      vertex   -7.184253e-01 -2.805585e+01 -5.205854e+00
    endloop
  endfacet
  facet normal 1.465514e-16 -7.071068e-01 7.071068e-01
    outer loop
      vertex   -7.184253e-01 -2.805585e+01 -5.205854e+00
      vertex   -3.768291e+00 -2.804030e+01 -5.190301e+00
      vertex   -3.546508e+00 -2.814520e+01 -5.295197e+00
    endloop
  endfacet
  facet normal -4.557967e-16 -7.071068e-01 7.071068e-01
    outer loop
      vertex   -7.184253e-01 -2.805585e+01 -5.205854e+00
      vertex   -3.546508e+00 -2.814520e+01 -5.295197e+00
      vertex   -9.192727e-01 -2.815370e+01 -5.303705e+00
    endloop
  endfacet
  facet normal -4.809085e-16 -7.071068e-01 7.071068e-01
    outer loop
      vertex   -9.192727e-01 -2.815370e+01 -5.303705e+00
      vertex   -3.546508e+00 -2.814520e+01 -5.295197e+00
      vertex   -3.336074e+00 -2.827133e+01 -5.421326e+00
    endloop
  endfacet
  facet normal -1.598899e-16 -7.071068e-01 7.071068e-01
    outer loop
      vertex   -9.192727e-01 -2.815370e+01 -5.303705e+00
      vertex   -3.336074e+00 -2.827133e+01 -5.421326e+00
      vertex   -1.290826e+00 -2.840111e+01 -5.551106e+00
    endloop
  endfacet
  facet normal 9.324300e-16 -7.071068e-01 7.071068e-01
    outer loop
      vertex   -1.290826e+00 -2.840111e+01 -5.551106e+00
      vertex   -3.336074e+00 -2.827133e+01 -5.421326e+00
      vertex   -3.139017e+00 -2.841747e+01 -5.567474e+00
    endloop
  endfacet
  facet normal 1.176300e-15 -7.071068e-01 7.071068e-01
    outer loop
      vertex   -1.290826e+00 -2.840111e+01 -5.551106e+00
      vertex   -3.139017e+00 -2.841747e+01 -5.567474e+00
      vertex   -2.957233e+00 -2.858223e+01 -5.732233e+00
    endloop
  endfacet
  facet normal -5.966085e-16 -7.071068e-01 7.071068e-01
    outer loop
      vertex   -1.290826e+00 -2.840111e+01 -5.551106e+00
      vertex   -2.957233e+00 -2.858223e+01 -5.732233e+00
      vertex   -1.612459e+00 -2.871064e+01 -5.860640e+00
    endloop
  endfacet
  facet normal 5.728466e-16 -7.071068e-01 7.071068e-01
    outer loop
      vertex   -1.612459e+00 -2.871064e+01 -5.860640e+00
      vertex   -2.957233e+00 -2.858223e+01 -5.732233e+00
      vertex   -2.792474e+00 -2.876402e+01 -5.914017e+00
    endloop
  endfacet
  facet normal 3.327480e-16 -7.071068e-01 7.071068e-01
    outer loop
      vertex   -1.612459e+00 -2.871064e+01 -5.860640e+00
      vertex   -2.792474e+00 -2.876402e+01 -5.914017e+00
      vertex   -2.646326e+00 -2.896107e+01 -6.111074e+00
    endloop
  endfacet
  facet normal 2.607468e-15 -7.071068e-01 7.071068e-01
    outer loop
      vertex   -1.612459e+00 -2.871064e+01 -5.860640e+00
      vertex   -2.646326e+00 -2.896107e+01 -6.111074e+00
      vertex   -1.873916e+00 -2.907244e+01 -6.222440e+00
    endloop
  endfacet
  facet normal -5.758088e-16 -7.071068e-01 7.071068e-01
    outer loop
      vertex   -1.873916e+00 -2.907244e+01 -6.222440e+00
      vertex   -2.646326e+00 -2.896107e+01 -6.111074e+00
      vertex   -2.520197e+00 -2.917151e+01 -6.321508e+00
    endloop
  endfacet
  facet normal -3.530575e-15 -7.071068e-01 7.071068e-01
    outer loop
      vertex   -1.873916e+00 -2.907244e+01 -6.222440e+00
      vertex   -2.520197e+00 -2.917151e+01 -6.321508e+00
      vertex   -2.415301e+00 -2.939329e+01 -6.543291e+00
    endloop
  endfacet
  facet normal 9.200900e-16 -7.071068e-01 7.071068e-01
    outer loop
      vertex   -1.873916e+00 -2.907244e+01 -6.222440e+00
      vertex   -2.415301e+00 -2.939329e+01 -6.543291e+00
      vertex   -2.066863e+00 -2.947497e+01 -6.624970e+00
    endloop
  endfacet
  facet normal 1.602578e-15 -7.071068e-01 7.071068e-01
    outer loop
      vertex   -2.066863e+00 -2.947497e+01 -6.624970e+00
      vertex   -2.415301e+00 -2.939329e+01 -6.543291e+00
      vertex   -2.273037e+00 -2.986227e+01 -7.012274e+00
    endloop
  endfacet
  facet normal -2.266454e-14 -7.071068e-01 7.071068e-01
    outer loop
      vertex   -2.066863e+00 -2.947497e+01 -6.624970e+00
      vertex   -2.273037e+00 -2.986227e+01 -7.012274e+00
      vertex   -2.185148e+00 -2.990540e+01 -7.055398e+00
    endloop
  endfacet
  facet normal -3.001641e-14 -7.071068e-01 7.071068e-01
    outer loop
      vertex   -2.185148e+00 -2.990540e+01 -7.055398e+00
      vertex   -2.273037e+00 -2.986227e+01 -7.012274e+00
      vertex   -2.225000e+00 -3.035000e+01 -7.500000e+00
    endloop
  endfacet
  facet normal 2.722386e-16 -1.000000e+00 0.000000e+00
    outer loop
      vertex   -4.725000e+00 -2.785000e+01 -5.000000e+00
      vertex   -1.777500e+01 -2.785000e+01 -5.000000e+00
      vertex   -4.725000e+00 -2.785000e+01 -1.150000e+01
    endloop
  endfacet
  facet normal 2.722386e-16 -1.000000e+00 0.000000e+00
    outer loop
      vertex   -4.725000e+00 -2.785000e+01 -1.150000e+01
      vertex   -1.777500e+01 -2.785000e+01 -5.000000e+00
      vertex   -1.777500e+01 -2.785000e+01 -1.150000e+01
    endloop
  endfacet
  facet normal 0.000000e+00 -0.000000e+00 1.000000e+00
    outer loop
      vertex   2.677500e+01 -1.687500e+01 -4.000000e+00
      vertex   2.677500e+01 -6.250000e-01 -4.000000e+00
      vertex   2.672411e+01 -1.616343e+01 -4.000000e+00
    endloop
  endfacet
  facet normal 0.000000e+00 0.000000e+00 1.000000e+00
    outer loop
      vertex   2.672411e+01 -1.616343e+01 -4.000000e+00
      vertex   2.677500e+01 -6.250000e-01 -4.000000e+00
      vertex   2.672411e+01 -1.336574e+00 -4.000000e+00
    endloop
  endfacet
  facet normal 0.000000e+00 -0.000000e+00 1.000000e+00
    outer loop
      vertex   2.672411e+01 -1.616343e+01 -4.000000e+00
      vertex   2.672411e+01 -1.336574e+00 -4.000000e+00
      vertex   2.657246e+01 -1.546634e+01 -4.000000e+00
    endloop
  endfacet
  facet normal 0.000000e+00 0.000000e+00 1.000000e+00
    outer loop
      vertex   2.657246e+01 -1.546634e+01 -4.000000e+00
      vertex   2.672411e+01 -1.336574e+00 -4.000000e+00
      vertex   2.657246e+01 -2.033663e+00 -4.000000e+00
    endloop
  endfacet
  facet normal 0.000000e+00 -0.000000e+00 1.000000e+00
    outer loop
      vertex   2.657246e+01 -1.546634e+01 -4.000000e+00
      vertex   2.657246e+01 -2.033663e+00 -4.000000e+00
      vertex   2.632316e+01 -1.479792e+01 -4.000000e+00
    endloop
  endfacet
  facet normal 0.000000e+00 0.000000e+00 1.000000e+00
    outer loop
      vertex   2.632316e+01 -1.479792e+01 -4.000000e+00
      vertex   2.657246e+01 -2.033663e+00 -4.000000e+00
      vertex   2.632316e+01 -2.702075e+00 -4.000000e+00
    endloop
  endfacet
  facet normal 0.000000e+00 -0.000000e+00 1.000000e+00
    outer loop
      vertex   2.632316e+01 -1.479792e+01 -4.000000e+00
      vertex   2.632316e+01 -2.702075e+00 -4.000000e+00
      vertex   2.598127e+01 -1.417180e+01 -4.000000e+00
    endloop
  endfacet
  facet normal 0.000000e+00 -0.000000e+00 1.000000e+00
    outer loop
      vertex   2.598127e+01 -1.417180e+01 -4.000000e+00
      vertex   2.632316e+01 -2.702075e+00 -4.000000e+00
      vertex   2.598127e+01 -3.328204e+00 -4.000000e+00
    endloop
  endfacet
  facet normal 0.000000e+00 0.000000e+00 1.000000e+00
    outer loop
      vertex   2.598127e+01 -1.417180e+01 -4.000000e+00
      vertex   2.598127e+01 -3.328204e+00 -4.000000e+00
      vertex   2.555375e+01 -1.360070e+01 -4.000000e+00
    endloop
  endfacet
  facet normal 0.000000e+00 -0.000000e+00 1.000000e+00
    outer loop
      vertex   2.555375e+01 -1.360070e+01 -4.000000e+00
      vertex   2.598127e+01 -3.328204e+00 -4.000000e+00
      vertex   2.555375e+01 -3.899304e+00 -4.000000e+00
    endloop
  endfacet
  facet normal 0.000000e+00 0.000000e+00 1.000000e+00
    outer loop
      vertex   2.555375e+01 -1.360070e+01 -4.000000e+00
      vertex   2.555375e+01 -3.899304e+00 -4.000000e+00
      vertex   2.504930e+01 -1.309625e+01 -4.000000e+00
    endloop
  endfacet
  facet normal 0.000000e+00 -0.000000e+00 1.000000e+00
    outer loop
      vertex   2.504930e+01 -1.309625e+01 -4.000000e+00
      vertex   2.555375e+01 -3.899304e+00 -4.000000e+00
      vertex   2.504930e+01 -4.403748e+00 -4.000000e+00
    endloop
  endfacet
  facet normal 0.000000e+00 0.000000e+00 1.000000e+00
    outer loop
      vertex   2.504930e+01 -1.309625e+01 -4.000000e+00
      vertex   2.504930e+01 -4.403748e+00 -4.000000e+00
      vertex   2.447820e+01 -1.266873e+01 -4.000000e+00
    endloop
  endfacet
  facet normal 0.000000e+00 0.000000e+00 1.000000e+00
    outer loop
      vertex   2.447820e+01 -1.266873e+01 -4.000000e+00
      vertex   2.504930e+01 -4.403748e+00 -4.000000e+00
      vertex   2.447820e+01 -4.831268e+00 -4.000000e+00
    endloop
  endfacet
  facet normal 0.000000e+00 -0.000000e+00 1.000000e+00
    outer loop
      vertex   2.447820e+01 -1.266873e+01 -4.000000e+00
      vertex   2.447820e+01 -4.831268e+00 -4.000000e+00
      vertex   2.385208e+01 -1.232684e+01 -4.000000e+00
    endloop
  endfacet
  facet normal 0.000000e+00 0.000000e+00 1.000000e+00
    outer loop
      vertex   2.385208e+01 -1.232684e+01 -4.000000e+00
      vertex   2.447820e+01 -4.831268e+00 -4.000000e+00
      vertex   2.385208e+01 -5.173160e+00 -4.000000e+00
    endloop
  endfacet
  facet normal 6.954786e-16 -0.000000e+00 1.000000e+00
    outer loop
      vertex   2.385208e+01 -1.232684e+01 -4.000000e+00
      vertex   2.385208e+01 -5.173160e+00 -4.000000e+00
      vertex   2.257500e+01 -8.750000e+00 -4.000000e+00
    endloop
  endfacet
  facet normal 5.081185e-16 6.689507e-17 1.000000e+00
    outer loop
      vertex   2.257500e+01 -8.750000e+00 -4.000000e+00
      vertex   2.385208e+01 -5.173160e+00 -4.000000e+00
      vertex   2.252900e+01 -8.400594e+00 -4.000000e+00
    endloop
  endfacet
  facet normal -1.211701e-16 3.248697e-16 1.000000e+00
    outer loop
      vertex   2.252900e+01 -8.400594e+00 -4.000000e+00
      vertex   2.385208e+01 -5.173160e+00 -4.000000e+00
      vertex   2.318366e+01 -5.422465e+00 -4.000000e+00
    endloop
  endfacet
  facet normal 4.703726e-16 1.948347e-16 1.000000e+00
    outer loop
      vertex   2.252900e+01 -8.400594e+00 -4.000000e+00
      vertex   2.318366e+01 -5.422465e+00 -4.000000e+00
      vertex   2.239413e+01 -8.075000e+00 -4.000000e+00
    endloop
  endfacet
  facet normal -7.788321e-17 3.580233e-16 1.000000e+00
    outer loop
      vertex   2.239413e+01 -8.075000e+00 -4.000000e+00
      vertex   2.318366e+01 -5.422465e+00 -4.000000e+00
      vertex   2.248657e+01 -5.574107e+00 -4.000000e+00
    endloop
  endfacet
  facet normal 4.415629e-16 3.388232e-16 1.000000e+00
    outer loop
      vertex   2.239413e+01 -8.075000e+00 -4.000000e+00
      vertex   2.248657e+01 -5.574107e+00 -4.000000e+00
      vertex   2.217959e+01 -7.795406e+00 -4.000000e+00
    endloop
  endfacet
  facet normal 2.773969e-16 3.615107e-16 1.000000e+00
    outer loop
      vertex   2.217959e+01 -7.795406e+00 -4.000000e+00
      vertex   2.248657e+01 -5.574107e+00 -4.000000e+00
      vertex   2.190000e+01 -7.580866e+00 -4.000000e+00
    endloop
  endfacet
  facet normal 1.242509e-15 7.940912e-17 1.000000e+00
    outer loop
      vertex   2.190000e+01 -7.580866e+00 -4.000000e+00
      vertex   2.248657e+01 -5.574107e+00 -4.000000e+00
      vertex   2.177500e+01 -5.625000e+00 -4.000000e+00
    endloop
  endfacet
  facet normal 0.000000e+00 0.000000e+00 1.000000e+00
    outer loop
      vertex   2.190000e+01 -7.580866e+00 -4.000000e+00
      vertex   2.177500e+01 -5.625000e+00 -4.000000e+00
      vertex   2.157441e+01 -7.446000e+00 -4.000000e+00
    endloop
  endfacet
  facet normal 0.000000e+00 -0.000000e+00 1.000000e+00
    outer loop
      vertex   2.157441e+01 -7.446000e+00 -4.000000e+00
      vertex   2.177500e+01 -5.625000e+00 -4.000000e+00
      vertex   2.122500e+01 -5.625000e+00 -4.000000e+00
    endloop
  endfacet
  facet normal 0.000000e+00 0.000000e+00 1.000000e+00
    outer loop
      vertex   2.157441e+01 -7.446000e+00 -4.000000e+00
      vertex   2.122500e+01 -5.625000e+00 -4.000000e+00
      vertex   2.122500e+01 -7.400000e+00 -4.000000e+00
    endloop
  endfacet
  facet normal 0.000000e+00 -0.000000e+00 1.000000e+00
    outer loop
      vertex   2.122500e+01 -7.400000e+00 -4.000000e+00
      vertex   2.122500e+01 -5.625000e+00 -4.000000e+00
      vertex   2.087559e+01 -7.446000e+00 -4.000000e+00
    endloop
  endfacet
  facet normal 0.000000e+00 -0.000000e+00 1.000000e+00
    outer loop
      vertex   2.087559e+01 -7.446000e+00 -4.000000e+00
      vertex   2.122500e+01 -5.625000e+00 -4.000000e+00
      vertex   2.068235e+01 -5.672476e+00 -4.000000e+00
    endloop
  endfacet
  facet normal 0.000000e+00 0.000000e+00 1.000000e+00
    outer loop
      vertex   2.087559e+01 -7.446000e+00 -4.000000e+00
      vertex   2.068235e+01 -5.672476e+00 -4.000000e+00
      vertex   2.055000e+01 -7.580866e+00 -4.000000e+00
    endloop
  endfacet
  facet normal 0.000000e+00 -0.000000e+00 1.000000e+00
    outer loop
      vertex   2.055000e+01 -7.580866e+00 -4.000000e+00
      vertex   2.068235e+01 -5.672476e+00 -4.000000e+00
      vertex   2.015619e+01 -5.813461e+00 -4.000000e+00
    endloop
  endfacet
  facet normal 0.000000e+00 0.000000e+00 1.000000e+00
    outer loop
      vertex   2.055000e+01 -7.580866e+00 -4.000000e+00
      vertex   2.015619e+01 -5.813461e+00 -4.000000e+00
      vertex   2.027041e+01 -7.795406e+00 -4.000000e+00
    endloop
  endfacet
  facet normal 0.000000e+00 0.000000e+00 1.000000e+00
    outer loop
      vertex   2.027041e+01 -7.795406e+00 -4.000000e+00
      vertex   2.015619e+01 -5.813461e+00 -4.000000e+00
      vertex   1.966250e+01 -6.043671e+00 -4.000000e+00
    endloop
  endfacet
  facet normal 0.000000e+00 0.000000e+00 1.000000e+00
    outer loop
      vertex   2.027041e+01 -7.795406e+00 -4.000000e+00
      vertex   1.966250e+01 -6.043671e+00 -4.000000e+00
      vertex   2.005587e+01 -8.075000e+00 -4.000000e+00
    endloop
  endfacet
  facet normal 0.000000e+00 0.000000e+00 1.000000e+00
    outer loop
      vertex   2.005587e+01 -8.075000e+00 -4.000000e+00
      vertex   1.966250e+01 -6.043671e+00 -4.000000e+00
      vertex   1.921629e+01 -6.356111e+00 -4.000000e+00
    endloop
  endfacet
  facet normal 0.000000e+00 0.000000e+00 1.000000e+00
    outer loop
      vertex   2.005587e+01 -8.075000e+00 -4.000000e+00
      vertex   1.921629e+01 -6.356111e+00 -4.000000e+00
      vertex   1.992100e+01 -8.400594e+00 -4.000000e+00
    endloop
  endfacet
  facet normal 0.000000e+00 0.000000e+00 1.000000e+00
    outer loop
      vertex   1.992100e+01 -8.400594e+00 -4.000000e+00
      vertex   1.921629e+01 -6.356111e+00 -4.000000e+00
      vertex   1.883111e+01 -6.741289e+00 -4.000000e+00
    endloop
  endfacet
  facet normal 0.000000e+00 0.000000e+00 1.000000e+00
    outer loop
      vertex   1.992100e+01 -8.400594e+00 -4.000000e+00
      vertex   1.883111e+01 -6.741289e+00 -4.000000e+00
      vertex   1.851867e+01 -7.187500e+00 -4.000000e+00
    endloop
  endfacet
  facet normal 0.000000e+00 0.000000e+00 1.000000e+00
    outer loop
      vertex   1.992100e+01 -8.400594e+00 -4.000000e+00
      vertex   1.851867e+01 -7.187500e+00 -4.000000e+00
      vertex   1.987500e+01 -8.750000e+00 -4.000000e+00
    endloop
  endfacet
  facet normal 0.000000e+00 0.000000e+00 1.000000e+00
    outer loop
      vertex   1.987500e+01 -8.750000e+00 -4.000000e+00
      vertex   1.851867e+01 -7.187500e+00 -4.000000e+00
      vertex   1.828846e+01 -7.681187e+00 -4.000000e+00
    endloop
  endfacet
  facet normal 0.000000e+00 0.000000e+00 1.000000e+00
    outer loop
      vertex   1.987500e+01 -8.750000e+00 -4.000000e+00
      vertex   1.828846e+01 -7.681187e+00 -4.000000e+00
      vertex   1.814748e+01 -8.207349e+00 -4.000000e+00
    endloop
  endfacet
  facet normal 0.000000e+00 0.000000e+00 1.000000e+00
    outer loop
      vertex   1.814748e+01 -8.207349e+00 -4.000000e+00
      vertex   1.810000e+01 -8.750000e+00 -4.000000e+00
      vertex   1.987500e+01 -8.750000e+00 -4.000000e+00
    endloop
  endfacet
  facet normal 0.000000e+00 0.000000e+00 1.000000e+00
    outer loop
      vertex   1.987500e+01 -8.750000e+00 -4.000000e+00
      vertex   1.810000e+01 -8.750000e+00 -4.000000e+00
      vertex   1.814748e+01 -9.292651e+00 -4.000000e+00
    endloop
  endfacet
  facet normal 0.000000e+00 0.000000e+00 1.000000e+00
    outer loop
      vertex   1.987500e+01 -8.750000e+00 -4.000000e+00
      vertex   1.814748e+01 -9.292651e+00 -4.000000e+00
      vertex   1.828846e+01 -9.818813e+00 -4.000000e+00
    endloop
  endfacet
  facet normal -0.000000e+00 0.000000e+00 1.000000e+00
    outer loop
      vertex   1.828846e+01 -9.818813e+00 -4.000000e+00
      vertex   1.851867e+01 -1.031250e+01 -4.000000e+00
      vertex   1.987500e+01 -8.750000e+00 -4.000000e+00
    endloop
  endfacet
  facet normal 0.000000e+00 0.000000e+00 1.000000e+00
    outer loop
      vertex   1.987500e+01 -8.750000e+00 -4.000000e+00
      vertex   1.851867e+01 -1.031250e+01 -4.000000e+00
      vertex   1.992100e+01 -9.099406e+00 -4.000000e+00
    endloop
  endfacet
  facet normal 0.000000e+00 0.000000e+00 1.000000e+00
    outer loop
      vertex   1.992100e+01 -9.099406e+00 -4.000000e+00
      vertex   1.851867e+01 -1.031250e+01 -4.000000e+00
      vertex   1.883111e+01 -1.075871e+01 -4.000000e+00
    endloop
  endfacet
  facet normal 0.000000e+00 0.000000e+00 1.000000e+00
    outer loop
      vertex   1.992100e+01 -9.099406e+00 -4.000000e+00
      vertex   1.883111e+01 -1.075871e+01 -4.000000e+00
      vertex   1.921629e+01 -1.114389e+01 -4.000000e+00
    endloop
  endfacet
  facet normal 0.000000e+00 0.000000e+00 1.000000e+00
    outer loop
      vertex   1.992100e+01 -9.099406e+00 -4.000000e+00
      vertex   1.921629e+01 -1.114389e+01 -4.000000e+00
      vertex   2.005587e+01 -9.425000e+00 -4.000000e+00
    endloop
  endfacet
  facet normal 0.000000e+00 0.000000e+00 1.000000e+00
    outer loop
      vertex   2.005587e+01 -9.425000e+00 -4.000000e+00
      vertex   1.921629e+01 -1.114389e+01 -4.000000e+00
      vertex   1.966250e+01 -1.145633e+01 -4.000000e+00
    endloop
  endfacet
  facet normal 0.000000e+00 0.000000e+00 1.000000e+00
    outer loop
      vertex   2.005587e+01 -9.425000e+00 -4.000000e+00
      vertex   1.966250e+01 -1.145633e+01 -4.000000e+00
      vertex   2.027041e+01 -9.704594e+00 -4.000000e+00
    endloop
  endfacet
  facet normal 0.000000e+00 0.000000e+00 1.000000e+00
    outer loop
      vertex   2.027041e+01 -9.704594e+00 -4.000000e+00
      vertex   1.966250e+01 -1.145633e+01 -4.000000e+00
      vertex   2.015619e+01 -1.168654e+01 -4.000000e+00
    endloop
  endfacet
  facet normal 0.000000e+00 0.000000e+00 1.000000e+00
    outer loop
      vertex   2.027041e+01 -9.704594e+00 -4.000000e+00
      vertex   2.015619e+01 -1.168654e+01 -4.000000e+00
      vertex   2.055000e+01 -9.919134e+00 -4.000000e+00
    endloop
  endfacet
  facet normal 0.000000e+00 0.000000e+00 1.000000e+00
    outer loop
      vertex   2.055000e+01 -9.919134e+00 -4.000000e+00
      vertex   2.015619e+01 -1.168654e+01 -4.000000e+00
      vertex   2.068235e+01 -1.182752e+01 -4.000000e+00
    endloop
  endfacet
  facet normal 0.000000e+00 0.000000e+00 1.000000e+00
    outer loop
      vertex   2.055000e+01 -9.919134e+00 -4.000000e+00
      vertex   2.068235e+01 -1.182752e+01 -4.000000e+00
      vertex   2.087559e+01 -1.005400e+01 -4.000000e+00
    endloop
  endfacet
  facet normal 0.000000e+00 0.000000e+00 1.000000e+00
    outer loop
      vertex   2.087559e+01 -1.005400e+01 -4.000000e+00
      vertex   2.068235e+01 -1.182752e+01 -4.000000e+00
      vertex   2.122500e+01 -1.187500e+01 -4.000000e+00
    endloop
  endfacet
  facet normal 0.000000e+00 0.000000e+00 1.000000e+00
    outer loop
      vertex   2.087559e+01 -1.005400e+01 -4.000000e+00
      vertex   2.122500e+01 -1.187500e+01 -4.000000e+00
      vertex   2.122500e+01 -1.010000e+01 -4.000000e+00
    endloop
  endfacet
  facet normal -0.000000e+00 0.000000e+00 1.000000e+00
    outer loop
      vertex   2.122500e+01 -1.010000e+01 -4.000000e+00
      vertex   2.122500e+01 -1.187500e+01 -4.000000e+00
      vertex   2.157441e+01 -1.005400e+01 -4.000000e+00
    endloop
  endfacet
  facet normal 0.000000e+00 0.000000e+00 1.000000e+00
    outer loop
      vertex   2.157441e+01 -1.005400e+01 -4.000000e+00
      vertex   2.122500e+01 -1.187500e+01 -4.000000e+00
      vertex   2.177500e+01 -1.187500e+01 -4.000000e+00
    endloop
  endfacet
  facet normal -0.000000e+00 0.000000e+00 1.000000e+00
    outer loop
      vertex   2.157441e+01 -1.005400e+01 -4.000000e+00
      vertex   2.177500e+01 -1.187500e+01 -4.000000e+00
      vertex   2.190000e+01 -9.919134e+00 -4.000000e+00
    endloop
  endfacet
  facet normal 1.242509e-15 -7.940912e-17 1.000000e+00
    outer loop
      vertex   2.190000e+01 -9.919134e+00 -4.000000e+00
      vertex   2.177500e+01 -1.187500e+01 -4.000000e+00
      vertex   2.248657e+01 -1.192589e+01 -4.000000e+00
    endloop
  endfacet
  facet normal 2.773969e-16 -3.615107e-16 1.000000e+00
    outer loop
      vertex   2.190000e+01 -9.919134e+00 -4.000000e+00
      vertex   2.248657e+01 -1.192589e+01 -4.000000e+00
      vertex   2.217959e+01 -9.704594e+00 -4.000000e+00
    endloop
  endfacet
  facet normal 4.415629e-16 -3.388232e-16 1.000000e+00
    outer loop
      vertex   2.217959e+01 -9.704594e+00 -4.000000e+00
      vertex   2.248657e+01 -1.192589e+01 -4.000000e+00
      vertex   2.239413e+01 -9.425000e+00 -4.000000e+00
    endloop
  endfacet
  facet normal -7.788321e-17 -3.580233e-16 1.000000e+00
    outer loop
      vertex   2.239413e+01 -9.425000e+00 -4.000000e+00
      vertex   2.248657e+01 -1.192589e+01 -4.000000e+00
      vertex   2.318366e+01 -1.207754e+01 -4.000000e+00
    endloop
  endfacet
  facet normal 4.703726e-16 -1.948347e-16 1.000000e+00
    outer loop
      vertex   2.239413e+01 -9.425000e+00 -4.000000e+00
      vertex   2.318366e+01 -1.207754e+01 -4.000000e+00
      vertex   2.252900e+01 -9.099406e+00 -4.000000e+00
    endloop
  endfacet
  facet normal -1.211701e-16 -3.248697e-16 1.000000e+00
    outer loop
      vertex   2.252900e+01 -9.099406e+00 -4.000000e+00
      vertex   2.318366e+01 -1.207754e+01 -4.000000e+00
      vertex   2.385208e+01 -1.232684e+01 -4.000000e+00
    endloop
  endfacet
  facet normal 5.081185e-16 -6.689507e-17 1.000000e+00
    outer loop
      vertex   2.252900e+01 -9.099406e+00 -4.000000e+00
      vertex   2.385208e+01 -1.232684e+01 -4.000000e+00
      vertex   2.257500e+01 -8.750000e+00 -4.000000e+00
    endloop
  endfacet
  facet normal 0.000000e+00 0.000000e+00 1.000000e+00
    outer loop
      vertex   -1.318553e+01 2.685000e+01 -4.000000e+00
      vertex   -1.777500e+01 2.685000e+01 -4.000000e+00
      vertex   -1.389711e+01 2.679911e+01 -4.000000e+00
    endloop
  endfacet
  facet normal 0.000000e+00 0.000000e+00 1.000000e+00
    outer loop
      vertex   -1.389711e+01 2.679911e+01 -4.000000e+00
      vertex   -1.777500e+01 2.685000e+01 -4.000000e+00
      vertex   -1.459420e+01 2.664746e+01 -4.000000e+00
    endloop
  endfacet
  facet normal 0.000000e+00 0.000000e+00 1.000000e+00
    outer loop
      vertex   -1.459420e+01 2.664746e+01 -4.000000e+00
      vertex   -1.777500e+01 2.685000e+01 -4.000000e+00
      vertex   -1.526261e+01 2.639816e+01 -4.000000e+00
    endloop
  endfacet
  facet normal 0.000000e+00 0.000000e+00 1.000000e+00
    outer loop
      vertex   -1.526261e+01 2.639816e+01 -4.000000e+00
      vertex   -1.777500e+01 2.685000e+01 -4.000000e+00
      vertex   -1.588874e+01 2.605627e+01 -4.000000e+00
    endloop
  endfacet
  facet normal 0.000000e+00 0.000000e+00 1.000000e+00
    outer loop
      vertex   -1.588874e+01 2.605627e+01 -4.000000e+00
      vertex   -1.777500e+01 2.685000e+01 -4.000000e+00
      vertex   -1.645984e+01 2.562875e+01 -4.000000e+00
    endloop
  endfacet
  facet normal 0.000000e+00 0.000000e+00 1.000000e+00
    outer loop
      vertex   -1.645984e+01 2.562875e+01 -4.000000e+00
      vertex   -1.777500e+01 2.685000e+01 -4.000000e+00
      vertex   -1.696428e+01 2.512430e+01 -4.000000e+00
    endloop
  endfacet
  facet normal 0.000000e+00 0.000000e+00 1.000000e+00
    outer loop
      vertex   -1.696428e+01 2.512430e+01 -4.000000e+00
      vertex   -1.777500e+01 2.685000e+01 -4.000000e+00
      vertex   -1.871576e+01 2.680070e+01 -4.000000e+00
    endloop
  endfacet
  facet normal 0.000000e+00 0.000000e+00 1.000000e+00
    outer loop
      vertex   -1.696428e+01 2.512430e+01 -4.000000e+00
      vertex   -1.871576e+01 2.680070e+01 -4.000000e+00
      vertex   -1.739180e+01 2.455320e+01 -4.000000e+00
    endloop
  endfacet
  facet normal 0.000000e+00 0.000000e+00 1.000000e+00
    outer loop
      vertex   -1.739180e+01 2.455320e+01 -4.000000e+00
      vertex   -1.871576e+01 2.680070e+01 -4.000000e+00
      vertex   -1.964621e+01 2.665333e+01 -4.000000e+00
    endloop
  endfacet
  facet normal 0.000000e+00 0.000000e+00 1.000000e+00
    outer loop
      vertex   -1.739180e+01 2.455320e+01 -4.000000e+00
      vertex   -1.964621e+01 2.665333e+01 -4.000000e+00
      vertex   -1.773369e+01 2.392708e+01 -4.000000e+00
    endloop
  endfacet
  facet normal 0.000000e+00 0.000000e+00 1.000000e+00
    outer loop
      vertex   -1.773369e+01 2.392708e+01 -4.000000e+00
      vertex   -1.964621e+01 2.665333e+01 -4.000000e+00
      vertex   -2.055615e+01 2.640951e+01 -4.000000e+00
    endloop
  endfacet
  facet normal 0.000000e+00 0.000000e+00 1.000000e+00
    outer loop
      vertex   -1.773369e+01 2.392708e+01 -4.000000e+00
      vertex   -2.055615e+01 2.640951e+01 -4.000000e+00
      vertex   -2.063553e+01 2.255467e+01 -4.000000e+00
    endloop
  endfacet
  facet normal 0.000000e+00 -0.000000e+00 1.000000e+00
    outer loop
      vertex   -2.063553e+01 2.255467e+01 -4.000000e+00
      vertex   -2.055615e+01 2.640951e+01 -4.000000e+00
      vertex   -2.096113e+01 2.268953e+01 -4.000000e+00
    endloop
  endfacet
  facet normal 0.000000e+00 -0.000000e+00 1.000000e+00
    outer loop
      vertex   -2.096113e+01 2.268953e+01 -4.000000e+00
      vertex   -2.055615e+01 2.640951e+01 -4.000000e+00
      vertex   -2.143563e+01 2.607191e+01 -4.000000e+00
    endloop
  endfacet
  facet normal 0.000000e+00 0.000000e+00 1.000000e+00
    outer loop
      vertex   -2.096113e+01 2.268953e+01 -4.000000e+00
      vertex   -2.143563e+01 2.607191e+01 -4.000000e+00
      vertex   -2.131053e+01 2.273553e+01 -4.000000e+00
    endloop
  endfacet
  facet normal 0.000000e+00 0.000000e+00 1.000000e+00
    outer loop
      vertex   -2.131053e+01 2.273553e+01 -4.000000e+00
      vertex   -2.143563e+01 2.607191e+01 -4.000000e+00
      vertex   -2.227500e+01 2.564423e+01 -4.000000e+00
    endloop
  endfacet
  facet normal 0.000000e+00 0.000000e+00 1.000000e+00
    outer loop
      vertex   -2.131053e+01 2.273553e+01 -4.000000e+00
      vertex   -2.227500e+01 2.564423e+01 -4.000000e+00
      vertex   -2.165994e+01 2.268953e+01 -4.000000e+00
    endloop
  endfacet
  facet normal 0.000000e+00 0.000000e+00 1.000000e+00
    outer loop
      vertex   -2.165994e+01 2.268953e+01 -4.000000e+00
      vertex   -2.227500e+01 2.564423e+01 -4.000000e+00
      vertex   -2.306507e+01 2.513115e+01 -4.000000e+00
    endloop
  endfacet
  facet normal 0.000000e+00 0.000000e+00 1.000000e+00
    outer loop
      vertex   -2.165994e+01 2.268953e+01 -4.000000e+00
      vertex   -2.306507e+01 2.513115e+01 -4.000000e+00
      vertex   -2.198553e+01 2.255467e+01 -4.000000e+00
    endloop
  endfacet
  facet normal 0.000000e+00 0.000000e+00 1.000000e+00
    outer loop
      vertex   -2.198553e+01 2.255467e+01 -4.000000e+00
      vertex   -2.306507e+01 2.513115e+01 -4.000000e+00
      vertex   -2.379718e+01 2.453830e+01 -4.000000e+00
    endloop
  endfacet
  facet normal 0.000000e+00 0.000000e+00 1.000000e+00
    outer loop
      vertex   -2.198553e+01 2.255467e+01 -4.000000e+00
      vertex   -2.379718e+01 2.453830e+01 -4.000000e+00
      vertex   -2.226513e+01 2.234013e+01 -4.000000e+00
    endloop
  endfacet
  facet normal 0.000000e+00 0.000000e+00 1.000000e+00
    outer loop
      vertex   -2.226513e+01 2.234013e+01 -4.000000e+00
      vertex   -2.379718e+01 2.453830e+01 -4.000000e+00
      vertex   -2.446330e+01 2.387218e+01 -4.000000e+00
    endloop
  endfacet
  facet normal 0.000000e+00 0.000000e+00 1.000000e+00
    outer loop
      vertex   -2.226513e+01 2.234013e+01 -4.000000e+00
      vertex   -2.446330e+01 2.387218e+01 -4.000000e+00
      vertex   -2.247967e+01 2.206053e+01 -4.000000e+00
    endloop
  endfacet
  facet normal 0.000000e+00 0.000000e+00 1.000000e+00
    outer loop
      vertex   -2.247967e+01 2.206053e+01 -4.000000e+00
      vertex   -2.446330e+01 2.387218e+01 -4.000000e+00
      vertex   -2.505615e+01 2.314007e+01 -4.000000e+00
    endloop
  endfacet
  facet normal 0.000000e+00 0.000000e+00 1.000000e+00
    outer loop
      vertex   -2.247967e+01 2.206053e+01 -4.000000e+00
      vertex   -2.505615e+01 2.314007e+01 -4.000000e+00
      vertex   -2.261453e+01 2.173494e+01 -4.000000e+00
    endloop
  endfacet
  facet normal 0.000000e+00 0.000000e+00 1.000000e+00
    outer loop
      vertex   -2.261453e+01 2.173494e+01 -4.000000e+00
      vertex   -2.505615e+01 2.314007e+01 -4.000000e+00
      vertex   -2.556923e+01 2.235000e+01 -4.000000e+00
    endloop
  endfacet
  facet normal 0.000000e+00 0.000000e+00 1.000000e+00
    outer loop
      vertex   -2.261453e+01 2.173494e+01 -4.000000e+00
      vertex   -2.556923e+01 2.235000e+01 -4.000000e+00
      vertex   -2.266053e+01 2.138553e+01 -4.000000e+00
    endloop
  endfacet
  facet normal 0.000000e+00 0.000000e+00 1.000000e+00
    outer loop
      vertex   -2.266053e+01 2.138553e+01 -4.000000e+00
      vertex   -2.556923e+01 2.235000e+01 -4.000000e+00
      vertex   -2.599691e+01 2.151063e+01 -4.000000e+00
    endloop
  endfacet
  facet normal 0.000000e+00 0.000000e+00 1.000000e+00
    outer loop
      vertex   -2.266053e+01 2.138553e+01 -4.000000e+00
      vertex   -2.599691e+01 2.151063e+01 -4.000000e+00
      vertex   -2.261453e+01 2.103613e+01 -4.000000e+00
    endloop
  endfacet
  facet normal 0.000000e+00 0.000000e+00 1.000000e+00
    outer loop
      vertex   -2.261453e+01 2.103613e+01 -4.000000e+00
      vertex   -2.599691e+01 2.151063e+01 -4.000000e+00
      vertex   -2.633451e+01 2.063115e+01 -4.000000e+00
    endloop
  endfacet
  facet normal 0.000000e+00 0.000000e+00 1.000000e+00
    outer loop
      vertex   -2.261453e+01 2.103613e+01 -4.000000e+00
      vertex   -2.633451e+01 2.063115e+01 -4.000000e+00
      vertex   -2.247967e+01 2.071053e+01 -4.000000e+00
    endloop
  endfacet
  facet normal 0.000000e+00 0.000000e+00 1.000000e+00
    outer loop
      vertex   -2.247967e+01 2.071053e+01 -4.000000e+00
      vertex   -2.633451e+01 2.063115e+01 -4.000000e+00
      vertex   -2.385208e+01 1.780869e+01 -4.000000e+00
    endloop
  endfacet
  facet normal 0.000000e+00 0.000000e+00 1.000000e+00
    outer loop
      vertex   -2.247967e+01 2.071053e+01 -4.000000e+00
      vertex   -2.385208e+01 1.780869e+01 -4.000000e+00
      vertex   -2.318366e+01 1.805800e+01 -4.000000e+00
    endloop
  endfacet
  facet normal 0.000000e+00 0.000000e+00 1.000000e+00
    outer loop
      vertex   -2.633451e+01 2.063115e+01 -4.000000e+00
      vertex   -2.657833e+01 1.972121e+01 -4.000000e+00
      vertex   -2.385208e+01 1.780869e+01 -4.000000e+00
    endloop
  endfacet
  facet normal 0.000000e+00 0.000000e+00 1.000000e+00
    outer loop
      vertex   -2.385208e+01 1.780869e+01 -4.000000e+00
      vertex   -2.657833e+01 1.972121e+01 -4.000000e+00
      vertex   -2.447820e+01 1.746680e+01 -4.000000e+00
    endloop
  endfacet
  facet normal 0.000000e+00 0.000000e+00 1.000000e+00
    outer loop
      vertex   -2.447820e+01 1.746680e+01 -4.000000e+00
      vertex   -2.657833e+01 1.972121e+01 -4.000000e+00
      vertex   -2.672570e+01 1.879076e+01 -4.000000e+00
    endloop
  endfacet
  facet normal 0.000000e+00 0.000000e+00 1.000000e+00
    outer loop
      vertex   -2.447820e+01 1.746680e+01 -4.000000e+00
      vertex   -2.672570e+01 1.879076e+01 -4.000000e+00
      vertex   -2.504930e+01 1.703928e+01 -4.000000e+00
    endloop
  endfacet
  facet normal 0.000000e+00 0.000000e+00 1.000000e+00
    outer loop
      vertex   -2.504930e+01 1.703928e+01 -4.000000e+00
      vertex   -2.672570e+01 1.879076e+01 -4.000000e+00
      vertex   -2.677500e+01 1.785000e+01 -4.000000e+00
    endloop
  endfacet
  facet normal 0.000000e+00 0.000000e+00 1.000000e+00
    outer loop
      vertex   -2.504930e+01 1.703928e+01 -4.000000e+00
      vertex   -2.677500e+01 1.785000e+01 -4.000000e+00
      vertex   -2.555375e+01 1.653484e+01 -4.000000e+00
    endloop
  endfacet
  facet normal 0.000000e+00 0.000000e+00 1.000000e+00
    outer loop
      vertex   -2.555375e+01 1.653484e+01 -4.000000e+00
      vertex   -2.677500e+01 1.785000e+01 -4.000000e+00
      vertex   -2.598127e+01 1.596374e+01 -4.000000e+00
    endloop
  endfacet
  facet normal 0.000000e+00 0.000000e+00 1.000000e+00
    outer loop
      vertex   -2.598127e+01 1.596374e+01 -4.000000e+00
      vertex   -2.677500e+01 1.785000e+01 -4.000000e+00
      vertex   -2.632316e+01 1.533761e+01 -4.000000e+00
    endloop
  endfacet
  facet normal 0.000000e+00 0.000000e+00 1.000000e+00
    outer loop
      vertex   -2.632316e+01 1.533761e+01 -4.000000e+00
      vertex   -2.677500e+01 1.785000e+01 -4.000000e+00
      vertex   -2.657246e+01 1.466920e+01 -4.000000e+00
    endloop
  endfacet
  facet normal 0.000000e+00 0.000000e+00 1.000000e+00
    outer loop
      vertex   -2.657246e+01 1.466920e+01 -4.000000e+00
      vertex   -2.677500e+01 1.785000e+01 -4.000000e+00
      vertex   -2.672411e+01 1.397211e+01 -4.000000e+00
    endloop
  endfacet
  facet normal 0.000000e+00 0.000000e+00 1.000000e+00
    outer loop
      vertex   -2.672411e+01 1.397211e+01 -4.000000e+00
      vertex   -2.677500e+01 1.785000e+01 -4.000000e+00
      vertex   -2.677500e+01 1.326053e+01 -4.000000e+00
    endloop
  endfacet
  facet normal 0.000000e+00 0.000000e+00 1.000000e+00
    outer loop
      vertex   -2.247967e+01 2.071053e+01 -4.000000e+00
      vertex   -2.318366e+01 1.805800e+01 -4.000000e+00
      vertex   -2.226513e+01 2.043094e+01 -4.000000e+00
    endloop
  endfacet
  facet normal 0.000000e+00 0.000000e+00 1.000000e+00
    outer loop
      vertex   -2.226513e+01 2.043094e+01 -4.000000e+00
      vertex   -2.318366e+01 1.805800e+01 -4.000000e+00
      vertex   -2.248657e+01 1.820964e+01 -4.000000e+00
    endloop
  endfacet
  facet normal 0.000000e+00 0.000000e+00 1.000000e+00
    outer loop
      vertex   -2.226513e+01 2.043094e+01 -4.000000e+00
      vertex   -2.248657e+01 1.820964e+01 -4.000000e+00
      vertex   -2.198553e+01 2.021640e+01 -4.000000e+00
    endloop
  endfacet
  facet normal 0.000000e+00 0.000000e+00 1.000000e+00
    outer loop
      vertex   -2.198553e+01 2.021640e+01 -4.000000e+00
      vertex   -2.248657e+01 1.820964e+01 -4.000000e+00
      vertex   -2.165994e+01 2.008153e+01 -4.000000e+00
    endloop
  endfacet
  facet normal 0.000000e+00 0.000000e+00 1.000000e+00
    outer loop
      vertex   -2.165994e+01 2.008153e+01 -4.000000e+00
      vertex   -2.248657e+01 1.820964e+01 -4.000000e+00
      vertex   -2.177500e+01 1.826053e+01 -4.000000e+00
    endloop
  endfacet
  facet normal 0.000000e+00 0.000000e+00 1.000000e+00
    outer loop
      vertex   -2.165994e+01 2.008153e+01 -4.000000e+00
      vertex   -2.177500e+01 1.826053e+01 -4.000000e+00
      vertex   -2.131053e+01 2.003553e+01 -4.000000e+00
    endloop
  endfacet
  facet normal 0.000000e+00 0.000000e+00 1.000000e+00
    outer loop
      vertex   -2.131053e+01 2.003553e+01 -4.000000e+00
      vertex   -2.177500e+01 1.826053e+01 -4.000000e+00
      vertex   -2.131053e+01 1.826053e+01 -4.000000e+00
    endloop
  endfacet
  facet normal 0.000000e+00 0.000000e+00 1.000000e+00
    outer loop
      vertex   -2.131053e+01 2.003553e+01 -4.000000e+00
      vertex   -2.131053e+01 1.826053e+01 -4.000000e+00
      vertex   -2.076788e+01 1.830801e+01 -4.000000e+00
    endloop
  endfacet
  facet normal -0.000000e+00 0.000000e+00 1.000000e+00
    outer loop
      vertex   -2.131053e+01 2.003553e+01 -4.000000e+00
      vertex   -2.076788e+01 1.830801e+01 -4.000000e+00
      vertex   -2.096113e+01 2.008153e+01 -4.000000e+00
    endloop
  endfacet
  facet normal 0.000000e+00 0.000000e+00 1.000000e+00
    outer loop
      vertex   -2.096113e+01 2.008153e+01 -4.000000e+00
      vertex   -2.076788e+01 1.830801e+01 -4.000000e+00
      vertex   -2.024172e+01 1.844899e+01 -4.000000e+00
    endloop
  endfacet
  facet normal -0.000000e+00 0.000000e+00 1.000000e+00
    outer loop
      vertex   -2.096113e+01 2.008153e+01 -4.000000e+00
      vertex   -2.024172e+01 1.844899e+01 -4.000000e+00
      vertex   -2.063553e+01 2.021640e+01 -4.000000e+00
    endloop
  endfacet
  facet normal 0.000000e+00 0.000000e+00 1.000000e+00
    outer loop
      vertex   -2.063553e+01 2.021640e+01 -4.000000e+00
      vertex   -2.024172e+01 1.844899e+01 -4.000000e+00
      vertex   -1.974803e+01 1.867920e+01 -4.000000e+00
    endloop
  endfacet
  facet normal 0.000000e+00 0.000000e+00 1.000000e+00
    outer loop
      vertex   -2.063553e+01 2.021640e+01 -4.000000e+00
      vertex   -1.974803e+01 1.867920e+01 -4.000000e+00
      vertex   -1.930182e+01 1.899165e+01 -4.000000e+00
    endloop
  endfacet
  facet normal -0.000000e+00 0.000000e+00 1.000000e+00
    outer loop
      vertex   -2.063553e+01 2.021640e+01 -4.000000e+00
      vertex   -1.930182e+01 1.899165e+01 -4.000000e+00
      vertex   -2.035594e+01 2.043094e+01 -4.000000e+00
    endloop
  endfacet
  facet normal 0.000000e+00 0.000000e+00 1.000000e+00
    outer loop
      vertex   -2.035594e+01 2.043094e+01 -4.000000e+00
      vertex   -1.930182e+01 1.899165e+01 -4.000000e+00
      vertex   -1.891665e+01 1.937682e+01 -4.000000e+00
    endloop
  endfacet
  facet normal -0.000000e+00 0.000000e+00 1.000000e+00
    outer loop
      vertex   -2.035594e+01 2.043094e+01 -4.000000e+00
      vertex   -1.891665e+01 1.937682e+01 -4.000000e+00
      vertex   -2.014140e+01 2.071053e+01 -4.000000e+00
    endloop
  endfacet
  facet normal 0.000000e+00 0.000000e+00 1.000000e+00
    outer loop
      vertex   -2.014140e+01 2.071053e+01 -4.000000e+00
      vertex   -1.891665e+01 1.937682e+01 -4.000000e+00
      vertex   -1.860420e+01 1.982303e+01 -4.000000e+00
    endloop
  endfacet
  facet normal 0.000000e+00 0.000000e+00 1.000000e+00
    outer loop
      vertex   -2.014140e+01 2.071053e+01 -4.000000e+00
      vertex   -1.860420e+01 1.982303e+01 -4.000000e+00
      vertex   -1.837399e+01 2.031672e+01 -4.000000e+00
    endloop
  endfacet
  facet normal -0.000000e+00 0.000000e+00 1.000000e+00
    outer loop
      vertex   -2.014140e+01 2.071053e+01 -4.000000e+00
      vertex   -1.837399e+01 2.031672e+01 -4.000000e+00
      vertex   -2.000653e+01 2.103613e+01 -4.000000e+00
    endloop
  endfacet
  facet normal 0.000000e+00 0.000000e+00 1.000000e+00
    outer loop
      vertex   -2.000653e+01 2.103613e+01 -4.000000e+00
      vertex   -1.837399e+01 2.031672e+01 -4.000000e+00
      vertex   -1.823301e+01 2.084288e+01 -4.000000e+00
    endloop
  endfacet
  facet normal -0.000000e+00 0.000000e+00 1.000000e+00
    outer loop
      vertex   -2.000653e+01 2.103613e+01 -4.000000e+00
      vertex   -1.823301e+01 2.084288e+01 -4.000000e+00
      vertex   -1.996053e+01 2.138553e+01 -4.000000e+00
    endloop
  endfacet
  facet normal -0.000000e+00 0.000000e+00 1.000000e+00
    outer loop
      vertex   -1.996053e+01 2.138553e+01 -4.000000e+00
      vertex   -1.823301e+01 2.084288e+01 -4.000000e+00
      vertex   -1.818553e+01 2.138553e+01 -4.000000e+00
    endloop
  endfacet
  facet normal 0.000000e+00 0.000000e+00 1.000000e+00
    outer loop
      vertex   -1.996053e+01 2.138553e+01 -4.000000e+00
      vertex   -1.818553e+01 2.138553e+01 -4.000000e+00
      vertex   -1.818553e+01 2.185000e+01 -4.000000e+00
    endloop
  endfacet
  facet normal 0.000000e+00 -0.000000e+00 1.000000e+00
    outer loop
      vertex   -1.996053e+01 2.138553e+01 -4.000000e+00
      vertex   -1.818553e+01 2.185000e+01 -4.000000e+00
      vertex   -2.000653e+01 2.173494e+01 -4.000000e+00
    endloop
  endfacet
  facet normal 0.000000e+00 0.000000e+00 1.000000e+00
    outer loop
      vertex   -2.000653e+01 2.173494e+01 -4.000000e+00
      vertex   -1.818553e+01 2.185000e+01 -4.000000e+00
      vertex   -1.813464e+01 2.256157e+01 -4.000000e+00
    endloop
  endfacet
  facet normal 0.000000e+00 -0.000000e+00 1.000000e+00
    outer loop
      vertex   -2.000653e+01 2.173494e+01 -4.000000e+00
      vertex   -1.813464e+01 2.256157e+01 -4.000000e+00
      vertex   -2.014140e+01 2.206053e+01 -4.000000e+00
    endloop
  endfacet
  facet normal 0.000000e+00 -0.000000e+00 1.000000e+00
    outer loop
      vertex   -2.014140e+01 2.206053e+01 -4.000000e+00
      vertex   -1.813464e+01 2.256157e+01 -4.000000e+00
      vertex   -2.035594e+01 2.234013e+01 -4.000000e+00
    endloop
  endfacet
  facet normal 0.000000e+00 0.000000e+00 1.000000e+00
    outer loop
      vertex   -2.035594e+01 2.234013e+01 -4.000000e+00
      vertex   -1.813464e+01 2.256157e+01 -4.000000e+00
      vertex   -1.798300e+01 2.325866e+01 -4.000000e+00
    endloop
  endfacet
  facet normal 0.000000e+00 -0.000000e+00 1.000000e+00
    outer loop
      vertex   -2.035594e+01 2.234013e+01 -4.000000e+00
      vertex   -1.798300e+01 2.325866e+01 -4.000000e+00
      vertex   -2.063553e+01 2.255467e+01 -4.000000e+00
    endloop
  endfacet
  facet normal 0.000000e+00 0.000000e+00 1.000000e+00
    outer loop
      vertex   -2.063553e+01 2.255467e+01 -4.000000e+00
      vertex   -1.798300e+01 2.325866e+01 -4.000000e+00
      vertex   -1.773369e+01 2.392708e+01 -4.000000e+00
    endloop
  endfacet
  facet normal 0.000000e+00 -0.000000e+00 1.000000e+00
    outer loop
      vertex   1.992100e+01 -9.099406e+00 -1.150000e+01
      vertex   2.252900e+01 -9.099406e+00 -1.150000e+01
      vertex   1.987500e+01 -8.750000e+00 -1.150000e+01
    endloop
  endfacet
  facet normal -0.000000e+00 0.000000e+00 1.000000e+00
    outer loop
      vertex   1.987500e+01 -8.750000e+00 -1.150000e+01
      vertex   2.252900e+01 -9.099406e+00 -1.150000e+01
      vertex   2.257500e+01 -8.750000e+00 -1.150000e+01
    endloop
  endfacet
  facet normal 0.000000e+00 0.000000e+00 1.000000e+00
    outer loop
      vertex   1.987500e+01 -8.750000e+00 -1.150000e+01
      vertex   2.257500e+01 -8.750000e+00 -1.150000e+01
      vertex   1.992100e+01 -8.400594e+00 -1.150000e+01
    endloop
  endfacet
  facet normal -0.000000e+00 0.000000e+00 1.000000e+00
    outer loop
      vertex   1.992100e+01 -8.400594e+00 -1.150000e+01
      vertex   2.257500e+01 -8.750000e+00 -1.150000e+01
      vertex   2.252900e+01 -8.400594e+00 -1.150000e+01
    endloop
  endfacet
  facet normal 0.000000e+00 0.000000e+00 1.000000e+00
    outer loop
      vertex   1.992100e+01 -8.400594e+00 -1.150000e+01
      vertex   2.252900e+01 -8.400594e+00 -1.150000e+01
      vertex   2.005587e+01 -8.075000e+00 -1.150000e+01
    endloop
  endfacet
  facet normal -0.000000e+00 0.000000e+00 1.000000e+00
    outer loop
      vertex   2.005587e+01 -8.075000e+00 -1.150000e+01
      vertex   2.252900e+01 -8.400594e+00 -1.150000e+01
      vertex   2.239413e+01 -8.075000e+00 -1.150000e+01
    endloop
  endfacet
  facet normal 0.000000e+00 0.000000e+00 1.000000e+00
    outer loop
      vertex   2.005587e+01 -8.075000e+00 -1.150000e+01
      vertex   2.239413e+01 -8.075000e+00 -1.150000e+01
      vertex   2.027041e+01 -7.795406e+00 -1.150000e+01
    endloop
  endfacet
  facet normal -0.000000e+00 0.000000e+00 1.000000e+00
    outer loop
      vertex   2.027041e+01 -7.795406e+00 -1.150000e+01
      vertex   2.239413e+01 -8.075000e+00 -1.150000e+01
      vertex   2.217959e+01 -7.795406e+00 -1.150000e+01
    endloop
  endfacet
  facet normal 0.000000e+00 0.000000e+00 1.000000e+00
    outer loop
      vertex   2.027041e+01 -7.795406e+00 -1.150000e+01
      vertex   2.217959e+01 -7.795406e+00 -1.150000e+01
      vertex   2.055000e+01 -7.580866e+00 -1.150000e+01
    endloop
  endfacet
  facet normal -0.000000e+00 0.000000e+00 1.000000e+00
    outer loop
      vertex   2.055000e+01 -7.580866e+00 -1.150000e+01
      vertex   2.217959e+01 -7.795406e+00 -1.150000e+01
      vertex   2.190000e+01 -7.580866e+00 -1.150000e+01
    endloop
  endfacet
  facet normal 0.000000e+00 0.000000e+00 1.000000e+00
    outer loop
      vertex   2.055000e+01 -7.580866e+00 -1.150000e+01
      vertex   2.190000e+01 -7.580866e+00 -1.150000e+01
      vertex   2.087559e+01 -7.446000e+00 -1.150000e+01
    endloop
  endfacet
  facet normal -0.000000e+00 0.000000e+00 1.000000e+00
    outer loop
      vertex   2.087559e+01 -7.446000e+00 -1.150000e+01
      vertex   2.190000e+01 -7.580866e+00 -1.150000e+01
      vertex   2.157441e+01 -7.446000e+00 -1.150000e+01
    endloop
  endfacet
  facet normal 0.000000e+00 0.000000e+00 1.000000e+00
    outer loop
      vertex   2.087559e+01 -7.446000e+00 -1.150000e+01
      vertex   2.157441e+01 -7.446000e+00 -1.150000e+01
      vertex   2.122500e+01 -7.400000e+00 -1.150000e+01
    endloop
  endfacet
  facet normal 0.000000e+00 0.000000e+00 1.000000e+00
    outer loop
      vertex   2.252900e+01 -9.099406e+00 -1.150000e+01
      vertex   1.992100e+01 -9.099406e+00 -1.150000e+01
      vertex   2.239413e+01 -9.425000e+00 -1.150000e+01
    endloop
  endfacet
  facet normal 0.000000e+00 0.000000e+00 1.000000e+00
    outer loop
      vertex   2.239413e+01 -9.425000e+00 -1.150000e+01
      vertex   1.992100e+01 -9.099406e+00 -1.150000e+01
      vertex   2.005587e+01 -9.425000e+00 -1.150000e+01
    endloop
  endfacet
  facet normal 0.000000e+00 0.000000e+00 1.000000e+00
    outer loop
      vertex   2.239413e+01 -9.425000e+00 -1.150000e+01
      vertex   2.005587e+01 -9.425000e+00 -1.150000e+01
      vertex   2.217959e+01 -9.704594e+00 -1.150000e+01
    endloop
  endfacet
  facet normal 0.000000e+00 0.000000e+00 1.000000e+00
    outer loop
      vertex   2.217959e+01 -9.704594e+00 -1.150000e+01
      vertex   2.005587e+01 -9.425000e+00 -1.150000e+01
      vertex   2.027041e+01 -9.704594e+00 -1.150000e+01
    endloop
  endfacet
  facet normal 0.000000e+00 0.000000e+00 1.000000e+00
    outer loop
      vertex   2.217959e+01 -9.704594e+00 -1.150000e+01
      vertex   2.027041e+01 -9.704594e+00 -1.150000e+01
      vertex   2.190000e+01 -9.919134e+00 -1.150000e+01
    endloop
  endfacet
  facet normal 0.000000e+00 0.000000e+00 1.000000e+00
    outer loop
      vertex   2.190000e+01 -9.919134e+00 -1.150000e+01
      vertex   2.027041e+01 -9.704594e+00 -1.150000e+01
      vertex   2.055000e+01 -9.919134e+00 -1.150000e+01
    endloop
  endfacet
  facet normal 0.000000e+00 0.000000e+00 1.000000e+00
    outer loop
      vertex   2.190000e+01 -9.919134e+00 -1.150000e+01
      vertex   2.055000e+01 -9.919134e+00 -1.150000e+01
      vertex   2.157441e+01 -1.005400e+01 -1.150000e+01
    endloop
  endfacet
  facet normal 0.000000e+00 0.000000e+00 1.000000e+00
    outer loop
      vertex   2.157441e+01 -1.005400e+01 -1.150000e+01
      vertex   2.055000e+01 -9.919134e+00 -1.150000e+01
      vertex   2.087559e+01 -1.005400e+01 -1.150000e+01
    endloop
  endfacet
  facet normal 0.000000e+00 0.000000e+00 1.000000e+00
    outer loop
      vertex   2.157441e+01 -1.005400e+01 -1.150000e+01
      vertex   2.087559e+01 -1.005400e+01 -1.150000e+01
      vertex   2.122500e+01 -1.010000e+01 -1.150000e+01
    endloop
  endfacet
  facet normal 0.000000e+00 0.000000e+00 1.000000e+00
    outer loop
      vertex   2.122500e+01 -5.625000e+00 -1.150000e+01
      vertex   2.177500e+01 -5.625000e+00 -1.150000e+01
      vertex   2.677500e+01 -6.250000e-01 -1.150000e+01
    endloop
  endfacet
  facet normal 0.000000e+00 0.000000e+00 1.000000e+00
    outer loop
      vertex   2.677500e+01 -6.250000e-01 -1.150000e+01
      vertex   2.177500e+01 -5.625000e+00 -1.150000e+01
      vertex   2.248657e+01 -5.574107e+00 -1.150000e+01
    endloop
  endfacet
  facet normal 0.000000e+00 0.000000e+00 1.000000e+00
    outer loop
      vertex   2.677500e+01 -6.250000e-01 -1.150000e+01
      vertex   2.248657e+01 -5.574107e+00 -1.150000e+01
      vertex   2.318366e+01 -5.422465e+00 -1.150000e+01
    endloop
  endfacet
  facet normal 0.000000e+00 0.000000e+00 1.000000e+00
    outer loop
      vertex   2.318366e+01 -5.422465e+00 -1.150000e+01
      vertex   2.385208e+01 -5.173160e+00 -1.150000e+01
      vertex   2.677500e+01 -6.250000e-01 -1.150000e+01
    endloop
  endfacet
  facet normal 0.000000e+00 0.000000e+00 1.000000e+00
    outer loop
      vertex   2.677500e+01 -6.250000e-01 -1.150000e+01
      vertex   2.385208e+01 -5.173160e+00 -1.150000e+01
      vertex   2.447820e+01 -4.831268e+00 -1.150000e+01
    endloop
  endfacet
  facet normal 0.000000e+00 0.000000e+00 1.000000e+00
    outer loop
      vertex   2.677500e+01 -6.250000e-01 -1.150000e+01
      vertex   2.447820e+01 -4.831268e+00 -1.150000e+01
      vertex   2.504930e+01 -4.403748e+00 -1.150000e+01
    endloop
  endfacet
  facet normal 0.000000e+00 0.000000e+00 1.000000e+00
    outer loop
      vertex   2.504930e+01 -4.403748e+00 -1.150000e+01
      vertex   2.555375e+01 -3.899304e+00 -1.150000e+01
      vertex   2.677500e+01 -6.250000e-01 -1.150000e+01
    endloop
  endfacet
  facet normal 0.000000e+00 0.000000e+00 1.000000e+00
    outer loop
      vertex   2.677500e+01 -6.250000e-01 -1.150000e+01
      vertex   2.555375e+01 -3.899304e+00 -1.150000e+01
      vertex   2.598127e+01 -3.328204e+00 -1.150000e+01
    endloop
  endfacet
  facet normal 0.000000e+00 0.000000e+00 1.000000e+00
    outer loop
      vertex   2.677500e+01 -6.250000e-01 -1.150000e+01
      vertex   2.598127e+01 -3.328204e+00 -1.150000e+01
      vertex   2.632316e+01 -2.702075e+00 -1.150000e+01
    endloop
  endfacet
  facet normal 0.000000e+00 0.000000e+00 1.000000e+00
    outer loop
      vertex   2.632316e+01 -2.702075e+00 -1.150000e+01
      vertex   2.657246e+01 -2.033663e+00 -1.150000e+01
      vertex   2.677500e+01 -6.250000e-01 -1.150000e+01
    endloop
  endfacet
  facet normal 0.000000e+00 0.000000e+00 1.000000e+00
    outer loop
      vertex   2.677500e+01 -6.250000e-01 -1.150000e+01
      vertex   2.657246e+01 -2.033663e+00 -1.150000e+01
      vertex   2.672411e+01 -1.336574e+00 -1.150000e+01
    endloop
  endfacet
  facet normal 0.000000e+00 0.000000e+00 1.000000e+00
    outer loop
      vertex   2.677500e+01 1.785000e+01 -1.150000e+01
      vertex   2.015619e+01 -5.813461e+00 -1.150000e+01
      vertex   2.677500e+01 -6.250000e-01 -1.150000e+01
    endloop
  endfacet
  facet normal 0.000000e+00 0.000000e+00 1.000000e+00
    outer loop
      vertex   2.677500e+01 -6.250000e-01 -1.150000e+01
      vertex   2.015619e+01 -5.813461e+00 -1.150000e+01
      vertex   2.068235e+01 -5.672476e+00 -1.150000e+01
    endloop
  endfacet
  facet normal 0.000000e+00 0.000000e+00 1.000000e+00
    outer loop
      vertex   2.677500e+01 -6.250000e-01 -1.150000e+01
      vertex   2.068235e+01 -5.672476e+00 -1.150000e+01
      vertex   2.122500e+01 -5.625000e+00 -1.150000e+01
    endloop
  endfacet
  facet normal 0.000000e+00 0.000000e+00 1.000000e+00
    outer loop
      vertex   2.672570e+01 1.879076e+01 -1.150000e+01
      vertex   -2.076788e+01 1.830801e+01 -1.150000e+01
      vertex   2.677500e+01 1.785000e+01 -1.150000e+01
    endloop
  endfacet
  facet normal 0.000000e+00 0.000000e+00 1.000000e+00
    outer loop
      vertex   2.677500e+01 1.785000e+01 -1.150000e+01
      vertex   -2.076788e+01 1.830801e+01 -1.150000e+01
      vertex   1.921629e+01 -6.356111e+00 -1.150000e+01
    endloop
  endfacet
  facet normal 0.000000e+00 0.000000e+00 1.000000e+00
    outer loop
      vertex   2.677500e+01 1.785000e+01 -1.150000e+01
      vertex   1.921629e+01 -6.356111e+00 -1.150000e+01
      vertex   1.966250e+01 -6.043671e+00 -1.150000e+01
    endloop
  endfacet
  facet normal 0.000000e+00 0.000000e+00 1.000000e+00
    outer loop
      vertex   2.657833e+01 1.972121e+01 -1.150000e+01
      vertex   -1.930182e+01 1.899165e+01 -1.150000e+01
      vertex   2.672570e+01 1.879076e+01 -1.150000e+01
    endloop
  endfacet
  facet normal 0.000000e+00 0.000000e+00 1.000000e+00
    outer loop
      vertex   2.672570e+01 1.879076e+01 -1.150000e+01
      vertex   -1.930182e+01 1.899165e+01 -1.150000e+01
      vertex   -1.974803e+01 1.867920e+01 -1.150000e+01
    endloop
  endfacet
  facet normal 0.000000e+00 0.000000e+00 1.000000e+00
    outer loop
      vertex   2.672570e+01 1.879076e+01 -1.150000e+01
      vertex   -1.974803e+01 1.867920e+01 -1.150000e+01
      vertex   -2.024172e+01 1.844899e+01 -1.150000e+01
    endloop
  endfacet
  facet normal 0.000000e+00 0.000000e+00 1.000000e+00
    outer loop
      vertex   2.633451e+01 2.063115e+01 -1.150000e+01
      vertex   -1.860420e+01 1.982303e+01 -1.150000e+01
      vertex   2.657833e+01 1.972121e+01 -1.150000e+01
    endloop
  endfacet
  facet normal 0.000000e+00 0.000000e+00 1.000000e+00
    outer loop
      vertex   2.657833e+01 1.972121e+01 -1.150000e+01
      vertex   -1.860420e+01 1.982303e+01 -1.150000e+01
      vertex   -1.891665e+01 1.937682e+01 -1.150000e+01
    endloop
  endfacet
  facet normal 0.000000e+00 0.000000e+00 1.000000e+00
    outer loop
      vertex   2.657833e+01 1.972121e+01 -1.150000e+01
      vertex   -1.891665e+01 1.937682e+01 -1.150000e+01
      vertex   -1.930182e+01 1.899165e+01 -1.150000e+01
    endloop
  endfacet
  facet normal 0.000000e+00 0.000000e+00 1.000000e+00
    outer loop
      vertex   2.599691e+01 2.151063e+01 -1.150000e+01
      vertex   -1.823301e+01 2.084288e+01 -1.150000e+01
      vertex   2.633451e+01 2.063115e+01 -1.150000e+01
    endloop
  endfacet
  facet normal 0.000000e+00 0.000000e+00 1.000000e+00
    outer loop
      vertex   2.633451e+01 2.063115e+01 -1.150000e+01
      vertex   -1.823301e+01 2.084288e+01 -1.150000e+01
      vertex   -1.837399e+01 2.031672e+01 -1.150000e+01
    endloop
  endfacet
  facet normal 0.000000e+00 0.000000e+00 1.000000e+00
    outer loop
      vertex   2.633451e+01 2.063115e+01 -1.150000e+01
      vertex   -1.837399e+01 2.031672e+01 -1.150000e+01
      vertex   -1.860420e+01 1.982303e+01 -1.150000e+01
    endloop
  endfacet
  facet normal 0.000000e+00 0.000000e+00 1.000000e+00
    outer loop
      vertex   2.556923e+01 2.235000e+01 -1.150000e+01
      vertex   -1.818553e+01 2.185000e+01 -1.150000e+01
      vertex   2.599691e+01 2.151063e+01 -1.150000e+01
    endloop
  endfacet
  facet normal 0.000000e+00 0.000000e+00 1.000000e+00
    outer loop
      vertex   2.599691e+01 2.151063e+01 -1.150000e+01
      vertex   -1.818553e+01 2.185000e+01 -1.150000e+01
      vertex   -1.818553e+01 2.138553e+01 -1.150000e+01
    endloop
  endfacet
  facet normal 0.000000e+00 0.000000e+00 1.000000e+00
    outer loop
      vertex   2.599691e+01 2.151063e+01 -1.150000e+01
      vertex   -1.818553e+01 2.138553e+01 -1.150000e+01
      vertex   -1.823301e+01 2.084288e+01 -1.150000e+01
    endloop
  endfacet
  facet normal 0.000000e+00 0.000000e+00 1.000000e+00
    outer loop
      vertex   -1.818553e+01 2.185000e+01 -1.150000e+01
      vertex   2.556923e+01 2.235000e+01 -1.150000e+01
      vertex   -1.813464e+01 2.256157e+01 -1.150000e+01
    endloop
  endfacet
  facet normal -0.000000e+00 0.000000e+00 1.000000e+00
    outer loop
      vertex   -1.813464e+01 2.256157e+01 -1.150000e+01
      vertex   2.556923e+01 2.235000e+01 -1.150000e+01
      vertex   2.505615e+01 2.314007e+01 -1.150000e+01
    endloop
  endfacet
  facet normal 0.000000e+00 0.000000e+00 1.000000e+00
    outer loop
      vertex   -1.813464e+01 2.256157e+01 -1.150000e+01
      vertex   2.505615e+01 2.314007e+01 -1.150000e+01
      vertex   -1.798300e+01 2.325866e+01 -1.150000e+01
    endloop
  endfacet
  facet normal -0.000000e+00 0.000000e+00 1.000000e+00
    outer loop
      vertex   -1.798300e+01 2.325866e+01 -1.150000e+01
      vertex   2.505615e+01 2.314007e+01 -1.150000e+01
      vertex   2.446330e+01 2.387218e+01 -1.150000e+01
    endloop
  endfacet
  facet normal 0.000000e+00 0.000000e+00 1.000000e+00
    outer loop
      vertex   -1.798300e+01 2.325866e+01 -1.150000e+01
      vertex   2.446330e+01 2.387218e+01 -1.150000e+01
      vertex   -1.773369e+01 2.392708e+01 -1.150000e+01
    endloop
  endfacet
  facet normal -0.000000e+00 0.000000e+00 1.000000e+00
    outer loop
      vertex   -1.773369e+01 2.392708e+01 -1.150000e+01
      vertex   2.446330e+01 2.387218e+01 -1.150000e+01
      vertex   2.379718e+01 2.453830e+01 -1.150000e+01
    endloop
  endfacet
  facet normal 0.000000e+00 0.000000e+00 1.000000e+00
    outer loop
      vertex   -1.773369e+01 2.392708e+01 -1.150000e+01
      vertex   2.379718e+01 2.453830e+01 -1.150000e+01
      vertex   -1.739180e+01 2.455320e+01 -1.150000e+01
    endloop
  endfacet
  facet normal -0.000000e+00 0.000000e+00 1.000000e+00
    outer loop
      vertex   -1.739180e+01 2.455320e+01 -1.150000e+01
      vertex   2.379718e+01 2.453830e+01 -1.150000e+01
      vertex   2.306507e+01 2.513115e+01 -1.150000e+01
    endloop
  endfacet
  facet normal 0.000000e+00 0.000000e+00 1.000000e+00
    outer loop
      vertex   -1.739180e+01 2.455320e+01 -1.150000e+01
      vertex   2.306507e+01 2.513115e+01 -1.150000e+01
      vertex   -1.696428e+01 2.512430e+01 -1.150000e+01
    endloop
  endfacet
  facet normal 0.000000e+00 0.000000e+00 1.000000e+00
    outer loop
      vertex   -1.696428e+01 2.512430e+01 -1.150000e+01
      vertex   2.306507e+01 2.513115e+01 -1.150000e+01
      vertex   -1.645984e+01 2.562875e+01 -1.150000e+01
    endloop
  endfacet
  facet normal -0.000000e+00 0.000000e+00 1.000000e+00
    outer loop
      vertex   -1.645984e+01 2.562875e+01 -1.150000e+01
      vertex   2.306507e+01 2.513115e+01 -1.150000e+01
      vertex   2.227500e+01 2.564423e+01 -1.150000e+01
    endloop
  endfacet
  facet normal 0.000000e+00 0.000000e+00 1.000000e+00
    outer loop
      vertex   -1.645984e+01 2.562875e+01 -1.150000e+01
      vertex   2.227500e+01 2.564423e+01 -1.150000e+01
      vertex   -1.588874e+01 2.605627e+01 -1.150000e+01
    endloop
  endfacet
  facet normal -0.000000e+00 0.000000e+00 1.000000e+00
    outer loop
      vertex   -1.588874e+01 2.605627e+01 -1.150000e+01
      vertex   2.227500e+01 2.564423e+01 -1.150000e+01
      vertex   2.143563e+01 2.607191e+01 -1.150000e+01
    endloop
  endfacet
  facet normal 0.000000e+00 0.000000e+00 1.000000e+00
    outer loop
      vertex   -1.588874e+01 2.605627e+01 -1.150000e+01
      vertex   2.143563e+01 2.607191e+01 -1.150000e+01
      vertex   -1.526261e+01 2.639816e+01 -1.150000e+01
    endloop
  endfacet
  facet normal -0.000000e+00 0.000000e+00 1.000000e+00
    outer loop
      vertex   -1.526261e+01 2.639816e+01 -1.150000e+01
      vertex   2.143563e+01 2.607191e+01 -1.150000e+01
      vertex   2.055615e+01 2.640951e+01 -1.150000e+01
    endloop
  endfacet
  facet normal 0.000000e+00 0.000000e+00 1.000000e+00
    outer loop
      vertex   -1.526261e+01 2.639816e+01 -1.150000e+01
      vertex   2.055615e+01 2.640951e+01 -1.150000e+01
      vertex   -1.459420e+01 2.664746e+01 -1.150000e+01
    endloop
  endfacet
  facet normal -0.000000e+00 0.000000e+00 1.000000e+00
    outer loop
      vertex   -1.459420e+01 2.664746e+01 -1.150000e+01
      vertex   2.055615e+01 2.640951e+01 -1.150000e+01
      vertex   1.964621e+01 2.665333e+01 -1.150000e+01
    endloop
  endfacet
  facet normal 0.000000e+00 0.000000e+00 1.000000e+00
    outer loop
      vertex   -1.459420e+01 2.664746e+01 -1.150000e+01
      vertex   1.964621e+01 2.665333e+01 -1.150000e+01
      vertex   -1.389711e+01 2.679911e+01 -1.150000e+01
    endloop
  endfacet
  facet normal -0.000000e+00 0.000000e+00 1.000000e+00
    outer loop
      vertex   -1.389711e+01 2.679911e+01 -1.150000e+01
      vertex   1.964621e+01 2.665333e+01 -1.150000e+01
      vertex   1.871576e+01 2.680070e+01 -1.150000e+01
    endloop
  endfacet
  facet normal 0.000000e+00 0.000000e+00 1.000000e+00
    outer loop
      vertex   -1.389711e+01 2.679911e+01 -1.150000e+01
      vertex   1.871576e+01 2.680070e+01 -1.150000e+01
      vertex   -1.318553e+01 2.685000e+01 -1.150000e+01
    endloop
  endfacet
  facet normal -0.000000e+00 0.000000e+00 1.000000e+00
    outer loop
      vertex   -1.318553e+01 2.685000e+01 -1.150000e+01
      vertex   1.871576e+01 2.680070e+01 -1.150000e+01
      vertex   1.777500e+01 2.685000e+01 -1.150000e+01
    endloop
  endfacet
  facet normal -0.000000e+00 0.000000e+00 1.000000e+00
    outer loop
      vertex   -2.024172e+01 1.844899e+01 -1.150000e+01
      vertex   -2.076788e+01 1.830801e+01 -1.150000e+01
      vertex   2.672570e+01 1.879076e+01 -1.150000e+01
    endloop
  endfacet
  facet normal 0.000000e+00 0.000000e+00 1.000000e+00
    outer loop
      vertex   -2.076788e+01 1.830801e+01 -1.150000e+01
      vertex   -2.131053e+01 1.826053e+01 -1.150000e+01
      vertex   1.921629e+01 -6.356111e+00 -1.150000e+01
    endloop
  endfacet
  facet normal 0.000000e+00 0.000000e+00 1.000000e+00
    outer loop
      vertex   1.921629e+01 -6.356111e+00 -1.150000e+01
      vertex   -2.131053e+01 1.826053e+01 -1.150000e+01
      vertex   1.883111e+01 -6.741289e+00 -1.150000e+01
    endloop
  endfacet
  facet normal 0.000000e+00 0.000000e+00 1.000000e+00
    outer loop
      vertex   1.883111e+01 -6.741289e+00 -1.150000e+01
      vertex   -2.131053e+01 1.826053e+01 -1.150000e+01
      vertex   1.851867e+01 -7.187500e+00 -1.150000e+01
    endloop
  endfacet
  facet normal 0.000000e+00 0.000000e+00 1.000000e+00
    outer loop
      vertex   1.851867e+01 -7.187500e+00 -1.150000e+01
      vertex   -2.131053e+01 1.826053e+01 -1.150000e+01
      vertex   1.828846e+01 -7.681187e+00 -1.150000e+01
    endloop
  endfacet
  facet normal 0.000000e+00 0.000000e+00 1.000000e+00
    outer loop
      vertex   1.828846e+01 -7.681187e+00 -1.150000e+01
      vertex   -2.131053e+01 1.826053e+01 -1.150000e+01
      vertex   1.814748e+01 -8.207349e+00 -1.150000e+01
    endloop
  endfacet
  facet normal 0.000000e+00 0.000000e+00 1.000000e+00
    outer loop
      vertex   1.814748e+01 -8.207349e+00 -1.150000e+01
      vertex   -2.131053e+01 1.826053e+01 -1.150000e+01
      vertex   -2.677500e+01 -1.785000e+01 -1.150000e+01
    endloop
  endfacet
  facet normal 0.000000e+00 0.000000e+00 1.000000e+00
    outer loop
      vertex   1.814748e+01 -8.207349e+00 -1.150000e+01
      vertex   -2.677500e+01 -1.785000e+01 -1.150000e+01
      vertex   -1.777500e+01 -2.685000e+01 -1.150000e+01
    endloop
  endfacet
  facet normal 0.000000e+00 0.000000e+00 1.000000e+00
    outer loop
      vertex   -1.777500e+01 -2.685000e+01 -1.150000e+01
      vertex   -2.677500e+01 -1.785000e+01 -1.150000e+01
      vertex   -1.871576e+01 -2.680070e+01 -1.150000e+01
    endloop
  endfacet
  facet normal 0.000000e+00 0.000000e+00 1.000000e+00
    outer loop
      vertex   -1.871576e+01 -2.680070e+01 -1.150000e+01
      vertex   -2.677500e+01 -1.785000e+01 -1.150000e+01
      vertex   -1.964621e+01 -2.665333e+01 -1.150000e+01
    endloop
  endfacet
  facet normal 0.000000e+00 0.000000e+00 1.000000e+00
    outer loop
      vertex   -1.964621e+01 -2.665333e+01 -1.150000e+01
      vertex   -2.677500e+01 -1.785000e+01 -1.150000e+01
      vertex   -2.055615e+01 -2.640951e+01 -1.150000e+01
    endloop
  endfacet
  facet normal 0.000000e+00 0.000000e+00 1.000000e+00
    outer loop
      vertex   -2.055615e+01 -2.640951e+01 -1.150000e+01
      vertex   -2.677500e+01 -1.785000e+01 -1.150000e+01
      vertex   -2.143563e+01 -2.607191e+01 -1.150000e+01
    endloop
  endfacet
  facet normal 0.000000e+00 0.000000e+00 1.000000e+00
    outer loop
      vertex   -2.143563e+01 -2.607191e+01 -1.150000e+01
      vertex   -2.677500e+01 -1.785000e+01 -1.150000e+01
      vertex   -2.227500e+01 -2.564423e+01 -1.150000e+01
    endloop
  endfacet
  facet normal 0.000000e+00 0.000000e+00 1.000000e+00
    outer loop
      vertex   -2.227500e+01 -2.564423e+01 -1.150000e+01
      vertex   -2.677500e+01 -1.785000e+01 -1.150000e+01
      vertex   -2.306507e+01 -2.513115e+01 -1.150000e+01
    endloop
  endfacet
  facet normal 0.000000e+00 0.000000e+00 1.000000e+00
    outer loop
      vertex   -2.306507e+01 -2.513115e+01 -1.150000e+01
      vertex   -2.677500e+01 -1.785000e+01 -1.150000e+01
      vertex   -2.379718e+01 -2.453830e+01 -1.150000e+01
    endloop
  endfacet
  facet normal 0.000000e+00 0.000000e+00 1.000000e+00
    outer loop
      vertex   -2.379718e+01 -2.453830e+01 -1.150000e+01
      vertex   -2.677500e+01 -1.785000e+01 -1.150000e+01
      vertex   -2.446330e+01 -2.387218e+01 -1.150000e+01
    endloop
  endfacet
  facet normal 0.000000e+00 0.000000e+00 1.000000e+00
    outer loop
      vertex   -2.446330e+01 -2.387218e+01 -1.150000e+01
      vertex   -2.677500e+01 -1.785000e+01 -1.150000e+01
      vertex   -2.505615e+01 -2.314007e+01 -1.150000e+01
    endloop
  endfacet
  facet normal 0.000000e+00 0.000000e+00 1.000000e+00
    outer loop
      vertex   -2.505615e+01 -2.314007e+01 -1.150000e+01
      vertex   -2.677500e+01 -1.785000e+01 -1.150000e+01
      vertex   -2.556923e+01 -2.235000e+01 -1.150000e+01
    endloop
  endfacet
  facet normal 0.000000e+00 0.000000e+00 1.000000e+00
    outer loop
      vertex   -2.556923e+01 -2.235000e+01 -1.150000e+01
      vertex   -2.677500e+01 -1.785000e+01 -1.150000e+01
      vertex   -2.599691e+01 -2.151063e+01 -1.150000e+01
    endloop
  endfacet
  facet normal 0.000000e+00 0.000000e+00 1.000000e+00
    outer loop
      vertex   -2.599691e+01 -2.151063e+01 -1.150000e+01
      vertex   -2.677500e+01 -1.785000e+01 -1.150000e+01
      vertex   -2.633451e+01 -2.063115e+01 -1.150000e+01
    endloop
  endfacet
  facet normal 0.000000e+00 0.000000e+00 1.000000e+00
    outer loop
      vertex   -2.633451e+01 -2.063115e+01 -1.150000e+01
      vertex   -2.677500e+01 -1.785000e+01 -1.150000e+01
      vertex   -2.657833e+01 -1.972121e+01 -1.150000e+01
    endloop
  endfacet
  facet normal 0.000000e+00 0.000000e+00 1.000000e+00
    outer loop
      vertex   -2.657833e+01 -1.972121e+01 -1.150000e+01
      vertex   -2.677500e+01 -1.785000e+01 -1.150000e+01
      vertex   -2.672570e+01 -1.879076e+01 -1.150000e+01
    endloop
  endfacet
  facet normal 0.000000e+00 0.000000e+00 1.000000e+00
    outer loop
      vertex   -2.677500e+01 -1.785000e+01 -1.150000e+01
      vertex   -2.131053e+01 1.826053e+01 -1.150000e+01
      vertex   -2.677500e+01 1.326053e+01 -1.150000e+01
    endloop
  endfacet
  facet normal 0.000000e+00 0.000000e+00 1.000000e+00
    outer loop
      vertex   -2.677500e+01 1.326053e+01 -1.150000e+01
      vertex   -2.131053e+01 1.826053e+01 -1.150000e+01
      vertex   -2.177500e+01 1.826053e+01 -1.150000e+01
    endloop
  endfacet
  facet normal 0.000000e+00 0.000000e+00 1.000000e+00
    outer loop
      vertex   -2.677500e+01 1.326053e+01 -1.150000e+01
      vertex   -2.177500e+01 1.826053e+01 -1.150000e+01
      vertex   -2.248657e+01 1.820964e+01 -1.150000e+01
    endloop
  endfacet
  facet normal 0.000000e+00 0.000000e+00 1.000000e+00
    outer loop
      vertex   -2.248657e+01 1.820964e+01 -1.150000e+01
      vertex   -2.318366e+01 1.805800e+01 -1.150000e+01
      vertex   -2.677500e+01 1.326053e+01 -1.150000e+01
    endloop
  endfacet
  facet normal 0.000000e+00 0.000000e+00 1.000000e+00
    outer loop
      vertex   -2.677500e+01 1.326053e+01 -1.150000e+01
      vertex   -2.318366e+01 1.805800e+01 -1.150000e+01
      vertex   -2.385208e+01 1.780869e+01 -1.150000e+01
    endloop
  endfacet
  facet normal 0.000000e+00 0.000000e+00 1.000000e+00
    outer loop
      vertex   -2.677500e+01 1.326053e+01 -1.150000e+01
      vertex   -2.385208e+01 1.780869e+01 -1.150000e+01
      vertex   -2.447820e+01 1.746680e+01 -1.150000e+01
    endloop
  endfacet
  facet normal 0.000000e+00 0.000000e+00 1.000000e+00
    outer loop
      vertex   -2.447820e+01 1.746680e+01 -1.150000e+01
      vertex   -2.504930e+01 1.703928e+01 -1.150000e+01
      vertex   -2.677500e+01 1.326053e+01 -1.150000e+01
    endloop
  endfacet
  facet normal 0.000000e+00 0.000000e+00 1.000000e+00
    outer loop
      vertex   -2.677500e+01 1.326053e+01 -1.150000e+01
      vertex   -2.504930e+01 1.703928e+01 -1.150000e+01
      vertex   -2.555375e+01 1.653484e+01 -1.150000e+01
    endloop
  endfacet
  facet normal 0.000000e+00 0.000000e+00 1.000000e+00
    outer loop
      vertex   -2.677500e+01 1.326053e+01 -1.150000e+01
      vertex   -2.555375e+01 1.653484e+01 -1.150000e+01
      vertex   -2.598127e+01 1.596374e+01 -1.150000e+01
    endloop
  endfacet
  facet normal 0.000000e+00 0.000000e+00 1.000000e+00
    outer loop
      vertex   -2.598127e+01 1.596374e+01 -1.150000e+01
      vertex   -2.632316e+01 1.533761e+01 -1.150000e+01
      vertex   -2.677500e+01 1.326053e+01 -1.150000e+01
    endloop
  endfacet
  facet normal 0.000000e+00 0.000000e+00 1.000000e+00
    outer loop
      vertex   -2.677500e+01 1.326053e+01 -1.150000e+01
      vertex   -2.632316e+01 1.533761e+01 -1.150000e+01
      vertex   -2.657246e+01 1.466920e+01 -1.150000e+01
    endloop
  endfacet
  facet normal 0.000000e+00 0.000000e+00 1.000000e+00
    outer loop
      vertex   -2.677500e+01 1.326053e+01 -1.150000e+01
      vertex   -2.657246e+01 1.466920e+01 -1.150000e+01
      vertex   -2.672411e+01 1.397211e+01 -1.150000e+01
    endloop
  endfacet
  facet normal 0.000000e+00 -0.000000e+00 1.000000e+00
    outer loop
      vertex   1.777500e+01 -2.685000e+01 -1.150000e+01
      vertex   1.828846e+01 -9.818813e+00 -1.150000e+01
      vertex   -1.777500e+01 -2.685000e+01 -1.150000e+01
    endloop
  endfacet
  facet normal 0.000000e+00 0.000000e+00 1.000000e+00
    outer loop
      vertex   -1.777500e+01 -2.685000e+01 -1.150000e+01
      vertex   1.828846e+01 -9.818813e+00 -1.150000e+01
      vertex   1.814748e+01 -9.292651e+00 -1.150000e+01
    endloop
  endfacet
  facet normal 0.000000e+00 0.000000e+00 1.000000e+00
    outer loop
      vertex   -1.777500e+01 -2.685000e+01 -1.150000e+01
      vertex   1.814748e+01 -9.292651e+00 -1.150000e+01
      vertex   1.810000e+01 -8.750000e+00 -1.150000e+01
    endloop
  endfacet
  facet normal 0.000000e+00 -0.000000e+00 1.000000e+00
    outer loop
      vertex   1.871576e+01 -2.680070e+01 -1.150000e+01
      vertex   2.015619e+01 -1.168654e+01 -1.150000e+01
      vertex   1.777500e+01 -2.685000e+01 -1.150000e+01
    endloop
  endfacet
  facet normal 0.000000e+00 0.000000e+00 1.000000e+00
    outer loop
      vertex   1.777500e+01 -2.685000e+01 -1.150000e+01
      vertex   2.015619e+01 -1.168654e+01 -1.150000e+01
      vertex   1.966250e+01 -1.145633e+01 -1.150000e+01
    endloop
  endfacet
  facet normal 0.000000e+00 0.000000e+00 1.000000e+00
    outer loop
      vertex   1.777500e+01 -2.685000e+01 -1.150000e+01
      vertex   1.966250e+01 -1.145633e+01 -1.150000e+01
      vertex   1.921629e+01 -1.114389e+01 -1.150000e+01
    endloop
  endfacet
  facet normal 0.000000e+00 0.000000e+00 1.000000e+00
    outer loop
      vertex   1.871576e+01 -2.680070e+01 -1.150000e+01
      vertex   1.964621e+01 -2.665333e+01 -1.150000e+01
      vertex   2.015619e+01 -1.168654e+01 -1.150000e+01
    endloop
  endfacet
  facet normal 0.000000e+00 0.000000e+00 1.000000e+00
    outer loop
      vertex   2.015619e+01 -1.168654e+01 -1.150000e+01
      vertex   1.964621e+01 -2.665333e+01 -1.150000e+01
      vertex   2.055615e+01 -2.640951e+01 -1.150000e+01
    endloop
  endfacet
  facet normal 0.000000e+00 0.000000e+00 1.000000e+00
    outer loop
      vertex   2.015619e+01 -1.168654e+01 -1.150000e+01
      vertex   2.055615e+01 -2.640951e+01 -1.150000e+01
      vertex   2.143563e+01 -2.607191e+01 -1.150000e+01
    endloop
  endfacet
  facet normal 0.000000e+00 -0.000000e+00 1.000000e+00
    outer loop
      vertex   2.143563e+01 -2.607191e+01 -1.150000e+01
      vertex   2.227500e+01 -2.564423e+01 -1.150000e+01
      vertex   2.015619e+01 -1.168654e+01 -1.150000e+01
    endloop
  endfacet
  facet normal 0.000000e+00 0.000000e+00 1.000000e+00
    outer loop
      vertex   2.015619e+01 -1.168654e+01 -1.150000e+01
      vertex   2.227500e+01 -2.564423e+01 -1.150000e+01
      vertex   2.068235e+01 -1.182752e+01 -1.150000e+01
    endloop
  endfacet
  facet normal 0.000000e+00 0.000000e+00 1.000000e+00
    outer loop
      vertex   2.068235e+01 -1.182752e+01 -1.150000e+01
      vertex   2.227500e+01 -2.564423e+01 -1.150000e+01
      vertex   2.306507e+01 -2.513115e+01 -1.150000e+01
    endloop
  endfacet
  facet normal 0.000000e+00 0.000000e+00 1.000000e+00
    outer loop
      vertex   2.068235e+01 -1.182752e+01 -1.150000e+01
      vertex   2.306507e+01 -2.513115e+01 -1.150000e+01
      vertex   2.379718e+01 -2.453830e+01 -1.150000e+01
    endloop
  endfacet
  facet normal 0.000000e+00 -0.000000e+00 1.000000e+00
    outer loop
      vertex   2.379718e+01 -2.453830e+01 -1.150000e+01
      vertex   2.446330e+01 -2.387218e+01 -1.150000e+01
      vertex   2.068235e+01 -1.182752e+01 -1.150000e+01
    endloop
  endfacet
  facet normal 0.000000e+00 0.000000e+00 1.000000e+00
    outer loop
      vertex   2.068235e+01 -1.182752e+01 -1.150000e+01
      vertex   2.446330e+01 -2.387218e+01 -1.150000e+01
      vertex   2.505615e+01 -2.314007e+01 -1.150000e+01
    endloop
  endfacet
  facet normal 0.000000e+00 0.000000e+00 1.000000e+00
    outer loop
      vertex   2.068235e+01 -1.182752e+01 -1.150000e+01
      vertex   2.505615e+01 -2.314007e+01 -1.150000e+01
      vertex   2.556923e+01 -2.235000e+01 -1.150000e+01
    endloop
  endfacet
  facet normal 0.000000e+00 -0.000000e+00 1.000000e+00
    outer loop
      vertex   2.556923e+01 -2.235000e+01 -1.150000e+01
      vertex   2.599691e+01 -2.151063e+01 -1.150000e+01
      vertex   2.068235e+01 -1.182752e+01 -1.150000e+01
    endloop
  endfacet
  facet normal 0.000000e+00 0.000000e+00 1.000000e+00
    outer loop
      vertex   2.068235e+01 -1.182752e+01 -1.150000e+01
      vertex   2.599691e+01 -2.151063e+01 -1.150000e+01
      vertex   2.633451e+01 -2.063115e+01 -1.150000e+01
    endloop
  endfacet
  facet normal 0.000000e+00 0.000000e+00 1.000000e+00
    outer loop
      vertex   2.068235e+01 -1.182752e+01 -1.150000e+01
      vertex   2.633451e+01 -2.063115e+01 -1.150000e+01
      vertex   2.657833e+01 -1.972121e+01 -1.150000e+01
    endloop
  endfacet
  facet normal 0.000000e+00 -0.000000e+00 1.000000e+00
    outer loop
      vertex   2.657833e+01 -1.972121e+01 -1.150000e+01
      vertex   2.672570e+01 -1.879076e+01 -1.150000e+01
      vertex   2.068235e+01 -1.182752e+01 -1.150000e+01
    endloop
  endfacet
  facet normal 0.000000e+00 0.000000e+00 1.000000e+00
    outer loop
      vertex   2.068235e+01 -1.182752e+01 -1.150000e+01
      vertex   2.672570e+01 -1.879076e+01 -1.150000e+01
      vertex   2.122500e+01 -1.187500e+01 -1.150000e+01
    endloop
  endfacet
  facet normal 0.000000e+00 0.000000e+00 1.000000e+00
    outer loop
      vertex   2.122500e+01 -1.187500e+01 -1.150000e+01
      vertex   2.672570e+01 -1.879076e+01 -1.150000e+01
      vertex   2.677500e+01 -1.785000e+01 -1.150000e+01
    endloop
  endfacet
  facet normal 0.000000e+00 0.000000e+00 1.000000e+00
    outer loop
      vertex   2.122500e+01 -1.187500e+01 -1.150000e+01
      vertex   2.677500e+01 -1.785000e+01 -1.150000e+01
      vertex   2.677500e+01 -1.687500e+01 -1.150000e+01
    endloop
  endfacet
  facet normal 0.000000e+00 0.000000e+00 1.000000e+00
    outer loop
      vertex   2.677500e+01 -1.687500e+01 -1.150000e+01
      vertex   2.672411e+01 -1.616343e+01 -1.150000e+01
      vertex   2.122500e+01 -1.187500e+01 -1.150000e+01
    endloop
  endfacet
  facet normal 0.000000e+00 0.000000e+00 1.000000e+00
    outer loop
      vertex   2.122500e+01 -1.187500e+01 -1.150000e+01
      vertex   2.672411e+01 -1.616343e+01 -1.150000e+01
      vertex   2.657246e+01 -1.546634e+01 -1.150000e+01
    endloop
  endfacet
  facet normal 0.000000e+00 0.000000e+00 1.000000e+00
    outer loop
      vertex   2.122500e+01 -1.187500e+01 -1.150000e+01
      vertex   2.657246e+01 -1.546634e+01 -1.150000e+01
      vertex   2.632316e+01 -1.479792e+01 -1.150000e+01
    endloop
  endfacet
  facet normal 0.000000e+00 0.000000e+00 1.000000e+00
    outer loop
      vertex   2.632316e+01 -1.479792e+01 -1.150000e+01
      vertex   2.598127e+01 -1.417180e+01 -1.150000e+01
      vertex   2.122500e+01 -1.187500e+01 -1.150000e+01
    endloop
  endfacet
  facet normal 0.000000e+00 0.000000e+00 1.000000e+00
    outer loop
      vertex   2.122500e+01 -1.187500e+01 -1.150000e+01
      vertex   2.598127e+01 -1.417180e+01 -1.150000e+01
      vertex   2.555375e+01 -1.360070e+01 -1.150000e+01
    endloop
  endfacet
  facet normal 0.000000e+00 0.000000e+00 1.000000e+00
    outer loop
      vertex   2.122500e+01 -1.187500e+01 -1.150000e+01
      vertex   2.555375e+01 -1.360070e+01 -1.150000e+01
      vertex   2.504930e+01 -1.309625e+01 -1.150000e+01
    endloop
  endfacet
  facet normal 0.000000e+00 0.000000e+00 1.000000e+00
    outer loop
      vertex   2.504930e+01 -1.309625e+01 -1.150000e+01
      vertex   2.447820e+01 -1.266873e+01 -1.150000e+01
      vertex   2.122500e+01 -1.187500e+01 -1.150000e+01
    endloop
  endfacet
  facet normal 0.000000e+00 0.000000e+00 1.000000e+00
    outer loop
      vertex   2.122500e+01 -1.187500e+01 -1.150000e+01
      vertex   2.447820e+01 -1.266873e+01 -1.150000e+01
      vertex   2.385208e+01 -1.232684e+01 -1.150000e+01
    endloop
  endfacet
  facet normal 0.000000e+00 0.000000e+00 1.000000e+00
    outer loop
      vertex   2.122500e+01 -1.187500e+01 -1.150000e+01
      vertex   2.385208e+01 -1.232684e+01 -1.150000e+01
      vertex   2.318366e+01 -1.207754e+01 -1.150000e+01
    endloop
  endfacet
  facet normal 0.000000e+00 0.000000e+00 1.000000e+00
    outer loop
      vertex   2.318366e+01 -1.207754e+01 -1.150000e+01
      vertex   2.248657e+01 -1.192589e+01 -1.150000e+01
      vertex   2.122500e+01 -1.187500e+01 -1.150000e+01
    endloop
  endfacet
  facet normal -0.000000e+00 0.000000e+00 1.000000e+00
    outer loop
      vertex   2.122500e+01 -1.187500e+01 -1.150000e+01
      vertex   2.248657e+01 -1.192589e+01 -1.150000e+01
      vertex   2.177500e+01 -1.187500e+01 -1.150000e+01
    endloop
  endfacet
  facet normal 0.000000e+00 0.000000e+00 1.000000e+00
    outer loop
      vertex   1.921629e+01 -1.114389e+01 -1.150000e+01
      vertex   1.883111e+01 -1.075871e+01 -1.150000e+01
      vertex   1.777500e+01 -2.685000e+01 -1.150000e+01
    endloop
  endfacet
  facet normal 0.000000e+00 0.000000e+00 1.000000e+00
    outer loop
      vertex   1.777500e+01 -2.685000e+01 -1.150000e+01
      vertex   1.883111e+01 -1.075871e+01 -1.150000e+01
      vertex   1.851867e+01 -1.031250e+01 -1.150000e+01
    endloop
  endfacet
  facet normal 0.000000e+00 0.000000e+00 1.000000e+00
    outer loop
      vertex   1.777500e+01 -2.685000e+01 -1.150000e+01
      vertex   1.851867e+01 -1.031250e+01 -1.150000e+01
      vertex   1.828846e+01 -9.818813e+00 -1.150000e+01
    endloop
  endfacet
  facet normal 0.000000e+00 -0.000000e+00 1.000000e+00
    outer loop
      vertex   1.810000e+01 -8.750000e+00 -1.150000e+01
      vertex   1.814748e+01 -8.207349e+00 -1.150000e+01
      vertex   -1.777500e+01 -2.685000e+01 -1.150000e+01
    endloop
  endfacet
  facet normal 0.000000e+00 0.000000e+00 1.000000e+00
    outer loop
      vertex   1.966250e+01 -6.043671e+00 -1.150000e+01
      vertex   2.015619e+01 -5.813461e+00 -1.150000e+01
      vertex   2.677500e+01 1.785000e+01 -1.150000e+01
    endloop
  endfacet
  facet normal 0.000000e+00 -0.000000e+00 1.000000e+00
    outer loop
      vertex   -2.261453e+01 2.103613e+01 -1.150000e+01
      vertex   -2.000653e+01 2.103613e+01 -1.150000e+01
      vertex   -2.266053e+01 2.138553e+01 -1.150000e+01
    endloop
  endfacet
  facet normal -0.000000e+00 0.000000e+00 1.000000e+00
    outer loop
      vertex   -2.266053e+01 2.138553e+01 -1.150000e+01
      vertex   -2.000653e+01 2.103613e+01 -1.150000e+01
      vertex   -1.996053e+01 2.138553e+01 -1.150000e+01
    endloop
  endfacet
  facet normal 0.000000e+00 0.000000e+00 1.000000e+00
    outer loop
      vertex   -2.266053e+01 2.138553e+01 -1.150000e+01
      vertex   -1.996053e+01 2.138553e+01 -1.150000e+01
      vertex   -2.261453e+01 2.173494e+01 -1.150000e+01
    endloop
  endfacet
  facet normal -0.000000e+00 0.000000e+00 1.000000e+00
    outer loop
      vertex   -2.261453e+01 2.173494e+01 -1.150000e+01
      vertex   -1.996053e+01 2.138553e+01 -1.150000e+01
      vertex   -2.000653e+01 2.173494e+01 -1.150000e+01
    endloop
  endfacet
  facet normal 0.000000e+00 0.000000e+00 1.000000e+00
    outer loop
      vertex   -2.261453e+01 2.173494e+01 -1.150000e+01
      vertex   -2.000653e+01 2.173494e+01 -1.150000e+01
      vertex   -2.247967e+01 2.206053e+01 -1.150000e+01
    endloop
  endfacet
  facet normal -0.000000e+00 0.000000e+00 1.000000e+00
    outer loop
      vertex   -2.247967e+01 2.206053e+01 -1.150000e+01
      vertex   -2.000653e+01 2.173494e+01 -1.150000e+01
      vertex   -2.014140e+01 2.206053e+01 -1.150000e+01
    endloop
  endfacet
  facet normal 0.000000e+00 0.000000e+00 1.000000e+00
    outer loop
      vertex   -2.247967e+01 2.206053e+01 -1.150000e+01
      vertex   -2.014140e+01 2.206053e+01 -1.150000e+01
      vertex   -2.226513e+01 2.234013e+01 -1.150000e+01
    endloop
  endfacet
  facet normal 0.000000e+00 0.000000e+00 1.000000e+00
    outer loop
      vertex   -2.226513e+01 2.234013e+01 -1.150000e+01
      vertex   -2.014140e+01 2.206053e+01 -1.150000e+01
      vertex   -2.035594e+01 2.234013e+01 -1.150000e+01
    endloop
  endfacet
  facet normal -0.000000e+00 0.000000e+00 1.000000e+00
    outer loop
      vertex   -2.226513e+01 2.234013e+01 -1.150000e+01
      vertex   -2.035594e+01 2.234013e+01 -1.150000e+01
      vertex   -2.198553e+01 2.255467e+01 -1.150000e+01
    endloop
  endfacet
  facet normal -0.000000e+00 0.000000e+00 1.000000e+00
    outer loop
      vertex   -2.198553e+01 2.255467e+01 -1.150000e+01
      vertex   -2.035594e+01 2.234013e+01 -1.150000e+01
      vertex   -2.063553e+01 2.255467e+01 -1.150000e+01
    endloop
  endfacet
  facet normal 0.000000e+00 0.000000e+00 1.000000e+00
    outer loop
      vertex   -2.198553e+01 2.255467e+01 -1.150000e+01
      vertex   -2.063553e+01 2.255467e+01 -1.150000e+01
      vertex   -2.165994e+01 2.268953e+01 -1.150000e+01
    endloop
  endfacet
  facet normal -0.000000e+00 0.000000e+00 1.000000e+00
    outer loop
      vertex   -2.165994e+01 2.268953e+01 -1.150000e+01
      vertex   -2.063553e+01 2.255467e+01 -1.150000e+01
      vertex   -2.096113e+01 2.268953e+01 -1.150000e+01
    endloop
  endfacet
  facet normal 0.000000e+00 0.000000e+00 1.000000e+00
    outer loop
      vertex   -2.165994e+01 2.268953e+01 -1.150000e+01
      vertex   -2.096113e+01 2.268953e+01 -1.150000e+01
      vertex   -2.131053e+01 2.273553e+01 -1.150000e+01
    endloop
  endfacet
  facet normal 0.000000e+00 0.000000e+00 1.000000e+00
    outer loop
      vertex   -2.000653e+01 2.103613e+01 -1.150000e+01
      vertex   -2.261453e+01 2.103613e+01 -1.150000e+01
      vertex   -2.014140e+01 2.071053e+01 -1.150000e+01
    endloop
  endfacet
  facet normal 0.000000e+00 0.000000e+00 1.000000e+00
    outer loop
      vertex   -2.014140e+01 2.071053e+01 -1.150000e+01
      vertex   -2.261453e+01 2.103613e+01 -1.150000e+01
      vertex   -2.247967e+01 2.071053e+01 -1.150000e+01
    endloop
  endfacet
  facet normal 0.000000e+00 0.000000e+00 1.000000e+00
    outer loop
      vertex   -2.014140e+01 2.071053e+01 -1.150000e+01
      vertex   -2.247967e+01 2.071053e+01 -1.150000e+01
      vertex   -2.035594e+01 2.043094e+01 -1.150000e+01
    endloop
  endfacet
  facet normal 0.000000e+00 0.000000e+00 1.000000e+00
    outer loop
      vertex   -2.035594e+01 2.043094e+01 -1.150000e+01
      vertex   -2.247967e+01 2.071053e+01 -1.150000e+01
      vertex   -2.226513e+01 2.043094e+01 -1.150000e+01
    endloop
  endfacet
  facet normal 0.000000e+00 0.000000e+00 1.000000e+00
    outer loop
      vertex   -2.035594e+01 2.043094e+01 -1.150000e+01
      vertex   -2.226513e+01 2.043094e+01 -1.150000e+01
      vertex   -2.063553e+01 2.021640e+01 -1.150000e+01
    endloop
  endfacet
  facet normal 0.000000e+00 0.000000e+00 1.000000e+00
    outer loop
      vertex   -2.063553e+01 2.021640e+01 -1.150000e+01
      vertex   -2.226513e+01 2.043094e+01 -1.150000e+01
      vertex   -2.198553e+01 2.021640e+01 -1.150000e+01
    endloop
  endfacet
  facet normal 0.000000e+00 0.000000e+00 1.000000e+00
    outer loop
      vertex   -2.063553e+01 2.021640e+01 -1.150000e+01
      vertex   -2.198553e+01 2.021640e+01 -1.150000e+01
      vertex   -2.096113e+01 2.008153e+01 -1.150000e+01
    endloop
  endfacet
  facet normal 0.000000e+00 0.000000e+00 1.000000e+00
    outer loop
      vertex   -2.096113e+01 2.008153e+01 -1.150000e+01
      vertex   -2.198553e+01 2.021640e+01 -1.150000e+01
      vertex   -2.165994e+01 2.008153e+01 -1.150000e+01
    endloop
  endfacet
  facet normal 0.000000e+00 0.000000e+00 1.000000e+00
    outer loop
      vertex   -2.096113e+01 2.008153e+01 -1.150000e+01
      vertex   -2.165994e+01 2.008153e+01 -1.150000e+01
      vertex   -2.131053e+01 2.003553e+01 -1.150000e+01
    endloop
  endfacet
  facet normal -8.715574e-02 9.961947e-01 -1.592584e-16
    outer loop
      vertex   2.122500e+01 -5.625000e+00 -4.000000e+00
      vertex   2.122500e+01 -5.625000e+00 -1.150000e+01
      vertex   2.068235e+01 -5.672476e+00 -4.000000e+00
    endloop
  endfacet
  facet normal -8.715574e-02 9.961947e-01 7.668790e-17
    outer loop
      vertex   2.068235e+01 -5.672476e+00 -4.000000e+00
      vertex   2.122500e+01 -5.625000e+00 -1.150000e+01
      vertex   2.068235e+01 -5.672476e+00 -1.150000e+01
    endloop
  endfacet
  facet normal -2.588190e-01 9.659258e-01 -8.212732e-18
    outer loop
      vertex   2.068235e+01 -5.672476e+00 -4.000000e+00
      vertex   2.068235e+01 -5.672476e+00 -1.150000e+01
      vertex   2.015619e+01 -5.813461e+00 -1.150000e+01
    endloop
  endfacet
  facet normal -2.588190e-01 9.659258e-01 2.277811e-16
    outer loop
      vertex   2.068235e+01 -5.672476e+00 -4.000000e+00
      vertex   2.015619e+01 -5.813461e+00 -1.150000e+01
      vertex   2.015619e+01 -5.813461e+00 -4.000000e+00
    endloop
  endfacet
  facet normal -4.226183e-01 9.063078e-01 2.146568e-16
    outer loop
      vertex   2.015619e+01 -5.813461e+00 -4.000000e+00
      vertex   2.015619e+01 -5.813461e+00 -1.150000e+01
      vertex   1.966250e+01 -6.043671e+00 -1.150000e+01
    endloop
  endfacet
  facet normal -4.226183e-01 9.063078e-01 1.516610e-17
    outer loop
      vertex   2.015619e+01 -5.813461e+00 -4.000000e+00
      vertex   1.966250e+01 -6.043671e+00 -1.150000e+01
      vertex   1.966250e+01 -6.043671e+00 -4.000000e+00
    endloop
  endfacet
  facet normal -5.735764e-01 8.191520e-01 -7.768620e-17
    outer loop
      vertex   1.966250e+01 -6.043671e+00 -4.000000e+00
      vertex   1.966250e+01 -6.043671e+00 -1.150000e+01
      vertex   1.921629e+01 -6.356111e+00 -1.150000e+01
    endloop
  endfacet
  facet normal -5.735764e-01 8.191520e-01 -8.076383e-17
    outer loop
      vertex   1.966250e+01 -6.043671e+00 -4.000000e+00
      vertex   1.921629e+01 -6.356111e+00 -1.150000e+01
      vertex   1.921629e+01 -6.356111e+00 -4.000000e+00
    endloop
  endfacet
  facet normal -7.071068e-01 7.071068e-01 -1.674765e-16
    outer loop
      vertex   1.921629e+01 -6.356111e+00 -4.000000e+00
      vertex   1.921629e+01 -6.356111e+00 -1.150000e+01
      vertex   1.883111e+01 -6.741289e+00 -1.150000e+01
    endloop
  endfacet
  facet normal -7.071068e-01 7.071068e-01 1.674760e-16
    outer loop
      vertex   1.921629e+01 -6.356111e+00 -4.000000e+00
      vertex   1.883111e+01 -6.741289e+00 -1.150000e+01
      vertex   1.883111e+01 -6.741289e+00 -4.000000e+00
    endloop
  endfacet
  facet normal -8.191520e-01 5.735764e-01 1.358502e-16
    outer loop
      vertex   1.883111e+01 -6.741289e+00 -4.000000e+00
      vertex   1.883111e+01 -6.741289e+00 -1.150000e+01
      vertex   1.851867e+01 -7.187500e+00 -1.150000e+01
    endloop
  endfacet
  facet normal -8.191520e-01 5.735764e-01 6.565493e-17
    outer loop
      vertex   1.883111e+01 -6.741289e+00 -4.000000e+00
      vertex   1.851867e+01 -7.187500e+00 -1.150000e+01
      vertex   1.851867e+01 -7.187500e+00 -4.000000e+00
    endloop
  endfacet
  facet normal -9.063078e-01 4.226183e-01 5.004806e-17
    outer loop
      vertex   1.851867e+01 -7.187500e+00 -4.000000e+00
      vertex   1.851867e+01 -7.187500e+00 -1.150000e+01
      vertex   1.828846e+01 -7.681187e+00 -1.150000e+01
    endloop
  endfacet
  facet normal -9.063078e-01 4.226183e-01 1.510706e-16
    outer loop
      vertex   1.851867e+01 -7.187500e+00 -4.000000e+00
      vertex   1.828846e+01 -7.681187e+00 -1.150000e+01
      vertex   1.828846e+01 -7.681187e+00 -4.000000e+00
    endloop
  endfacet
  facet normal -9.659258e-01 2.588190e-01 9.195100e-17
    outer loop
      vertex   1.828846e+01 -7.681187e+00 -4.000000e+00
      vertex   1.828846e+01 -7.681187e+00 -1.150000e+01
      vertex   1.814748e+01 -8.207349e+00 -1.150000e+01
    endloop
  endfacet
  facet normal -9.659258e-01 2.588190e-01 6.267411e-17
    outer loop
      vertex   1.828846e+01 -7.681187e+00 -4.000000e+00
      vertex   1.814748e+01 -8.207349e+00 -1.150000e+01
      vertex   1.814748e+01 -8.207349e+00 -4.000000e+00
    endloop
  endfacet
  facet normal -9.961947e-01 8.715574e-02 2.064263e-17
    outer loop
      vertex   1.814748e+01 -8.207349e+00 -4.000000e+00
      vertex   1.814748e+01 -8.207349e+00 -1.150000e+01
      vertex   1.810000e+01 -8.750000e+00 -1.150000e+01
    endloop
  endfacet
  facet normal -9.961947e-01 8.715574e-02 4.322369e-20
    outer loop
      vertex   1.814748e+01 -8.207349e+00 -4.000000e+00
      vertex   1.810000e+01 -8.750000e+00 -1.150000e+01
      vertex   1.810000e+01 -8.750000e+00 -4.000000e+00
    endloop
  endfacet
  facet normal -9.961947e-01 -8.715574e-02 -0.000000e+00
    outer loop
      vertex   1.810000e+01 -8.750000e+00 -4.000000e+00
      vertex   1.810000e+01 -8.750000e+00 -1.150000e+01
      vertex   1.814748e+01 -9.292651e+00 -1.150000e+01
    endloop
  endfacet
  facet normal -9.961947e-01 -8.715574e-02 2.835664e-19
    outer loop
      vertex   1.810000e+01 -8.750000e+00 -4.000000e+00
      vertex   1.814748e+01 -9.292651e+00 -1.150000e+01
      vertex   1.814748e+01 -9.292651e+00 -4.000000e+00
    endloop
  endfacet
  facet normal -9.659258e-01 -2.588190e-01 -0.000000e+00
    outer loop
      vertex   1.814748e+01 -9.292651e+00 -4.000000e+00
      vertex   1.814748e+01 -9.292651e+00 -1.150000e+01
      vertex   1.828846e+01 -9.818813e+00 -1.150000e+01
    endloop
  endfacet
  facet normal -9.659258e-01 -2.588190e-01 -1.529885e-18
    outer loop
      vertex   1.814748e+01 -9.292651e+00 -4.000000e+00
      vertex   1.828846e+01 -9.818813e+00 -1.150000e+01
      vertex   1.828846e+01 -9.818813e+00 -4.000000e+00
    endloop
  endfacet
  facet normal -9.063078e-01 -4.226183e-01 -0.000000e+00
    outer loop
      vertex   1.828846e+01 -9.818813e+00 -4.000000e+00
      vertex   1.828846e+01 -9.818813e+00 -1.150000e+01
      vertex   1.851867e+01 -1.031250e+01 -1.150000e+01
    endloop
  endfacet
  facet normal -9.063078e-01 -4.226183e-01 -2.285189e-16
    outer loop
      vertex   1.828846e+01 -9.818813e+00 -4.000000e+00
      vertex   1.851867e+01 -1.031250e+01 -1.150000e+01
      vertex   1.851867e+01 -1.031250e+01 -4.000000e+00
    endloop
  endfacet
  facet normal -8.191520e-01 -5.735764e-01 -1.163280e-16
    outer loop
      vertex   1.851867e+01 -1.031250e+01 -4.000000e+00
      vertex   1.851867e+01 -1.031250e+01 -1.150000e+01
      vertex   1.883111e+01 -1.075871e+01 -1.150000e+01
    endloop
  endfacet
  facet normal -8.191520e-01 -5.735764e-01 1.540324e-18
    outer loop
      vertex   1.851867e+01 -1.031250e+01 -4.000000e+00
      vertex   1.883111e+01 -1.075871e+01 -1.150000e+01
      vertex   1.883111e+01 -1.075871e+01 -4.000000e+00
    endloop
  endfacet
  facet normal -7.071068e-01 -7.071068e-01 -0.000000e+00
    outer loop
      vertex   1.883111e+01 -1.075871e+01 -4.000000e+00
      vertex   1.883111e+01 -1.075871e+01 -1.150000e+01
      vertex   1.921629e+01 -1.114389e+01 -1.150000e+01
    endloop
  endfacet
  facet normal -7.071068e-01 -7.071068e-01 1.677888e-16
    outer loop
      vertex   1.883111e+01 -1.075871e+01 -4.000000e+00
      vertex   1.921629e+01 -1.114389e+01 -1.150000e+01
      vertex   1.921629e+01 -1.114389e+01 -4.000000e+00
    endloop
  endfacet
  facet normal -5.735764e-01 -8.191520e-01 1.940142e-16
    outer loop
      vertex   1.921629e+01 -1.114389e+01 -4.000000e+00
      vertex   1.921629e+01 -1.114389e+01 -1.150000e+01
      vertex   1.966250e+01 -1.145633e+01 -1.150000e+01
    endloop
  endfacet
  facet normal -5.735764e-01 -8.191520e-01 2.244300e-18
    outer loop
      vertex   1.921629e+01 -1.114389e+01 -4.000000e+00
      vertex   1.966250e+01 -1.145633e+01 -1.150000e+01
      vertex   1.966250e+01 -1.145633e+01 -4.000000e+00
    endloop
  endfacet
  facet normal -4.226183e-01 -9.063078e-01 -0.000000e+00
    outer loop
      vertex   1.966250e+01 -1.145633e+01 -4.000000e+00
      vertex   1.966250e+01 -1.145633e+01 -1.150000e+01
      vertex   2.015619e+01 -1.168654e+01 -1.150000e+01
    endloop
  endfacet
  facet normal -4.226183e-01 -9.063078e-01 1.288609e-17
    outer loop
      vertex   1.966250e+01 -1.145633e+01 -4.000000e+00
      vertex   2.015619e+01 -1.168654e+01 -1.150000e+01
      vertex   2.015619e+01 -1.168654e+01 -4.000000e+00
    endloop
  endfacet
  facet normal -2.588190e-01 -9.659258e-01 1.061759e-16
    outer loop
      vertex   2.015619e+01 -1.168654e+01 -4.000000e+00
      vertex   2.015619e+01 -1.168654e+01 -1.150000e+01
      vertex   2.068235e+01 -1.182752e+01 -1.150000e+01
    endloop
  endfacet
  facet normal -2.588190e-01 -9.659258e-01 -2.468890e-16
    outer loop
      vertex   2.015619e+01 -1.168654e+01 -4.000000e+00
      vertex   2.068235e+01 -1.182752e+01 -1.150000e+01
      vertex   2.068235e+01 -1.182752e+01 -4.000000e+00
    endloop
  endfacet
  facet normal -8.715574e-02 -9.961947e-01 -8.257051e-17
    outer loop
      vertex   2.068235e+01 -1.182752e+01 -4.000000e+00
      vertex   2.068235e+01 -1.182752e+01 -1.150000e+01
      vertex   2.122500e+01 -1.187500e+01 -4.000000e+00
    endloop
  endfacet
  facet normal -8.715574e-02 -9.961947e-01 -4.128525e-17
    outer loop
      vertex   2.122500e+01 -1.187500e+01 -4.000000e+00
      vertex   2.068235e+01 -1.182752e+01 -1.150000e+01
      vertex   2.122500e+01 -1.187500e+01 -1.150000e+01
    endloop
  endfacet
  facet normal 0.000000e+00 -1.000000e+00 0.000000e+00
    outer loop
      vertex   2.122500e+01 -1.187500e+01 -1.150000e+01
      vertex   2.177500e+01 -1.187500e+01 -1.150000e+01
      vertex   2.122500e+01 -1.187500e+01 -4.000000e+00
    endloop
  endfacet
  facet normal 0.000000e+00 -1.000000e+00 0.000000e+00
    outer loop
      vertex   2.122500e+01 -1.187500e+01 -4.000000e+00
      vertex   2.177500e+01 -1.187500e+01 -1.150000e+01
      vertex   2.177500e+01 -1.187500e+01 -4.000000e+00
    endloop
  endfacet
  facet normal -7.133918e-02 -9.974521e-01 -3.379303e-17
    outer loop
      vertex   2.177500e+01 -1.187500e+01 -4.000000e+00
      vertex   2.177500e+01 -1.187500e+01 -1.150000e+01
      vertex   2.248657e+01 -1.192589e+01 -4.000000e+00
    endloop
  endfacet
  facet normal -7.133918e-02 -9.974521e-01 -3.379303e-17
    outer loop
      vertex   2.248657e+01 -1.192589e+01 -4.000000e+00
      vertex   2.177500e+01 -1.187500e+01 -1.150000e+01
      vertex   2.248657e+01 -1.192589e+01 -1.150000e+01
    endloop
  endfacet
  facet normal -2.125653e-01 -9.771469e-01 -1.006911e-16
    outer loop
      vertex   2.248657e+01 -1.192589e+01 -4.000000e+00
      vertex   2.248657e+01 -1.192589e+01 -1.150000e+01
      vertex   2.318366e+01 -1.207754e+01 -4.000000e+00
    endloop
  endfacet
  facet normal -2.125653e-01 -9.771469e-01 -0.000000e+00
    outer loop
      vertex   2.318366e+01 -1.207754e+01 -4.000000e+00
      vertex   2.248657e+01 -1.192589e+01 -1.150000e+01
      vertex   2.318366e+01 -1.207754e+01 -1.150000e+01
    endloop
  endfacet
  facet normal -3.494642e-01 -9.369497e-01 -0.000000e+00
    outer loop
      vertex   2.318366e+01 -1.207754e+01 -4.000000e+00
      vertex   2.318366e+01 -1.207754e+01 -1.150000e+01
      vertex   2.385208e+01 -1.232684e+01 -4.000000e+00
    endloop
  endfacet
  facet normal -3.494642e-01 -9.369497e-01 -3.310790e-16
    outer loop
      vertex   2.385208e+01 -1.232684e+01 -4.000000e+00
      vertex   2.318366e+01 -1.207754e+01 -1.150000e+01
      vertex   2.385208e+01 -1.232684e+01 -1.150000e+01
    endloop
  endfacet
  facet normal -4.792490e-01 -8.776790e-01 -4.540358e-16
    outer loop
      vertex   2.385208e+01 -1.232684e+01 -4.000000e+00
      vertex   2.385208e+01 -1.232684e+01 -1.150000e+01
      vertex   2.447820e+01 -1.266873e+01 -4.000000e+00
    endloop
  endfacet
  facet normal -4.792490e-01 -8.776790e-01 -2.270179e-16
    outer loop
      vertex   2.447820e+01 -1.266873e+01 -4.000000e+00
      vertex   2.385208e+01 -1.232684e+01 -1.150000e+01
      vertex   2.447820e+01 -1.266873e+01 -1.150000e+01
    endloop
  endfacet
  facet normal -5.992777e-01 -8.005412e-01 -2.838749e-16
    outer loop
      vertex   2.447820e+01 -1.266873e+01 -4.000000e+00
      vertex   2.447820e+01 -1.266873e+01 -1.150000e+01
      vertex   2.504930e+01 -1.309625e+01 -4.000000e+00
    endloop
  endfacet
  facet normal -5.992777e-01 -8.005412e-01 3.792125e-16
    outer loop
      vertex   2.504930e+01 -1.309625e+01 -4.000000e+00
      vertex   2.447820e+01 -1.266873e+01 -1.150000e+01
      vertex   2.504930e+01 -1.309625e+01 -1.150000e+01
    endloop
  endfacet
  facet normal -7.071068e-01 -7.071068e-01 3.349531e-16
    outer loop
      vertex   2.504930e+01 -1.309625e+01 -4.000000e+00
      vertex   2.504930e+01 -1.309625e+01 -1.150000e+01
      vertex   2.555375e+01 -1.360070e+01 -4.000000e+00
    endloop
  endfacet
  facet normal -7.071068e-01 -7.071068e-01 -0.000000e+00
    outer loop
      vertex   2.555375e+01 -1.360070e+01 -4.000000e+00
      vertex   2.504930e+01 -1.309625e+01 -1.150000e+01
      vertex   2.555375e+01 -1.360070e+01 -1.150000e+01
    endloop
  endfacet
  facet normal -8.005412e-01 -5.992777e-01 -0.000000e+00
    outer loop
      vertex   2.555375e+01 -1.360070e+01 -4.000000e+00
      vertex   2.555375e+01 -1.360070e+01 -1.150000e+01
      vertex   2.598127e+01 -1.417180e+01 -4.000000e+00
    endloop
  endfacet
  facet normal -8.005412e-01 -5.992777e-01 5.211500e-16
    outer loop
      vertex   2.598127e+01 -1.417180e+01 -4.000000e+00
      vertex   2.555375e+01 -1.360070e+01 -1.150000e+01
      vertex   2.598127e+01 -1.417180e+01 -1.150000e+01
    endloop
  endfacet
  facet normal -8.776790e-01 -4.792490e-01 5.292612e-16
    outer loop
      vertex   2.598127e+01 -1.417180e+01 -4.000000e+00
      vertex   2.598127e+01 -1.417180e+01 -1.150000e+01
      vertex   2.632316e+01 -1.479792e+01 -4.000000e+00
    endloop
  endfacet
  facet normal -8.776790e-01 -4.792490e-01 -0.000000e+00
    outer loop
      vertex   2.632316e+01 -1.479792e+01 -4.000000e+00
      vertex   2.598127e+01 -1.417180e+01 -1.150000e+01
      vertex   2.632316e+01 -1.479792e+01 -1.150000e+01
    endloop
  endfacet
  facet normal -9.369497e-01 -3.494642e-01 -0.000000e+00
    outer loop
      vertex   2.632316e+01 -1.479792e+01 -4.000000e+00
      vertex   2.632316e+01 -1.479792e+01 -1.150000e+01
      vertex   2.657246e+01 -1.546634e+01 -4.000000e+00
    endloop
  endfacet
  facet normal -9.369497e-01 -3.494642e-01 8.276974e-17
    outer loop
      vertex   2.657246e+01 -1.546634e+01 -4.000000e+00
      vertex   2.632316e+01 -1.479792e+01 -1.150000e+01
      vertex   2.657246e+01 -1.546634e+01 -1.150000e+01
    endloop
  endfacet
  facet normal -9.771469e-01 -2.125653e-01 5.034557e-17
    outer loop
      vertex   2.657246e+01 -1.546634e+01 -4.000000e+00
      vertex   2.657246e+01 -1.546634e+01 -1.150000e+01
      vertex   2.672411e+01 -1.616343e+01 -4.000000e+00
    endloop
  endfacet
  facet normal -9.771469e-01 -2.125653e-01 -0.000000e+00
    outer loop
      vertex   2.672411e+01 -1.616343e+01 -4.000000e+00
      vertex   2.657246e+01 -1.546634e+01 -1.150000e+01
      vertex   2.672411e+01 -1.616343e+01 -1.150000e+01
    endloop
  endfacet
  facet normal -9.974521e-01 -7.133918e-02 -0.000000e+00
    outer loop
      vertex   2.672411e+01 -1.616343e+01 -4.000000e+00
      vertex   2.672411e+01 -1.616343e+01 -1.150000e+01
      vertex   2.677500e+01 -1.687500e+01 -4.000000e+00
    endloop
  endfacet
  facet normal -9.974521e-01 -7.133918e-02 -4.724882e-16
    outer loop
      vertex   2.677500e+01 -1.687500e+01 -4.000000e+00
      vertex   2.672411e+01 -1.616343e+01 -1.150000e+01
      vertex   2.677500e+01 -1.687500e+01 -1.150000e+01
    endloop
  endfacet
  facet normal -1.000000e+00 -0.000000e+00 -4.736952e-16
    outer loop
      vertex   2.677500e+01 -1.687500e+01 -1.150000e+01
      vertex   2.677500e+01 -1.785000e+01 -1.150000e+01
      vertex   2.677500e+01 -1.687500e+01 -4.000000e+00
    endloop
  endfacet
  facet normal -1.000000e+00 -0.000000e+00 -4.736952e-16
    outer loop
      vertex   2.677500e+01 -1.687500e+01 -4.000000e+00
      vertex   2.677500e+01 -1.785000e+01 -1.150000e+01
      vertex   2.677500e+01 -1.785000e+01 -4.000000e+00
    endloop
  endfacet
  facet normal 0.000000e+00 1.000000e+00 0.000000e+00
    outer loop
      vertex   1.777500e+01 -2.685000e+01 -9.500000e+00
      vertex   1.777500e+01 -2.685000e+01 -1.150000e+01
      vertex   -7.500000e-02 -2.685000e+01 -9.500000e+00
    endloop
  endfacet
  facet normal 0.000000e+00 1.000000e+00 0.000000e+00
    outer loop
      vertex   -7.500000e-02 -2.685000e+01 -9.500000e+00
      vertex   1.777500e+01 -2.685000e+01 -1.150000e+01
      vertex   -1.777500e+01 -2.685000e+01 -1.150000e+01
    endloop
  endfacet
  facet normal 0.000000e+00 1.000000e+00 0.000000e+00
    outer loop
      vertex   -7.500000e-02 -2.685000e+01 -9.500000e+00
      vertex   -1.777500e+01 -2.685000e+01 -1.150000e+01
      vertex   -1.777500e+01 -2.685000e+01 -4.000000e+00
    endloop
  endfacet
  facet normal -0.000000e+00 1.000000e+00 0.000000e+00
    outer loop
      vertex   -1.777500e+01 -2.685000e+01 -4.000000e+00
      vertex   -7.500000e-02 -2.685000e+01 -4.000000e+00
      vertex   -7.500000e-02 -2.685000e+01 -9.500000e+00
    endloop
  endfacet
  facet normal 5.233596e-02 9.986295e-01 0.000000e+00
    outer loop
      vertex   -1.777500e+01 -2.685000e+01 -4.000000e+00
      vertex   -1.777500e+01 -2.685000e+01 -1.150000e+01
      vertex   -1.871576e+01 -2.680070e+01 -4.000000e+00
    endloop
  endfacet
  facet normal 5.233596e-02 9.986295e-01 0.000000e+00
    outer loop
      vertex   -1.871576e+01 -2.680070e+01 -4.000000e+00
      vertex   -1.777500e+01 -2.685000e+01 -1.150000e+01
      vertex   -1.871576e+01 -2.680070e+01 -1.150000e+01
    endloop
  endfacet
  facet normal 1.564345e-01 9.876883e-01 0.000000e+00
    outer loop
      vertex   -1.871576e+01 -2.680070e+01 -4.000000e+00
      vertex   -1.871576e+01 -2.680070e+01 -1.150000e+01
      vertex   -1.964621e+01 -2.665333e+01 -4.000000e+00
    endloop
  endfacet
  facet normal 1.564345e-01 9.876883e-01 0.000000e+00
    outer loop
      vertex   -1.964621e+01 -2.665333e+01 -4.000000e+00
      vertex   -1.871576e+01 -2.680070e+01 -1.150000e+01
      vertex   -1.964621e+01 -2.665333e+01 -1.150000e+01
    endloop
  endfacet
  facet normal 2.588190e-01 9.659258e-01 0.000000e+00
    outer loop
      vertex   -1.964621e+01 -2.665333e+01 -4.000000e+00
      vertex   -1.964621e+01 -2.665333e+01 -1.150000e+01
      vertex   -2.055615e+01 -2.640951e+01 -4.000000e+00
    endloop
  endfacet
  facet normal 2.588190e-01 9.659258e-01 0.000000e+00
    outer loop
      vertex   -2.055615e+01 -2.640951e+01 -4.000000e+00
      vertex   -1.964621e+01 -2.665333e+01 -1.150000e+01
      vertex   -2.055615e+01 -2.640951e+01 -1.150000e+01
    endloop
  endfacet
  facet normal 3.583679e-01 9.335804e-01 0.000000e+00
    outer loop
      vertex   -2.055615e+01 -2.640951e+01 -4.000000e+00
      vertex   -2.055615e+01 -2.640951e+01 -1.150000e+01
      vertex   -2.143563e+01 -2.607191e+01 -4.000000e+00
    endloop
  endfacet
  facet normal 3.583679e-01 9.335804e-01 0.000000e+00
    outer loop
      vertex   -2.143563e+01 -2.607191e+01 -4.000000e+00
      vertex   -2.055615e+01 -2.640951e+01 -1.150000e+01
      vertex   -2.143563e+01 -2.607191e+01 -1.150000e+01
    endloop
  endfacet
  facet normal 4.539905e-01 8.910065e-01 0.000000e+00
    outer loop
      vertex   -2.143563e+01 -2.607191e+01 -4.000000e+00
      vertex   -2.143563e+01 -2.607191e+01 -1.150000e+01
      vertex   -2.227500e+01 -2.564423e+01 -4.000000e+00
    endloop
  endfacet
  facet normal 4.539905e-01 8.910065e-01 0.000000e+00
    outer loop
      vertex   -2.227500e+01 -2.564423e+01 -4.000000e+00
      vertex   -2.143563e+01 -2.607191e+01 -1.150000e+01
      vertex   -2.227500e+01 -2.564423e+01 -1.150000e+01
    endloop
  endfacet
  facet normal 5.446390e-01 8.386706e-01 0.000000e+00
    outer loop
      vertex   -2.227500e+01 -2.564423e+01 -4.000000e+00
      vertex   -2.227500e+01 -2.564423e+01 -1.150000e+01
      vertex   -2.306507e+01 -2.513115e+01 -4.000000e+00
    endloop
  endfacet
  facet normal 5.446390e-01 8.386706e-01 0.000000e+00
    outer loop
      vertex   -2.306507e+01 -2.513115e+01 -4.000000e+00
      vertex   -2.227500e+01 -2.564423e+01 -1.150000e+01
      vertex   -2.306507e+01 -2.513115e+01 -1.150000e+01
    endloop
  endfacet
  facet normal 6.293204e-01 7.771460e-01 0.000000e+00
    outer loop
      vertex   -2.306507e+01 -2.513115e+01 -4.000000e+00
      vertex   -2.306507e+01 -2.513115e+01 -1.150000e+01
      vertex   -2.379718e+01 -2.453830e+01 -4.000000e+00
    endloop
  endfacet
  facet normal 6.293204e-01 7.771460e-01 0.000000e+00
    outer loop
      vertex   -2.379718e+01 -2.453830e+01 -4.000000e+00
      vertex   -2.306507e+01 -2.513115e+01 -1.150000e+01
      vertex   -2.379718e+01 -2.453830e+01 -1.150000e+01
    endloop
  endfacet
  facet normal 7.071068e-01 7.071068e-01 0.000000e+00
    outer loop
      vertex   -2.379718e+01 -2.453830e+01 -4.000000e+00
      vertex   -2.379718e+01 -2.453830e+01 -1.150000e+01
      vertex   -2.446330e+01 -2.387218e+01 -4.000000e+00
    endloop
  endfacet
  facet normal 7.071068e-01 7.071068e-01 6.699061e-16
    outer loop
      vertex   -2.446330e+01 -2.387218e+01 -4.000000e+00
      vertex   -2.379718e+01 -2.453830e+01 -1.150000e+01
      vertex   -2.446330e+01 -2.387218e+01 -1.150000e+01
    endloop
  endfacet
  facet normal 7.771460e-01 6.293204e-01 7.362606e-16
    outer loop
      vertex   -2.446330e+01 -2.387218e+01 -4.000000e+00
      vertex   -2.446330e+01 -2.387218e+01 -1.150000e+01
      vertex   -2.505615e+01 -2.314007e+01 -4.000000e+00
    endloop
  endfacet
  facet normal 7.771460e-01 6.293204e-01 -2.981060e-16
    outer loop
      vertex   -2.505615e+01 -2.314007e+01 -4.000000e+00
      vertex   -2.446330e+01 -2.387218e+01 -1.150000e+01
      vertex   -2.505615e+01 -2.314007e+01 -1.150000e+01
    endloop
  endfacet
  facet normal 8.386706e-01 5.446390e-01 -2.579929e-16
    outer loop
      vertex   -2.505615e+01 -2.314007e+01 -4.000000e+00
      vertex   -2.505615e+01 -2.314007e+01 -1.150000e+01
      vertex   -2.556923e+01 -2.235000e+01 -4.000000e+00
    endloop
  endfacet
  facet normal 8.386706e-01 5.446390e-01 0.000000e+00
    outer loop
      vertex   -2.556923e+01 -2.235000e+01 -4.000000e+00
      vertex   -2.505615e+01 -2.314007e+01 -1.150000e+01
      vertex   -2.556923e+01 -2.235000e+01 -1.150000e+01
    endloop
  endfacet
  facet normal 8.910065e-01 4.539905e-01 0.000000e+00
    outer loop
      vertex   -2.556923e+01 -2.235000e+01 -4.000000e+00
      vertex   -2.556923e+01 -2.235000e+01 -1.150000e+01
      vertex   -2.599691e+01 -2.151063e+01 -4.000000e+00
    endloop
  endfacet
  facet normal 8.910065e-01 4.539905e-01 0.000000e+00
    outer loop
      vertex   -2.599691e+01 -2.151063e+01 -4.000000e+00
      vertex   -2.556923e+01 -2.235000e+01 -1.150000e+01
      vertex   -2.599691e+01 -2.151063e+01 -1.150000e+01
    endloop
  endfacet
  facet normal 9.335804e-01 3.583679e-01 0.000000e+00
    outer loop
      vertex   -2.599691e+01 -2.151063e+01 -4.000000e+00
      vertex   -2.599691e+01 -2.151063e+01 -1.150000e+01
      vertex   -2.633451e+01 -2.063115e+01 -4.000000e+00
    endloop
  endfacet
  facet normal 9.335804e-01 3.583679e-01 0.000000e+00
    outer loop
      vertex   -2.633451e+01 -2.063115e+01 -4.000000e+00
      vertex   -2.599691e+01 -2.151063e+01 -1.150000e+01
      vertex   -2.633451e+01 -2.063115e+01 -1.150000e+01
    endloop
  endfacet
  facet normal 9.659258e-01 2.588190e-01 0.000000e+00
    outer loop
      vertex   -2.633451e+01 -2.063115e+01 -4.000000e+00
      vertex   -2.633451e+01 -2.063115e+01 -1.150000e+01
      vertex   -2.657833e+01 -1.972121e+01 -4.000000e+00
    endloop
  endfacet
  facet normal 9.659258e-01 2.588190e-01 -1.226013e-16
    outer loop
      vertex   -2.657833e+01 -1.972121e+01 -4.000000e+00
      vertex   -2.633451e+01 -2.063115e+01 -1.150000e+01
      vertex   -2.657833e+01 -1.972121e+01 -1.150000e+01
    endloop
  endfacet
  facet normal 9.876883e-01 1.564345e-01 -7.410225e-17
    outer loop
      vertex   -2.657833e+01 -1.972121e+01 -4.000000e+00
      vertex   -2.657833e+01 -1.972121e+01 -1.150000e+01
      vertex   -2.672570e+01 -1.879076e+01 -4.000000e+00
    endloop
  endfacet
  facet normal 9.876883e-01 1.564345e-01 9.357264e-16
    outer loop
      vertex   -2.672570e+01 -1.879076e+01 -4.000000e+00
      vertex   -2.657833e+01 -1.972121e+01 -1.150000e+01
      vertex   -2.672570e+01 -1.879076e+01 -1.150000e+01
    endloop
  endfacet
  facet normal 9.986295e-01 5.233596e-02 9.460919e-16
    outer loop
      vertex   -2.672570e+01 -1.879076e+01 -4.000000e+00
      vertex   -2.672570e+01 -1.879076e+01 -1.150000e+01
      vertex   -2.677500e+01 -1.785000e+01 -4.000000e+00
    endloop
  endfacet
  facet normal 9.986295e-01 5.233596e-02 -2.479129e-17
    outer loop
      vertex   -2.677500e+01 -1.785000e+01 -4.000000e+00
      vertex   -2.672570e+01 -1.879076e+01 -1.150000e+01
      vertex   -2.677500e+01 -1.785000e+01 -1.150000e+01
    endloop
  endfacet
  facet normal 1.000000e+00 0.000000e+00 0.000000e+00
    outer loop
      vertex   -2.677500e+01 -1.785000e+01 -1.150000e+01
      vertex   -2.677500e+01 1.326053e+01 -1.150000e+01
      vertex   -2.677500e+01 -1.785000e+01 -4.000000e+00
    endloop
  endfacet
  facet normal 1.000000e+00 -0.000000e+00 0.000000e+00
    outer loop
      vertex   -2.677500e+01 -1.785000e+01 -4.000000e+00
      vertex   -2.677500e+01 1.326053e+01 -1.150000e+01
      vertex   -2.677500e+01 1.326053e+01 -4.000000e+00
    endloop
  endfacet
  facet normal 9.974521e-01 -7.133918e-02 0.000000e+00
    outer loop
      vertex   -2.677500e+01 1.326053e+01 -4.000000e+00
      vertex   -2.677500e+01 1.326053e+01 -1.150000e+01
      vertex   -2.672411e+01 1.397211e+01 -4.000000e+00
    endloop
  endfacet
  facet normal 9.974521e-01 -7.133918e-02 0.000000e+00
    outer loop
      vertex   -2.672411e+01 1.397211e+01 -4.000000e+00
      vertex   -2.677500e+01 1.326053e+01 -1.150000e+01
      vertex   -2.672411e+01 1.397211e+01 -1.150000e+01
    endloop
  endfacet
  facet normal 9.771469e-01 -2.125653e-01 0.000000e+00
    outer loop
      vertex   -2.672411e+01 1.397211e+01 -4.000000e+00
      vertex   -2.672411e+01 1.397211e+01 -1.150000e+01
      vertex   -2.657246e+01 1.466920e+01 -4.000000e+00
    endloop
  endfacet
  facet normal 9.771469e-01 -2.125653e-01 0.000000e+00
    outer loop
      vertex   -2.657246e+01 1.466920e+01 -4.000000e+00
      vertex   -2.672411e+01 1.397211e+01 -1.150000e+01
      vertex   -2.657246e+01 1.466920e+01 -1.150000e+01
    endloop
  endfacet
  facet normal 9.369497e-01 -3.494642e-01 0.000000e+00
    outer loop
      vertex   -2.657246e+01 1.466920e+01 -4.000000e+00
      vertex   -2.657246e+01 1.466920e+01 -1.150000e+01
      vertex   -2.632316e+01 1.533761e+01 -4.000000e+00
    endloop
  endfacet
  facet normal 9.369497e-01 -3.494642e-01 1.655395e-16
    outer loop
      vertex   -2.632316e+01 1.533761e+01 -4.000000e+00
      vertex   -2.657246e+01 1.466920e+01 -1.150000e+01
      vertex   -2.632316e+01 1.533761e+01 -1.150000e+01
    endloop
  endfacet
  facet normal 8.776790e-01 -4.792490e-01 2.270179e-16
    outer loop
      vertex   -2.632316e+01 1.533761e+01 -4.000000e+00
      vertex   -2.632316e+01 1.533761e+01 -1.150000e+01
      vertex   -2.598127e+01 1.596374e+01 -4.000000e+00
    endloop
  endfacet
  facet normal 8.776790e-01 -4.792490e-01 1.135090e-16
    outer loop
      vertex   -2.598127e+01 1.596374e+01 -4.000000e+00
      vertex   -2.632316e+01 1.533761e+01 -1.150000e+01
      vertex   -2.598127e+01 1.596374e+01 -1.150000e+01
    endloop
  endfacet
  facet normal 8.005412e-01 -5.992777e-01 1.419375e-16
    outer loop
      vertex   -2.598127e+01 1.596374e+01 -4.000000e+00
      vertex   -2.598127e+01 1.596374e+01 -1.150000e+01
      vertex   -2.555375e+01 1.653484e+01 -4.000000e+00
    endloop
  endfacet
  facet normal 8.005412e-01 -5.992777e-01 0.000000e+00
    outer loop
      vertex   -2.555375e+01 1.653484e+01 -4.000000e+00
      vertex   -2.598127e+01 1.596374e+01 -1.150000e+01
      vertex   -2.555375e+01 1.653484e+01 -1.150000e+01
    endloop
  endfacet
  facet normal 7.071068e-01 -7.071068e-01 0.000000e+00
    outer loop
      vertex   -2.555375e+01 1.653484e+01 -4.000000e+00
      vertex   -2.555375e+01 1.653484e+01 -1.150000e+01
      vertex   -2.504930e+01 1.703928e+01 -4.000000e+00
    endloop
  endfacet
  facet normal 7.071068e-01 -7.071068e-01 0.000000e+00
    outer loop
      vertex   -2.504930e+01 1.703928e+01 -4.000000e+00
      vertex   -2.555375e+01 1.653484e+01 -1.150000e+01
      vertex   -2.504930e+01 1.703928e+01 -1.150000e+01
    endloop
  endfacet
  facet normal 5.992777e-01 -8.005412e-01 0.000000e+00
    outer loop
      vertex   -2.504930e+01 1.703928e+01 -4.000000e+00
      vertex   -2.504930e+01 1.703928e+01 -1.150000e+01
      vertex   -2.447820e+01 1.746680e+01 -4.000000e+00
    endloop
  endfacet
  facet normal 5.992777e-01 -8.005412e-01 3.792125e-16
    outer loop
      vertex   -2.447820e+01 1.746680e+01 -4.000000e+00
      vertex   -2.504930e+01 1.703928e+01 -1.150000e+01
      vertex   -2.447820e+01 1.746680e+01 -1.150000e+01
    endloop
  endfacet
  facet normal 4.792490e-01 -8.776790e-01 4.157523e-16
    outer loop
      vertex   -2.447820e+01 1.746680e+01 -4.000000e+00
      vertex   -2.447820e+01 1.746680e+01 -1.150000e+01
      vertex   -2.385208e+01 1.780869e+01 -4.000000e+00
    endloop
  endfacet
  facet normal 4.792490e-01 -8.776790e-01 0.000000e+00
    outer loop
      vertex   -2.385208e+01 1.780869e+01 -4.000000e+00
      vertex   -2.447820e+01 1.746680e+01 -1.150000e+01
      vertex   -2.385208e+01 1.780869e+01 -1.150000e+01
    endloop
  endfacet
  facet normal 3.494642e-01 -9.369497e-01 0.000000e+00
    outer loop
      vertex   -2.385208e+01 1.780869e+01 -4.000000e+00
      vertex   -2.385208e+01 1.780869e+01 -1.150000e+01
      vertex   -2.318366e+01 1.805800e+01 -4.000000e+00
    endloop
  endfacet
  facet normal 3.494642e-01 -9.369497e-01 0.000000e+00
    outer loop
      vertex   -2.318366e+01 1.805800e+01 -4.000000e+00
      vertex   -2.385208e+01 1.780869e+01 -1.150000e+01
      vertex   -2.318366e+01 1.805800e+01 -1.150000e+01
    endloop
  endfacet
  facet normal 2.125653e-01 -9.771469e-01 0.000000e+00
    outer loop
      vertex   -2.318366e+01 1.805800e+01 -4.000000e+00
      vertex   -2.318366e+01 1.805800e+01 -1.150000e+01
      vertex   -2.248657e+01 1.820964e+01 -4.000000e+00
    endloop
  endfacet
  facet normal 2.125653e-01 -9.771469e-01 0.000000e+00
    outer loop
      vertex   -2.248657e+01 1.820964e+01 -4.000000e+00
      vertex   -2.318366e+01 1.805800e+01 -1.150000e+01
      vertex   -2.248657e+01 1.820964e+01 -1.150000e+01
    endloop
  endfacet
  facet normal 7.133918e-02 -9.974521e-01 0.000000e+00
    outer loop
      vertex   -2.248657e+01 1.820964e+01 -4.000000e+00
      vertex   -2.248657e+01 1.820964e+01 -1.150000e+01
      vertex   -2.177500e+01 1.826053e+01 -4.000000e+00
    endloop
  endfacet
  facet normal 7.133918e-02 -9.974521e-01 0.000000e+00
    outer loop
      vertex   -2.177500e+01 1.826053e+01 -4.000000e+00
      vertex   -2.248657e+01 1.820964e+01 -1.150000e+01
      vertex   -2.177500e+01 1.826053e+01 -1.150000e+01
    endloop
  endfacet
  facet normal 9.987955e-01 4.906767e-02 0.000000e+00
    outer loop
      vertex   2.777500e+01 1.785000e+01 -5.000000e+00
      vertex   2.777500e+01 1.785000e+01 -1.150000e+01
      vertex   2.772685e+01 1.883017e+01 -5.000000e+00
    endloop
  endfacet
  facet normal 9.987955e-01 4.906767e-02 0.000000e+00
    outer loop
      vertex   2.772685e+01 1.883017e+01 -5.000000e+00
      vertex   2.777500e+01 1.785000e+01 -1.150000e+01
      vertex   2.772685e+01 1.883017e+01 -1.150000e+01
    endloop
  endfacet
  facet normal 9.891765e-01 1.467305e-01 0.000000e+00
    outer loop
      vertex   2.772685e+01 1.883017e+01 -5.000000e+00
      vertex   2.772685e+01 1.883017e+01 -1.150000e+01
      vertex   2.758285e+01 1.980090e+01 -5.000000e+00
    endloop
  endfacet
  facet normal 9.891765e-01 1.467305e-01 0.000000e+00
    outer loop
      vertex   2.758285e+01 1.980090e+01 -5.000000e+00
      vertex   2.772685e+01 1.883017e+01 -1.150000e+01
      vertex   2.758285e+01 1.980090e+01 -1.150000e+01
    endloop
  endfacet
  facet normal 9.700313e-01 2.429802e-01 0.000000e+00
    outer loop
      vertex   2.758285e+01 1.980090e+01 -5.000000e+00
      vertex   2.758285e+01 1.980090e+01 -1.150000e+01
      vertex   2.734440e+01 2.075285e+01 -5.000000e+00
    endloop
  endfacet
  facet normal 9.700313e-01 2.429802e-01 0.000000e+00
    outer loop
      vertex   2.734440e+01 2.075285e+01 -5.000000e+00
      vertex   2.758285e+01 1.980090e+01 -1.150000e+01
      vertex   2.734440e+01 2.075285e+01 -1.150000e+01
    endloop
  endfacet
  facet normal 9.415441e-01 3.368899e-01 0.000000e+00
    outer loop
      vertex   2.734440e+01 2.075285e+01 -5.000000e+00
      vertex   2.734440e+01 2.075285e+01 -1.150000e+01
      vertex   2.701380e+01 2.167683e+01 -5.000000e+00
    endloop
  endfacet
  facet normal 9.415441e-01 3.368899e-01 0.000000e+00
    outer loop
      vertex   2.701380e+01 2.167683e+01 -5.000000e+00
      vertex   2.734440e+01 2.075285e+01 -1.150000e+01
      vertex   2.701380e+01 2.167683e+01 -1.150000e+01
    endloop
  endfacet
  facet normal 9.039893e-01 4.275551e-01 0.000000e+00
    outer loop
      vertex   2.701380e+01 2.167683e+01 -5.000000e+00
      vertex   2.701380e+01 2.167683e+01 -1.150000e+01
      vertex   2.659421e+01 2.256397e+01 -5.000000e+00
    endloop
  endfacet
  facet normal 9.039893e-01 4.275551e-01 0.000000e+00
    outer loop
      vertex   2.659421e+01 2.256397e+01 -5.000000e+00
      vertex   2.701380e+01 2.167683e+01 -1.150000e+01
      vertex   2.659421e+01 2.256397e+01 -1.150000e+01
    endloop
  endfacet
  facet normal 8.577286e-01 5.141027e-01 0.000000e+00
    outer loop
      vertex   2.659421e+01 2.256397e+01 -5.000000e+00
      vertex   2.659421e+01 2.256397e+01 -1.150000e+01
      vertex   2.608970e+01 2.340570e+01 -5.000000e+00
    endloop
  endfacet
  facet normal 8.577286e-01 5.141027e-01 0.000000e+00
    outer loop
      vertex   2.608970e+01 2.340570e+01 -5.000000e+00
      vertex   2.659421e+01 2.256397e+01 -1.150000e+01
      vertex   2.608970e+01 2.340570e+01 -1.150000e+01
    endloop
  endfacet
  facet normal 8.032075e-01 5.956993e-01 0.000000e+00
    outer loop
      vertex   2.608970e+01 2.340570e+01 -5.000000e+00
      vertex   2.608970e+01 2.340570e+01 -1.150000e+01
      vertex   2.550510e+01 2.419393e+01 -5.000000e+00
    endloop
  endfacet
  facet normal 8.032075e-01 5.956993e-01 0.000000e+00
    outer loop
      vertex   2.550510e+01 2.419393e+01 -5.000000e+00
      vertex   2.608970e+01 2.340570e+01 -1.150000e+01
      vertex   2.550510e+01 2.419393e+01 -1.150000e+01
    endloop
  endfacet
  facet normal 7.409511e-01 6.715590e-01 0.000000e+00
    outer loop
      vertex   2.550510e+01 2.419393e+01 -5.000000e+00
      vertex   2.550510e+01 2.419393e+01 -1.150000e+01
      vertex   2.484607e+01 2.492107e+01 -5.000000e+00
    endloop
  endfacet
  facet normal 7.409511e-01 6.715590e-01 0.000000e+00
    outer loop
      vertex   2.484607e+01 2.492107e+01 -5.000000e+00
      vertex   2.550510e+01 2.419393e+01 -1.150000e+01
      vertex   2.484607e+01 2.492107e+01 -1.150000e+01
    endloop
  endfacet
  facet normal 6.715590e-01 7.409511e-01 0.000000e+00
    outer loop
      vertex   2.484607e+01 2.492107e+01 -5.000000e+00
      vertex   2.484607e+01 2.492107e+01 -1.150000e+01
      vertex   2.411893e+01 2.558010e+01 -5.000000e+00
    endloop
  endfacet
  facet normal 6.715590e-01 7.409511e-01 0.000000e+00
    outer loop
      vertex   2.411893e+01 2.558010e+01 -5.000000e+00
      vertex   2.484607e+01 2.492107e+01 -1.150000e+01
      vertex   2.411893e+01 2.558010e+01 -1.150000e+01
    endloop
  endfacet
  facet normal 5.956993e-01 8.032075e-01 0.000000e+00
    outer loop
      vertex   2.411893e+01 2.558010e+01 -5.000000e+00
      vertex   2.411893e+01 2.558010e+01 -1.150000e+01
      vertex   2.333070e+01 2.616470e+01 -5.000000e+00
    endloop
  endfacet
  facet normal 5.956993e-01 8.032075e-01 0.000000e+00
    outer loop
      vertex   2.333070e+01 2.616470e+01 -5.000000e+00
      vertex   2.411893e+01 2.558010e+01 -1.150000e+01
      vertex   2.333070e+01 2.616470e+01 -1.150000e+01
    endloop
  endfacet
  facet normal 5.141027e-01 8.577286e-01 0.000000e+00
    outer loop
      vertex   2.333070e+01 2.616470e+01 -5.000000e+00
      vertex   2.333070e+01 2.616470e+01 -1.150000e+01
      vertex   2.248897e+01 2.666921e+01 -5.000000e+00
    endloop
  endfacet
  facet normal 5.141027e-01 8.577286e-01 0.000000e+00
    outer loop
      vertex   2.248897e+01 2.666921e+01 -5.000000e+00
      vertex   2.333070e+01 2.616470e+01 -1.150000e+01
      vertex   2.248897e+01 2.666921e+01 -1.150000e+01
    endloop
  endfacet
  facet normal 4.275551e-01 9.039893e-01 0.000000e+00
    outer loop
      vertex   2.248897e+01 2.666921e+01 -5.000000e+00
      vertex   2.248897e+01 2.666921e+01 -1.150000e+01
      vertex   2.160183e+01 2.708880e+01 -5.000000e+00
    endloop
  endfacet
  facet normal 4.275551e-01 9.039893e-01 0.000000e+00
    outer loop
      vertex   2.160183e+01 2.708880e+01 -5.000000e+00
      vertex   2.248897e+01 2.666921e+01 -1.150000e+01
      vertex   2.160183e+01 2.708880e+01 -1.150000e+01
    endloop
  endfacet
  facet normal 3.368899e-01 9.415441e-01 0.000000e+00
    outer loop
      vertex   2.160183e+01 2.708880e+01 -5.000000e+00
      vertex   2.160183e+01 2.708880e+01 -1.150000e+01
      vertex   2.067785e+01 2.741940e+01 -5.000000e+00
    endloop
  endfacet
  facet normal 3.368899e-01 9.415441e-01 0.000000e+00
    outer loop
      vertex   2.067785e+01 2.741940e+01 -5.000000e+00
      vertex   2.160183e+01 2.708880e+01 -1.150000e+01
      vertex   2.067785e+01 2.741940e+01 -1.150000e+01
    endloop
  endfacet
  facet normal 2.429802e-01 9.700313e-01 0.000000e+00
    outer loop
      vertex   2.067785e+01 2.741940e+01 -5.000000e+00
      vertex   2.067785e+01 2.741940e+01 -1.150000e+01
      vertex   1.972590e+01 2.765785e+01 -5.000000e+00
    endloop
  endfacet
  facet normal 2.429802e-01 9.700313e-01 0.000000e+00
    outer loop
      vertex   1.972590e+01 2.765785e+01 -5.000000e+00
      vertex   2.067785e+01 2.741940e+01 -1.150000e+01
      vertex   1.972590e+01 2.765785e+01 -1.150000e+01
    endloop
  endfacet
  facet normal 1.467305e-01 9.891765e-01 0.000000e+00
    outer loop
      vertex   1.972590e+01 2.765785e+01 -5.000000e+00
      vertex   1.972590e+01 2.765785e+01 -1.150000e+01
      vertex   1.875517e+01 2.780185e+01 -5.000000e+00
    endloop
  endfacet
  facet normal 1.467305e-01 9.891765e-01 0.000000e+00
    outer loop
      vertex   1.875517e+01 2.780185e+01 -5.000000e+00
      vertex   1.972590e+01 2.765785e+01 -1.150000e+01
      vertex   1.875517e+01 2.780185e+01 -1.150000e+01
    endloop
  endfacet
  facet normal 4.906767e-02 9.987955e-01 0.000000e+00
    outer loop
      vertex   1.875517e+01 2.780185e+01 -5.000000e+00
      vertex   1.875517e+01 2.780185e+01 -1.150000e+01
      vertex   1.777500e+01 2.785000e+01 -5.000000e+00
    endloop
  endfacet
  facet normal 4.906767e-02 9.987955e-01 0.000000e+00
    outer loop
      vertex   1.777500e+01 2.785000e+01 -5.000000e+00
      vertex   1.875517e+01 2.780185e+01 -1.150000e+01
      vertex   1.777500e+01 2.785000e+01 -1.150000e+01
    endloop
  endfacet
  facet normal 9.974521e-01 -7.133918e-02 0.000000e+00
    outer loop
      vertex   -1.818553e+01 2.185000e+01 -4.000000e+00
      vertex   -1.818553e+01 2.185000e+01 -1.150000e+01
      vertex   -1.813464e+01 2.256157e+01 -4.000000e+00
    endloop
  endfacet
  facet normal 9.974521e-01 -7.133918e-02 0.000000e+00
    outer loop
      vertex   -1.813464e+01 2.256157e+01 -4.000000e+00
      vertex   -1.818553e+01 2.185000e+01 -1.150000e+01
      vertex   -1.813464e+01 2.256157e+01 -1.150000e+01
    endloop
  endfacet
  facet normal 9.771469e-01 -2.125653e-01 0.000000e+00
    outer loop
      vertex   -1.813464e+01 2.256157e+01 -4.000000e+00
      vertex   -1.813464e+01 2.256157e+01 -1.150000e+01
      vertex   -1.798300e+01 2.325866e+01 -4.000000e+00
    endloop
  endfacet
  facet normal 9.771469e-01 -2.125653e-01 0.000000e+00
    outer loop
      vertex   -1.798300e+01 2.325866e+01 -4.000000e+00
      vertex   -1.813464e+01 2.256157e+01 -1.150000e+01
      vertex   -1.798300e+01 2.325866e+01 -1.150000e+01
    endloop
  endfacet
  facet normal 9.369497e-01 -3.494642e-01 0.000000e+00
    outer loop
      vertex   -1.798300e+01 2.325866e+01 -4.000000e+00
      vertex   -1.798300e+01 2.325866e+01 -1.150000e+01
      vertex   -1.773369e+01 2.392708e+01 -4.000000e+00
    endloop
  endfacet
  facet normal 9.369497e-01 -3.494642e-01 0.000000e+00
    outer loop
      vertex   -1.773369e+01 2.392708e+01 -4.000000e+00
      vertex   -1.798300e+01 2.325866e+01 -1.150000e+01
      vertex   -1.773369e+01 2.392708e+01 -1.150000e+01
    endloop
  endfacet
  facet normal 8.776790e-01 -4.792490e-01 0.000000e+00
    outer loop
      vertex   -1.773369e+01 2.392708e+01 -4.000000e+00
      vertex   -1.773369e+01 2.392708e+01 -1.150000e+01
      vertex   -1.739180e+01 2.455320e+01 -4.000000e+00
    endloop
  endfacet
  facet normal 8.776790e-01 -4.792490e-01 0.000000e+00
    outer loop
      vertex   -1.739180e+01 2.455320e+01 -4.000000e+00
      vertex   -1.773369e+01 2.392708e+01 -1.150000e+01
      vertex   -1.739180e+01 2.455320e+01 -1.150000e+01
    endloop
  endfacet
  facet normal 8.005412e-01 -5.992777e-01 0.000000e+00
    outer loop
      vertex   -1.739180e+01 2.455320e+01 -4.000000e+00
      vertex   -1.739180e+01 2.455320e+01 -1.150000e+01
      vertex   -1.696428e+01 2.512430e+01 -4.000000e+00
    endloop
  endfacet
  facet normal 8.005412e-01 -5.992777e-01 0.000000e+00
    outer loop
      vertex   -1.696428e+01 2.512430e+01 -4.000000e+00
      vertex   -1.739180e+01 2.455320e+01 -1.150000e+01
      vertex   -1.696428e+01 2.512430e+01 -1.150000e+01
    endloop
  endfacet
  facet normal 7.071068e-01 -7.071068e-01 0.000000e+00
    outer loop
      vertex   -1.696428e+01 2.512430e+01 -4.000000e+00
      vertex   -1.696428e+01 2.512430e+01 -1.150000e+01
      vertex   -1.645984e+01 2.562875e+01 -4.000000e+00
    endloop
  endfacet
  facet normal 7.071068e-01 -7.071068e-01 0.000000e+00
    outer loop
      vertex   -1.645984e+01 2.562875e+01 -4.000000e+00
      vertex   -1.696428e+01 2.512430e+01 -1.150000e+01
      vertex   -1.645984e+01 2.562875e+01 -1.150000e+01
    endloop
  endfacet
  facet normal 5.992777e-01 -8.005412e-01 0.000000e+00
    outer loop
      vertex   -1.645984e+01 2.562875e+01 -4.000000e+00
      vertex   -1.645984e+01 2.562875e+01 -1.150000e+01
      vertex   -1.588874e+01 2.605627e+01 -4.000000e+00
    endloop
  endfacet
  facet normal 5.992777e-01 -8.005412e-01 0.000000e+00
    outer loop
      vertex   -1.588874e+01 2.605627e+01 -4.000000e+00
      vertex   -1.645984e+01 2.562875e+01 -1.150000e+01
      vertex   -1.588874e+01 2.605627e+01 -1.150000e+01
    endloop
  endfacet
  facet normal 4.792490e-01 -8.776790e-01 0.000000e+00
    outer loop
      vertex   -1.588874e+01 2.605627e+01 -4.000000e+00
      vertex   -1.588874e+01 2.605627e+01 -1.150000e+01
      vertex   -1.526261e+01 2.639816e+01 -4.000000e+00
    endloop
  endfacet
  facet normal 4.792490e-01 -8.776790e-01 0.000000e+00
    outer loop
      vertex   -1.526261e+01 2.639816e+01 -4.000000e+00
      vertex   -1.588874e+01 2.605627e+01 -1.150000e+01
      vertex   -1.526261e+01 2.639816e+01 -1.150000e+01
    endloop
  endfacet
  facet normal 3.494642e-01 -9.369497e-01 0.000000e+00
    outer loop
      vertex   -1.526261e+01 2.639816e+01 -4.000000e+00
      vertex   -1.526261e+01 2.639816e+01 -1.150000e+01
      vertex   -1.459420e+01 2.664746e+01 -4.000000e+00
    endloop
  endfacet
  facet normal 3.494642e-01 -9.369497e-01 0.000000e+00
    outer loop
      vertex   -1.459420e+01 2.664746e+01 -4.000000e+00
      vertex   -1.526261e+01 2.639816e+01 -1.150000e+01
      vertex   -1.459420e+01 2.664746e+01 -1.150000e+01
    endloop
  endfacet
  facet normal 2.125653e-01 -9.771469e-01 0.000000e+00
    outer loop
      vertex   -1.459420e+01 2.664746e+01 -4.000000e+00
      vertex   -1.459420e+01 2.664746e+01 -1.150000e+01
      vertex   -1.389711e+01 2.679911e+01 -4.000000e+00
    endloop
  endfacet
  facet normal 2.125653e-01 -9.771469e-01 0.000000e+00
    outer loop
      vertex   -1.389711e+01 2.679911e+01 -4.000000e+00
      vertex   -1.459420e+01 2.664746e+01 -1.150000e+01
      vertex   -1.389711e+01 2.679911e+01 -1.150000e+01
    endloop
  endfacet
  facet normal 7.133918e-02 -9.974521e-01 0.000000e+00
    outer loop
      vertex   -1.389711e+01 2.679911e+01 -4.000000e+00
      vertex   -1.389711e+01 2.679911e+01 -1.150000e+01
      vertex   -1.318553e+01 2.685000e+01 -4.000000e+00
    endloop
  endfacet
  facet normal 7.133918e-02 -9.974521e-01 0.000000e+00
    outer loop
      vertex   -1.318553e+01 2.685000e+01 -4.000000e+00
      vertex   -1.389711e+01 2.679911e+01 -1.150000e+01
      vertex   -1.318553e+01 2.685000e+01 -1.150000e+01
    endloop
  endfacet
  facet normal 2.294995e-16 -1.000000e+00 0.000000e+00
    outer loop
      vertex   -1.318553e+01 2.685000e+01 -1.150000e+01
      vertex   1.777500e+01 2.685000e+01 -1.150000e+01
      vertex   -1.318553e+01 2.685000e+01 -4.000000e+00
    endloop
  endfacet
  facet normal 0.000000e+00 -1.000000e+00 -9.473903e-16
    outer loop
      vertex   -1.318553e+01 2.685000e+01 -4.000000e+00
      vertex   1.777500e+01 2.685000e+01 -1.150000e+01
      vertex   1.777500e+01 2.685000e+01 -4.000000e+00
    endloop
  endfacet
  facet normal 0.000000e+00 -1.000000e+00 0.000000e+00
    outer loop
      vertex   -2.177500e+01 1.826053e+01 -1.150000e+01
      vertex   -2.131053e+01 1.826053e+01 -1.150000e+01
      vertex   -2.177500e+01 1.826053e+01 -4.000000e+00
    endloop
  endfacet
  facet normal 0.000000e+00 -1.000000e+00 0.000000e+00
    outer loop
      vertex   -2.177500e+01 1.826053e+01 -4.000000e+00
      vertex   -2.131053e+01 1.826053e+01 -1.150000e+01
      vertex   -2.131053e+01 1.826053e+01 -4.000000e+00
    endloop
  endfacet
  facet normal 9.914449e-01 -1.305262e-01 0.000000e+00
    outer loop
      vertex   -2.261453e+01 2.173494e+01 -1.150000e+01
      vertex   -2.261453e+01 2.173494e+01 -4.000000e+00
      vertex   -2.266053e+01 2.138553e+01 -1.150000e+01
    endloop
  endfacet
  facet normal 9.914449e-01 -1.305262e-01 0.000000e+00
    outer loop
      vertex   -2.266053e+01 2.138553e+01 -1.150000e+01
      vertex   -2.261453e+01 2.173494e+01 -4.000000e+00
      vertex   -2.266053e+01 2.138553e+01 -4.000000e+00
    endloop
  endfacet
  facet normal 9.914449e-01 1.305262e-01 -0.000000e+00
    outer loop
      vertex   -2.266053e+01 2.138553e+01 -1.150000e+01
      vertex   -2.266053e+01 2.138553e+01 -4.000000e+00
      vertex   -2.261453e+01 2.103613e+01 -1.150000e+01
    endloop
  endfacet
  facet normal 9.914449e-01 1.305262e-01 -0.000000e+00
    outer loop
      vertex   -2.261453e+01 2.103613e+01 -1.150000e+01
      vertex   -2.266053e+01 2.138553e+01 -4.000000e+00
      vertex   -2.261453e+01 2.103613e+01 -4.000000e+00
    endloop
  endfacet
  facet normal 9.238795e-01 3.826834e-01 -0.000000e+00
    outer loop
      vertex   -2.261453e+01 2.103613e+01 -1.150000e+01
      vertex   -2.261453e+01 2.103613e+01 -4.000000e+00
      vertex   -2.247967e+01 2.071053e+01 -1.150000e+01
    endloop
  endfacet
  facet normal 9.238795e-01 3.826834e-01 -0.000000e+00
    outer loop
      vertex   -2.247967e+01 2.071053e+01 -1.150000e+01
      vertex   -2.261453e+01 2.103613e+01 -4.000000e+00
      vertex   -2.247967e+01 2.071053e+01 -4.000000e+00
    endloop
  endfacet
  facet normal 7.933533e-01 6.087614e-01 -0.000000e+00
    outer loop
      vertex   -2.247967e+01 2.071053e+01 -1.150000e+01
      vertex   -2.247967e+01 2.071053e+01 -4.000000e+00
      vertex   -2.226513e+01 2.043094e+01 -1.150000e+01
    endloop
  endfacet
  facet normal 7.933533e-01 6.087614e-01 -0.000000e+00
    outer loop
      vertex   -2.226513e+01 2.043094e+01 -1.150000e+01
      vertex   -2.247967e+01 2.071053e+01 -4.000000e+00
      vertex   -2.226513e+01 2.043094e+01 -4.000000e+00
    endloop
  endfacet
  facet normal 6.087614e-01 7.933533e-01 -0.000000e+00
    outer loop
      vertex   -2.226513e+01 2.043094e+01 -1.150000e+01
      vertex   -2.226513e+01 2.043094e+01 -4.000000e+00
      vertex   -2.198553e+01 2.021640e+01 -1.150000e+01
    endloop
  endfacet
  facet normal 6.087614e-01 7.933533e-01 -0.000000e+00
    outer loop
      vertex   -2.198553e+01 2.021640e+01 -1.150000e+01
      vertex   -2.226513e+01 2.043094e+01 -4.000000e+00
      vertex   -2.198553e+01 2.021640e+01 -4.000000e+00
    endloop
  endfacet
  facet normal 3.826834e-01 9.238795e-01 -0.000000e+00
    outer loop
      vertex   -2.198553e+01 2.021640e+01 -1.150000e+01
      vertex   -2.198553e+01 2.021640e+01 -4.000000e+00
      vertex   -2.165994e+01 2.008153e+01 -1.150000e+01
    endloop
  endfacet
  facet normal 3.826834e-01 9.238795e-01 -0.000000e+00
    outer loop
      vertex   -2.165994e+01 2.008153e+01 -1.150000e+01
      vertex   -2.198553e+01 2.021640e+01 -4.000000e+00
      vertex   -2.165994e+01 2.008153e+01 -4.000000e+00
    endloop
  endfacet
  facet normal 1.305262e-01 9.914449e-01 -0.000000e+00
    outer loop
      vertex   -2.165994e+01 2.008153e+01 -1.150000e+01
      vertex   -2.165994e+01 2.008153e+01 -4.000000e+00
      vertex   -2.131053e+01 2.003553e+01 -1.150000e+01
    endloop
  endfacet
  facet normal 1.305262e-01 9.914449e-01 -0.000000e+00
    outer loop
      vertex   -2.131053e+01 2.003553e+01 -1.150000e+01
      vertex   -2.165994e+01 2.008153e+01 -4.000000e+00
      vertex   -2.131053e+01 2.003553e+01 -4.000000e+00
    endloop
  endfacet
  facet normal -1.305262e-01 9.914449e-01 0.000000e+00
    outer loop
      vertex   -2.131053e+01 2.003553e+01 -1.150000e+01
      vertex   -2.131053e+01 2.003553e+01 -4.000000e+00
      vertex   -2.096113e+01 2.008153e+01 -1.150000e+01
    endloop
  endfacet
  facet normal -1.305262e-01 9.914449e-01 0.000000e+00
    outer loop
      vertex   -2.096113e+01 2.008153e+01 -1.150000e+01
      vertex   -2.131053e+01 2.003553e+01 -4.000000e+00
      vertex   -2.096113e+01 2.008153e+01 -4.000000e+00
    endloop
  endfacet
  facet normal -3.826834e-01 9.238795e-01 0.000000e+00
    outer loop
      vertex   -2.096113e+01 2.008153e+01 -1.150000e+01
      vertex   -2.096113e+01 2.008153e+01 -4.000000e+00
      vertex   -2.063553e+01 2.021640e+01 -1.150000e+01
    endloop
  endfacet
  facet normal -3.826834e-01 9.238795e-01 0.000000e+00
    outer loop
      vertex   -2.063553e+01 2.021640e+01 -1.150000e+01
      vertex   -2.096113e+01 2.008153e+01 -4.000000e+00
      vertex   -2.063553e+01 2.021640e+01 -4.000000e+00
    endloop
  endfacet
  facet normal -6.087614e-01 7.933533e-01 0.000000e+00
    outer loop
      vertex   -2.063553e+01 2.021640e+01 -1.150000e+01
      vertex   -2.063553e+01 2.021640e+01 -4.000000e+00
      vertex   -2.035594e+01 2.043094e+01 -1.150000e+01
    endloop
  endfacet
  facet normal -6.087614e-01 7.933533e-01 -5.767347e-16
    outer loop
      vertex   -2.035594e+01 2.043094e+01 -1.150000e+01
      vertex   -2.063553e+01 2.021640e+01 -4.000000e+00
      vertex   -2.035594e+01 2.043094e+01 -4.000000e+00
    endloop
  endfacet
  facet normal -7.933533e-01 6.087614e-01 -7.516153e-16
    outer loop
      vertex   -2.035594e+01 2.043094e+01 -1.150000e+01
      vertex   -2.035594e+01 2.043094e+01 -4.000000e+00
      vertex   -2.014140e+01 2.071053e+01 -1.150000e+01
    endloop
  endfacet
  facet normal -7.933533e-01 6.087614e-01 0.000000e+00
    outer loop
      vertex   -2.014140e+01 2.071053e+01 -1.150000e+01
      vertex   -2.035594e+01 2.043094e+01 -4.000000e+00
      vertex   -2.014140e+01 2.071053e+01 -4.000000e+00
    endloop
  endfacet
  facet normal -9.238795e-01 3.826834e-01 0.000000e+00
    outer loop
      vertex   -2.014140e+01 2.071053e+01 -1.150000e+01
      vertex   -2.014140e+01 2.071053e+01 -4.000000e+00
      vertex   -2.000653e+01 2.103613e+01 -1.150000e+01
    endloop
  endfacet
  facet normal -9.238795e-01 3.826834e-01 0.000000e+00
    outer loop
      vertex   -2.000653e+01 2.103613e+01 -1.150000e+01
      vertex   -2.014140e+01 2.071053e+01 -4.000000e+00
      vertex   -2.000653e+01 2.103613e+01 -4.000000e+00
    endloop
  endfacet
  facet normal -9.914449e-01 1.305262e-01 0.000000e+00
    outer loop
      vertex   -2.000653e+01 2.103613e+01 -1.150000e+01
      vertex   -2.000653e+01 2.103613e+01 -4.000000e+00
      vertex   -1.996053e+01 2.138553e+01 -1.150000e+01
    endloop
  endfacet
  facet normal -9.914449e-01 1.305262e-01 0.000000e+00
    outer loop
      vertex   -1.996053e+01 2.138553e+01 -1.150000e+01
      vertex   -2.000653e+01 2.103613e+01 -4.000000e+00
      vertex   -1.996053e+01 2.138553e+01 -4.000000e+00
    endloop
  endfacet
  facet normal -9.914449e-01 -1.305262e-01 0.000000e+00
    outer loop
      vertex   -1.996053e+01 2.138553e+01 -1.150000e+01
      vertex   -1.996053e+01 2.138553e+01 -4.000000e+00
      vertex   -2.000653e+01 2.173494e+01 -1.150000e+01
    endloop
  endfacet
  facet normal -9.914449e-01 -1.305262e-01 0.000000e+00
    outer loop
      vertex   -2.000653e+01 2.173494e+01 -1.150000e+01
      vertex   -1.996053e+01 2.138553e+01 -4.000000e+00
      vertex   -2.000653e+01 2.173494e+01 -4.000000e+00
    endloop
  endfacet
  facet normal -9.238795e-01 -3.826834e-01 0.000000e+00
    outer loop
      vertex   -2.000653e+01 2.173494e+01 -1.150000e+01
      vertex   -2.000653e+01 2.173494e+01 -4.000000e+00
      vertex   -2.014140e+01 2.206053e+01 -1.150000e+01
    endloop
  endfacet
  facet normal -9.238795e-01 -3.826834e-01 0.000000e+00
    outer loop
      vertex   -2.014140e+01 2.206053e+01 -1.150000e+01
      vertex   -2.000653e+01 2.173494e+01 -4.000000e+00
      vertex   -2.014140e+01 2.206053e+01 -4.000000e+00
    endloop
  endfacet
  facet normal -7.933533e-01 -6.087614e-01 0.000000e+00
    outer loop
      vertex   -2.014140e+01 2.206053e+01 -1.150000e+01
      vertex   -2.014140e+01 2.206053e+01 -4.000000e+00
      vertex   -2.035594e+01 2.234013e+01 -1.150000e+01
    endloop
  endfacet
  facet normal -7.933533e-01 -6.087614e-01 7.516153e-16
    outer loop
      vertex   -2.035594e+01 2.234013e+01 -1.150000e+01
      vertex   -2.014140e+01 2.206053e+01 -4.000000e+00
      vertex   -2.035594e+01 2.234013e+01 -4.000000e+00
    endloop
  endfacet
  facet normal -6.087614e-01 -7.933533e-01 5.767347e-16
    outer loop
      vertex   -2.035594e+01 2.234013e+01 -1.150000e+01
      vertex   -2.035594e+01 2.234013e+01 -4.000000e+00
      vertex   -2.063553e+01 2.255467e+01 -1.150000e+01
    endloop
  endfacet
  facet normal -6.087614e-01 -7.933533e-01 0.000000e+00
    outer loop
      vertex   -2.063553e+01 2.255467e+01 -1.150000e+01
      vertex   -2.035594e+01 2.234013e+01 -4.000000e+00
      vertex   -2.063553e+01 2.255467e+01 -4.000000e+00
    endloop
  endfacet
  facet normal -3.826834e-01 -9.238795e-01 0.000000e+00
    outer loop
      vertex   -2.063553e+01 2.255467e+01 -1.150000e+01
      vertex   -2.063553e+01 2.255467e+01 -4.000000e+00
      vertex   -2.096113e+01 2.268953e+01 -1.150000e+01
    endloop
  endfacet
  facet normal -3.826834e-01 -9.238795e-01 0.000000e+00
    outer loop
      vertex   -2.096113e+01 2.268953e+01 -1.150000e+01
      vertex   -2.063553e+01 2.255467e+01 -4.000000e+00
      vertex   -2.096113e+01 2.268953e+01 -4.000000e+00
    endloop
  endfacet
  facet normal -1.305262e-01 -9.914449e-01 0.000000e+00
    outer loop
      vertex   -2.096113e+01 2.268953e+01 -1.150000e+01
      vertex   -2.096113e+01 2.268953e+01 -4.000000e+00
      vertex   -2.131053e+01 2.273553e+01 -1.150000e+01
    endloop
  endfacet
  facet normal -1.305262e-01 -9.914449e-01 0.000000e+00
    outer loop
      vertex   -2.131053e+01 2.273553e+01 -1.150000e+01
      vertex   -2.096113e+01 2.268953e+01 -4.000000e+00
      vertex   -2.131053e+01 2.273553e+01 -4.000000e+00
    endloop
  endfacet
  facet normal 1.305262e-01 -9.914449e-01 0.000000e+00
    outer loop
      vertex   -2.131053e+01 2.273553e+01 -1.150000e+01
      vertex   -2.131053e+01 2.273553e+01 -4.000000e+00
      vertex   -2.165994e+01 2.268953e+01 -1.150000e+01
    endloop
  endfacet
  facet normal 1.305262e-01 -9.914449e-01 0.000000e+00
    outer loop
      vertex   -2.165994e+01 2.268953e+01 -1.150000e+01
      vertex   -2.131053e+01 2.273553e+01 -4.000000e+00
      vertex   -2.165994e+01 2.268953e+01 -4.000000e+00
    endloop
  endfacet
  facet normal 3.826834e-01 -9.238795e-01 0.000000e+00
    outer loop
      vertex   -2.165994e+01 2.268953e+01 -1.150000e+01
      vertex   -2.165994e+01 2.268953e+01 -4.000000e+00
      vertex   -2.198553e+01 2.255467e+01 -1.150000e+01
    endloop
  endfacet
  facet normal 3.826834e-01 -9.238795e-01 0.000000e+00
    outer loop
      vertex   -2.198553e+01 2.255467e+01 -1.150000e+01
      vertex   -2.165994e+01 2.268953e+01 -4.000000e+00
      vertex   -2.198553e+01 2.255467e+01 -4.000000e+00
    endloop
  endfacet
  facet normal 6.087614e-01 -7.933533e-01 0.000000e+00
    outer loop
      vertex   -2.198553e+01 2.255467e+01 -1.150000e+01
      vertex   -2.198553e+01 2.255467e+01 -4.000000e+00
      vertex   -2.226513e+01 2.234013e+01 -1.150000e+01
    endloop
  endfacet
  facet normal 6.087614e-01 -7.933533e-01 0.000000e+00
    outer loop
      vertex   -2.226513e+01 2.234013e+01 -1.150000e+01
      vertex   -2.198553e+01 2.255467e+01 -4.000000e+00
      vertex   -2.226513e+01 2.234013e+01 -4.000000e+00
    endloop
  endfacet
  facet normal 7.933533e-01 -6.087614e-01 0.000000e+00
    outer loop
      vertex   -2.226513e+01 2.234013e+01 -1.150000e+01
      vertex   -2.226513e+01 2.234013e+01 -4.000000e+00
      vertex   -2.247967e+01 2.206053e+01 -1.150000e+01
    endloop
  endfacet
  facet normal 7.933533e-01 -6.087614e-01 0.000000e+00
    outer loop
      vertex   -2.247967e+01 2.206053e+01 -1.150000e+01
      vertex   -2.226513e+01 2.234013e+01 -4.000000e+00
      vertex   -2.247967e+01 2.206053e+01 -4.000000e+00
    endloop
  endfacet
  facet normal 9.238795e-01 -3.826834e-01 0.000000e+00
    outer loop
      vertex   -2.247967e+01 2.206053e+01 -1.150000e+01
      vertex   -2.247967e+01 2.206053e+01 -4.000000e+00
      vertex   -2.261453e+01 2.173494e+01 -1.150000e+01
    endloop
  endfacet
  facet normal 9.238795e-01 -3.826834e-01 0.000000e+00
    outer loop
      vertex   -2.261453e+01 2.173494e+01 -1.150000e+01
      vertex   -2.247967e+01 2.206053e+01 -4.000000e+00
      vertex   -2.261453e+01 2.173494e+01 -4.000000e+00
    endloop
  endfacet
  facet normal 8.715574e-02 -9.961947e-01 0.000000e+00
    outer loop
      vertex   -2.131053e+01 1.826053e+01 -4.000000e+00
      vertex   -2.131053e+01 1.826053e+01 -1.150000e+01
      vertex   -2.076788e+01 1.830801e+01 -4.000000e+00
    endloop
  endfacet
  facet normal 8.715574e-02 -9.961947e-01 0.000000e+00
    outer loop
      vertex   -2.076788e+01 1.830801e+01 -4.000000e+00
      vertex   -2.131053e+01 1.826053e+01 -1.150000e+01
      vertex   -2.076788e+01 1.830801e+01 -1.150000e+01
    endloop
  endfacet
  facet normal 2.588190e-01 -9.659258e-01 0.000000e+00
    outer loop
      vertex   -2.076788e+01 1.830801e+01 -4.000000e+00
      vertex   -2.076788e+01 1.830801e+01 -1.150000e+01
      vertex   -2.024172e+01 1.844899e+01 -4.000000e+00
    endloop
  endfacet
  facet normal 2.588190e-01 -9.659258e-01 0.000000e+00
    outer loop
      vertex   -2.024172e+01 1.844899e+01 -4.000000e+00
      vertex   -2.076788e+01 1.830801e+01 -1.150000e+01
      vertex   -2.024172e+01 1.844899e+01 -1.150000e+01
    endloop
  endfacet
  facet normal 4.226183e-01 -9.063078e-01 0.000000e+00
    outer loop
      vertex   -2.024172e+01 1.844899e+01 -4.000000e+00
      vertex   -2.024172e+01 1.844899e+01 -1.150000e+01
      vertex   -1.974803e+01 1.867920e+01 -4.000000e+00
    endloop
  endfacet
  facet normal 4.226183e-01 -9.063078e-01 4.293136e-16
    outer loop
      vertex   -1.974803e+01 1.867920e+01 -4.000000e+00
      vertex   -2.024172e+01 1.844899e+01 -1.150000e+01
      vertex   -1.974803e+01 1.867920e+01 -1.150000e+01
    endloop
  endfacet
  facet normal 5.735764e-01 -8.191520e-01 3.880284e-16
    outer loop
      vertex   -1.974803e+01 1.867920e+01 -4.000000e+00
      vertex   -1.974803e+01 1.867920e+01 -1.150000e+01
      vertex   -1.930182e+01 1.899165e+01 -4.000000e+00
    endloop
  endfacet
  facet normal 5.735764e-01 -8.191520e-01 0.000000e+00
    outer loop
      vertex   -1.930182e+01 1.899165e+01 -4.000000e+00
      vertex   -1.974803e+01 1.867920e+01 -1.150000e+01
      vertex   -1.930182e+01 1.899165e+01 -1.150000e+01
    endloop
  endfacet
  facet normal 7.071068e-01 -7.071068e-01 0.000000e+00
    outer loop
      vertex   -1.930182e+01 1.899165e+01 -4.000000e+00
      vertex   -1.930182e+01 1.899165e+01 -1.150000e+01
      vertex   -1.891665e+01 1.937682e+01 -4.000000e+00
    endloop
  endfacet
  facet normal 7.071068e-01 -7.071068e-01 0.000000e+00
    outer loop
      vertex   -1.891665e+01 1.937682e+01 -4.000000e+00
      vertex   -1.930182e+01 1.899165e+01 -1.150000e+01
      vertex   -1.891665e+01 1.937682e+01 -1.150000e+01
    endloop
  endfacet
  facet normal 8.191520e-01 -5.735764e-01 0.000000e+00
    outer loop
      vertex   -1.891665e+01 1.937682e+01 -4.000000e+00
      vertex   -1.891665e+01 1.937682e+01 -1.150000e+01
      vertex   -1.860420e+01 1.982303e+01 -4.000000e+00
    endloop
  endfacet
  facet normal 8.191520e-01 -5.735764e-01 0.000000e+00
    outer loop
      vertex   -1.860420e+01 1.982303e+01 -4.000000e+00
      vertex   -1.891665e+01 1.937682e+01 -1.150000e+01
      vertex   -1.860420e+01 1.982303e+01 -1.150000e+01
    endloop
  endfacet
  facet normal 9.063078e-01 -4.226183e-01 0.000000e+00
    outer loop
      vertex   -1.860420e+01 1.982303e+01 -4.000000e+00
      vertex   -1.860420e+01 1.982303e+01 -1.150000e+01
      vertex   -1.837399e+01 2.031672e+01 -4.000000e+00
    endloop
  endfacet
  facet normal 9.063078e-01 -4.226183e-01 0.000000e+00
    outer loop
      vertex   -1.837399e+01 2.031672e+01 -4.000000e+00
      vertex   -1.860420e+01 1.982303e+01 -1.150000e+01
      vertex   -1.837399e+01 2.031672e+01 -1.150000e+01
    endloop
  endfacet
  facet normal 9.659258e-01 -2.588190e-01 0.000000e+00
    outer loop
      vertex   -1.837399e+01 2.031672e+01 -4.000000e+00
      vertex   -1.837399e+01 2.031672e+01 -1.150000e+01
      vertex   -1.823301e+01 2.084288e+01 -4.000000e+00
    endloop
  endfacet
  facet normal 9.659258e-01 -2.588190e-01 0.000000e+00
    outer loop
      vertex   -1.823301e+01 2.084288e+01 -4.000000e+00
      vertex   -1.837399e+01 2.031672e+01 -1.150000e+01
      vertex   -1.823301e+01 2.084288e+01 -1.150000e+01
    endloop
  endfacet
  facet normal 9.961947e-01 -8.715574e-02 0.000000e+00
    outer loop
      vertex   -1.823301e+01 2.084288e+01 -4.000000e+00
      vertex   -1.823301e+01 2.084288e+01 -1.150000e+01
      vertex   -1.818553e+01 2.138553e+01 -4.000000e+00
    endloop
  endfacet
  facet normal 9.961947e-01 -8.715574e-02 0.000000e+00
    outer loop
      vertex   -1.818553e+01 2.138553e+01 -4.000000e+00
      vertex   -1.823301e+01 2.084288e+01 -1.150000e+01
      vertex   -1.818553e+01 2.138553e+01 -1.150000e+01
    endloop
  endfacet
  facet normal 1.000000e+00 0.000000e+00 0.000000e+00
    outer loop
      vertex   -1.818553e+01 2.138553e+01 -1.150000e+01
      vertex   -1.818553e+01 2.185000e+01 -1.150000e+01
      vertex   -1.818553e+01 2.138553e+01 -4.000000e+00
    endloop
  endfacet
  facet normal 1.000000e+00 -0.000000e+00 0.000000e+00
    outer loop
      vertex   -1.818553e+01 2.138553e+01 -4.000000e+00
      vertex   -1.818553e+01 2.185000e+01 -1.150000e+01
      vertex   -1.818553e+01 2.185000e+01 -4.000000e+00
    endloop
  endfacet
  facet normal -9.974521e-01 7.133918e-02 0.000000e+00
    outer loop
      vertex   2.677500e+01 -6.250000e-01 -4.000000e+00
      vertex   2.677500e+01 -6.250000e-01 -1.150000e+01
      vertex   2.672411e+01 -1.336574e+00 -4.000000e+00
    endloop
  endfacet
  facet normal -9.974521e-01 7.133918e-02 -8.448256e-18
    outer loop
      vertex   2.672411e+01 -1.336574e+00 -4.000000e+00
      vertex   2.677500e+01 -6.250000e-01 -1.150000e+01
      vertex   2.672411e+01 -1.336574e+00 -1.150000e+01
    endloop
  endfacet
  facet normal -9.771469e-01 2.125653e-01 -2.517279e-17
    outer loop
      vertex   2.672411e+01 -1.336574e+00 -4.000000e+00
      vertex   2.672411e+01 -1.336574e+00 -1.150000e+01
      vertex   2.657246e+01 -2.033663e+00 -4.000000e+00
    endloop
  endfacet
  facet normal -9.771469e-01 2.125653e-01 -1.258639e-17
    outer loop
      vertex   2.657246e+01 -2.033663e+00 -4.000000e+00
      vertex   2.672411e+01 -1.336574e+00 -1.150000e+01
      vertex   2.657246e+01 -2.033663e+00 -1.150000e+01
    endloop
  endfacet
  facet normal -9.369497e-01 3.494642e-01 -2.069244e-17
    outer loop
      vertex   2.657246e+01 -2.033663e+00 -4.000000e+00
      vertex   2.657246e+01 -2.033663e+00 -1.150000e+01
      vertex   2.632316e+01 -2.702075e+00 -4.000000e+00
    endloop
  endfacet
  facet normal -9.369497e-01 3.494642e-01 0.000000e+00
    outer loop
      vertex   2.632316e+01 -2.702075e+00 -4.000000e+00
      vertex   2.657246e+01 -2.033663e+00 -1.150000e+01
      vertex   2.632316e+01 -2.702075e+00 -1.150000e+01
    endloop
  endfacet
  facet normal -8.776790e-01 4.792490e-01 0.000000e+00
    outer loop
      vertex   2.632316e+01 -2.702075e+00 -4.000000e+00
      vertex   2.632316e+01 -2.702075e+00 -1.150000e+01
      vertex   2.598127e+01 -3.328204e+00 -4.000000e+00
    endloop
  endfacet
  facet normal -8.776790e-01 4.792490e-01 -5.675448e-17
    outer loop
      vertex   2.598127e+01 -3.328204e+00 -4.000000e+00
      vertex   2.632316e+01 -2.702075e+00 -1.150000e+01
      vertex   2.598127e+01 -3.328204e+00 -1.150000e+01
    endloop
  endfacet
  facet normal -8.005412e-01 5.992777e-01 -7.096873e-17
    outer loop
      vertex   2.598127e+01 -3.328204e+00 -4.000000e+00
      vertex   2.598127e+01 -3.328204e+00 -1.150000e+01
      vertex   2.555375e+01 -3.899304e+00 -4.000000e+00
    endloop
  endfacet
  facet normal -8.005412e-01 5.992777e-01 -7.096873e-17
    outer loop
      vertex   2.555375e+01 -3.899304e+00 -4.000000e+00
      vertex   2.598127e+01 -3.328204e+00 -1.150000e+01
      vertex   2.555375e+01 -3.899304e+00 -1.150000e+01
    endloop
  endfacet
  facet normal -7.071068e-01 7.071068e-01 -8.373826e-17
    outer loop
      vertex   2.555375e+01 -3.899304e+00 -4.000000e+00
      vertex   2.555375e+01 -3.899304e+00 -1.150000e+01
      vertex   2.504930e+01 -4.403748e+00 -4.000000e+00
    endloop
  endfacet
  facet normal -7.071068e-01 7.071068e-01 -8.373826e-17
    outer loop
      vertex   2.504930e+01 -4.403748e+00 -4.000000e+00
      vertex   2.555375e+01 -3.899304e+00 -1.150000e+01
      vertex   2.504930e+01 -4.403748e+00 -1.150000e+01
    endloop
  endfacet
  facet normal -5.992777e-01 8.005412e-01 -9.480313e-17
    outer loop
      vertex   2.504930e+01 -4.403748e+00 -4.000000e+00
      vertex   2.504930e+01 -4.403748e+00 -1.150000e+01
      vertex   2.447820e+01 -4.831268e+00 -4.000000e+00
    endloop
  endfacet
  facet normal -5.992777e-01 8.005412e-01 -9.480313e-17
    outer loop
      vertex   2.447820e+01 -4.831268e+00 -4.000000e+00
      vertex   2.504930e+01 -4.403748e+00 -1.150000e+01
      vertex   2.447820e+01 -4.831268e+00 -1.150000e+01
    endloop
  endfacet
  facet normal -4.792490e-01 8.776790e-01 -1.039381e-16
    outer loop
      vertex   2.447820e+01 -4.831268e+00 -4.000000e+00
      vertex   2.447820e+01 -4.831268e+00 -1.150000e+01
      vertex   2.385208e+01 -5.173160e+00 -4.000000e+00
    endloop
  endfacet
  facet normal -4.792490e-01 8.776790e-01 0.000000e+00
    outer loop
      vertex   2.385208e+01 -5.173160e+00 -4.000000e+00
      vertex   2.447820e+01 -4.831268e+00 -1.150000e+01
      vertex   2.385208e+01 -5.173160e+00 -1.150000e+01
    endloop
  endfacet
  facet normal -3.494642e-01 9.369497e-01 0.000000e+00
    outer loop
      vertex   2.385208e+01 -5.173160e+00 -4.000000e+00
      vertex   2.385208e+01 -5.173160e+00 -1.150000e+01
      vertex   2.318366e+01 -5.422465e+00 -4.000000e+00
    endloop
  endfacet
  facet normal -3.494642e-01 9.369497e-01 0.000000e+00
    outer loop
      vertex   2.318366e+01 -5.422465e+00 -4.000000e+00
      vertex   2.385208e+01 -5.173160e+00 -1.150000e+01
      vertex   2.318366e+01 -5.422465e+00 -1.150000e+01
    endloop
  endfacet
  facet normal -2.125653e-01 9.771469e-01 0.000000e+00
    outer loop
      vertex   2.318366e+01 -5.422465e+00 -4.000000e+00
      vertex   2.318366e+01 -5.422465e+00 -1.150000e+01
      vertex   2.248657e+01 -5.574107e+00 -4.000000e+00
    endloop
  endfacet
  facet normal -2.125653e-01 9.771469e-01 0.000000e+00
    outer loop
      vertex   2.248657e+01 -5.574107e+00 -4.000000e+00
      vertex   2.318366e+01 -5.422465e+00 -1.150000e+01
      vertex   2.248657e+01 -5.574107e+00 -1.150000e+01
    endloop
  endfacet
  facet normal -7.133918e-02 9.974521e-01 0.000000e+00
    outer loop
      vertex   2.248657e+01 -5.574107e+00 -4.000000e+00
      vertex   2.248657e+01 -5.574107e+00 -1.150000e+01
      vertex   2.177500e+01 -5.625000e+00 -4.000000e+00
    endloop
  endfacet
  facet normal -7.133918e-02 9.974521e-01 -1.181221e-16
    outer loop
      vertex   2.177500e+01 -5.625000e+00 -4.000000e+00
      vertex   2.248657e+01 -5.574107e+00 -1.150000e+01
      vertex   2.177500e+01 -5.625000e+00 -1.150000e+01
    endloop
  endfacet
  facet normal 0.000000e+00 1.000000e+00 -1.184238e-16
    outer loop
      vertex   2.177500e+01 -5.625000e+00 -1.150000e+01
      vertex   2.122500e+01 -5.625000e+00 -1.150000e+01
      vertex   2.177500e+01 -5.625000e+00 -4.000000e+00
    endloop
  endfacet
  facet normal 0.000000e+00 1.000000e+00 -1.184238e-16
    outer loop
      vertex   2.177500e+01 -5.625000e+00 -4.000000e+00
      vertex   2.122500e+01 -5.625000e+00 -1.150000e+01
      vertex   2.122500e+01 -5.625000e+00 -4.000000e+00
    endloop
  endfacet
  facet normal 9.914449e-01 -1.305262e-01 0.000000e+00
    outer loop
      vertex   1.992100e+01 -8.400594e+00 -1.150000e+01
      vertex   1.992100e+01 -8.400594e+00 -4.000000e+00
      vertex   1.987500e+01 -8.750000e+00 -1.150000e+01
    endloop
  endfacet
  facet normal 9.914449e-01 -1.305262e-01 0.000000e+00
    outer loop
      vertex   1.987500e+01 -8.750000e+00 -1.150000e+01
      vertex   1.992100e+01 -8.400594e+00 -4.000000e+00
      vertex   1.987500e+01 -8.750000e+00 -4.000000e+00
    endloop
  endfacet
  facet normal 9.914449e-01 1.305262e-01 -0.000000e+00
    outer loop
      vertex   1.987500e+01 -8.750000e+00 -1.150000e+01
      vertex   1.987500e+01 -8.750000e+00 -4.000000e+00
      vertex   1.992100e+01 -9.099406e+00 -1.150000e+01
    endloop
  endfacet
  facet normal 9.914449e-01 1.305262e-01 -0.000000e+00
    outer loop
      vertex   1.992100e+01 -9.099406e+00 -1.150000e+01
      vertex   1.987500e+01 -8.750000e+00 -4.000000e+00
      vertex   1.992100e+01 -9.099406e+00 -4.000000e+00
    endloop
  endfacet
  facet normal 9.238795e-01 3.826834e-01 -0.000000e+00
    outer loop
      vertex   1.992100e+01 -9.099406e+00 -1.150000e+01
      vertex   1.992100e+01 -9.099406e+00 -4.000000e+00
      vertex   2.005587e+01 -9.425000e+00 -1.150000e+01
    endloop
  endfacet
  facet normal 9.238795e-01 3.826834e-01 -0.000000e+00
    outer loop
      vertex   2.005587e+01 -9.425000e+00 -1.150000e+01
      vertex   1.992100e+01 -9.099406e+00 -4.000000e+00
      vertex   2.005587e+01 -9.425000e+00 -4.000000e+00
    endloop
  endfacet
  facet normal 7.933533e-01 6.087614e-01 -0.000000e+00
    outer loop
      vertex   2.005587e+01 -9.425000e+00 -1.150000e+01
      vertex   2.005587e+01 -9.425000e+00 -4.000000e+00
      vertex   2.027041e+01 -9.704594e+00 -1.150000e+01
    endloop
  endfacet
  facet normal 7.933533e-01 6.087614e-01 -0.000000e+00
    outer loop
      vertex   2.027041e+01 -9.704594e+00 -1.150000e+01
      vertex   2.005587e+01 -9.425000e+00 -4.000000e+00
      vertex   2.027041e+01 -9.704594e+00 -4.000000e+00
    endloop
  endfacet
  facet normal 6.087614e-01 7.933533e-01 -0.000000e+00
    outer loop
      vertex   2.027041e+01 -9.704594e+00 -1.150000e+01
      vertex   2.027041e+01 -9.704594e+00 -4.000000e+00
      vertex   2.055000e+01 -9.919134e+00 -1.150000e+01
    endloop
  endfacet
  facet normal 6.087614e-01 7.933533e-01 -0.000000e+00
    outer loop
      vertex   2.055000e+01 -9.919134e+00 -1.150000e+01
      vertex   2.027041e+01 -9.704594e+00 -4.000000e+00
      vertex   2.055000e+01 -9.919134e+00 -4.000000e+00
    endloop
  endfacet
  facet normal 3.826834e-01 9.238795e-01 -0.000000e+00
    outer loop
      vertex   2.055000e+01 -9.919134e+00 -1.150000e+01
      vertex   2.055000e+01 -9.919134e+00 -4.000000e+00
      vertex   2.087559e+01 -1.005400e+01 -1.150000e+01
    endloop
  endfacet
  facet normal 3.826834e-01 9.238795e-01 -0.000000e+00
    outer loop
      vertex   2.087559e+01 -1.005400e+01 -1.150000e+01
      vertex   2.055000e+01 -9.919134e+00 -4.000000e+00
      vertex   2.087559e+01 -1.005400e+01 -4.000000e+00
    endloop
  endfacet
  facet normal 1.305262e-01 9.914449e-01 -0.000000e+00
    outer loop
      vertex   2.087559e+01 -1.005400e+01 -1.150000e+01
      vertex   2.087559e+01 -1.005400e+01 -4.000000e+00
      vertex   2.122500e+01 -1.010000e+01 -1.150000e+01
    endloop
  endfacet
  facet normal 1.305262e-01 9.914449e-01 -0.000000e+00
    outer loop
      vertex   2.122500e+01 -1.010000e+01 -1.150000e+01
      vertex   2.087559e+01 -1.005400e+01 -4.000000e+00
      vertex   2.122500e+01 -1.010000e+01 -4.000000e+00
    endloop
  endfacet
  facet normal -1.305262e-01 9.914449e-01 0.000000e+00
    outer loop
      vertex   2.122500e+01 -1.010000e+01 -1.150000e+01
      vertex   2.122500e+01 -1.010000e+01 -4.000000e+00
      vertex   2.157441e+01 -1.005400e+01 -1.150000e+01
    endloop
  endfacet
  facet normal -1.305262e-01 9.914449e-01 0.000000e+00
    outer loop
      vertex   2.157441e+01 -1.005400e+01 -1.150000e+01
      vertex   2.122500e+01 -1.010000e+01 -4.000000e+00
      vertex   2.157441e+01 -1.005400e+01 -4.000000e+00
    endloop
  endfacet
  facet normal -3.826834e-01 9.238795e-01 0.000000e+00
    outer loop
      vertex   2.157441e+01 -1.005400e+01 -1.150000e+01
      vertex   2.157441e+01 -1.005400e+01 -4.000000e+00
      vertex   2.190000e+01 -9.919134e+00 -1.150000e+01
    endloop
  endfacet
  facet normal -3.826834e-01 9.238795e-01 0.000000e+00
    outer loop
      vertex   2.190000e+01 -9.919134e+00 -1.150000e+01
      vertex   2.157441e+01 -1.005400e+01 -4.000000e+00
      vertex   2.190000e+01 -9.919134e+00 -4.000000e+00
    endloop
  endfacet
  facet normal -6.087614e-01 7.933533e-01 0.000000e+00
    outer loop
      vertex   2.190000e+01 -9.919134e+00 -1.150000e+01
      vertex   2.190000e+01 -9.919134e+00 -4.000000e+00
      vertex   2.217959e+01 -9.704594e+00 -1.150000e+01
    endloop
  endfacet
  facet normal -6.087614e-01 7.933533e-01 0.000000e+00
    outer loop
      vertex   2.217959e+01 -9.704594e+00 -1.150000e+01
      vertex   2.190000e+01 -9.919134e+00 -4.000000e+00
      vertex   2.217959e+01 -9.704594e+00 -4.000000e+00
    endloop
  endfacet
  facet normal -7.933533e-01 6.087614e-01 0.000000e+00
    outer loop
      vertex   2.217959e+01 -9.704594e+00 -1.150000e+01
      vertex   2.217959e+01 -9.704594e+00 -4.000000e+00
      vertex   2.239413e+01 -9.425000e+00 -1.150000e+01
    endloop
  endfacet
  facet normal -7.933533e-01 6.087614e-01 0.000000e+00
    outer loop
      vertex   2.239413e+01 -9.425000e+00 -1.150000e+01
      vertex   2.217959e+01 -9.704594e+00 -4.000000e+00
      vertex   2.239413e+01 -9.425000e+00 -4.000000e+00
    endloop
  endfacet
  facet normal -9.238795e-01 3.826834e-01 0.000000e+00
    outer loop
      vertex   2.239413e+01 -9.425000e+00 -1.150000e+01
      vertex   2.239413e+01 -9.425000e+00 -4.000000e+00
      vertex   2.252900e+01 -9.099406e+00 -1.150000e+01
    endloop
  endfacet
  facet normal -9.238795e-01 3.826834e-01 0.000000e+00
    outer loop
      vertex   2.252900e+01 -9.099406e+00 -1.150000e+01
      vertex   2.239413e+01 -9.425000e+00 -4.000000e+00
      vertex   2.252900e+01 -9.099406e+00 -4.000000e+00
    endloop
  endfacet
  facet normal -9.914449e-01 1.305262e-01 0.000000e+00
    outer loop
      vertex   2.252900e+01 -9.099406e+00 -1.150000e+01
      vertex   2.252900e+01 -9.099406e+00 -4.000000e+00
      vertex   2.257500e+01 -8.750000e+00 -1.150000e+01
    endloop
  endfacet
  facet normal -9.914449e-01 1.305262e-01 0.000000e+00
    outer loop
      vertex   2.257500e+01 -8.750000e+00 -1.150000e+01
      vertex   2.252900e+01 -9.099406e+00 -4.000000e+00
      vertex   2.257500e+01 -8.750000e+00 -4.000000e+00
    endloop
  endfacet
  facet normal -9.914449e-01 -1.305262e-01 0.000000e+00
    outer loop
      vertex   2.257500e+01 -8.750000e+00 -1.150000e+01
      vertex   2.257500e+01 -8.750000e+00 -4.000000e+00
      vertex   2.252900e+01 -8.400594e+00 -1.150000e+01
    endloop
  endfacet
  facet normal -9.914449e-01 -1.305262e-01 0.000000e+00
    outer loop
      vertex   2.252900e+01 -8.400594e+00 -1.150000e+01
      vertex   2.257500e+01 -8.750000e+00 -4.000000e+00
      vertex   2.252900e+01 -8.400594e+00 -4.000000e+00
    endloop
  endfacet
  facet normal -9.238795e-01 -3.826834e-01 0.000000e+00
    outer loop
      vertex   2.252900e+01 -8.400594e+00 -1.150000e+01
      vertex   2.252900e+01 -8.400594e+00 -4.000000e+00
      vertex   2.239413e+01 -8.075000e+00 -1.150000e+01
    endloop
  endfacet
  facet normal -9.238795e-01 -3.826834e-01 0.000000e+00
    outer loop
      vertex   2.239413e+01 -8.075000e+00 -1.150000e+01
      vertex   2.252900e+01 -8.400594e+00 -4.000000e+00
      vertex   2.239413e+01 -8.075000e+00 -4.000000e+00
    endloop
  endfacet
  facet normal -7.933533e-01 -6.087614e-01 0.000000e+00
    outer loop
      vertex   2.239413e+01 -8.075000e+00 -1.150000e+01
      vertex   2.239413e+01 -8.075000e+00 -4.000000e+00
      vertex   2.217959e+01 -7.795406e+00 -1.150000e+01
    endloop
  endfacet
  facet normal -7.933533e-01 -6.087614e-01 0.000000e+00
    outer loop
      vertex   2.217959e+01 -7.795406e+00 -1.150000e+01
      vertex   2.239413e+01 -8.075000e+00 -4.000000e+00
      vertex   2.217959e+01 -7.795406e+00 -4.000000e+00
    endloop
  endfacet
  facet normal -6.087614e-01 -7.933533e-01 0.000000e+00
    outer loop
      vertex   2.217959e+01 -7.795406e+00 -1.150000e+01
      vertex   2.217959e+01 -7.795406e+00 -4.000000e+00
      vertex   2.190000e+01 -7.580866e+00 -1.150000e+01
    endloop
  endfacet
  facet normal -6.087614e-01 -7.933533e-01 0.000000e+00
    outer loop
      vertex   2.190000e+01 -7.580866e+00 -1.150000e+01
      vertex   2.217959e+01 -7.795406e+00 -4.000000e+00
      vertex   2.190000e+01 -7.580866e+00 -4.000000e+00
    endloop
  endfacet
  facet normal -3.826834e-01 -9.238795e-01 0.000000e+00
    outer loop
      vertex   2.190000e+01 -7.580866e+00 -1.150000e+01
      vertex   2.190000e+01 -7.580866e+00 -4.000000e+00
      vertex   2.157441e+01 -7.446000e+00 -1.150000e+01
    endloop
  endfacet
  facet normal -3.826834e-01 -9.238795e-01 0.000000e+00
    outer loop
      vertex   2.157441e+01 -7.446000e+00 -1.150000e+01
      vertex   2.190000e+01 -7.580866e+00 -4.000000e+00
      vertex   2.157441e+01 -7.446000e+00 -4.000000e+00
    endloop
  endfacet
  facet normal -1.305262e-01 -9.914449e-01 0.000000e+00
    outer loop
      vertex   2.157441e+01 -7.446000e+00 -1.150000e+01
      vertex   2.157441e+01 -7.446000e+00 -4.000000e+00
      vertex   2.122500e+01 -7.400000e+00 -1.150000e+01
    endloop
  endfacet
  facet normal -1.305262e-01 -9.914449e-01 0.000000e+00
    outer loop
      vertex   2.122500e+01 -7.400000e+00 -1.150000e+01
      vertex   2.157441e+01 -7.446000e+00 -4.000000e+00
      vertex   2.122500e+01 -7.400000e+00 -4.000000e+00
    endloop
  endfacet
  facet normal 1.305262e-01 -9.914449e-01 0.000000e+00
    outer loop
      vertex   2.122500e+01 -7.400000e+00 -1.150000e+01
      vertex   2.122500e+01 -7.400000e+00 -4.000000e+00
      vertex   2.087559e+01 -7.446000e+00 -1.150000e+01
    endloop
  endfacet
  facet normal 1.305262e-01 -9.914449e-01 0.000000e+00
    outer loop
      vertex   2.087559e+01 -7.446000e+00 -1.150000e+01
      vertex   2.122500e+01 -7.400000e+00 -4.000000e+00
      vertex   2.087559e+01 -7.446000e+00 -4.000000e+00
    endloop
  endfacet
  facet normal 3.826834e-01 -9.238795e-01 0.000000e+00
    outer loop
      vertex   2.087559e+01 -7.446000e+00 -1.150000e+01
      vertex   2.087559e+01 -7.446000e+00 -4.000000e+00
      vertex   2.055000e+01 -7.580866e+00 -1.150000e+01
    endloop
  endfacet
  facet normal 3.826834e-01 -9.238795e-01 0.000000e+00
    outer loop
      vertex   2.055000e+01 -7.580866e+00 -1.150000e+01
      vertex   2.087559e+01 -7.446000e+00 -4.000000e+00
      vertex   2.055000e+01 -7.580866e+00 -4.000000e+00
    endloop
  endfacet
  facet normal 6.087614e-01 -7.933533e-01 0.000000e+00
    outer loop
      vertex   2.055000e+01 -7.580866e+00 -1.150000e+01
      vertex   2.055000e+01 -7.580866e+00 -4.000000e+00
      vertex   2.027041e+01 -7.795406e+00 -1.150000e+01
    endloop
  endfacet
  facet normal 6.087614e-01 -7.933533e-01 0.000000e+00
    outer loop
      vertex   2.027041e+01 -7.795406e+00 -1.150000e+01
      vertex   2.055000e+01 -7.580866e+00 -4.000000e+00
      vertex   2.027041e+01 -7.795406e+00 -4.000000e+00
    endloop
  endfacet
  facet normal 7.933533e-01 -6.087614e-01 0.000000e+00
    outer loop
      vertex   2.027041e+01 -7.795406e+00 -1.150000e+01
      vertex   2.027041e+01 -7.795406e+00 -4.000000e+00
      vertex   2.005587e+01 -8.075000e+00 -1.150000e+01
    endloop
  endfacet
  facet normal 7.933533e-01 -6.087614e-01 0.000000e+00
    outer loop
      vertex   2.005587e+01 -8.075000e+00 -1.150000e+01
      vertex   2.027041e+01 -7.795406e+00 -4.000000e+00
      vertex   2.005587e+01 -8.075000e+00 -4.000000e+00
    endloop
  endfacet
  facet normal 9.238795e-01 -3.826834e-01 0.000000e+00
    outer loop
      vertex   2.005587e+01 -8.075000e+00 -1.150000e+01
      vertex   2.005587e+01 -8.075000e+00 -4.000000e+00
      vertex   1.992100e+01 -8.400594e+00 -1.150000e+01
    endloop
  endfacet
  facet normal 9.238795e-01 -3.826834e-01 0.000000e+00
    outer loop
      vertex   1.992100e+01 -8.400594e+00 -1.150000e+01
      vertex   2.005587e+01 -8.075000e+00 -4.000000e+00
      vertex   1.992100e+01 -8.400594e+00 -4.000000e+00
    endloop
  endfacet
  facet normal -1.000000e+00 0.000000e+00 9.473903e-16
    outer loop
      vertex   2.677500e+01 1.785000e+01 -1.150000e+01
      vertex   2.677500e+01 -6.250000e-01 -1.150000e+01
      vertex   2.677500e+01 1.785000e+01 -4.000000e+00
    endloop
  endfacet
  facet normal -1.000000e+00 3.845969e-16 0.000000e+00
    outer loop
      vertex   2.677500e+01 1.785000e+01 -4.000000e+00
      vertex   2.677500e+01 -6.250000e-01 -1.150000e+01
      vertex   2.677500e+01 -6.250000e-01 -4.000000e+00
    endloop
  endfacet
  facet normal -5.233596e-02 -9.986295e-01 -9.460919e-16
    outer loop
      vertex   1.777500e+01 2.685000e+01 -4.000000e+00
      vertex   1.777500e+01 2.685000e+01 -1.150000e+01
      vertex   1.871576e+01 2.680070e+01 -4.000000e+00
    endloop
  endfacet
  facet normal -5.233596e-02 -9.986295e-01 -2.479129e-17
    outer loop
      vertex   1.871576e+01 2.680070e+01 -4.000000e+00
      vertex   1.777500e+01 2.685000e+01 -1.150000e+01
      vertex   1.871576e+01 2.680070e+01 -1.150000e+01
    endloop
  endfacet
  facet normal -1.564345e-01 -9.876883e-01 -7.410225e-17
    outer loop
      vertex   1.871576e+01 2.680070e+01 -4.000000e+00
      vertex   1.871576e+01 2.680070e+01 -1.150000e+01
      vertex   1.964621e+01 2.665333e+01 -4.000000e+00
    endloop
  endfacet
  facet normal -1.564345e-01 -9.876883e-01 -0.000000e+00
    outer loop
      vertex   1.964621e+01 2.665333e+01 -4.000000e+00
      vertex   1.871576e+01 2.680070e+01 -1.150000e+01
      vertex   1.964621e+01 2.665333e+01 -1.150000e+01
    endloop
  endfacet
  facet normal -2.588190e-01 -9.659258e-01 -0.000000e+00
    outer loop
      vertex   1.964621e+01 2.665333e+01 -4.000000e+00
      vertex   1.964621e+01 2.665333e+01 -1.150000e+01
      vertex   2.055615e+01 2.640951e+01 -4.000000e+00
    endloop
  endfacet
  facet normal -2.588190e-01 -9.659258e-01 -0.000000e+00
    outer loop
      vertex   2.055615e+01 2.640951e+01 -4.000000e+00
      vertex   1.964621e+01 2.665333e+01 -1.150000e+01
      vertex   2.055615e+01 2.640951e+01 -1.150000e+01
    endloop
  endfacet
  facet normal -3.583679e-01 -9.335804e-01 -0.000000e+00
    outer loop
      vertex   2.055615e+01 2.640951e+01 -4.000000e+00
      vertex   2.055615e+01 2.640951e+01 -1.150000e+01
      vertex   2.143563e+01 2.607191e+01 -4.000000e+00
    endloop
  endfacet
  facet normal -3.583679e-01 -9.335804e-01 -0.000000e+00
    outer loop
      vertex   2.143563e+01 2.607191e+01 -4.000000e+00
      vertex   2.055615e+01 2.640951e+01 -1.150000e+01
      vertex   2.143563e+01 2.607191e+01 -1.150000e+01
    endloop
  endfacet
  facet normal -4.539905e-01 -8.910065e-01 -0.000000e+00
    outer loop
      vertex   2.143563e+01 2.607191e+01 -4.000000e+00
      vertex   2.143563e+01 2.607191e+01 -1.150000e+01
      vertex   2.227500e+01 2.564423e+01 -4.000000e+00
    endloop
  endfacet
  facet normal -4.539905e-01 -8.910065e-01 -0.000000e+00
    outer loop
      vertex   2.227500e+01 2.564423e+01 -4.000000e+00
      vertex   2.143563e+01 2.607191e+01 -1.150000e+01
      vertex   2.227500e+01 2.564423e+01 -1.150000e+01
    endloop
  endfacet
  facet normal -5.446390e-01 -8.386706e-01 -0.000000e+00
    outer loop
      vertex   2.227500e+01 2.564423e+01 -4.000000e+00
      vertex   2.227500e+01 2.564423e+01 -1.150000e+01
      vertex   2.306507e+01 2.513115e+01 -4.000000e+00
    endloop
  endfacet
  facet normal -5.446390e-01 -8.386706e-01 -2.579929e-16
    outer loop
      vertex   2.306507e+01 2.513115e+01 -4.000000e+00
      vertex   2.227500e+01 2.564423e+01 -1.150000e+01
      vertex   2.306507e+01 2.513115e+01 -1.150000e+01
    endloop
  endfacet
  facet normal -6.293204e-01 -7.771460e-01 -2.981060e-16
    outer loop
      vertex   2.306507e+01 2.513115e+01 -4.000000e+00
      vertex   2.306507e+01 2.513115e+01 -1.150000e+01
      vertex   2.379718e+01 2.453830e+01 -4.000000e+00
    endloop
  endfacet
  facet normal -6.293204e-01 -7.771460e-01 -0.000000e+00
    outer loop
      vertex   2.379718e+01 2.453830e+01 -4.000000e+00
      vertex   2.306507e+01 2.513115e+01 -1.150000e+01
      vertex   2.379718e+01 2.453830e+01 -1.150000e+01
    endloop
  endfacet
  facet normal -7.071068e-01 -7.071068e-01 -0.000000e+00
    outer loop
      vertex   2.379718e+01 2.453830e+01 -4.000000e+00
      vertex   2.379718e+01 2.453830e+01 -1.150000e+01
      vertex   2.446330e+01 2.387218e+01 -4.000000e+00
    endloop
  endfacet
  facet normal -7.071068e-01 -7.071068e-01 -6.699061e-16
    outer loop
      vertex   2.446330e+01 2.387218e+01 -4.000000e+00
      vertex   2.379718e+01 2.453830e+01 -1.150000e+01
      vertex   2.446330e+01 2.387218e+01 -1.150000e+01
    endloop
  endfacet
  facet normal -7.771460e-01 -6.293204e-01 -7.362606e-16
    outer loop
      vertex   2.446330e+01 2.387218e+01 -4.000000e+00
      vertex   2.446330e+01 2.387218e+01 -1.150000e+01
      vertex   2.505615e+01 2.314007e+01 -4.000000e+00
    endloop
  endfacet
  facet normal -7.771460e-01 -6.293204e-01 2.981060e-16
    outer loop
      vertex   2.505615e+01 2.314007e+01 -4.000000e+00
      vertex   2.446330e+01 2.387218e+01 -1.150000e+01
      vertex   2.505615e+01 2.314007e+01 -1.150000e+01
    endloop
  endfacet
  facet normal -8.386706e-01 -5.446390e-01 2.579929e-16
    outer loop
      vertex   2.505615e+01 2.314007e+01 -4.000000e+00
      vertex   2.505615e+01 2.314007e+01 -1.150000e+01
      vertex   2.556923e+01 2.235000e+01 -4.000000e+00
    endloop
  endfacet
  facet normal -8.386706e-01 -5.446390e-01 5.159857e-16
    outer loop
      vertex   2.556923e+01 2.235000e+01 -4.000000e+00
      vertex   2.505615e+01 2.314007e+01 -1.150000e+01
      vertex   2.556923e+01 2.235000e+01 -1.150000e+01
    endloop
  endfacet
  facet normal -8.910065e-01 -4.539905e-01 4.301062e-16
    outer loop
      vertex   2.556923e+01 2.235000e+01 -4.000000e+00
      vertex   2.556923e+01 2.235000e+01 -1.150000e+01
      vertex   2.599691e+01 2.151063e+01 -4.000000e+00
    endloop
  endfacet
  facet normal -8.910065e-01 -4.539905e-01 4.301062e-16
    outer loop
      vertex   2.599691e+01 2.151063e+01 -4.000000e+00
      vertex   2.556923e+01 2.235000e+01 -1.150000e+01
      vertex   2.599691e+01 2.151063e+01 -1.150000e+01
    endloop
  endfacet
  facet normal -9.335804e-01 -3.583679e-01 3.395143e-16
    outer loop
      vertex   2.599691e+01 2.151063e+01 -4.000000e+00
      vertex   2.599691e+01 2.151063e+01 -1.150000e+01
      vertex   2.633451e+01 2.063115e+01 -4.000000e+00
    endloop
  endfacet
  facet normal -9.335804e-01 -3.583679e-01 1.697572e-16
    outer loop
      vertex   2.633451e+01 2.063115e+01 -4.000000e+00
      vertex   2.599691e+01 2.151063e+01 -1.150000e+01
      vertex   2.633451e+01 2.063115e+01 -1.150000e+01
    endloop
  endfacet
  facet normal -9.659258e-01 -2.588190e-01 1.226013e-16
    outer loop
      vertex   2.633451e+01 2.063115e+01 -4.000000e+00
      vertex   2.633451e+01 2.063115e+01 -1.150000e+01
      vertex   2.657833e+01 1.972121e+01 -4.000000e+00
    endloop
  endfacet
  facet normal -9.659258e-01 -2.588190e-01 -0.000000e+00
    outer loop
      vertex   2.657833e+01 1.972121e+01 -4.000000e+00
      vertex   2.633451e+01 2.063115e+01 -1.150000e+01
      vertex   2.657833e+01 1.972121e+01 -1.150000e+01
    endloop
  endfacet
  facet normal -9.876883e-01 -1.564345e-01 -0.000000e+00
    outer loop
      vertex   2.657833e+01 1.972121e+01 -4.000000e+00
      vertex   2.657833e+01 1.972121e+01 -1.150000e+01
      vertex   2.672570e+01 1.879076e+01 -4.000000e+00
    endloop
  endfacet
  facet normal -9.876883e-01 -1.564345e-01 7.410225e-17
    outer loop
      vertex   2.672570e+01 1.879076e+01 -4.000000e+00
      vertex   2.657833e+01 1.972121e+01 -1.150000e+01
      vertex   2.672570e+01 1.879076e+01 -1.150000e+01
    endloop
  endfacet
  facet normal -9.986295e-01 -5.233596e-02 2.479129e-17
    outer loop
      vertex   2.672570e+01 1.879076e+01 -4.000000e+00
      vertex   2.672570e+01 1.879076e+01 -1.150000e+01
      vertex   2.677500e+01 1.785000e+01 -4.000000e+00
    endloop
  endfacet
  facet normal -9.986295e-01 -5.233596e-02 9.460919e-16
    outer loop
      vertex   2.677500e+01 1.785000e+01 -4.000000e+00
      vertex   2.672570e+01 1.879076e+01 -1.150000e+01
      vertex   2.677500e+01 1.785000e+01 -1.150000e+01
    endloop
  endfacet
endsolid
