ISO-10303-21;
HEADER;
/* Generated by software containing ST-Developer
 * from STEP Tools, Inc. (www.steptools.com) 
 */

FILE_DESCRIPTION(
/* description */ (''),
/* implementation_level */ '2;1');

FILE_NAME(
/* name */ 'PlayDate middle.step',
/* time_stamp */ '2026-08-20T15:19:02-07:00',
/* author */ (''),
/* organization */ (''),
/* preprocessor_version */ 'ST-DEVELOPER v20.1',
/* originating_system */ 'Autodesk Translation Framework v15.8.0.0',
/* authorisation */ '');

FILE_SCHEMA (('AUTOMOTIVE_DESIGN { 1 0 10303 214 3 1 1 }'));
ENDSEC;

DATA;
#10=MECHANICAL_DESIGN_GEOMETRIC_PRESENTATION_REPRESENTATION('',(#13),#2487);
#11=SHAPE_REPRESENTATION_RELATIONSHIP('SRR','None',#2494,#12);
#12=ADVANCED_BREP_SHAPE_REPRESENTATION('',(#14),#2486);
#13=STYLED_ITEM('',(#2506),#14);
#14=MANIFOLD_SOLID_BREP('Body4',#1493);
#15=CONICAL_SURFACE('',#1529,9.5,0.785398163397447);
#16=CONICAL_SURFACE('',#1534,9.50000000000001,0.785398163397447);
#17=CONICAL_SURFACE('',#1538,9.50000000000001,0.785398163397444);
#18=CONICAL_SURFACE('',#1542,9.5,0.785398163397447);
#19=CONICAL_SURFACE('',#1545,9.50000000000001,0.785398163397447);
#20=CONICAL_SURFACE('',#1564,9.50000000000001,0.785398163397447);
#21=CONICAL_SURFACE('',#1566,9.50000000000001,0.785398163397444);
#22=CONICAL_SURFACE('',#1568,9.50000000000001,0.785398163397447);
#23=(
BOUNDED_CURVE()
B_SPLINE_CURVE(2,(#2152,#2153,#2154),.UNSPECIFIED.,.F.,.F.)
B_SPLINE_CURVE_WITH_KNOTS((3,3),(0.,0.143323115016439),.UNSPECIFIED.)
CURVE()
GEOMETRIC_REPRESENTATION_ITEM()
RATIONAL_B_SPLINE_CURVE((1.,1.00146324761859,1.))
REPRESENTATION_ITEM('')
);
#24=FACE_BOUND('',#163,.T.);
#25=FACE_BOUND('',#164,.T.);
#26=FACE_BOUND('',#165,.T.);
#27=FACE_BOUND('',#166,.T.);
#28=FACE_BOUND('',#167,.T.);
#29=FACE_BOUND('',#192,.T.);
#30=FACE_BOUND('',#202,.T.);
#31=FACE_BOUND('',#203,.T.);
#32=FACE_BOUND('',#214,.T.);
#33=FACE_BOUND('',#247,.T.);
#34=PLANE('',#1510);
#35=PLANE('',#1511);
#36=PLANE('',#1518);
#37=PLANE('',#1519);
#38=PLANE('',#1522);
#39=PLANE('',#1523);
#40=PLANE('',#1524);
#41=PLANE('',#1525);
#42=PLANE('',#1530);
#43=PLANE('',#1531);
#44=PLANE('',#1532);
#45=PLANE('',#1533);
#46=PLANE('',#1537);
#47=PLANE('',#1541);
#48=PLANE('',#1544);
#49=PLANE('',#1550);
#50=PLANE('',#1557);
#51=PLANE('',#1558);
#52=PLANE('',#1563);
#53=PLANE('',#1565);
#54=PLANE('',#1567);
#55=PLANE('',#1573);
#56=PLANE('',#1583);
#57=PLANE('',#1586);
#58=PLANE('',#1589);
#59=PLANE('',#1592);
#60=PLANE('',#1595);
#61=PLANE('',#1600);
#62=PLANE('',#1601);
#63=PLANE('',#1604);
#64=PLANE('',#1605);
#65=PLANE('',#1606);
#66=PLANE('',#1607);
#67=PLANE('',#1608);
#68=PLANE('',#1609);
#69=PLANE('',#1610);
#70=PLANE('',#1611);
#71=PLANE('',#1612);
#72=PLANE('',#1613);
#73=PLANE('',#1614);
#74=PLANE('',#1617);
#75=PLANE('',#1620);
#76=PLANE('',#1623);
#77=PLANE('',#1624);
#78=PLANE('',#1626);
#79=PLANE('',#1628);
#80=PLANE('',#1630);
#81=PLANE('',#1635);
#82=FACE_OUTER_BOUND('',#160,.T.);
#83=FACE_OUTER_BOUND('',#161,.T.);
#84=FACE_OUTER_BOUND('',#162,.T.);
#85=FACE_OUTER_BOUND('',#168,.T.);
#86=FACE_OUTER_BOUND('',#169,.T.);
#87=FACE_OUTER_BOUND('',#170,.T.);
#88=FACE_OUTER_BOUND('',#171,.T.);
#89=FACE_OUTER_BOUND('',#172,.T.);
#90=FACE_OUTER_BOUND('',#173,.T.);
#91=FACE_OUTER_BOUND('',#174,.T.);
#92=FACE_OUTER_BOUND('',#175,.T.);
#93=FACE_OUTER_BOUND('',#176,.T.);
#94=FACE_OUTER_BOUND('',#177,.T.);
#95=FACE_OUTER_BOUND('',#178,.T.);
#96=FACE_OUTER_BOUND('',#179,.T.);
#97=FACE_OUTER_BOUND('',#180,.T.);
#98=FACE_OUTER_BOUND('',#181,.T.);
#99=FACE_OUTER_BOUND('',#182,.T.);
#100=FACE_OUTER_BOUND('',#183,.T.);
#101=FACE_OUTER_BOUND('',#184,.T.);
#102=FACE_OUTER_BOUND('',#185,.T.);
#103=FACE_OUTER_BOUND('',#186,.T.);
#104=FACE_OUTER_BOUND('',#187,.T.);
#105=FACE_OUTER_BOUND('',#188,.T.);
#106=FACE_OUTER_BOUND('',#189,.T.);
#107=FACE_OUTER_BOUND('',#190,.T.);
#108=FACE_OUTER_BOUND('',#191,.T.);
#109=FACE_OUTER_BOUND('',#193,.T.);
#110=FACE_OUTER_BOUND('',#194,.T.);
#111=FACE_OUTER_BOUND('',#195,.T.);
#112=FACE_OUTER_BOUND('',#196,.T.);
#113=FACE_OUTER_BOUND('',#197,.T.);
#114=FACE_OUTER_BOUND('',#198,.T.);
#115=FACE_OUTER_BOUND('',#199,.T.);
#116=FACE_OUTER_BOUND('',#200,.T.);
#117=FACE_OUTER_BOUND('',#201,.T.);
#118=FACE_OUTER_BOUND('',#204,.T.);
#119=FACE_OUTER_BOUND('',#205,.T.);
#120=FACE_OUTER_BOUND('',#206,.T.);
#121=FACE_OUTER_BOUND('',#207,.T.);
#122=FACE_OUTER_BOUND('',#208,.T.);
#123=FACE_OUTER_BOUND('',#209,.T.);
#124=FACE_OUTER_BOUND('',#210,.T.);
#125=FACE_OUTER_BOUND('',#211,.T.);
#126=FACE_OUTER_BOUND('',#212,.T.);
#127=FACE_OUTER_BOUND('',#213,.T.);
#128=FACE_OUTER_BOUND('',#215,.T.);
#129=FACE_OUTER_BOUND('',#216,.T.);
#130=FACE_OUTER_BOUND('',#217,.T.);
#131=FACE_OUTER_BOUND('',#218,.T.);
#132=FACE_OUTER_BOUND('',#219,.T.);
#133=FACE_OUTER_BOUND('',#220,.T.);
#134=FACE_OUTER_BOUND('',#221,.T.);
#135=FACE_OUTER_BOUND('',#222,.T.);
#136=FACE_OUTER_BOUND('',#223,.T.);
#137=FACE_OUTER_BOUND('',#224,.T.);
#138=FACE_OUTER_BOUND('',#225,.T.);
#139=FACE_OUTER_BOUND('',#226,.T.);
#140=FACE_OUTER_BOUND('',#227,.T.);
#141=FACE_OUTER_BOUND('',#228,.T.);
#142=FACE_OUTER_BOUND('',#229,.T.);
#143=FACE_OUTER_BOUND('',#230,.T.);
#144=FACE_OUTER_BOUND('',#231,.T.);
#145=FACE_OUTER_BOUND('',#232,.T.);
#146=FACE_OUTER_BOUND('',#233,.T.);
#147=FACE_OUTER_BOUND('',#234,.T.);
#148=FACE_OUTER_BOUND('',#235,.T.);
#149=FACE_OUTER_BOUND('',#236,.T.);
#150=FACE_OUTER_BOUND('',#237,.T.);
#151=FACE_OUTER_BOUND('',#238,.T.);
#152=FACE_OUTER_BOUND('',#239,.T.);
#153=FACE_OUTER_BOUND('',#240,.T.);
#154=FACE_OUTER_BOUND('',#241,.T.);
#155=FACE_OUTER_BOUND('',#242,.T.);
#156=FACE_OUTER_BOUND('',#243,.T.);
#157=FACE_OUTER_BOUND('',#244,.T.);
#158=FACE_OUTER_BOUND('',#245,.T.);
#159=FACE_OUTER_BOUND('',#246,.T.);
#160=EDGE_LOOP('',(#967,#968,#969,#970));
#161=EDGE_LOOP('',(#971,#972,#973,#974));
#162=EDGE_LOOP('',(#975,#976,#977,#978,#979,#980,#981,#982,#983,#984,#985,
#986,#987,#988));
#163=EDGE_LOOP('',(#989,#990,#991,#992));
#164=EDGE_LOOP('',(#993,#994,#995,#996));
#165=EDGE_LOOP('',(#997));
#166=EDGE_LOOP('',(#998));
#167=EDGE_LOOP('',(#999,#1000,#1001,#1002));
#168=EDGE_LOOP('',(#1003,#1004,#1005,#1006));
#169=EDGE_LOOP('',(#1007,#1008,#1009,#1010,#1011,#1012));
#170=EDGE_LOOP('',(#1013,#1014,#1015,#1016,#1017,#1018,#1019));
#171=EDGE_LOOP('',(#1020,#1021,#1022,#1023,#1024,#1025,#1026));
#172=EDGE_LOOP('',(#1027,#1028,#1029,#1030));
#173=EDGE_LOOP('',(#1031,#1032,#1033,#1034,#1035,#1036));
#174=EDGE_LOOP('',(#1037,#1038,#1039,#1040,#1041,#1042));
#175=EDGE_LOOP('',(#1043,#1044,#1045,#1046));
#176=EDGE_LOOP('',(#1047,#1048,#1049,#1050));
#177=EDGE_LOOP('',(#1051,#1052,#1053,#1054));
#178=EDGE_LOOP('',(#1055,#1056,#1057,#1058));
#179=EDGE_LOOP('',(#1059,#1060,#1061,#1062,#1063));
#180=EDGE_LOOP('',(#1064,#1065,#1066,#1067));
#181=EDGE_LOOP('',(#1068,#1069,#1070,#1071,#1072));
#182=EDGE_LOOP('',(#1073,#1074,#1075,#1076));
#183=EDGE_LOOP('',(#1077,#1078,#1079,#1080));
#184=EDGE_LOOP('',(#1081,#1082,#1083,#1084));
#185=EDGE_LOOP('',(#1085,#1086,#1087,#1088,#1089,#1090));
#186=EDGE_LOOP('',(#1091,#1092,#1093,#1094));
#187=EDGE_LOOP('',(#1095,#1096,#1097,#1098));
#188=EDGE_LOOP('',(#1099,#1100,#1101,#1102,#1103,#1104,#1105,#1106,#1107,
#1108,#1109,#1110));
#189=EDGE_LOOP('',(#1111,#1112,#1113,#1114));
#190=EDGE_LOOP('',(#1115,#1116,#1117,#1118));
#191=EDGE_LOOP('',(#1119,#1120,#1121,#1122,#1123,#1124));
#192=EDGE_LOOP('',(#1125));
#193=EDGE_LOOP('',(#1126,#1127,#1128,#1129));
#194=EDGE_LOOP('',(#1130,#1131,#1132,#1133));
#195=EDGE_LOOP('',(#1134,#1135,#1136,#1137,#1138,#1139));
#196=EDGE_LOOP('',(#1140,#1141,#1142,#1143));
#197=EDGE_LOOP('',(#1144,#1145,#1146,#1147));
#198=EDGE_LOOP('',(#1148,#1149,#1150,#1151));
#199=EDGE_LOOP('',(#1152,#1153,#1154,#1155));
#200=EDGE_LOOP('',(#1156,#1157,#1158,#1159));
#201=EDGE_LOOP('',(#1160,#1161,#1162,#1163,#1164,#1165,#1166,#1167,#1168,
#1169,#1170,#1171,#1172,#1173,#1174,#1175,#1176,#1177,#1178,#1179,#1180,
#1181,#1182,#1183));
#202=EDGE_LOOP('',(#1184,#1185,#1186,#1187));
#203=EDGE_LOOP('',(#1188,#1189,#1190,#1191));
#204=EDGE_LOOP('',(#1192,#1193,#1194,#1195));
#205=EDGE_LOOP('',(#1196,#1197,#1198,#1199));
#206=EDGE_LOOP('',(#1200,#1201,#1202,#1203));
#207=EDGE_LOOP('',(#1204,#1205,#1206,#1207));
#208=EDGE_LOOP('',(#1208,#1209,#1210,#1211));
#209=EDGE_LOOP('',(#1212,#1213,#1214,#1215));
#210=EDGE_LOOP('',(#1216,#1217,#1218,#1219));
#211=EDGE_LOOP('',(#1220,#1221,#1222,#1223));
#212=EDGE_LOOP('',(#1224,#1225,#1226,#1227));
#213=EDGE_LOOP('',(#1228,#1229,#1230,#1231,#1232,#1233,#1234,#1235,#1236,
#1237,#1238,#1239));
#214=EDGE_LOOP('',(#1240,#1241,#1242,#1243));
#215=EDGE_LOOP('',(#1244,#1245,#1246,#1247,#1248,#1249));
#216=EDGE_LOOP('',(#1250,#1251,#1252,#1253,#1254,#1255,#1256,#1257,#1258,
#1259,#1260,#1261,#1262,#1263));
#217=EDGE_LOOP('',(#1264,#1265,#1266,#1267));
#218=EDGE_LOOP('',(#1268,#1269,#1270,#1271));
#219=EDGE_LOOP('',(#1272,#1273,#1274,#1275));
#220=EDGE_LOOP('',(#1276,#1277,#1278,#1279));
#221=EDGE_LOOP('',(#1280,#1281,#1282,#1283));
#222=EDGE_LOOP('',(#1284,#1285,#1286,#1287));
#223=EDGE_LOOP('',(#1288,#1289,#1290,#1291));
#224=EDGE_LOOP('',(#1292,#1293,#1294,#1295));
#225=EDGE_LOOP('',(#1296,#1297,#1298,#1299));
#226=EDGE_LOOP('',(#1300,#1301,#1302,#1303));
#227=EDGE_LOOP('',(#1304,#1305,#1306,#1307));
#228=EDGE_LOOP('',(#1308,#1309,#1310,#1311));
#229=EDGE_LOOP('',(#1312,#1313,#1314,#1315));
#230=EDGE_LOOP('',(#1316,#1317,#1318,#1319));
#231=EDGE_LOOP('',(#1320,#1321,#1322,#1323));
#232=EDGE_LOOP('',(#1324,#1325,#1326,#1327));
#233=EDGE_LOOP('',(#1328,#1329,#1330,#1331));
#234=EDGE_LOOP('',(#1332,#1333,#1334,#1335));
#235=EDGE_LOOP('',(#1336,#1337,#1338,#1339));
#236=EDGE_LOOP('',(#1340,#1341,#1342,#1343));
#237=EDGE_LOOP('',(#1344,#1345,#1346,#1347));
#238=EDGE_LOOP('',(#1348,#1349,#1350,#1351));
#239=EDGE_LOOP('',(#1352,#1353,#1354,#1355));
#240=EDGE_LOOP('',(#1356,#1357,#1358,#1359));
#241=EDGE_LOOP('',(#1360,#1361,#1362,#1363,#1364,#1365));
#242=EDGE_LOOP('',(#1366,#1367,#1368,#1369,#1370,#1371));
#243=EDGE_LOOP('',(#1372,#1373,#1374,#1375));
#244=EDGE_LOOP('',(#1376,#1377,#1378,#1379));
#245=EDGE_LOOP('',(#1380,#1381,#1382,#1383));
#246=EDGE_LOOP('',(#1384,#1385,#1386,#1387,#1388,#1389,#1390,#1391));
#247=EDGE_LOOP('',(#1392));
#248=LINE('',#2063,#409);
#249=LINE('',#2066,#410);
#250=LINE('',#2069,#411);
#251=LINE('',#2071,#412);
#252=LINE('',#2072,#413);
#253=LINE('',#2075,#414);
#254=LINE('',#2077,#415);
#255=LINE('',#2081,#416);
#256=LINE('',#2085,#417);
#257=LINE('',#2089,#418);
#258=LINE('',#2093,#419);
#259=LINE('',#2095,#420);
#260=LINE('',#2096,#421);
#261=LINE('',#2099,#422);
#262=LINE('',#2101,#423);
#263=LINE('',#2103,#424);
#264=LINE('',#2104,#425);
#265=LINE('',#2107,#426);
#266=LINE('',#2109,#427);
#267=LINE('',#2111,#428);
#268=LINE('',#2112,#429);
#269=LINE('',#2119,#430);
#270=LINE('',#2121,#431);
#271=LINE('',#2123,#432);
#272=LINE('',#2124,#433);
#273=LINE('',#2127,#434);
#274=LINE('',#2129,#435);
#275=LINE('',#2130,#436);
#276=LINE('',#2134,#437);
#277=LINE('',#2136,#438);
#278=LINE('',#2138,#439);
#279=LINE('',#2142,#440);
#280=LINE('',#2146,#441);
#281=LINE('',#2148,#442);
#282=LINE('',#2150,#443);
#283=LINE('',#2151,#444);
#284=LINE('',#2157,#445);
#285=LINE('',#2158,#446);
#286=LINE('',#2160,#447);
#287=LINE('',#2161,#448);
#288=LINE('',#2164,#449);
#289=LINE('',#2165,#450);
#290=LINE('',#2168,#451);
#291=LINE('',#2170,#452);
#292=LINE('',#2171,#453);
#293=LINE('',#2176,#454);
#294=LINE('',#2179,#455);
#295=LINE('',#2182,#456);
#296=LINE('',#2183,#457);
#297=LINE('',#2186,#458);
#298=LINE('',#2187,#459);
#299=LINE('',#2189,#460);
#300=LINE('',#2193,#461);
#301=LINE('',#2195,#462);
#302=LINE('',#2197,#463);
#303=LINE('',#2199,#464);
#304=LINE('',#2200,#465);
#305=LINE('',#2204,#466);
#306=LINE('',#2210,#467);
#307=LINE('',#2212,#468);
#308=LINE('',#2213,#469);
#309=LINE('',#2214,#470);
#310=LINE('',#2217,#471);
#311=LINE('',#2222,#472);
#312=LINE('',#2223,#473);
#313=LINE('',#2226,#474);
#314=LINE('',#2231,#475);
#315=LINE('',#2233,#476);
#316=LINE('',#2235,#477);
#317=LINE('',#2236,#478);
#318=LINE('',#2237,#479);
#319=LINE('',#2243,#480);
#320=LINE('',#2247,#481);
#321=LINE('',#2249,#482);
#322=LINE('',#2253,#483);
#323=LINE('',#2257,#484);
#324=LINE('',#2261,#485);
#325=LINE('',#2264,#486);
#326=LINE('',#2267,#487);
#327=LINE('',#2271,#488);
#328=LINE('',#2272,#489);
#329=LINE('',#2277,#490);
#330=LINE('',#2281,#491);
#331=LINE('',#2286,#492);
#332=LINE('',#2287,#493);
#333=LINE('',#2289,#494);
#334=LINE('',#2291,#495);
#335=LINE('',#2292,#496);
#336=LINE('',#2296,#497);
#337=LINE('',#2297,#498);
#338=LINE('',#2301,#499);
#339=LINE('',#2306,#500);
#340=LINE('',#2307,#501);
#341=LINE('',#2310,#502);
#342=LINE('',#2311,#503);
#343=LINE('',#2315,#504);
#344=LINE('',#2319,#505);
#345=LINE('',#2323,#506);
#346=LINE('',#2327,#507);
#347=LINE('',#2331,#508);
#348=LINE('',#2335,#509);
#349=LINE('',#2336,#510);
#350=LINE('',#2338,#511);
#351=LINE('',#2341,#512);
#352=LINE('',#2344,#513);
#353=LINE('',#2346,#514);
#354=LINE('',#2348,#515);
#355=LINE('',#2349,#516);
#356=LINE('',#2352,#517);
#357=LINE('',#2355,#518);
#358=LINE('',#2358,#519);
#359=LINE('',#2359,#520);
#360=LINE('',#2362,#521);
#361=LINE('',#2366,#522);
#362=LINE('',#2367,#523);
#363=LINE('',#2371,#524);
#364=LINE('',#2374,#525);
#365=LINE('',#2377,#526);
#366=LINE('',#2380,#527);
#367=LINE('',#2381,#528);
#368=LINE('',#2384,#529);
#369=LINE('',#2389,#530);
#370=LINE('',#2392,#531);
#371=LINE('',#2394,#532);
#372=LINE('',#2398,#533);
#373=LINE('',#2402,#534);
#374=LINE('',#2406,#535);
#375=LINE('',#2408,#536);
#376=LINE('',#2410,#537);
#377=LINE('',#2411,#538);
#378=LINE('',#2413,#539);
#379=LINE('',#2414,#540);
#380=LINE('',#2416,#541);
#381=LINE('',#2417,#542);
#382=LINE('',#2420,#543);
#383=LINE('',#2424,#544);
#384=LINE('',#2425,#545);
#385=LINE('',#2427,#546);
#386=LINE('',#2428,#547);
#387=LINE('',#2430,#548);
#388=LINE('',#2432,#549);
#389=LINE('',#2433,#550);
#390=LINE('',#2435,#551);
#391=LINE('',#2437,#552);
#392=LINE('',#2439,#553);
#393=LINE('',#2441,#554);
#394=LINE('',#2447,#555);
#395=LINE('',#2451,#556);
#396=LINE('',#2452,#557);
#397=LINE('',#2454,#558);
#398=LINE('',#2457,#559);
#399=LINE('',#2460,#560);
#400=LINE('',#2462,#561);
#401=LINE('',#2465,#562);
#402=LINE('',#2467,#563);
#403=LINE('',#2469,#564);
#404=LINE('',#2471,#565);
#405=LINE('',#2473,#566);
#406=LINE('',#2475,#567);
#407=LINE('',#2478,#568);
#408=LINE('',#2482,#569);
#409=VECTOR('',#1642,10.);
#410=VECTOR('',#1645,10.);
#411=VECTOR('',#1648,10.);
#412=VECTOR('',#1649,10.);
#413=VECTOR('',#1650,10.);
#414=VECTOR('',#1653,10.);
#415=VECTOR('',#1654,10.);
#416=VECTOR('',#1657,10.);
#417=VECTOR('',#1660,10.);
#418=VECTOR('',#1663,10.);
#419=VECTOR('',#1666,10.);
#420=VECTOR('',#1667,10.);
#421=VECTOR('',#1668,10.);
#422=VECTOR('',#1669,10.);
#423=VECTOR('',#1670,10.);
#424=VECTOR('',#1671,10.);
#425=VECTOR('',#1672,10.);
#426=VECTOR('',#1673,10.);
#427=VECTOR('',#1674,10.);
#428=VECTOR('',#1675,10.);
#429=VECTOR('',#1676,10.);
#430=VECTOR('',#1681,10.);
#431=VECTOR('',#1682,10.);
#432=VECTOR('',#1683,10.);
#433=VECTOR('',#1684,10.);
#434=VECTOR('',#1687,10.);
#435=VECTOR('',#1688,10.);
#436=VECTOR('',#1689,10.);
#437=VECTOR('',#1692,10.);
#438=VECTOR('',#1693,10.);
#439=VECTOR('',#1694,10.);
#440=VECTOR('',#1697,10.);
#441=VECTOR('',#1702,10.);
#442=VECTOR('',#1703,10.);
#443=VECTOR('',#1704,10.);
#444=VECTOR('',#1705,10.);
#445=VECTOR('',#1708,10.);
#446=VECTOR('',#1709,10.);
#447=VECTOR('',#1710,10.);
#448=VECTOR('',#1711,10.);
#449=VECTOR('',#1714,10.);
#450=VECTOR('',#1715,10.);
#451=VECTOR('',#1718,10.);
#452=VECTOR('',#1719,10.);
#453=VECTOR('',#1720,10.);
#454=VECTOR('',#1725,10.);
#455=VECTOR('',#1730,10.);
#456=VECTOR('',#1733,10.);
#457=VECTOR('',#1734,10.);
#458=VECTOR('',#1737,10.);
#459=VECTOR('',#1738,10.);
#460=VECTOR('',#1741,10.);
#461=VECTOR('',#1744,10.);
#462=VECTOR('',#1745,10.);
#463=VECTOR('',#1746,10.);
#464=VECTOR('',#1747,10.);
#465=VECTOR('',#1748,10.);
#466=VECTOR('',#1751,10.);
#467=VECTOR('',#1758,10.);
#468=VECTOR('',#1759,10.);
#469=VECTOR('',#1760,10.);
#470=VECTOR('',#1761,10.);
#471=VECTOR('',#1764,10.);
#472=VECTOR('',#1771,10.);
#473=VECTOR('',#1772,10.);
#474=VECTOR('',#1775,10.);
#475=VECTOR('',#1780,10.);
#476=VECTOR('',#1781,10.);
#477=VECTOR('',#1782,10.);
#478=VECTOR('',#1783,10.);
#479=VECTOR('',#1784,10.);
#480=VECTOR('',#1793,10.);
#481=VECTOR('',#1798,10.);
#482=VECTOR('',#1799,10.);
#483=VECTOR('',#1802,10.);
#484=VECTOR('',#1805,10.);
#485=VECTOR('',#1808,10.);
#486=VECTOR('',#1811,10.);
#487=VECTOR('',#1814,10.);
#488=VECTOR('',#1819,10.);
#489=VECTOR('',#1820,10.);
#490=VECTOR('',#1825,10.);
#491=VECTOR('',#1828,10.);
#492=VECTOR('',#1835,10.);
#493=VECTOR('',#1836,10.);
#494=VECTOR('',#1839,10.);
#495=VECTOR('',#1842,10.);
#496=VECTOR('',#1843,10.);
#497=VECTOR('',#1848,10.);
#498=VECTOR('',#1849,10.);
#499=VECTOR('',#1856,10.);
#500=VECTOR('',#1861,10.);
#501=VECTOR('',#1862,10.);
#502=VECTOR('',#1865,10.);
#503=VECTOR('',#1866,10.);
#504=VECTOR('',#1869,10.);
#505=VECTOR('',#1872,10.);
#506=VECTOR('',#1875,10.);
#507=VECTOR('',#1878,10.);
#508=VECTOR('',#1881,10.);
#509=VECTOR('',#1884,10.);
#510=VECTOR('',#1885,10.);
#511=VECTOR('',#1886,10.);
#512=VECTOR('',#1889,10.);
#513=VECTOR('',#1890,10.);
#514=VECTOR('',#1891,10.);
#515=VECTOR('',#1892,10.);
#516=VECTOR('',#1893,10.);
#517=VECTOR('',#1896,10.);
#518=VECTOR('',#1899,10.);
#519=VECTOR('',#1902,10.);
#520=VECTOR('',#1903,10.);
#521=VECTOR('',#1906,10.);
#522=VECTOR('',#1911,10.);
#523=VECTOR('',#1912,10.);
#524=VECTOR('',#1919,10.);
#525=VECTOR('',#1922,10.);
#526=VECTOR('',#1925,10.);
#527=VECTOR('',#1928,10.);
#528=VECTOR('',#1929,10.);
#529=VECTOR('',#1932,10.);
#530=VECTOR('',#1937,10.);
#531=VECTOR('',#1940,10.);
#532=VECTOR('',#1941,10.);
#533=VECTOR('',#1944,10.);
#534=VECTOR('',#1947,10.);
#535=VECTOR('',#1950,10.);
#536=VECTOR('',#1951,10.);
#537=VECTOR('',#1952,10.);
#538=VECTOR('',#1953,10.);
#539=VECTOR('',#1956,10.);
#540=VECTOR('',#1957,10.);
#541=VECTOR('',#1960,10.);
#542=VECTOR('',#1961,10.);
#543=VECTOR('',#1964,10.);
#544=VECTOR('',#1969,10.);
#545=VECTOR('',#1970,10.);
#546=VECTOR('',#1973,10.);
#547=VECTOR('',#1974,10.);
#548=VECTOR('',#1977,10.);
#549=VECTOR('',#1980,10.);
#550=VECTOR('',#1981,10.);
#551=VECTOR('',#1984,10.);
#552=VECTOR('',#1987,10.);
#553=VECTOR('',#1990,10.);
#554=VECTOR('',#1993,10.);
#555=VECTOR('',#2002,10.);
#556=VECTOR('',#2007,10.);
#557=VECTOR('',#2008,10.);
#558=VECTOR('',#2011,10.);
#559=VECTOR('',#2016,10.);
#560=VECTOR('',#2021,10.);
#561=VECTOR('',#2024,10.);
#562=VECTOR('',#2029,10.);
#563=VECTOR('',#2032,10.);
#564=VECTOR('',#2035,10.);
#565=VECTOR('',#2038,10.);
#566=VECTOR('',#2041,10.);
#567=VECTOR('',#2044,10.);
#568=VECTOR('',#2049,1.35);
#569=VECTOR('',#2054,1.35);
#570=CIRCLE('',#1508,5.);
#571=CIRCLE('',#1509,5.);
#572=CIRCLE('',#1512,9.00000000000001);
#573=CIRCLE('',#1513,9.00000000000001);
#574=CIRCLE('',#1514,9.00000000000001);
#575=CIRCLE('',#1515,9.);
#576=CIRCLE('',#1516,1.35);
#577=CIRCLE('',#1517,1.35);
#578=CIRCLE('',#1520,9.);
#579=CIRCLE('',#1521,10.);
#580=CIRCLE('',#1527,10.);
#581=CIRCLE('',#1528,10.);
#582=CIRCLE('',#1535,9.00000000000001);
#583=CIRCLE('',#1536,10.);
#584=CIRCLE('',#1539,9.);
#585=CIRCLE('',#1540,10.);
#586=CIRCLE('',#1543,9.);
#587=CIRCLE('',#1546,9.00000000000001);
#588=CIRCLE('',#1547,10.);
#589=CIRCLE('',#1549,10.);
#590=CIRCLE('',#1551,2.);
#591=CIRCLE('',#1552,2.);
#592=CIRCLE('',#1553,2.);
#593=CIRCLE('',#1554,2.);
#594=CIRCLE('',#1556,10.);
#595=CIRCLE('',#1559,5.);
#596=CIRCLE('',#1560,3.125);
#597=CIRCLE('',#1561,5.);
#598=CIRCLE('',#1562,1.35);
#599=CIRCLE('',#1569,10.);
#600=CIRCLE('',#1572,2.);
#601=CIRCLE('',#1574,9.);
#602=CIRCLE('',#1575,5.);
#603=CIRCLE('',#1576,3.125);
#604=CIRCLE('',#1577,5.);
#605=CIRCLE('',#1578,2.5);
#606=CIRCLE('',#1579,2.5);
#607=CIRCLE('',#1580,9.);
#608=CIRCLE('',#1582,2.);
#609=CIRCLE('',#1585,2.);
#610=CIRCLE('',#1588,2.);
#611=CIRCLE('',#1591,2.5);
#612=CIRCLE('',#1594,2.5);
#613=CIRCLE('',#1596,5.);
#614=CIRCLE('',#1597,9.00000000000001);
#615=CIRCLE('',#1598,5.);
#616=CIRCLE('',#1599,3.125);
#617=CIRCLE('',#1603,5.);
#618=CIRCLE('',#1616,3.125);
#619=CIRCLE('',#1619,5.);
#620=CIRCLE('',#1634,1.35);
#621=VERTEX_POINT('',#2059);
#622=VERTEX_POINT('',#2060);
#623=VERTEX_POINT('',#2062);
#624=VERTEX_POINT('',#2064);
#625=VERTEX_POINT('',#2068);
#626=VERTEX_POINT('',#2070);
#627=VERTEX_POINT('',#2074);
#628=VERTEX_POINT('',#2076);
#629=VERTEX_POINT('',#2078);
#630=VERTEX_POINT('',#2080);
#631=VERTEX_POINT('',#2082);
#632=VERTEX_POINT('',#2084);
#633=VERTEX_POINT('',#2086);
#634=VERTEX_POINT('',#2088);
#635=VERTEX_POINT('',#2090);
#636=VERTEX_POINT('',#2092);
#637=VERTEX_POINT('',#2094);
#638=VERTEX_POINT('',#2097);
#639=VERTEX_POINT('',#2098);
#640=VERTEX_POINT('',#2100);
#641=VERTEX_POINT('',#2102);
#642=VERTEX_POINT('',#2105);
#643=VERTEX_POINT('',#2106);
#644=VERTEX_POINT('',#2108);
#645=VERTEX_POINT('',#2110);
#646=VERTEX_POINT('',#2113);
#647=VERTEX_POINT('',#2115);
#648=VERTEX_POINT('',#2117);
#649=VERTEX_POINT('',#2118);
#650=VERTEX_POINT('',#2120);
#651=VERTEX_POINT('',#2122);
#652=VERTEX_POINT('',#2126);
#653=VERTEX_POINT('',#2128);
#654=VERTEX_POINT('',#2132);
#655=VERTEX_POINT('',#2133);
#656=VERTEX_POINT('',#2135);
#657=VERTEX_POINT('',#2137);
#658=VERTEX_POINT('',#2139);
#659=VERTEX_POINT('',#2141);
#660=VERTEX_POINT('',#2145);
#661=VERTEX_POINT('',#2147);
#662=VERTEX_POINT('',#2149);
#663=VERTEX_POINT('',#2156);
#664=VERTEX_POINT('',#2159);
#665=VERTEX_POINT('',#2163);
#666=VERTEX_POINT('',#2167);
#667=VERTEX_POINT('',#2169);
#668=VERTEX_POINT('',#2173);
#669=VERTEX_POINT('',#2175);
#670=VERTEX_POINT('',#2181);
#671=VERTEX_POINT('',#2185);
#672=VERTEX_POINT('',#2191);
#673=VERTEX_POINT('',#2192);
#674=VERTEX_POINT('',#2194);
#675=VERTEX_POINT('',#2196);
#676=VERTEX_POINT('',#2198);
#677=VERTEX_POINT('',#2202);
#678=VERTEX_POINT('',#2203);
#679=VERTEX_POINT('',#2208);
#680=VERTEX_POINT('',#2209);
#681=VERTEX_POINT('',#2211);
#682=VERTEX_POINT('',#2216);
#683=VERTEX_POINT('',#2221);
#684=VERTEX_POINT('',#2225);
#685=VERTEX_POINT('',#2229);
#686=VERTEX_POINT('',#2230);
#687=VERTEX_POINT('',#2232);
#688=VERTEX_POINT('',#2234);
#689=VERTEX_POINT('',#2242);
#690=VERTEX_POINT('',#2246);
#691=VERTEX_POINT('',#2248);
#692=VERTEX_POINT('',#2250);
#693=VERTEX_POINT('',#2252);
#694=VERTEX_POINT('',#2254);
#695=VERTEX_POINT('',#2256);
#696=VERTEX_POINT('',#2258);
#697=VERTEX_POINT('',#2260);
#698=VERTEX_POINT('',#2262);
#699=VERTEX_POINT('',#2266);
#700=VERTEX_POINT('',#2270);
#701=VERTEX_POINT('',#2274);
#702=VERTEX_POINT('',#2276);
#703=VERTEX_POINT('',#2278);
#704=VERTEX_POINT('',#2280);
#705=VERTEX_POINT('',#2283);
#706=VERTEX_POINT('',#2295);
#707=VERTEX_POINT('',#2303);
#708=VERTEX_POINT('',#2304);
#709=VERTEX_POINT('',#2309);
#710=VERTEX_POINT('',#2312);
#711=VERTEX_POINT('',#2314);
#712=VERTEX_POINT('',#2316);
#713=VERTEX_POINT('',#2318);
#714=VERTEX_POINT('',#2320);
#715=VERTEX_POINT('',#2322);
#716=VERTEX_POINT('',#2324);
#717=VERTEX_POINT('',#2326);
#718=VERTEX_POINT('',#2328);
#719=VERTEX_POINT('',#2330);
#720=VERTEX_POINT('',#2332);
#721=VERTEX_POINT('',#2334);
#722=VERTEX_POINT('',#2337);
#723=VERTEX_POINT('',#2339);
#724=VERTEX_POINT('',#2342);
#725=VERTEX_POINT('',#2343);
#726=VERTEX_POINT('',#2345);
#727=VERTEX_POINT('',#2347);
#728=VERTEX_POINT('',#2351);
#729=VERTEX_POINT('',#2353);
#730=VERTEX_POINT('',#2357);
#731=VERTEX_POINT('',#2361);
#732=VERTEX_POINT('',#2365);
#733=VERTEX_POINT('',#2373);
#734=VERTEX_POINT('',#2375);
#735=VERTEX_POINT('',#2379);
#736=VERTEX_POINT('',#2383);
#737=VERTEX_POINT('',#2387);
#738=VERTEX_POINT('',#2388);
#739=VERTEX_POINT('',#2390);
#740=VERTEX_POINT('',#2393);
#741=VERTEX_POINT('',#2395);
#742=VERTEX_POINT('',#2397);
#743=VERTEX_POINT('',#2399);
#744=VERTEX_POINT('',#2401);
#745=VERTEX_POINT('',#2404);
#746=VERTEX_POINT('',#2405);
#747=VERTEX_POINT('',#2407);
#748=VERTEX_POINT('',#2409);
#749=VERTEX_POINT('',#2419);
#750=VERTEX_POINT('',#2423);
#751=VERTEX_POINT('',#2446);
#752=VERTEX_POINT('',#2450);
#753=VERTEX_POINT('',#2480);
#754=EDGE_CURVE('',#621,#622,#570,.T.);
#755=EDGE_CURVE('',#622,#623,#248,.T.);
#756=EDGE_CURVE('',#623,#624,#571,.T.);
#757=EDGE_CURVE('',#624,#621,#249,.T.);
#758=EDGE_CURVE('',#625,#622,#250,.T.);
#759=EDGE_CURVE('',#626,#625,#251,.T.);
#760=EDGE_CURVE('',#626,#623,#252,.T.);
#761=EDGE_CURVE('',#621,#627,#253,.T.);
#762=EDGE_CURVE('',#628,#627,#254,.T.);
#763=EDGE_CURVE('',#629,#628,#572,.T.);
#764=EDGE_CURVE('',#630,#629,#255,.T.);
#765=EDGE_CURVE('',#631,#630,#573,.T.);
#766=EDGE_CURVE('',#632,#631,#256,.T.);
#767=EDGE_CURVE('',#633,#632,#574,.T.);
#768=EDGE_CURVE('',#634,#633,#257,.T.);
#769=EDGE_CURVE('',#635,#634,#575,.T.);
#770=EDGE_CURVE('',#635,#636,#258,.T.);
#771=EDGE_CURVE('',#636,#637,#259,.T.);
#772=EDGE_CURVE('',#637,#625,#260,.T.);
#773=EDGE_CURVE('',#638,#639,#261,.T.);
#774=EDGE_CURVE('',#639,#640,#262,.T.);
#775=EDGE_CURVE('',#640,#641,#263,.T.);
#776=EDGE_CURVE('',#641,#638,#264,.T.);
#777=EDGE_CURVE('',#642,#643,#265,.T.);
#778=EDGE_CURVE('',#643,#644,#266,.T.);
#779=EDGE_CURVE('',#644,#645,#267,.T.);
#780=EDGE_CURVE('',#645,#642,#268,.T.);
#781=EDGE_CURVE('',#646,#646,#576,.T.);
#782=EDGE_CURVE('',#647,#647,#577,.T.);
#783=EDGE_CURVE('',#648,#649,#269,.T.);
#784=EDGE_CURVE('',#649,#650,#270,.T.);
#785=EDGE_CURVE('',#650,#651,#271,.T.);
#786=EDGE_CURVE('',#651,#648,#272,.T.);
#787=EDGE_CURVE('',#652,#649,#273,.T.);
#788=EDGE_CURVE('',#653,#652,#274,.T.);
#789=EDGE_CURVE('',#650,#653,#275,.T.);
#790=EDGE_CURVE('',#654,#655,#276,.T.);
#791=EDGE_CURVE('',#654,#656,#277,.T.);
#792=EDGE_CURVE('',#657,#656,#278,.T.);
#793=EDGE_CURVE('',#658,#657,#578,.T.);
#794=EDGE_CURVE('',#659,#658,#279,.T.);
#795=EDGE_CURVE('',#655,#659,#579,.T.);
#796=EDGE_CURVE('',#659,#660,#280,.T.);
#797=EDGE_CURVE('',#661,#658,#281,.T.);
#798=EDGE_CURVE('',#662,#661,#282,.T.);
#799=EDGE_CURVE('',#662,#636,#283,.T.);
#800=EDGE_CURVE('',#660,#635,#23,.T.);
#801=EDGE_CURVE('',#663,#624,#284,.T.);
#802=EDGE_CURVE('',#656,#663,#285,.T.);
#803=EDGE_CURVE('',#664,#654,#286,.T.);
#804=EDGE_CURVE('',#627,#664,#287,.T.);
#805=EDGE_CURVE('',#664,#665,#288,.T.);
#806=EDGE_CURVE('',#628,#665,#289,.T.);
#807=EDGE_CURVE('',#655,#666,#290,.T.);
#808=EDGE_CURVE('',#667,#666,#291,.T.);
#809=EDGE_CURVE('',#665,#667,#292,.T.);
#810=EDGE_CURVE('',#668,#660,#580,.T.);
#811=EDGE_CURVE('',#668,#669,#293,.T.);
#812=EDGE_CURVE('',#666,#669,#581,.T.);
#813=EDGE_CURVE('',#634,#668,#294,.T.);
#814=EDGE_CURVE('',#670,#653,#295,.T.);
#815=EDGE_CURVE('',#670,#651,#296,.T.);
#816=EDGE_CURVE('',#671,#670,#297,.T.);
#817=EDGE_CURVE('',#671,#648,#298,.T.);
#818=EDGE_CURVE('',#652,#671,#299,.T.);
#819=EDGE_CURVE('',#672,#673,#300,.T.);
#820=EDGE_CURVE('',#673,#674,#301,.T.);
#821=EDGE_CURVE('',#674,#675,#302,.T.);
#822=EDGE_CURVE('',#675,#676,#303,.T.);
#823=EDGE_CURVE('',#676,#672,#304,.T.);
#824=EDGE_CURVE('',#677,#678,#305,.T.);
#825=EDGE_CURVE('',#678,#673,#582,.T.);
#826=EDGE_CURVE('',#672,#677,#583,.T.);
#827=EDGE_CURVE('',#679,#680,#306,.T.);
#828=EDGE_CURVE('',#680,#681,#307,.T.);
#829=EDGE_CURVE('',#681,#678,#308,.T.);
#830=EDGE_CURVE('',#677,#679,#309,.T.);
#831=EDGE_CURVE('',#667,#682,#310,.T.);
#832=EDGE_CURVE('',#682,#680,#584,.T.);
#833=EDGE_CURVE('',#679,#667,#585,.T.);
#834=EDGE_CURVE('',#666,#683,#311,.T.);
#835=EDGE_CURVE('',#683,#682,#312,.T.);
#836=EDGE_CURVE('',#669,#684,#313,.T.);
#837=EDGE_CURVE('',#684,#683,#586,.T.);
#838=EDGE_CURVE('',#685,#686,#314,.T.);
#839=EDGE_CURVE('',#686,#687,#315,.T.);
#840=EDGE_CURVE('',#687,#688,#316,.T.);
#841=EDGE_CURVE('',#688,#684,#317,.T.);
#842=EDGE_CURVE('',#669,#685,#318,.T.);
#843=EDGE_CURVE('',#675,#686,#587,.T.);
#844=EDGE_CURVE('',#685,#676,#588,.T.);
#845=EDGE_CURVE('',#689,#679,#319,.T.);
#846=EDGE_CURVE('',#665,#689,#589,.T.);
#847=EDGE_CURVE('',#690,#677,#320,.T.);
#848=EDGE_CURVE('',#691,#690,#321,.T.);
#849=EDGE_CURVE('',#692,#691,#590,.T.);
#850=EDGE_CURVE('',#692,#693,#322,.T.);
#851=EDGE_CURVE('',#694,#693,#591,.T.);
#852=EDGE_CURVE('',#694,#695,#323,.T.);
#853=EDGE_CURVE('',#696,#695,#592,.T.);
#854=EDGE_CURVE('',#696,#697,#324,.T.);
#855=EDGE_CURVE('',#698,#697,#593,.T.);
#856=EDGE_CURVE('',#689,#698,#325,.T.);
#857=EDGE_CURVE('',#699,#672,#326,.T.);
#858=EDGE_CURVE('',#690,#699,#594,.T.);
#859=EDGE_CURVE('',#700,#676,#327,.T.);
#860=EDGE_CURVE('',#699,#700,#328,.T.);
#861=EDGE_CURVE('',#687,#701,#595,.T.);
#862=EDGE_CURVE('',#701,#702,#329,.T.);
#863=EDGE_CURVE('',#702,#703,#596,.T.);
#864=EDGE_CURVE('',#703,#704,#330,.T.);
#865=EDGE_CURVE('',#704,#688,#597,.T.);
#866=EDGE_CURVE('',#705,#705,#598,.T.);
#867=EDGE_CURVE('',#631,#699,#331,.T.);
#868=EDGE_CURVE('',#700,#632,#332,.T.);
#869=EDGE_CURVE('',#630,#690,#333,.T.);
#870=EDGE_CURVE('',#629,#689,#334,.T.);
#871=EDGE_CURVE('',#698,#691,#335,.T.);
#872=EDGE_CURVE('',#633,#706,#336,.T.);
#873=EDGE_CURVE('',#706,#668,#337,.T.);
#874=EDGE_CURVE('',#700,#706,#599,.T.);
#875=EDGE_CURVE('',#706,#685,#338,.T.);
#876=EDGE_CURVE('',#707,#708,#600,.T.);
#877=EDGE_CURVE('',#708,#698,#339,.T.);
#878=EDGE_CURVE('',#697,#707,#340,.T.);
#879=EDGE_CURVE('',#709,#626,#341,.T.);
#880=EDGE_CURVE('',#662,#709,#342,.T.);
#881=EDGE_CURVE('',#710,#661,#601,.T.);
#882=EDGE_CURVE('',#711,#710,#343,.T.);
#883=EDGE_CURVE('',#712,#711,#602,.T.);
#884=EDGE_CURVE('',#713,#712,#344,.T.);
#885=EDGE_CURVE('',#714,#713,#603,.T.);
#886=EDGE_CURVE('',#715,#714,#345,.T.);
#887=EDGE_CURVE('',#716,#715,#604,.T.);
#888=EDGE_CURVE('',#717,#716,#346,.T.);
#889=EDGE_CURVE('',#717,#718,#605,.T.);
#890=EDGE_CURVE('',#718,#719,#347,.T.);
#891=EDGE_CURVE('',#719,#720,#606,.T.);
#892=EDGE_CURVE('',#721,#720,#348,.T.);
#893=EDGE_CURVE('',#691,#721,#349,.T.);
#894=EDGE_CURVE('',#722,#708,#350,.T.);
#895=EDGE_CURVE('',#723,#722,#607,.T.);
#896=EDGE_CURVE('',#663,#723,#351,.T.);
#897=EDGE_CURVE('',#724,#725,#352,.T.);
#898=EDGE_CURVE('',#726,#724,#353,.T.);
#899=EDGE_CURVE('',#727,#726,#354,.T.);
#900=EDGE_CURVE('',#725,#727,#355,.T.);
#901=EDGE_CURVE('',#695,#728,#356,.T.);
#902=EDGE_CURVE('',#728,#729,#608,.T.);
#903=EDGE_CURVE('',#729,#696,#357,.T.);
#904=EDGE_CURVE('',#730,#694,#358,.T.);
#905=EDGE_CURVE('',#728,#730,#359,.T.);
#906=EDGE_CURVE('',#693,#731,#360,.T.);
#907=EDGE_CURVE('',#731,#730,#609,.T.);
#908=EDGE_CURVE('',#732,#692,#361,.T.);
#909=EDGE_CURVE('',#731,#732,#362,.T.);
#910=EDGE_CURVE('',#721,#732,#610,.T.);
#911=EDGE_CURVE('',#707,#729,#363,.T.);
#912=EDGE_CURVE('',#719,#733,#364,.T.);
#913=EDGE_CURVE('',#733,#734,#611,.T.);
#914=EDGE_CURVE('',#734,#720,#365,.T.);
#915=EDGE_CURVE('',#735,#718,#366,.T.);
#916=EDGE_CURVE('',#733,#735,#367,.T.);
#917=EDGE_CURVE('',#717,#736,#368,.T.);
#918=EDGE_CURVE('',#736,#735,#612,.T.);
#919=EDGE_CURVE('',#737,#738,#369,.T.);
#920=EDGE_CURVE('',#739,#737,#613,.T.);
#921=EDGE_CURVE('',#734,#739,#370,.T.);
#922=EDGE_CURVE('',#740,#736,#371,.T.);
#923=EDGE_CURVE('',#741,#740,#614,.T.);
#924=EDGE_CURVE('',#742,#741,#372,.T.);
#925=EDGE_CURVE('',#743,#742,#615,.T.);
#926=EDGE_CURVE('',#744,#743,#373,.T.);
#927=EDGE_CURVE('',#738,#744,#616,.T.);
#928=EDGE_CURVE('',#745,#746,#374,.T.);
#929=EDGE_CURVE('',#746,#747,#375,.T.);
#930=EDGE_CURVE('',#747,#748,#376,.T.);
#931=EDGE_CURVE('',#748,#745,#377,.T.);
#932=EDGE_CURVE('',#716,#687,#378,.T.);
#933=EDGE_CURVE('',#740,#686,#379,.T.);
#934=EDGE_CURVE('',#739,#681,#380,.T.);
#935=EDGE_CURVE('',#722,#680,#381,.T.);
#936=EDGE_CURVE('',#737,#749,#382,.T.);
#937=EDGE_CURVE('',#681,#749,#617,.T.);
#938=EDGE_CURVE('',#738,#750,#383,.T.);
#939=EDGE_CURVE('',#749,#750,#384,.T.);
#940=EDGE_CURVE('',#643,#726,#385,.T.);
#941=EDGE_CURVE('',#727,#642,#386,.T.);
#942=EDGE_CURVE('',#724,#644,#387,.T.);
#943=EDGE_CURVE('',#746,#641,#388,.T.);
#944=EDGE_CURVE('',#747,#640,#389,.T.);
#945=EDGE_CURVE('',#745,#638,#390,.T.);
#946=EDGE_CURVE('',#637,#709,#391,.T.);
#947=EDGE_CURVE('',#725,#645,#392,.T.);
#948=EDGE_CURVE('',#639,#748,#393,.T.);
#949=EDGE_CURVE('',#744,#751,#394,.T.);
#950=EDGE_CURVE('',#750,#751,#618,.T.);
#951=EDGE_CURVE('',#743,#752,#395,.T.);
#952=EDGE_CURVE('',#751,#752,#396,.T.);
#953=EDGE_CURVE('',#742,#674,#397,.T.);
#954=EDGE_CURVE('',#752,#674,#619,.T.);
#955=EDGE_CURVE('',#741,#675,#398,.T.);
#956=EDGE_CURVE('',#715,#701,#399,.T.);
#957=EDGE_CURVE('',#714,#702,#400,.T.);
#958=EDGE_CURVE('',#713,#703,#401,.T.);
#959=EDGE_CURVE('',#712,#704,#402,.T.);
#960=EDGE_CURVE('',#711,#688,#403,.T.);
#961=EDGE_CURVE('',#710,#684,#404,.T.);
#962=EDGE_CURVE('',#657,#683,#405,.T.);
#963=EDGE_CURVE('',#723,#682,#406,.T.);
#964=EDGE_CURVE('',#705,#647,#407,.T.);
#965=EDGE_CURVE('',#753,#753,#620,.T.);
#966=EDGE_CURVE('',#753,#646,#408,.T.);
#967=ORIENTED_EDGE('',*,*,#754,.T.);
#968=ORIENTED_EDGE('',*,*,#755,.T.);
#969=ORIENTED_EDGE('',*,*,#756,.T.);
#970=ORIENTED_EDGE('',*,*,#757,.T.);
#971=ORIENTED_EDGE('',*,*,#755,.F.);
#972=ORIENTED_EDGE('',*,*,#758,.F.);
#973=ORIENTED_EDGE('',*,*,#759,.F.);
#974=ORIENTED_EDGE('',*,*,#760,.T.);
#975=ORIENTED_EDGE('',*,*,#754,.F.);
#976=ORIENTED_EDGE('',*,*,#761,.T.);
#977=ORIENTED_EDGE('',*,*,#762,.F.);
#978=ORIENTED_EDGE('',*,*,#763,.F.);
#979=ORIENTED_EDGE('',*,*,#764,.F.);
#980=ORIENTED_EDGE('',*,*,#765,.F.);
#981=ORIENTED_EDGE('',*,*,#766,.F.);
#982=ORIENTED_EDGE('',*,*,#767,.F.);
#983=ORIENTED_EDGE('',*,*,#768,.F.);
#984=ORIENTED_EDGE('',*,*,#769,.F.);
#985=ORIENTED_EDGE('',*,*,#770,.T.);
#986=ORIENTED_EDGE('',*,*,#771,.T.);
#987=ORIENTED_EDGE('',*,*,#772,.T.);
#988=ORIENTED_EDGE('',*,*,#758,.T.);
#989=ORIENTED_EDGE('',*,*,#773,.T.);
#990=ORIENTED_EDGE('',*,*,#774,.T.);
#991=ORIENTED_EDGE('',*,*,#775,.T.);
#992=ORIENTED_EDGE('',*,*,#776,.T.);
#993=ORIENTED_EDGE('',*,*,#777,.T.);
#994=ORIENTED_EDGE('',*,*,#778,.T.);
#995=ORIENTED_EDGE('',*,*,#779,.T.);
#996=ORIENTED_EDGE('',*,*,#780,.T.);
#997=ORIENTED_EDGE('',*,*,#781,.F.);
#998=ORIENTED_EDGE('',*,*,#782,.F.);
#999=ORIENTED_EDGE('',*,*,#783,.T.);
#1000=ORIENTED_EDGE('',*,*,#784,.T.);
#1001=ORIENTED_EDGE('',*,*,#785,.T.);
#1002=ORIENTED_EDGE('',*,*,#786,.T.);
#1003=ORIENTED_EDGE('',*,*,#784,.F.);
#1004=ORIENTED_EDGE('',*,*,#787,.F.);
#1005=ORIENTED_EDGE('',*,*,#788,.F.);
#1006=ORIENTED_EDGE('',*,*,#789,.F.);
#1007=ORIENTED_EDGE('',*,*,#790,.F.);
#1008=ORIENTED_EDGE('',*,*,#791,.T.);
#1009=ORIENTED_EDGE('',*,*,#792,.F.);
#1010=ORIENTED_EDGE('',*,*,#793,.F.);
#1011=ORIENTED_EDGE('',*,*,#794,.F.);
#1012=ORIENTED_EDGE('',*,*,#795,.F.);
#1013=ORIENTED_EDGE('',*,*,#796,.F.);
#1014=ORIENTED_EDGE('',*,*,#794,.T.);
#1015=ORIENTED_EDGE('',*,*,#797,.F.);
#1016=ORIENTED_EDGE('',*,*,#798,.F.);
#1017=ORIENTED_EDGE('',*,*,#799,.T.);
#1018=ORIENTED_EDGE('',*,*,#770,.F.);
#1019=ORIENTED_EDGE('',*,*,#800,.F.);
#1020=ORIENTED_EDGE('',*,*,#757,.F.);
#1021=ORIENTED_EDGE('',*,*,#801,.F.);
#1022=ORIENTED_EDGE('',*,*,#802,.F.);
#1023=ORIENTED_EDGE('',*,*,#791,.F.);
#1024=ORIENTED_EDGE('',*,*,#803,.F.);
#1025=ORIENTED_EDGE('',*,*,#804,.F.);
#1026=ORIENTED_EDGE('',*,*,#761,.F.);
#1027=ORIENTED_EDGE('',*,*,#804,.T.);
#1028=ORIENTED_EDGE('',*,*,#805,.T.);
#1029=ORIENTED_EDGE('',*,*,#806,.F.);
#1030=ORIENTED_EDGE('',*,*,#762,.T.);
#1031=ORIENTED_EDGE('',*,*,#803,.T.);
#1032=ORIENTED_EDGE('',*,*,#790,.T.);
#1033=ORIENTED_EDGE('',*,*,#807,.T.);
#1034=ORIENTED_EDGE('',*,*,#808,.F.);
#1035=ORIENTED_EDGE('',*,*,#809,.F.);
#1036=ORIENTED_EDGE('',*,*,#805,.F.);
#1037=ORIENTED_EDGE('',*,*,#795,.T.);
#1038=ORIENTED_EDGE('',*,*,#796,.T.);
#1039=ORIENTED_EDGE('',*,*,#810,.F.);
#1040=ORIENTED_EDGE('',*,*,#811,.T.);
#1041=ORIENTED_EDGE('',*,*,#812,.F.);
#1042=ORIENTED_EDGE('',*,*,#807,.F.);
#1043=ORIENTED_EDGE('',*,*,#800,.T.);
#1044=ORIENTED_EDGE('',*,*,#769,.T.);
#1045=ORIENTED_EDGE('',*,*,#813,.T.);
#1046=ORIENTED_EDGE('',*,*,#810,.T.);
#1047=ORIENTED_EDGE('',*,*,#785,.F.);
#1048=ORIENTED_EDGE('',*,*,#789,.T.);
#1049=ORIENTED_EDGE('',*,*,#814,.F.);
#1050=ORIENTED_EDGE('',*,*,#815,.T.);
#1051=ORIENTED_EDGE('',*,*,#786,.F.);
#1052=ORIENTED_EDGE('',*,*,#815,.F.);
#1053=ORIENTED_EDGE('',*,*,#816,.F.);
#1054=ORIENTED_EDGE('',*,*,#817,.T.);
#1055=ORIENTED_EDGE('',*,*,#783,.F.);
#1056=ORIENTED_EDGE('',*,*,#817,.F.);
#1057=ORIENTED_EDGE('',*,*,#818,.F.);
#1058=ORIENTED_EDGE('',*,*,#787,.T.);
#1059=ORIENTED_EDGE('',*,*,#819,.T.);
#1060=ORIENTED_EDGE('',*,*,#820,.T.);
#1061=ORIENTED_EDGE('',*,*,#821,.T.);
#1062=ORIENTED_EDGE('',*,*,#822,.T.);
#1063=ORIENTED_EDGE('',*,*,#823,.T.);
#1064=ORIENTED_EDGE('',*,*,#824,.T.);
#1065=ORIENTED_EDGE('',*,*,#825,.T.);
#1066=ORIENTED_EDGE('',*,*,#819,.F.);
#1067=ORIENTED_EDGE('',*,*,#826,.T.);
#1068=ORIENTED_EDGE('',*,*,#827,.T.);
#1069=ORIENTED_EDGE('',*,*,#828,.T.);
#1070=ORIENTED_EDGE('',*,*,#829,.T.);
#1071=ORIENTED_EDGE('',*,*,#824,.F.);
#1072=ORIENTED_EDGE('',*,*,#830,.T.);
#1073=ORIENTED_EDGE('',*,*,#831,.T.);
#1074=ORIENTED_EDGE('',*,*,#832,.T.);
#1075=ORIENTED_EDGE('',*,*,#827,.F.);
#1076=ORIENTED_EDGE('',*,*,#833,.T.);
#1077=ORIENTED_EDGE('',*,*,#834,.T.);
#1078=ORIENTED_EDGE('',*,*,#835,.T.);
#1079=ORIENTED_EDGE('',*,*,#831,.F.);
#1080=ORIENTED_EDGE('',*,*,#808,.T.);
#1081=ORIENTED_EDGE('',*,*,#836,.T.);
#1082=ORIENTED_EDGE('',*,*,#837,.T.);
#1083=ORIENTED_EDGE('',*,*,#834,.F.);
#1084=ORIENTED_EDGE('',*,*,#812,.T.);
#1085=ORIENTED_EDGE('',*,*,#838,.T.);
#1086=ORIENTED_EDGE('',*,*,#839,.T.);
#1087=ORIENTED_EDGE('',*,*,#840,.T.);
#1088=ORIENTED_EDGE('',*,*,#841,.T.);
#1089=ORIENTED_EDGE('',*,*,#836,.F.);
#1090=ORIENTED_EDGE('',*,*,#842,.T.);
#1091=ORIENTED_EDGE('',*,*,#822,.F.);
#1092=ORIENTED_EDGE('',*,*,#843,.T.);
#1093=ORIENTED_EDGE('',*,*,#838,.F.);
#1094=ORIENTED_EDGE('',*,*,#844,.T.);
#1095=ORIENTED_EDGE('',*,*,#833,.F.);
#1096=ORIENTED_EDGE('',*,*,#845,.F.);
#1097=ORIENTED_EDGE('',*,*,#846,.F.);
#1098=ORIENTED_EDGE('',*,*,#809,.T.);
#1099=ORIENTED_EDGE('',*,*,#830,.F.);
#1100=ORIENTED_EDGE('',*,*,#847,.F.);
#1101=ORIENTED_EDGE('',*,*,#848,.F.);
#1102=ORIENTED_EDGE('',*,*,#849,.F.);
#1103=ORIENTED_EDGE('',*,*,#850,.T.);
#1104=ORIENTED_EDGE('',*,*,#851,.F.);
#1105=ORIENTED_EDGE('',*,*,#852,.T.);
#1106=ORIENTED_EDGE('',*,*,#853,.F.);
#1107=ORIENTED_EDGE('',*,*,#854,.T.);
#1108=ORIENTED_EDGE('',*,*,#855,.F.);
#1109=ORIENTED_EDGE('',*,*,#856,.F.);
#1110=ORIENTED_EDGE('',*,*,#845,.T.);
#1111=ORIENTED_EDGE('',*,*,#826,.F.);
#1112=ORIENTED_EDGE('',*,*,#857,.F.);
#1113=ORIENTED_EDGE('',*,*,#858,.F.);
#1114=ORIENTED_EDGE('',*,*,#847,.T.);
#1115=ORIENTED_EDGE('',*,*,#823,.F.);
#1116=ORIENTED_EDGE('',*,*,#859,.F.);
#1117=ORIENTED_EDGE('',*,*,#860,.F.);
#1118=ORIENTED_EDGE('',*,*,#857,.T.);
#1119=ORIENTED_EDGE('',*,*,#840,.F.);
#1120=ORIENTED_EDGE('',*,*,#861,.T.);
#1121=ORIENTED_EDGE('',*,*,#862,.T.);
#1122=ORIENTED_EDGE('',*,*,#863,.T.);
#1123=ORIENTED_EDGE('',*,*,#864,.T.);
#1124=ORIENTED_EDGE('',*,*,#865,.T.);
#1125=ORIENTED_EDGE('',*,*,#866,.T.);
#1126=ORIENTED_EDGE('',*,*,#867,.T.);
#1127=ORIENTED_EDGE('',*,*,#860,.T.);
#1128=ORIENTED_EDGE('',*,*,#868,.T.);
#1129=ORIENTED_EDGE('',*,*,#766,.T.);
#1130=ORIENTED_EDGE('',*,*,#869,.T.);
#1131=ORIENTED_EDGE('',*,*,#858,.T.);
#1132=ORIENTED_EDGE('',*,*,#867,.F.);
#1133=ORIENTED_EDGE('',*,*,#765,.T.);
#1134=ORIENTED_EDGE('',*,*,#870,.T.);
#1135=ORIENTED_EDGE('',*,*,#856,.T.);
#1136=ORIENTED_EDGE('',*,*,#871,.T.);
#1137=ORIENTED_EDGE('',*,*,#848,.T.);
#1138=ORIENTED_EDGE('',*,*,#869,.F.);
#1139=ORIENTED_EDGE('',*,*,#764,.T.);
#1140=ORIENTED_EDGE('',*,*,#806,.T.);
#1141=ORIENTED_EDGE('',*,*,#846,.T.);
#1142=ORIENTED_EDGE('',*,*,#870,.F.);
#1143=ORIENTED_EDGE('',*,*,#763,.T.);
#1144=ORIENTED_EDGE('',*,*,#872,.T.);
#1145=ORIENTED_EDGE('',*,*,#873,.T.);
#1146=ORIENTED_EDGE('',*,*,#813,.F.);
#1147=ORIENTED_EDGE('',*,*,#768,.T.);
#1148=ORIENTED_EDGE('',*,*,#868,.F.);
#1149=ORIENTED_EDGE('',*,*,#874,.T.);
#1150=ORIENTED_EDGE('',*,*,#872,.F.);
#1151=ORIENTED_EDGE('',*,*,#767,.T.);
#1152=ORIENTED_EDGE('',*,*,#844,.F.);
#1153=ORIENTED_EDGE('',*,*,#875,.F.);
#1154=ORIENTED_EDGE('',*,*,#874,.F.);
#1155=ORIENTED_EDGE('',*,*,#859,.T.);
#1156=ORIENTED_EDGE('',*,*,#876,.T.);
#1157=ORIENTED_EDGE('',*,*,#877,.T.);
#1158=ORIENTED_EDGE('',*,*,#855,.T.);
#1159=ORIENTED_EDGE('',*,*,#878,.T.);
#1160=ORIENTED_EDGE('',*,*,#756,.F.);
#1161=ORIENTED_EDGE('',*,*,#760,.F.);
#1162=ORIENTED_EDGE('',*,*,#879,.F.);
#1163=ORIENTED_EDGE('',*,*,#880,.F.);
#1164=ORIENTED_EDGE('',*,*,#798,.T.);
#1165=ORIENTED_EDGE('',*,*,#881,.F.);
#1166=ORIENTED_EDGE('',*,*,#882,.F.);
#1167=ORIENTED_EDGE('',*,*,#883,.F.);
#1168=ORIENTED_EDGE('',*,*,#884,.F.);
#1169=ORIENTED_EDGE('',*,*,#885,.F.);
#1170=ORIENTED_EDGE('',*,*,#886,.F.);
#1171=ORIENTED_EDGE('',*,*,#887,.F.);
#1172=ORIENTED_EDGE('',*,*,#888,.F.);
#1173=ORIENTED_EDGE('',*,*,#889,.T.);
#1174=ORIENTED_EDGE('',*,*,#890,.T.);
#1175=ORIENTED_EDGE('',*,*,#891,.T.);
#1176=ORIENTED_EDGE('',*,*,#892,.F.);
#1177=ORIENTED_EDGE('',*,*,#893,.F.);
#1178=ORIENTED_EDGE('',*,*,#871,.F.);
#1179=ORIENTED_EDGE('',*,*,#877,.F.);
#1180=ORIENTED_EDGE('',*,*,#894,.F.);
#1181=ORIENTED_EDGE('',*,*,#895,.F.);
#1182=ORIENTED_EDGE('',*,*,#896,.F.);
#1183=ORIENTED_EDGE('',*,*,#801,.T.);
#1184=ORIENTED_EDGE('',*,*,#818,.T.);
#1185=ORIENTED_EDGE('',*,*,#816,.T.);
#1186=ORIENTED_EDGE('',*,*,#814,.T.);
#1187=ORIENTED_EDGE('',*,*,#788,.T.);
#1188=ORIENTED_EDGE('',*,*,#897,.F.);
#1189=ORIENTED_EDGE('',*,*,#898,.F.);
#1190=ORIENTED_EDGE('',*,*,#899,.F.);
#1191=ORIENTED_EDGE('',*,*,#900,.F.);
#1192=ORIENTED_EDGE('',*,*,#853,.T.);
#1193=ORIENTED_EDGE('',*,*,#901,.T.);
#1194=ORIENTED_EDGE('',*,*,#902,.T.);
#1195=ORIENTED_EDGE('',*,*,#903,.T.);
#1196=ORIENTED_EDGE('',*,*,#901,.F.);
#1197=ORIENTED_EDGE('',*,*,#852,.F.);
#1198=ORIENTED_EDGE('',*,*,#904,.F.);
#1199=ORIENTED_EDGE('',*,*,#905,.F.);
#1200=ORIENTED_EDGE('',*,*,#851,.T.);
#1201=ORIENTED_EDGE('',*,*,#906,.T.);
#1202=ORIENTED_EDGE('',*,*,#907,.T.);
#1203=ORIENTED_EDGE('',*,*,#904,.T.);
#1204=ORIENTED_EDGE('',*,*,#906,.F.);
#1205=ORIENTED_EDGE('',*,*,#850,.F.);
#1206=ORIENTED_EDGE('',*,*,#908,.F.);
#1207=ORIENTED_EDGE('',*,*,#909,.F.);
#1208=ORIENTED_EDGE('',*,*,#910,.T.);
#1209=ORIENTED_EDGE('',*,*,#908,.T.);
#1210=ORIENTED_EDGE('',*,*,#849,.T.);
#1211=ORIENTED_EDGE('',*,*,#893,.T.);
#1212=ORIENTED_EDGE('',*,*,#878,.F.);
#1213=ORIENTED_EDGE('',*,*,#854,.F.);
#1214=ORIENTED_EDGE('',*,*,#903,.F.);
#1215=ORIENTED_EDGE('',*,*,#911,.F.);
#1216=ORIENTED_EDGE('',*,*,#891,.F.);
#1217=ORIENTED_EDGE('',*,*,#912,.T.);
#1218=ORIENTED_EDGE('',*,*,#913,.T.);
#1219=ORIENTED_EDGE('',*,*,#914,.T.);
#1220=ORIENTED_EDGE('',*,*,#912,.F.);
#1221=ORIENTED_EDGE('',*,*,#890,.F.);
#1222=ORIENTED_EDGE('',*,*,#915,.F.);
#1223=ORIENTED_EDGE('',*,*,#916,.F.);
#1224=ORIENTED_EDGE('',*,*,#889,.F.);
#1225=ORIENTED_EDGE('',*,*,#917,.T.);
#1226=ORIENTED_EDGE('',*,*,#918,.T.);
#1227=ORIENTED_EDGE('',*,*,#915,.T.);
#1228=ORIENTED_EDGE('',*,*,#919,.F.);
#1229=ORIENTED_EDGE('',*,*,#920,.F.);
#1230=ORIENTED_EDGE('',*,*,#921,.F.);
#1231=ORIENTED_EDGE('',*,*,#913,.F.);
#1232=ORIENTED_EDGE('',*,*,#916,.T.);
#1233=ORIENTED_EDGE('',*,*,#918,.F.);
#1234=ORIENTED_EDGE('',*,*,#922,.F.);
#1235=ORIENTED_EDGE('',*,*,#923,.F.);
#1236=ORIENTED_EDGE('',*,*,#924,.F.);
#1237=ORIENTED_EDGE('',*,*,#925,.F.);
#1238=ORIENTED_EDGE('',*,*,#926,.F.);
#1239=ORIENTED_EDGE('',*,*,#927,.F.);
#1240=ORIENTED_EDGE('',*,*,#928,.T.);
#1241=ORIENTED_EDGE('',*,*,#929,.T.);
#1242=ORIENTED_EDGE('',*,*,#930,.T.);
#1243=ORIENTED_EDGE('',*,*,#931,.T.);
#1244=ORIENTED_EDGE('',*,*,#917,.F.);
#1245=ORIENTED_EDGE('',*,*,#888,.T.);
#1246=ORIENTED_EDGE('',*,*,#932,.T.);
#1247=ORIENTED_EDGE('',*,*,#839,.F.);
#1248=ORIENTED_EDGE('',*,*,#933,.F.);
#1249=ORIENTED_EDGE('',*,*,#922,.T.);
#1250=ORIENTED_EDGE('',*,*,#909,.T.);
#1251=ORIENTED_EDGE('',*,*,#910,.F.);
#1252=ORIENTED_EDGE('',*,*,#892,.T.);
#1253=ORIENTED_EDGE('',*,*,#914,.F.);
#1254=ORIENTED_EDGE('',*,*,#921,.T.);
#1255=ORIENTED_EDGE('',*,*,#934,.T.);
#1256=ORIENTED_EDGE('',*,*,#828,.F.);
#1257=ORIENTED_EDGE('',*,*,#935,.F.);
#1258=ORIENTED_EDGE('',*,*,#894,.T.);
#1259=ORIENTED_EDGE('',*,*,#876,.F.);
#1260=ORIENTED_EDGE('',*,*,#911,.T.);
#1261=ORIENTED_EDGE('',*,*,#902,.F.);
#1262=ORIENTED_EDGE('',*,*,#905,.T.);
#1263=ORIENTED_EDGE('',*,*,#907,.F.);
#1264=ORIENTED_EDGE('',*,*,#920,.T.);
#1265=ORIENTED_EDGE('',*,*,#936,.T.);
#1266=ORIENTED_EDGE('',*,*,#937,.F.);
#1267=ORIENTED_EDGE('',*,*,#934,.F.);
#1268=ORIENTED_EDGE('',*,*,#919,.T.);
#1269=ORIENTED_EDGE('',*,*,#938,.T.);
#1270=ORIENTED_EDGE('',*,*,#939,.F.);
#1271=ORIENTED_EDGE('',*,*,#936,.F.);
#1272=ORIENTED_EDGE('',*,*,#899,.T.);
#1273=ORIENTED_EDGE('',*,*,#940,.F.);
#1274=ORIENTED_EDGE('',*,*,#777,.F.);
#1275=ORIENTED_EDGE('',*,*,#941,.F.);
#1276=ORIENTED_EDGE('',*,*,#898,.T.);
#1277=ORIENTED_EDGE('',*,*,#942,.T.);
#1278=ORIENTED_EDGE('',*,*,#778,.F.);
#1279=ORIENTED_EDGE('',*,*,#940,.T.);
#1280=ORIENTED_EDGE('',*,*,#943,.T.);
#1281=ORIENTED_EDGE('',*,*,#775,.F.);
#1282=ORIENTED_EDGE('',*,*,#944,.F.);
#1283=ORIENTED_EDGE('',*,*,#929,.F.);
#1284=ORIENTED_EDGE('',*,*,#945,.T.);
#1285=ORIENTED_EDGE('',*,*,#776,.F.);
#1286=ORIENTED_EDGE('',*,*,#943,.F.);
#1287=ORIENTED_EDGE('',*,*,#928,.F.);
#1288=ORIENTED_EDGE('',*,*,#879,.T.);
#1289=ORIENTED_EDGE('',*,*,#759,.T.);
#1290=ORIENTED_EDGE('',*,*,#772,.F.);
#1291=ORIENTED_EDGE('',*,*,#946,.T.);
#1292=ORIENTED_EDGE('',*,*,#897,.T.);
#1293=ORIENTED_EDGE('',*,*,#947,.T.);
#1294=ORIENTED_EDGE('',*,*,#779,.F.);
#1295=ORIENTED_EDGE('',*,*,#942,.F.);
#1296=ORIENTED_EDGE('',*,*,#944,.T.);
#1297=ORIENTED_EDGE('',*,*,#774,.F.);
#1298=ORIENTED_EDGE('',*,*,#948,.T.);
#1299=ORIENTED_EDGE('',*,*,#930,.F.);
#1300=ORIENTED_EDGE('',*,*,#880,.T.);
#1301=ORIENTED_EDGE('',*,*,#946,.F.);
#1302=ORIENTED_EDGE('',*,*,#771,.F.);
#1303=ORIENTED_EDGE('',*,*,#799,.F.);
#1304=ORIENTED_EDGE('',*,*,#948,.F.);
#1305=ORIENTED_EDGE('',*,*,#773,.F.);
#1306=ORIENTED_EDGE('',*,*,#945,.F.);
#1307=ORIENTED_EDGE('',*,*,#931,.F.);
#1308=ORIENTED_EDGE('',*,*,#900,.T.);
#1309=ORIENTED_EDGE('',*,*,#941,.T.);
#1310=ORIENTED_EDGE('',*,*,#780,.F.);
#1311=ORIENTED_EDGE('',*,*,#947,.F.);
#1312=ORIENTED_EDGE('',*,*,#927,.T.);
#1313=ORIENTED_EDGE('',*,*,#949,.T.);
#1314=ORIENTED_EDGE('',*,*,#950,.F.);
#1315=ORIENTED_EDGE('',*,*,#938,.F.);
#1316=ORIENTED_EDGE('',*,*,#926,.T.);
#1317=ORIENTED_EDGE('',*,*,#951,.T.);
#1318=ORIENTED_EDGE('',*,*,#952,.F.);
#1319=ORIENTED_EDGE('',*,*,#949,.F.);
#1320=ORIENTED_EDGE('',*,*,#925,.T.);
#1321=ORIENTED_EDGE('',*,*,#953,.T.);
#1322=ORIENTED_EDGE('',*,*,#954,.F.);
#1323=ORIENTED_EDGE('',*,*,#951,.F.);
#1324=ORIENTED_EDGE('',*,*,#924,.T.);
#1325=ORIENTED_EDGE('',*,*,#955,.T.);
#1326=ORIENTED_EDGE('',*,*,#821,.F.);
#1327=ORIENTED_EDGE('',*,*,#953,.F.);
#1328=ORIENTED_EDGE('',*,*,#923,.T.);
#1329=ORIENTED_EDGE('',*,*,#933,.T.);
#1330=ORIENTED_EDGE('',*,*,#843,.F.);
#1331=ORIENTED_EDGE('',*,*,#955,.F.);
#1332=ORIENTED_EDGE('',*,*,#887,.T.);
#1333=ORIENTED_EDGE('',*,*,#956,.T.);
#1334=ORIENTED_EDGE('',*,*,#861,.F.);
#1335=ORIENTED_EDGE('',*,*,#932,.F.);
#1336=ORIENTED_EDGE('',*,*,#886,.T.);
#1337=ORIENTED_EDGE('',*,*,#957,.T.);
#1338=ORIENTED_EDGE('',*,*,#862,.F.);
#1339=ORIENTED_EDGE('',*,*,#956,.F.);
#1340=ORIENTED_EDGE('',*,*,#842,.F.);
#1341=ORIENTED_EDGE('',*,*,#811,.F.);
#1342=ORIENTED_EDGE('',*,*,#873,.F.);
#1343=ORIENTED_EDGE('',*,*,#875,.T.);
#1344=ORIENTED_EDGE('',*,*,#885,.T.);
#1345=ORIENTED_EDGE('',*,*,#958,.T.);
#1346=ORIENTED_EDGE('',*,*,#863,.F.);
#1347=ORIENTED_EDGE('',*,*,#957,.F.);
#1348=ORIENTED_EDGE('',*,*,#884,.T.);
#1349=ORIENTED_EDGE('',*,*,#959,.T.);
#1350=ORIENTED_EDGE('',*,*,#864,.F.);
#1351=ORIENTED_EDGE('',*,*,#958,.F.);
#1352=ORIENTED_EDGE('',*,*,#883,.T.);
#1353=ORIENTED_EDGE('',*,*,#960,.T.);
#1354=ORIENTED_EDGE('',*,*,#865,.F.);
#1355=ORIENTED_EDGE('',*,*,#959,.F.);
#1356=ORIENTED_EDGE('',*,*,#882,.T.);
#1357=ORIENTED_EDGE('',*,*,#961,.T.);
#1358=ORIENTED_EDGE('',*,*,#841,.F.);
#1359=ORIENTED_EDGE('',*,*,#960,.F.);
#1360=ORIENTED_EDGE('',*,*,#793,.T.);
#1361=ORIENTED_EDGE('',*,*,#962,.T.);
#1362=ORIENTED_EDGE('',*,*,#837,.F.);
#1363=ORIENTED_EDGE('',*,*,#961,.F.);
#1364=ORIENTED_EDGE('',*,*,#881,.T.);
#1365=ORIENTED_EDGE('',*,*,#797,.T.);
#1366=ORIENTED_EDGE('',*,*,#802,.T.);
#1367=ORIENTED_EDGE('',*,*,#896,.T.);
#1368=ORIENTED_EDGE('',*,*,#963,.T.);
#1369=ORIENTED_EDGE('',*,*,#835,.F.);
#1370=ORIENTED_EDGE('',*,*,#962,.F.);
#1371=ORIENTED_EDGE('',*,*,#792,.T.);
#1372=ORIENTED_EDGE('',*,*,#895,.T.);
#1373=ORIENTED_EDGE('',*,*,#935,.T.);
#1374=ORIENTED_EDGE('',*,*,#832,.F.);
#1375=ORIENTED_EDGE('',*,*,#963,.F.);
#1376=ORIENTED_EDGE('',*,*,#866,.F.);
#1377=ORIENTED_EDGE('',*,*,#964,.T.);
#1378=ORIENTED_EDGE('',*,*,#782,.T.);
#1379=ORIENTED_EDGE('',*,*,#964,.F.);
#1380=ORIENTED_EDGE('',*,*,#965,.F.);
#1381=ORIENTED_EDGE('',*,*,#966,.T.);
#1382=ORIENTED_EDGE('',*,*,#781,.T.);
#1383=ORIENTED_EDGE('',*,*,#966,.F.);
#1384=ORIENTED_EDGE('',*,*,#829,.F.);
#1385=ORIENTED_EDGE('',*,*,#937,.T.);
#1386=ORIENTED_EDGE('',*,*,#939,.T.);
#1387=ORIENTED_EDGE('',*,*,#950,.T.);
#1388=ORIENTED_EDGE('',*,*,#952,.T.);
#1389=ORIENTED_EDGE('',*,*,#954,.T.);
#1390=ORIENTED_EDGE('',*,*,#820,.F.);
#1391=ORIENTED_EDGE('',*,*,#825,.F.);
#1392=ORIENTED_EDGE('',*,*,#965,.T.);
#1393=CYLINDRICAL_SURFACE('',#1507,5.);
#1394=CYLINDRICAL_SURFACE('',#1526,10.);
#1395=CYLINDRICAL_SURFACE('',#1548,10.);
#1396=CYLINDRICAL_SURFACE('',#1555,10.);
#1397=CYLINDRICAL_SURFACE('',#1570,10.);
#1398=CYLINDRICAL_SURFACE('',#1571,2.);
#1399=CYLINDRICAL_SURFACE('',#1581,2.);
#1400=CYLINDRICAL_SURFACE('',#1584,2.);
#1401=CYLINDRICAL_SURFACE('',#1587,2.);
#1402=CYLINDRICAL_SURFACE('',#1590,2.5);
#1403=CYLINDRICAL_SURFACE('',#1593,2.5);
#1404=CYLINDRICAL_SURFACE('',#1602,5.);
#1405=CYLINDRICAL_SURFACE('',#1615,3.125);
#1406=CYLINDRICAL_SURFACE('',#1618,5.);
#1407=CYLINDRICAL_SURFACE('',#1621,9.00000000000001);
#1408=CYLINDRICAL_SURFACE('',#1622,5.);
#1409=CYLINDRICAL_SURFACE('',#1625,3.125);
#1410=CYLINDRICAL_SURFACE('',#1627,5.);
#1411=CYLINDRICAL_SURFACE('',#1629,9.);
#1412=CYLINDRICAL_SURFACE('',#1631,9.);
#1413=CYLINDRICAL_SURFACE('',#1632,1.35);
#1414=CYLINDRICAL_SURFACE('',#1633,1.35);
#1415=ADVANCED_FACE('',(#82),#1393,.T.);
#1416=ADVANCED_FACE('',(#83),#34,.F.);
#1417=ADVANCED_FACE('',(#84,#24,#25,#26,#27,#28),#35,.T.);
#1418=ADVANCED_FACE('',(#85),#36,.F.);
#1419=ADVANCED_FACE('',(#86),#37,.F.);
#1420=ADVANCED_FACE('',(#87),#38,.F.);
#1421=ADVANCED_FACE('',(#88),#39,.F.);
#1422=ADVANCED_FACE('',(#89),#40,.T.);
#1423=ADVANCED_FACE('',(#90),#41,.T.);
#1424=ADVANCED_FACE('',(#91),#1394,.T.);
#1425=ADVANCED_FACE('',(#92),#15,.T.);
#1426=ADVANCED_FACE('',(#93),#42,.F.);
#1427=ADVANCED_FACE('',(#94),#43,.F.);
#1428=ADVANCED_FACE('',(#95),#44,.F.);
#1429=ADVANCED_FACE('',(#96),#45,.T.);
#1430=ADVANCED_FACE('',(#97),#16,.T.);
#1431=ADVANCED_FACE('',(#98),#46,.T.);
#1432=ADVANCED_FACE('',(#99),#17,.T.);
#1433=ADVANCED_FACE('',(#100),#47,.T.);
#1434=ADVANCED_FACE('',(#101),#18,.T.);
#1435=ADVANCED_FACE('',(#102),#48,.T.);
#1436=ADVANCED_FACE('',(#103),#19,.T.);
#1437=ADVANCED_FACE('',(#104),#1395,.T.);
#1438=ADVANCED_FACE('',(#105),#49,.T.);
#1439=ADVANCED_FACE('',(#106),#1396,.T.);
#1440=ADVANCED_FACE('',(#107),#50,.T.);
#1441=ADVANCED_FACE('',(#108,#29),#51,.F.);
#1442=ADVANCED_FACE('',(#109),#52,.T.);
#1443=ADVANCED_FACE('',(#110),#20,.T.);
#1444=ADVANCED_FACE('',(#111),#53,.T.);
#1445=ADVANCED_FACE('',(#112),#21,.T.);
#1446=ADVANCED_FACE('',(#113),#54,.T.);
#1447=ADVANCED_FACE('',(#114),#22,.T.);
#1448=ADVANCED_FACE('',(#115),#1397,.T.);
#1449=ADVANCED_FACE('',(#116),#1398,.F.);
#1450=ADVANCED_FACE('',(#117,#30,#31),#55,.T.);
#1451=ADVANCED_FACE('',(#118),#1399,.F.);
#1452=ADVANCED_FACE('',(#119),#56,.F.);
#1453=ADVANCED_FACE('',(#120),#1400,.F.);
#1454=ADVANCED_FACE('',(#121),#57,.F.);
#1455=ADVANCED_FACE('',(#122),#1401,.F.);
#1456=ADVANCED_FACE('',(#123),#58,.F.);
#1457=ADVANCED_FACE('',(#124),#1402,.F.);
#1458=ADVANCED_FACE('',(#125),#59,.T.);
#1459=ADVANCED_FACE('',(#126),#1403,.F.);
#1460=ADVANCED_FACE('',(#127,#32),#60,.T.);
#1461=ADVANCED_FACE('',(#128),#61,.T.);
#1462=ADVANCED_FACE('',(#129),#62,.T.);
#1463=ADVANCED_FACE('',(#130),#1404,.F.);
#1464=ADVANCED_FACE('',(#131),#63,.T.);
#1465=ADVANCED_FACE('',(#132),#64,.T.);
#1466=ADVANCED_FACE('',(#133),#65,.F.);
#1467=ADVANCED_FACE('',(#134),#66,.F.);
#1468=ADVANCED_FACE('',(#135),#67,.F.);
#1469=ADVANCED_FACE('',(#136),#68,.F.);
#1470=ADVANCED_FACE('',(#137),#69,.F.);
#1471=ADVANCED_FACE('',(#138),#70,.F.);
#1472=ADVANCED_FACE('',(#139),#71,.T.);
#1473=ADVANCED_FACE('',(#140),#72,.T.);
#1474=ADVANCED_FACE('',(#141),#73,.F.);
#1475=ADVANCED_FACE('',(#142),#1405,.T.);
#1476=ADVANCED_FACE('',(#143),#74,.T.);
#1477=ADVANCED_FACE('',(#144),#1406,.F.);
#1478=ADVANCED_FACE('',(#145),#75,.T.);
#1479=ADVANCED_FACE('',(#146),#1407,.F.);
#1480=ADVANCED_FACE('',(#147),#1408,.F.);
#1481=ADVANCED_FACE('',(#148),#76,.T.);
#1482=ADVANCED_FACE('',(#149),#77,.T.);
#1483=ADVANCED_FACE('',(#150),#1409,.T.);
#1484=ADVANCED_FACE('',(#151),#78,.T.);
#1485=ADVANCED_FACE('',(#152),#1410,.F.);
#1486=ADVANCED_FACE('',(#153),#79,.T.);
#1487=ADVANCED_FACE('',(#154),#1411,.F.);
#1488=ADVANCED_FACE('',(#155),#80,.T.);
#1489=ADVANCED_FACE('',(#156),#1412,.F.);
#1490=ADVANCED_FACE('',(#157),#1413,.F.);
#1491=ADVANCED_FACE('',(#158),#1414,.F.);
#1492=ADVANCED_FACE('',(#159,#33),#81,.F.);
#1493=CLOSED_SHELL('',(#1415,#1416,#1417,#1418,#1419,#1420,#1421,#1422,
#1423,#1424,#1425,#1426,#1427,#1428,#1429,#1430,#1431,#1432,#1433,#1434,
#1435,#1436,#1437,#1438,#1439,#1440,#1441,#1442,#1443,#1444,#1445,#1446,
#1447,#1448,#1449,#1450,#1451,#1452,#1453,#1454,#1455,#1456,#1457,#1458,
#1459,#1460,#1461,#1462,#1463,#1464,#1465,#1466,#1467,#1468,#1469,#1470,
#1471,#1472,#1473,#1474,#1475,#1476,#1477,#1478,#1479,#1480,#1481,#1482,
#1483,#1484,#1485,#1486,#1487,#1488,#1489,#1490,#1491,#1492));
#1494=DERIVED_UNIT_ELEMENT(#1496,1.);
#1495=DERIVED_UNIT_ELEMENT(#2489,-3.);
#1496=(
MASS_UNIT()
NAMED_UNIT(*)
SI_UNIT(.KILO.,.GRAM.)
);
#1497=DERIVED_UNIT((#1494,#1495));
#1498=MEASURE_REPRESENTATION_ITEM('density measure',
POSITIVE_RATIO_MEASURE(7850.),#1497);
#1499=PROPERTY_DEFINITION_REPRESENTATION(#1504,#1501);
#1500=PROPERTY_DEFINITION_REPRESENTATION(#1505,#1502);
#1501=REPRESENTATION('material name',(#1503),#2486);
#1502=REPRESENTATION('density',(#1498),#2486);
#1503=DESCRIPTIVE_REPRESENTATION_ITEM('Steel','Steel');
#1504=PROPERTY_DEFINITION('material property','material name',#2496);
#1505=PROPERTY_DEFINITION('material property','density of part',#2496);
#1506=AXIS2_PLACEMENT_3D('',#2057,#1636,#1637);
#1507=AXIS2_PLACEMENT_3D('',#2058,#1638,#1639);
#1508=AXIS2_PLACEMENT_3D('',#2061,#1640,#1641);
#1509=AXIS2_PLACEMENT_3D('',#2065,#1643,#1644);
#1510=AXIS2_PLACEMENT_3D('',#2067,#1646,#1647);
#1511=AXIS2_PLACEMENT_3D('',#2073,#1651,#1652);
#1512=AXIS2_PLACEMENT_3D('',#2079,#1655,#1656);
#1513=AXIS2_PLACEMENT_3D('',#2083,#1658,#1659);
#1514=AXIS2_PLACEMENT_3D('',#2087,#1661,#1662);
#1515=AXIS2_PLACEMENT_3D('',#2091,#1664,#1665);
#1516=AXIS2_PLACEMENT_3D('',#2114,#1677,#1678);
#1517=AXIS2_PLACEMENT_3D('',#2116,#1679,#1680);
#1518=AXIS2_PLACEMENT_3D('',#2125,#1685,#1686);
#1519=AXIS2_PLACEMENT_3D('',#2131,#1690,#1691);
#1520=AXIS2_PLACEMENT_3D('',#2140,#1695,#1696);
#1521=AXIS2_PLACEMENT_3D('',#2143,#1698,#1699);
#1522=AXIS2_PLACEMENT_3D('',#2144,#1700,#1701);
#1523=AXIS2_PLACEMENT_3D('',#2155,#1706,#1707);
#1524=AXIS2_PLACEMENT_3D('',#2162,#1712,#1713);
#1525=AXIS2_PLACEMENT_3D('',#2166,#1716,#1717);
#1526=AXIS2_PLACEMENT_3D('',#2172,#1721,#1722);
#1527=AXIS2_PLACEMENT_3D('',#2174,#1723,#1724);
#1528=AXIS2_PLACEMENT_3D('',#2177,#1726,#1727);
#1529=AXIS2_PLACEMENT_3D('',#2178,#1728,#1729);
#1530=AXIS2_PLACEMENT_3D('',#2180,#1731,#1732);
#1531=AXIS2_PLACEMENT_3D('',#2184,#1735,#1736);
#1532=AXIS2_PLACEMENT_3D('',#2188,#1739,#1740);
#1533=AXIS2_PLACEMENT_3D('',#2190,#1742,#1743);
#1534=AXIS2_PLACEMENT_3D('',#2201,#1749,#1750);
#1535=AXIS2_PLACEMENT_3D('',#2205,#1752,#1753);
#1536=AXIS2_PLACEMENT_3D('',#2206,#1754,#1755);
#1537=AXIS2_PLACEMENT_3D('',#2207,#1756,#1757);
#1538=AXIS2_PLACEMENT_3D('',#2215,#1762,#1763);
#1539=AXIS2_PLACEMENT_3D('',#2218,#1765,#1766);
#1540=AXIS2_PLACEMENT_3D('',#2219,#1767,#1768);
#1541=AXIS2_PLACEMENT_3D('',#2220,#1769,#1770);
#1542=AXIS2_PLACEMENT_3D('',#2224,#1773,#1774);
#1543=AXIS2_PLACEMENT_3D('',#2227,#1776,#1777);
#1544=AXIS2_PLACEMENT_3D('',#2228,#1778,#1779);
#1545=AXIS2_PLACEMENT_3D('',#2238,#1785,#1786);
#1546=AXIS2_PLACEMENT_3D('',#2239,#1787,#1788);
#1547=AXIS2_PLACEMENT_3D('',#2240,#1789,#1790);
#1548=AXIS2_PLACEMENT_3D('',#2241,#1791,#1792);
#1549=AXIS2_PLACEMENT_3D('',#2244,#1794,#1795);
#1550=AXIS2_PLACEMENT_3D('',#2245,#1796,#1797);
#1551=AXIS2_PLACEMENT_3D('',#2251,#1800,#1801);
#1552=AXIS2_PLACEMENT_3D('',#2255,#1803,#1804);
#1553=AXIS2_PLACEMENT_3D('',#2259,#1806,#1807);
#1554=AXIS2_PLACEMENT_3D('',#2263,#1809,#1810);
#1555=AXIS2_PLACEMENT_3D('',#2265,#1812,#1813);
#1556=AXIS2_PLACEMENT_3D('',#2268,#1815,#1816);
#1557=AXIS2_PLACEMENT_3D('',#2269,#1817,#1818);
#1558=AXIS2_PLACEMENT_3D('',#2273,#1821,#1822);
#1559=AXIS2_PLACEMENT_3D('',#2275,#1823,#1824);
#1560=AXIS2_PLACEMENT_3D('',#2279,#1826,#1827);
#1561=AXIS2_PLACEMENT_3D('',#2282,#1829,#1830);
#1562=AXIS2_PLACEMENT_3D('',#2284,#1831,#1832);
#1563=AXIS2_PLACEMENT_3D('',#2285,#1833,#1834);
#1564=AXIS2_PLACEMENT_3D('',#2288,#1837,#1838);
#1565=AXIS2_PLACEMENT_3D('',#2290,#1840,#1841);
#1566=AXIS2_PLACEMENT_3D('',#2293,#1844,#1845);
#1567=AXIS2_PLACEMENT_3D('',#2294,#1846,#1847);
#1568=AXIS2_PLACEMENT_3D('',#2298,#1850,#1851);
#1569=AXIS2_PLACEMENT_3D('',#2299,#1852,#1853);
#1570=AXIS2_PLACEMENT_3D('',#2300,#1854,#1855);
#1571=AXIS2_PLACEMENT_3D('',#2302,#1857,#1858);
#1572=AXIS2_PLACEMENT_3D('',#2305,#1859,#1860);
#1573=AXIS2_PLACEMENT_3D('',#2308,#1863,#1864);
#1574=AXIS2_PLACEMENT_3D('',#2313,#1867,#1868);
#1575=AXIS2_PLACEMENT_3D('',#2317,#1870,#1871);
#1576=AXIS2_PLACEMENT_3D('',#2321,#1873,#1874);
#1577=AXIS2_PLACEMENT_3D('',#2325,#1876,#1877);
#1578=AXIS2_PLACEMENT_3D('',#2329,#1879,#1880);
#1579=AXIS2_PLACEMENT_3D('',#2333,#1882,#1883);
#1580=AXIS2_PLACEMENT_3D('',#2340,#1887,#1888);
#1581=AXIS2_PLACEMENT_3D('',#2350,#1894,#1895);
#1582=AXIS2_PLACEMENT_3D('',#2354,#1897,#1898);
#1583=AXIS2_PLACEMENT_3D('',#2356,#1900,#1901);
#1584=AXIS2_PLACEMENT_3D('',#2360,#1904,#1905);
#1585=AXIS2_PLACEMENT_3D('',#2363,#1907,#1908);
#1586=AXIS2_PLACEMENT_3D('',#2364,#1909,#1910);
#1587=AXIS2_PLACEMENT_3D('',#2368,#1913,#1914);
#1588=AXIS2_PLACEMENT_3D('',#2369,#1915,#1916);
#1589=AXIS2_PLACEMENT_3D('',#2370,#1917,#1918);
#1590=AXIS2_PLACEMENT_3D('',#2372,#1920,#1921);
#1591=AXIS2_PLACEMENT_3D('',#2376,#1923,#1924);
#1592=AXIS2_PLACEMENT_3D('',#2378,#1926,#1927);
#1593=AXIS2_PLACEMENT_3D('',#2382,#1930,#1931);
#1594=AXIS2_PLACEMENT_3D('',#2385,#1933,#1934);
#1595=AXIS2_PLACEMENT_3D('',#2386,#1935,#1936);
#1596=AXIS2_PLACEMENT_3D('',#2391,#1938,#1939);
#1597=AXIS2_PLACEMENT_3D('',#2396,#1942,#1943);
#1598=AXIS2_PLACEMENT_3D('',#2400,#1945,#1946);
#1599=AXIS2_PLACEMENT_3D('',#2403,#1948,#1949);
#1600=AXIS2_PLACEMENT_3D('',#2412,#1954,#1955);
#1601=AXIS2_PLACEMENT_3D('',#2415,#1958,#1959);
#1602=AXIS2_PLACEMENT_3D('',#2418,#1962,#1963);
#1603=AXIS2_PLACEMENT_3D('',#2421,#1965,#1966);
#1604=AXIS2_PLACEMENT_3D('',#2422,#1967,#1968);
#1605=AXIS2_PLACEMENT_3D('',#2426,#1971,#1972);
#1606=AXIS2_PLACEMENT_3D('',#2429,#1975,#1976);
#1607=AXIS2_PLACEMENT_3D('',#2431,#1978,#1979);
#1608=AXIS2_PLACEMENT_3D('',#2434,#1982,#1983);
#1609=AXIS2_PLACEMENT_3D('',#2436,#1985,#1986);
#1610=AXIS2_PLACEMENT_3D('',#2438,#1988,#1989);
#1611=AXIS2_PLACEMENT_3D('',#2440,#1991,#1992);
#1612=AXIS2_PLACEMENT_3D('',#2442,#1994,#1995);
#1613=AXIS2_PLACEMENT_3D('',#2443,#1996,#1997);
#1614=AXIS2_PLACEMENT_3D('',#2444,#1998,#1999);
#1615=AXIS2_PLACEMENT_3D('',#2445,#2000,#2001);
#1616=AXIS2_PLACEMENT_3D('',#2448,#2003,#2004);
#1617=AXIS2_PLACEMENT_3D('',#2449,#2005,#2006);
#1618=AXIS2_PLACEMENT_3D('',#2453,#2009,#2010);
#1619=AXIS2_PLACEMENT_3D('',#2455,#2012,#2013);
#1620=AXIS2_PLACEMENT_3D('',#2456,#2014,#2015);
#1621=AXIS2_PLACEMENT_3D('',#2458,#2017,#2018);
#1622=AXIS2_PLACEMENT_3D('',#2459,#2019,#2020);
#1623=AXIS2_PLACEMENT_3D('',#2461,#2022,#2023);
#1624=AXIS2_PLACEMENT_3D('',#2463,#2025,#2026);
#1625=AXIS2_PLACEMENT_3D('',#2464,#2027,#2028);
#1626=AXIS2_PLACEMENT_3D('',#2466,#2030,#2031);
#1627=AXIS2_PLACEMENT_3D('',#2468,#2033,#2034);
#1628=AXIS2_PLACEMENT_3D('',#2470,#2036,#2037);
#1629=AXIS2_PLACEMENT_3D('',#2472,#2039,#2040);
#1630=AXIS2_PLACEMENT_3D('',#2474,#2042,#2043);
#1631=AXIS2_PLACEMENT_3D('',#2476,#2045,#2046);
#1632=AXIS2_PLACEMENT_3D('',#2477,#2047,#2048);
#1633=AXIS2_PLACEMENT_3D('',#2479,#2050,#2051);
#1634=AXIS2_PLACEMENT_3D('',#2481,#2052,#2053);
#1635=AXIS2_PLACEMENT_3D('',#2483,#2055,#2056);
#1636=DIRECTION('axis',(0.,0.,1.));
#1637=DIRECTION('refdir',(1.,0.,0.));
#1638=DIRECTION('center_axis',(0.,0.,-1.));
#1639=DIRECTION('ref_axis',(0.707106781186547,0.707106781186547,0.));
#1640=DIRECTION('center_axis',(0.,0.,1.));
#1641=DIRECTION('ref_axis',(0.707106781186547,0.707106781186547,0.));
#1642=DIRECTION('',(0.,0.,1.));
#1643=DIRECTION('center_axis',(0.,0.,-1.));
#1644=DIRECTION('ref_axis',(0.707106781186547,0.707106781186547,0.));
#1645=DIRECTION('',(0.,0.,-1.));
#1646=DIRECTION('center_axis',(-1.02561018441123E-16,-1.,0.));
#1647=DIRECTION('ref_axis',(-1.,1.02561018441123E-16,0.));
#1648=DIRECTION('',(1.,-1.02561018441123E-16,0.));
#1649=DIRECTION('',(0.,0.,-1.));
#1650=DIRECTION('',(1.,-1.02561018441123E-16,0.));
#1651=DIRECTION('center_axis',(0.,0.,-1.));
#1652=DIRECTION('ref_axis',(1.,0.,0.));
#1653=DIRECTION('',(0.,-1.,0.));
#1654=DIRECTION('',(1.,1.2491960895923E-16,0.));
#1655=DIRECTION('center_axis',(0.,0.,1.));
#1656=DIRECTION('ref_axis',(-2.22044604925031E-16,-1.,0.));
#1657=DIRECTION('',(0.,-1.,0.));
#1658=DIRECTION('center_axis',(0.,0.,1.));
#1659=DIRECTION('ref_axis',(-1.,1.11022302462516E-15,0.));
#1660=DIRECTION('',(-1.,0.,0.));
#1661=DIRECTION('center_axis',(0.,0.,1.));
#1662=DIRECTION('ref_axis',(1.33226762955019E-15,1.,0.));
#1663=DIRECTION('',(2.48789473305357E-16,1.,0.));
#1664=DIRECTION('center_axis',(0.,0.,1.));
#1665=DIRECTION('ref_axis',(1.,0.,0.));
#1666=DIRECTION('',(0.,1.,0.));
#1667=DIRECTION('',(-1.,0.,0.));
#1668=DIRECTION('',(0.,-1.,0.));
#1669=DIRECTION('',(0.,1.,0.));
#1670=DIRECTION('',(-1.,0.,0.));
#1671=DIRECTION('',(0.,-1.,0.));
#1672=DIRECTION('',(1.,2.8799559653052E-16,0.));
#1673=DIRECTION('',(1.,0.,0.));
#1674=DIRECTION('',(1.58603289232165E-16,1.,0.));
#1675=DIRECTION('',(-1.,5.12805092205615E-17,0.));
#1676=DIRECTION('',(0.,-1.,0.));
#1677=DIRECTION('center_axis',(0.,0.,-1.));
#1678=DIRECTION('ref_axis',(1.,0.,0.));
#1679=DIRECTION('center_axis',(0.,0.,-1.));
#1680=DIRECTION('ref_axis',(1.,0.,0.));
#1681=DIRECTION('',(1.,0.,0.));
#1682=DIRECTION('',(0.,1.,0.));
#1683=DIRECTION('',(-1.,0.,0.));
#1684=DIRECTION('',(0.,-1.,0.));
#1685=DIRECTION('center_axis',(1.,0.,0.));
#1686=DIRECTION('ref_axis',(0.,0.,-1.));
#1687=DIRECTION('',(0.,0.,-1.));
#1688=DIRECTION('',(0.,-1.,0.));
#1689=DIRECTION('',(0.,0.,1.));
#1690=DIRECTION('center_axis',(0.,0.,1.));
#1691=DIRECTION('ref_axis',(1.,0.,0.));
#1692=DIRECTION('',(1.,1.2491960895923E-16,0.));
#1693=DIRECTION('',(0.,1.,0.));
#1694=DIRECTION('',(-1.,0.,0.));
#1695=DIRECTION('center_axis',(0.,0.,-1.));
#1696=DIRECTION('ref_axis',(1.,0.,0.));
#1697=DIRECTION('',(0.,1.,0.));
#1698=DIRECTION('center_axis',(0.,0.,1.));
#1699=DIRECTION('ref_axis',(1.,0.,0.));
#1700=DIRECTION('center_axis',(1.,0.,0.));
#1701=DIRECTION('ref_axis',(0.,0.,-1.));
#1702=DIRECTION('',(0.,0.,-1.));
#1703=DIRECTION('',(0.,0.,1.));
#1704=DIRECTION('',(0.,-1.,0.));
#1705=DIRECTION('',(0.,0.,-1.));
#1706=DIRECTION('center_axis',(-1.,0.,0.));
#1707=DIRECTION('ref_axis',(0.,0.,1.));
#1708=DIRECTION('',(0.,1.,0.));
#1709=DIRECTION('',(0.,0.,-1.));
#1710=DIRECTION('',(0.,0.,1.));
#1711=DIRECTION('',(0.,-0.707106781186549,0.707106781186546));
#1712=DIRECTION('center_axis',(8.83315025982431E-17,-0.707106781186546,
-0.707106781186549));
#1713=DIRECTION('ref_axis',(-1.,0.,-1.24919608959229E-16));
#1714=DIRECTION('',(-1.,-1.2491960895923E-16,0.));
#1715=DIRECTION('',(0.,-0.707106781186544,0.707106781186551));
#1716=DIRECTION('center_axis',(1.2491960895923E-16,-1.,0.));
#1717=DIRECTION('ref_axis',(1.,1.2491960895923E-16,0.));
#1718=DIRECTION('',(0.,0.,1.));
#1719=DIRECTION('',(1.,1.2491960895923E-16,0.));
#1720=DIRECTION('',(0.,0.,1.));
#1721=DIRECTION('center_axis',(0.,0.,1.));
#1722=DIRECTION('ref_axis',(1.,0.,0.));
#1723=DIRECTION('center_axis',(0.,0.,-1.));
#1724=DIRECTION('ref_axis',(1.,0.,0.));
#1725=DIRECTION('',(0.,0.,1.));
#1726=DIRECTION('center_axis',(0.,0.,1.));
#1727=DIRECTION('ref_axis',(1.,0.,0.));
#1728=DIRECTION('center_axis',(0.,0.,1.));
#1729=DIRECTION('ref_axis',(1.,0.,0.));
#1730=DIRECTION('',(0.707106781186547,0.,0.707106781186547));
#1731=DIRECTION('center_axis',(0.,1.,0.));
#1732=DIRECTION('ref_axis',(1.,0.,0.));
#1733=DIRECTION('',(1.,0.,0.));
#1734=DIRECTION('',(0.,0.,-1.));
#1735=DIRECTION('center_axis',(-1.,0.,0.));
#1736=DIRECTION('ref_axis',(0.,1.,0.));
#1737=DIRECTION('',(0.,1.,0.));
#1738=DIRECTION('',(0.,0.,-1.));
#1739=DIRECTION('center_axis',(0.,-1.,0.));
#1740=DIRECTION('ref_axis',(-1.,0.,0.));
#1741=DIRECTION('',(-1.,0.,0.));
#1742=DIRECTION('center_axis',(0.,0.707106781186548,0.707106781186548));
#1743=DIRECTION('ref_axis',(1.,0.,0.));
#1744=DIRECTION('',(-1.57009245868377E-15,-0.707106781186547,0.707106781186547));
#1745=DIRECTION('',(1.,0.,0.));
#1746=DIRECTION('',(1.,0.,0.));
#1747=DIRECTION('',(-3.14018491736755E-15,0.707106781186546,-0.707106781186549));
#1748=DIRECTION('',(-1.,0.,0.));
#1749=DIRECTION('center_axis',(0.,0.,-1.));
#1750=DIRECTION('ref_axis',(-1.,1.11022302462516E-15,0.));
#1751=DIRECTION('',(0.707106781186546,0.,0.707106781186549));
#1752=DIRECTION('center_axis',(0.,0.,-1.));
#1753=DIRECTION('ref_axis',(-1.,1.11022302462516E-15,0.));
#1754=DIRECTION('center_axis',(0.,0.,1.));
#1755=DIRECTION('ref_axis',(-1.,1.11022302462516E-15,0.));
#1756=DIRECTION('center_axis',(-0.707106781186548,0.,0.707106781186548));
#1757=DIRECTION('ref_axis',(0.707106781186548,0.,0.707106781186548));
#1758=DIRECTION('',(0.707106781186547,-1.57009245868377E-15,0.707106781186547));
#1759=DIRECTION('',(0.,1.,0.));
#1760=DIRECTION('',(0.,1.,0.));
#1761=DIRECTION('',(0.,-1.,0.));
#1762=DIRECTION('center_axis',(0.,0.,-1.));
#1763=DIRECTION('ref_axis',(-2.22044604925031E-16,-1.,0.));
#1764=DIRECTION('',(-1.57009245868377E-15,0.707106781186547,0.707106781186547));
#1765=DIRECTION('center_axis',(0.,0.,-1.));
#1766=DIRECTION('ref_axis',(-4.93432455388958E-16,-1.,0.));
#1767=DIRECTION('center_axis',(0.,0.,1.));
#1768=DIRECTION('ref_axis',(-2.22044604925031E-16,-1.,0.));
#1769=DIRECTION('center_axis',(8.83315025982432E-17,-0.707106781186546,
0.707106781186549));
#1770=DIRECTION('ref_axis',(1.,0.,-1.24919608959229E-16));
#1771=DIRECTION('',(3.14018491736755E-15,0.707106781186546,0.707106781186549));
#1772=DIRECTION('',(-1.,0.,0.));
#1773=DIRECTION('center_axis',(0.,0.,-1.));
#1774=DIRECTION('ref_axis',(1.,0.,0.));
#1775=DIRECTION('',(-0.707106781186547,0.,0.707106781186547));
#1776=DIRECTION('center_axis',(0.,0.,-1.));
#1777=DIRECTION('ref_axis',(1.,0.,0.));
#1778=DIRECTION('center_axis',(0.707106781186549,-1.75920723662048E-16,
0.707106781186546));
#1779=DIRECTION('ref_axis',(0.707106781186546,0.,-0.707106781186549));
#1780=DIRECTION('',(-0.707106781186547,0.,0.707106781186547));
#1781=DIRECTION('',(-2.48789473305357E-16,-1.,0.));
#1782=DIRECTION('',(-2.48789473305357E-16,-1.,0.));
#1783=DIRECTION('',(-2.48789473305357E-16,-1.,0.));
#1784=DIRECTION('',(2.48789473305357E-16,1.,0.));
#1785=DIRECTION('center_axis',(0.,0.,-1.));
#1786=DIRECTION('ref_axis',(1.33226762955019E-15,1.,0.));
#1787=DIRECTION('center_axis',(0.,0.,-1.));
#1788=DIRECTION('ref_axis',(1.72701359386135E-15,1.,0.));
#1789=DIRECTION('center_axis',(0.,0.,1.));
#1790=DIRECTION('ref_axis',(1.33226762955019E-15,1.,0.));
#1791=DIRECTION('center_axis',(0.,0.,1.));
#1792=DIRECTION('ref_axis',(-2.22044604925031E-16,-1.,0.));
#1793=DIRECTION('',(0.,0.,1.));
#1794=DIRECTION('center_axis',(0.,0.,-1.));
#1795=DIRECTION('ref_axis',(-2.22044604925031E-16,-1.,0.));
#1796=DIRECTION('center_axis',(-1.,0.,0.));
#1797=DIRECTION('ref_axis',(0.,-1.,0.));
#1798=DIRECTION('',(0.,0.,1.));
#1799=DIRECTION('',(0.,1.,0.));
#1800=DIRECTION('center_axis',(-1.,0.,0.));
#1801=DIRECTION('ref_axis',(0.,0.707106781186548,-0.707106781186547));
#1802=DIRECTION('',(0.,0.,1.));
#1803=DIRECTION('center_axis',(-1.,0.,0.));
#1804=DIRECTION('ref_axis',(0.,0.707106781186548,0.707106781186547));
#1805=DIRECTION('',(0.,-1.,0.));
#1806=DIRECTION('center_axis',(-1.,0.,0.));
#1807=DIRECTION('ref_axis',(0.,-0.707106781186547,0.707106781186548));
#1808=DIRECTION('',(0.,0.,-1.));
#1809=DIRECTION('center_axis',(-1.,0.,0.));
#1810=DIRECTION('ref_axis',(0.,-0.707106781186547,-0.707106781186548));
#1811=DIRECTION('',(0.,1.,0.));
#1812=DIRECTION('center_axis',(0.,0.,1.));
#1813=DIRECTION('ref_axis',(-1.,1.11022302462516E-15,0.));
#1814=DIRECTION('',(0.,0.,1.));
#1815=DIRECTION('center_axis',(0.,0.,-1.));
#1816=DIRECTION('ref_axis',(-1.,1.11022302462516E-15,0.));
#1817=DIRECTION('center_axis',(0.,1.,0.));
#1818=DIRECTION('ref_axis',(-1.,0.,0.));
#1819=DIRECTION('',(0.,0.,1.));
#1820=DIRECTION('',(1.,0.,0.));
#1821=DIRECTION('center_axis',(0.,0.,-1.));
#1822=DIRECTION('ref_axis',(1.,0.,0.));
#1823=DIRECTION('center_axis',(0.,0.,-1.));
#1824=DIRECTION('ref_axis',(0.707106781186547,-0.707106781186548,0.));
#1825=DIRECTION('',(-1.,-2.00040184617145E-16,0.));
#1826=DIRECTION('center_axis',(0.,0.,1.));
#1827=DIRECTION('ref_axis',(1.,0.,0.));
#1828=DIRECTION('',(1.,8.00160738468582E-16,0.));
#1829=DIRECTION('center_axis',(0.,0.,-1.));
#1830=DIRECTION('ref_axis',(0.707106781186547,0.707106781186548,0.));
#1831=DIRECTION('center_axis',(0.,0.,-1.));
#1832=DIRECTION('ref_axis',(1.,0.,0.));
#1833=DIRECTION('center_axis',(0.,0.707106781186547,-0.707106781186548));
#1834=DIRECTION('ref_axis',(-1.,0.,0.));
#1835=DIRECTION('',(1.57009245868377E-15,0.707106781186547,0.707106781186547));
#1836=DIRECTION('',(0.,-0.707106781186547,-0.707106781186547));
#1837=DIRECTION('center_axis',(0.,0.,1.));
#1838=DIRECTION('ref_axis',(-1.,1.11022302462516E-15,0.));
#1839=DIRECTION('',(-0.707106781186546,0.,0.707106781186549));
#1840=DIRECTION('center_axis',(-0.707106781186547,0.,-0.707106781186548));
#1841=DIRECTION('ref_axis',(-0.707106781186548,0.,0.707106781186547));
#1842=DIRECTION('',(-0.707106781186547,-1.57009245868377E-15,0.707106781186547));
#1843=DIRECTION('',(0.,1.,0.));
#1844=DIRECTION('center_axis',(0.,0.,1.));
#1845=DIRECTION('ref_axis',(-2.22044604925031E-16,-1.,0.));
#1846=DIRECTION('center_axis',(0.707106781186549,-1.75920723662048E-16,
-0.707106781186546));
#1847=DIRECTION('ref_axis',(-0.707106781186546,0.,-0.707106781186549));
#1848=DIRECTION('',(0.707106781186544,1.57009245868378E-15,0.707106781186551));
#1849=DIRECTION('',(-2.48789473305357E-16,-1.,0.));
#1850=DIRECTION('center_axis',(0.,0.,1.));
#1851=DIRECTION('ref_axis',(1.33226762955019E-15,1.,0.));
#1852=DIRECTION('center_axis',(0.,0.,-1.));
#1853=DIRECTION('ref_axis',(1.33226762955019E-15,1.,0.));
#1854=DIRECTION('center_axis',(0.,0.,1.));
#1855=DIRECTION('ref_axis',(1.33226762955019E-15,1.,0.));
#1856=DIRECTION('',(0.,0.,1.));
#1857=DIRECTION('center_axis',(1.,0.,0.));
#1858=DIRECTION('ref_axis',(0.,-0.707106781186547,-0.707106781186548));
#1859=DIRECTION('center_axis',(1.,0.,0.));
#1860=DIRECTION('ref_axis',(0.,-0.707106781186547,-0.707106781186548));
#1861=DIRECTION('',(-1.,0.,0.));
#1862=DIRECTION('',(1.,0.,0.));
#1863=DIRECTION('center_axis',(0.,0.,1.));
#1864=DIRECTION('ref_axis',(1.,0.,0.));
#1865=DIRECTION('',(0.,-1.,0.));
#1866=DIRECTION('',(-1.,0.,0.));
#1867=DIRECTION('center_axis',(0.,0.,-1.));
#1868=DIRECTION('ref_axis',(1.,0.,0.));
#1869=DIRECTION('',(-2.48789473305357E-16,-1.,0.));
#1870=DIRECTION('center_axis',(0.,0.,-1.));
#1871=DIRECTION('ref_axis',(0.707106781186547,0.707106781186548,0.));
#1872=DIRECTION('',(1.,8.00160738468582E-16,0.));
#1873=DIRECTION('center_axis',(0.,0.,1.));
#1874=DIRECTION('ref_axis',(1.,0.,0.));
#1875=DIRECTION('',(-1.,-2.00040184617145E-16,0.));
#1876=DIRECTION('center_axis',(0.,0.,-1.));
#1877=DIRECTION('ref_axis',(0.707106781186547,-0.707106781186548,0.));
#1878=DIRECTION('',(-2.48789473305357E-16,-1.,0.));
#1879=DIRECTION('center_axis',(0.,0.,1.));
#1880=DIRECTION('ref_axis',(0.707106781186546,0.707106781186549,0.));
#1881=DIRECTION('',(-1.,2.38423245250967E-16,0.));
#1882=DIRECTION('center_axis',(0.,0.,1.));
#1883=DIRECTION('ref_axis',(-0.707106781186547,0.707106781186547,0.));
#1884=DIRECTION('',(0.,1.,0.));
#1885=DIRECTION('',(1.,0.,0.));
#1886=DIRECTION('',(0.,1.,0.));
#1887=DIRECTION('center_axis',(0.,0.,-1.));
#1888=DIRECTION('ref_axis',(-4.93432455388958E-16,-1.,0.));
#1889=DIRECTION('',(-1.,0.,0.));
#1890=DIRECTION('',(-1.,5.12805092205615E-17,0.));
#1891=DIRECTION('',(1.58603289232165E-16,1.,0.));
#1892=DIRECTION('',(1.,0.,0.));
#1893=DIRECTION('',(0.,-1.,0.));
#1894=DIRECTION('center_axis',(1.,0.,0.));
#1895=DIRECTION('ref_axis',(0.,-0.707106781186547,0.707106781186548));
#1896=DIRECTION('',(1.,0.,0.));
#1897=DIRECTION('center_axis',(1.,0.,0.));
#1898=DIRECTION('ref_axis',(0.,-0.707106781186547,0.707106781186548));
#1899=DIRECTION('',(-1.,0.,0.));
#1900=DIRECTION('center_axis',(0.,0.,1.));
#1901=DIRECTION('ref_axis',(0.,-1.,0.));
#1902=DIRECTION('',(-1.,0.,0.));
#1903=DIRECTION('',(0.,1.,0.));
#1904=DIRECTION('center_axis',(1.,0.,0.));
#1905=DIRECTION('ref_axis',(0.,0.707106781186548,0.707106781186547));
#1906=DIRECTION('',(1.,0.,0.));
#1907=DIRECTION('center_axis',(1.,0.,0.));
#1908=DIRECTION('ref_axis',(0.,0.707106781186548,0.707106781186547));
#1909=DIRECTION('center_axis',(0.,1.,0.));
#1910=DIRECTION('ref_axis',(0.,0.,1.));
#1911=DIRECTION('',(-1.,0.,0.));
#1912=DIRECTION('',(0.,0.,-1.));
#1913=DIRECTION('center_axis',(1.,0.,0.));
#1914=DIRECTION('ref_axis',(0.,0.707106781186548,-0.707106781186547));
#1915=DIRECTION('center_axis',(1.,0.,0.));
#1916=DIRECTION('ref_axis',(0.,0.707106781186548,-0.707106781186547));
#1917=DIRECTION('center_axis',(0.,-1.,0.));
#1918=DIRECTION('ref_axis',(0.,0.,-1.));
#1919=DIRECTION('',(0.,0.,1.));
#1920=DIRECTION('center_axis',(0.,0.,1.));
#1921=DIRECTION('ref_axis',(-0.707106781186547,0.707106781186547,0.));
#1922=DIRECTION('',(0.,0.,1.));
#1923=DIRECTION('center_axis',(0.,0.,1.));
#1924=DIRECTION('ref_axis',(-0.707106781186547,0.707106781186547,0.));
#1925=DIRECTION('',(0.,0.,-1.));
#1926=DIRECTION('center_axis',(-2.38423245250967E-16,-1.,0.));
#1927=DIRECTION('ref_axis',(1.,-2.38423245250967E-16,0.));
#1928=DIRECTION('',(0.,0.,-1.));
#1929=DIRECTION('',(1.,-2.38423245250967E-16,0.));
#1930=DIRECTION('center_axis',(0.,0.,-1.));
#1931=DIRECTION('ref_axis',(0.707106781186546,0.707106781186549,0.));
#1932=DIRECTION('',(0.,0.,1.));
#1933=DIRECTION('center_axis',(0.,0.,1.));
#1934=DIRECTION('ref_axis',(0.707106781186546,0.707106781186549,0.));
#1935=DIRECTION('center_axis',(0.,0.,1.));
#1936=DIRECTION('ref_axis',(-1.,0.,0.));
#1937=DIRECTION('',(1.,0.,0.));
#1938=DIRECTION('center_axis',(0.,0.,-1.));
#1939=DIRECTION('ref_axis',(-1.,0.,0.));
#1940=DIRECTION('',(0.,1.,0.));
#1941=DIRECTION('',(-2.48789473305357E-16,-1.,0.));
#1942=DIRECTION('center_axis',(0.,0.,-1.));
#1943=DIRECTION('ref_axis',(1.72701359386135E-15,1.,0.));
#1944=DIRECTION('',(1.,0.,0.));
#1945=DIRECTION('center_axis',(0.,0.,-1.));
#1946=DIRECTION('ref_axis',(0.,1.,0.));
#1947=DIRECTION('',(0.,1.,0.));
#1948=DIRECTION('center_axis',(0.,0.,1.));
#1949=DIRECTION('ref_axis',(1.,0.,0.));
#1950=DIRECTION('',(-1.,0.,0.));
#1951=DIRECTION('',(0.,1.,0.));
#1952=DIRECTION('',(1.,0.,0.));
#1953=DIRECTION('',(0.,-1.,0.));
#1954=DIRECTION('center_axis',(-1.,2.48789473305357E-16,0.));
#1955=DIRECTION('ref_axis',(-2.48789473305357E-16,-1.,0.));
#1956=DIRECTION('',(0.,0.,1.));
#1957=DIRECTION('',(0.,0.,1.));
#1958=DIRECTION('center_axis',(1.,0.,0.));
#1959=DIRECTION('ref_axis',(0.,1.,0.));
#1960=DIRECTION('',(0.,0.,1.));
#1961=DIRECTION('',(0.,0.,1.));
#1962=DIRECTION('center_axis',(0.,0.,1.));
#1963=DIRECTION('ref_axis',(-1.,0.,0.));
#1964=DIRECTION('',(0.,0.,1.));
#1965=DIRECTION('center_axis',(0.,0.,-1.));
#1966=DIRECTION('ref_axis',(-1.,0.,0.));
#1967=DIRECTION('center_axis',(0.,-1.,0.));
#1968=DIRECTION('ref_axis',(1.,0.,0.));
#1969=DIRECTION('',(0.,0.,1.));
#1970=DIRECTION('',(1.,0.,0.));
#1971=DIRECTION('center_axis',(0.,1.,0.));
#1972=DIRECTION('ref_axis',(-1.,0.,0.));
#1973=DIRECTION('',(0.,0.,1.));
#1974=DIRECTION('',(0.,0.,-1.));
#1975=DIRECTION('center_axis',(1.,-1.58603289232165E-16,0.));
#1976=DIRECTION('ref_axis',(-1.58603289232165E-16,-1.,0.));
#1977=DIRECTION('',(0.,0.,-1.));
#1978=DIRECTION('center_axis',(-1.,0.,0.));
#1979=DIRECTION('ref_axis',(0.,1.,0.));
#1980=DIRECTION('',(0.,0.,-1.));
#1981=DIRECTION('',(0.,0.,-1.));
#1982=DIRECTION('center_axis',(2.8799559653052E-16,-1.,0.));
#1983=DIRECTION('ref_axis',(-1.,-2.8799559653052E-16,0.));
#1984=DIRECTION('',(0.,0.,-1.));
#1985=DIRECTION('center_axis',(-1.,0.,0.));
#1986=DIRECTION('ref_axis',(0.,1.,0.));
#1987=DIRECTION('',(0.,0.,1.));
#1988=DIRECTION('center_axis',(5.12805092205615E-17,1.,0.));
#1989=DIRECTION('ref_axis',(1.,-5.12805092205615E-17,0.));
#1990=DIRECTION('',(0.,0.,-1.));
#1991=DIRECTION('center_axis',(0.,1.,0.));
#1992=DIRECTION('ref_axis',(1.,0.,0.));
#1993=DIRECTION('',(0.,0.,1.));
#1994=DIRECTION('center_axis',(0.,-1.,0.));
#1995=DIRECTION('ref_axis',(1.,0.,0.));
#1996=DIRECTION('center_axis',(-1.,0.,0.));
#1997=DIRECTION('ref_axis',(0.,-1.,0.));
#1998=DIRECTION('center_axis',(-1.,0.,0.));
#1999=DIRECTION('ref_axis',(0.,1.,0.));
#2000=DIRECTION('center_axis',(0.,0.,1.));
#2001=DIRECTION('ref_axis',(1.,0.,0.));
#2002=DIRECTION('',(0.,0.,1.));
#2003=DIRECTION('center_axis',(0.,0.,1.));
#2004=DIRECTION('ref_axis',(1.,0.,0.));
#2005=DIRECTION('center_axis',(1.,0.,0.));
#2006=DIRECTION('ref_axis',(0.,1.,0.));
#2007=DIRECTION('',(0.,0.,1.));
#2008=DIRECTION('',(0.,1.,0.));
#2009=DIRECTION('center_axis',(0.,0.,1.));
#2010=DIRECTION('ref_axis',(0.,1.,0.));
#2011=DIRECTION('',(0.,0.,1.));
#2012=DIRECTION('center_axis',(0.,0.,-1.));
#2013=DIRECTION('ref_axis',(0.,1.,0.));
#2014=DIRECTION('center_axis',(0.,-1.,0.));
#2015=DIRECTION('ref_axis',(1.,0.,0.));
#2016=DIRECTION('',(0.,0.,1.));
#2017=DIRECTION('center_axis',(0.,0.,1.));
#2018=DIRECTION('ref_axis',(1.72701359386135E-15,1.,0.));
#2019=DIRECTION('center_axis',(0.,0.,1.));
#2020=DIRECTION('ref_axis',(0.707106781186547,-0.707106781186548,0.));
#2021=DIRECTION('',(0.,0.,1.));
#2022=DIRECTION('center_axis',(-2.00040184617145E-16,1.,0.));
#2023=DIRECTION('ref_axis',(-1.,-2.00040184617145E-16,0.));
#2024=DIRECTION('',(0.,0.,1.));
#2025=DIRECTION('center_axis',(1.,-2.48789473305357E-16,0.));
#2026=DIRECTION('ref_axis',(2.48789473305357E-16,1.,0.));
#2027=DIRECTION('center_axis',(0.,0.,1.));
#2028=DIRECTION('ref_axis',(-1.,1.22464679914735E-16,0.));
#2029=DIRECTION('',(0.,0.,1.));
#2030=DIRECTION('center_axis',(8.00160738468582E-16,-1.,0.));
#2031=DIRECTION('ref_axis',(1.,8.00160738468582E-16,0.));
#2032=DIRECTION('',(0.,0.,1.));
#2033=DIRECTION('center_axis',(0.,0.,1.));
#2034=DIRECTION('ref_axis',(0.707106781186547,0.707106781186548,0.));
#2035=DIRECTION('',(0.,0.,1.));
#2036=DIRECTION('center_axis',(-1.,2.48789473305357E-16,0.));
#2037=DIRECTION('ref_axis',(-2.48789473305357E-16,-1.,0.));
#2038=DIRECTION('',(0.,0.,1.));
#2039=DIRECTION('center_axis',(0.,0.,1.));
#2040=DIRECTION('ref_axis',(1.,0.,0.));
#2041=DIRECTION('',(0.,0.,1.));
#2042=DIRECTION('center_axis',(0.,1.,0.));
#2043=DIRECTION('ref_axis',(-1.,0.,0.));
#2044=DIRECTION('',(0.,0.,1.));
#2045=DIRECTION('center_axis',(0.,0.,1.));
#2046=DIRECTION('ref_axis',(-4.93432455388958E-16,-1.,0.));
#2047=DIRECTION('center_axis',(0.,0.,1.));
#2048=DIRECTION('ref_axis',(1.,0.,0.));
#2049=DIRECTION('',(0.,0.,-1.));
#2050=DIRECTION('center_axis',(0.,0.,1.));
#2051=DIRECTION('ref_axis',(1.,0.,0.));
#2052=DIRECTION('center_axis',(0.,0.,-1.));
#2053=DIRECTION('ref_axis',(1.,0.,0.));
#2054=DIRECTION('',(0.,0.,-1.));
#2055=DIRECTION('center_axis',(0.,0.,-1.));
#2056=DIRECTION('ref_axis',(1.,0.,0.));
#2057=CARTESIAN_POINT('',(0.,0.,0.));
#2058=CARTESIAN_POINT('Origin',(-5.07500000000003,-22.85,-4.75));
#2059=CARTESIAN_POINT('',(-0.075000000000025,-22.85,-4.));
#2060=CARTESIAN_POINT('',(-5.07500000000003,-17.85,-4.));
#2061=CARTESIAN_POINT('Origin',(-5.07500000000003,-22.85,-4.));
#2062=CARTESIAN_POINT('',(-5.07500000000003,-17.85,-3.));
#2063=CARTESIAN_POINT('',(-5.07500000000003,-17.85,-4.75));
#2064=CARTESIAN_POINT('',(-0.075000000000025,-22.85,-3.));
#2065=CARTESIAN_POINT('Origin',(-5.07500000000003,-22.85,-3.));
#2066=CARTESIAN_POINT('',(-0.075000000000025,-22.85,-4.75));
#2067=CARTESIAN_POINT('Origin',(0.875000000000011,-17.85,0.));
#2068=CARTESIAN_POINT('',(-20.775,-17.85,-4.));
#2069=CARTESIAN_POINT('',(0.437500000000007,-17.85,-4.));
#2070=CARTESIAN_POINT('',(-20.775,-17.85,-3.));
#2071=CARTESIAN_POINT('',(-20.775,-17.85,-2.5));
#2072=CARTESIAN_POINT('',(0.437500000000007,-17.85,-3.));
#2073=CARTESIAN_POINT('Origin',(4.44089209850063E-15,0.,-4.));
#2074=CARTESIAN_POINT('',(-0.075000000000025,-26.85,-4.));
#2075=CARTESIAN_POINT('',(-0.075000000000025,-14.55,-4.));
#2076=CARTESIAN_POINT('',(-17.775,-26.85,-4.));
#2077=CARTESIAN_POINT('',(-8.88749999999999,-26.85,-4.));
#2078=CARTESIAN_POINT('',(-26.775,-17.85,-4.));
#2079=CARTESIAN_POINT('Origin',(-17.775,-17.85,-4.));
#2080=CARTESIAN_POINT('',(-26.775,17.85,-4.));
#2081=CARTESIAN_POINT('',(-26.775,8.92500000000001,-4.));
#2082=CARTESIAN_POINT('',(-17.775,26.85,-4.));
#2083=CARTESIAN_POINT('Origin',(-17.775,17.85,-4.));
#2084=CARTESIAN_POINT('',(17.775,26.85,-4.));
#2085=CARTESIAN_POINT('',(8.8875,26.85,-4.));
#2086=CARTESIAN_POINT('',(26.775,17.85,-4.));
#2087=CARTESIAN_POINT('Origin',(17.775,17.85,-4.));
#2088=CARTESIAN_POINT('',(26.775,-17.85,-4.));
#2089=CARTESIAN_POINT('',(26.775,-8.92500000000001,-4.));
#2090=CARTESIAN_POINT('',(19.925,-26.5894221776957,-4.));
#2091=CARTESIAN_POINT('Origin',(17.775,-17.85,-4.));
#2092=CARTESIAN_POINT('',(19.925,-14.25,-4.));
#2093=CARTESIAN_POINT('',(19.925,-14.55,-4.));
#2094=CARTESIAN_POINT('',(-20.775,-14.25,-4.));
#2095=CARTESIAN_POINT('',(4.96249999999999,-14.25,-4.));
#2096=CARTESIAN_POINT('',(-20.775,-8.925,-4.));
#2097=CARTESIAN_POINT('',(-15.125,5.35000000000001,-4.));
#2098=CARTESIAN_POINT('',(-15.125,17.85,-4.));
#2099=CARTESIAN_POINT('',(-15.125,8.925,-4.));
#2100=CARTESIAN_POINT('',(-20.775,17.85,-4.));
#2101=CARTESIAN_POINT('',(-10.3875,17.85,-4.));
#2102=CARTESIAN_POINT('',(-20.775,5.35000000000001,-4.));
#2103=CARTESIAN_POINT('',(-20.775,2.675,-4.));
#2104=CARTESIAN_POINT('',(8.88750000000001,5.35000000000001,-4.));
#2105=CARTESIAN_POINT('',(-20.775,-3.25,-4.));
#2106=CARTESIAN_POINT('',(14.675,-3.25,-4.));
#2107=CARTESIAN_POINT('',(7.33750000000001,-3.25,-4.));
#2108=CARTESIAN_POINT('',(14.675,0.350000000000004,-4.));
#2109=CARTESIAN_POINT('',(14.675,-0.874999999999999,-4.));
#2110=CARTESIAN_POINT('',(-20.775,0.350000000000006,-4.));
#2111=CARTESIAN_POINT('',(-10.3875,0.350000000000005,-4.));
#2112=CARTESIAN_POINT('',(-20.775,-8.925,-4.));
#2113=CARTESIAN_POINT('',(-22.6605339059327,21.3855339059327,-4.));
#2114=CARTESIAN_POINT('Origin',(-21.3105339059327,21.3855339059327,-4.));
#2115=CARTESIAN_POINT('',(19.875,-8.75,-4.));
#2116=CARTESIAN_POINT('Origin',(21.225,-8.75,-4.));
#2117=CARTESIAN_POINT('',(-19.775,-13.25,-4.));
#2118=CARTESIAN_POINT('',(0.225000000000013,-13.25,-4.));
#2119=CARTESIAN_POINT('',(-2.38749999999999,-13.25,-4.));
#2120=CARTESIAN_POINT('',(0.225000000000015,-4.25,-4.));
#2121=CARTESIAN_POINT('',(0.225000000000013,-2.125,-4.));
#2122=CARTESIAN_POINT('',(-19.775,-4.25,-4.));
#2123=CARTESIAN_POINT('',(-2.38749999999999,-4.25,-4.));
#2124=CARTESIAN_POINT('',(-19.775,-6.625,-4.));
#2125=CARTESIAN_POINT('Origin',(0.225000000000013,-4.25,-3.));
#2126=CARTESIAN_POINT('',(0.225000000000013,-13.25,-3.));
#2127=CARTESIAN_POINT('',(0.225000000000013,-13.25,-3.));
#2128=CARTESIAN_POINT('',(0.225000000000015,-4.25,-3.));
#2129=CARTESIAN_POINT('',(0.225000000000013,-2.125,-3.));
#2130=CARTESIAN_POINT('',(0.225000000000015,-4.25,-3.));
#2131=CARTESIAN_POINT('Origin',(-0.075000000000025,-29.1,0.5));
#2132=CARTESIAN_POINT('',(-0.075000000000025,-27.85,0.5));
#2133=CARTESIAN_POINT('',(17.775,-27.85,0.5));
#2134=CARTESIAN_POINT('',(-8.92500000000001,-27.85,0.5));
#2135=CARTESIAN_POINT('',(-0.075000000000025,-26.85,0.5));
#2136=CARTESIAN_POINT('',(-0.075000000000025,-29.1,0.5));
#2137=CARTESIAN_POINT('',(17.775,-26.85,0.5));
#2138=CARTESIAN_POINT('',(8.84999999999998,-26.85,0.5));
#2139=CARTESIAN_POINT('',(19.925,-26.5894221776957,0.500000000000003));
#2140=CARTESIAN_POINT('Origin',(17.775,-17.85,0.5));
#2141=CARTESIAN_POINT('',(19.925,-27.6161404863948,0.5));
#2142=CARTESIAN_POINT('',(19.925,-29.1,0.5));
#2143=CARTESIAN_POINT('Origin',(17.775,-17.85,0.5));
#2144=CARTESIAN_POINT('Origin',(19.925,-29.1,0.5));
#2145=CARTESIAN_POINT('',(19.925,-27.6161404863948,-3.));
#2146=CARTESIAN_POINT('',(19.925,-27.6161404863948,-19.));
#2147=CARTESIAN_POINT('',(19.925,-26.5894221776957,-3.));
#2148=CARTESIAN_POINT('',(19.925,-26.5894221776957,-19.));
#2149=CARTESIAN_POINT('',(19.925,-14.25,-3.));
#2150=CARTESIAN_POINT('',(19.925,-14.55,-3.));
#2151=CARTESIAN_POINT('',(19.925,-14.25,0.5));
#2152=CARTESIAN_POINT('Ctrl Pts',(19.925,-27.6161404863948,-3.));
#2153=CARTESIAN_POINT('Ctrl Pts',(19.925,-27.0757624291743,-3.52774080225801));
#2154=CARTESIAN_POINT('Ctrl Pts',(19.925,-26.5894221776957,-4.));
#2155=CARTESIAN_POINT('Origin',(-0.075000000000025,-29.1,-9.5));
#2156=CARTESIAN_POINT('',(-0.075000000000025,-26.85,-3.));
#2157=CARTESIAN_POINT('',(-0.075000000000025,-14.55,-3.));
#2158=CARTESIAN_POINT('',(-0.075000000000025,-26.85,-14.25));
#2159=CARTESIAN_POINT('',(-0.075000000000025,-27.85,-3.));
#2160=CARTESIAN_POINT('',(-0.075000000000025,-27.85,-14.25));
#2161=CARTESIAN_POINT('',(-0.075000000000025,-26.2875,-4.56249999999999));
#2162=CARTESIAN_POINT('Origin',(-8.88749999999999,-27.35,-3.5));
#2163=CARTESIAN_POINT('',(-17.775,-27.85,-3.));
#2164=CARTESIAN_POINT('',(-8.88749999999999,-27.85,-3.));
#2165=CARTESIAN_POINT('',(-17.775,-26.85,-4.));
#2166=CARTESIAN_POINT('Origin',(-17.775,-27.85,-19.));
#2167=CARTESIAN_POINT('',(17.775,-27.85,3.5));
#2168=CARTESIAN_POINT('',(17.775,-27.85,-19.));
#2169=CARTESIAN_POINT('',(-17.775,-27.85,3.5));
#2170=CARTESIAN_POINT('',(-8.88749999999999,-27.85,3.5));
#2171=CARTESIAN_POINT('',(-17.775,-27.85,-19.));
#2172=CARTESIAN_POINT('Origin',(17.775,-17.85,-19.));
#2173=CARTESIAN_POINT('',(27.775,-17.85,-3.));
#2174=CARTESIAN_POINT('Origin',(17.775,-17.85,-3.));
#2175=CARTESIAN_POINT('',(27.775,-17.85,3.5));
#2176=CARTESIAN_POINT('',(27.775,-17.85,-19.));
#2177=CARTESIAN_POINT('Origin',(17.775,-17.85,3.5));
#2178=CARTESIAN_POINT('Origin',(17.775,-17.85,-3.5));
#2179=CARTESIAN_POINT('',(26.775,-17.85,-4.));
#2180=CARTESIAN_POINT('Origin',(-19.775,-4.25,-3.));
#2181=CARTESIAN_POINT('',(-19.775,-4.25,-3.));
#2182=CARTESIAN_POINT('',(-2.38749999999999,-4.25,-3.));
#2183=CARTESIAN_POINT('',(-19.775,-4.25,-3.));
#2184=CARTESIAN_POINT('Origin',(-19.775,-13.25,-3.));
#2185=CARTESIAN_POINT('',(-19.775,-13.25,-3.));
#2186=CARTESIAN_POINT('',(-19.775,-6.625,-3.));
#2187=CARTESIAN_POINT('',(-19.775,-13.25,-3.));
#2188=CARTESIAN_POINT('Origin',(-4.77499999999999,-13.25,-3.));
#2189=CARTESIAN_POINT('',(-2.38749999999999,-13.25,-3.));
#2190=CARTESIAN_POINT('Origin',(8.8875,27.35,4.));
#2191=CARTESIAN_POINT('',(-17.775,27.85,3.5));
#2192=CARTESIAN_POINT('',(-17.775,26.85,4.5));
#2193=CARTESIAN_POINT('',(-17.775,27.85,3.5));
#2194=CARTESIAN_POINT('',(-13.1855339059327,26.85,4.5));
#2195=CARTESIAN_POINT('',(8.8875,26.85,4.5));
#2196=CARTESIAN_POINT('',(17.775,26.85,4.5));
#2197=CARTESIAN_POINT('',(-17.775,26.85,4.5));
#2198=CARTESIAN_POINT('',(17.775,27.85,3.5));
#2199=CARTESIAN_POINT('',(17.775,26.85,4.5));
#2200=CARTESIAN_POINT('',(8.8875,27.85,3.5));
#2201=CARTESIAN_POINT('Origin',(-17.775,17.85,4.));
#2202=CARTESIAN_POINT('',(-27.775,17.85,3.5));
#2203=CARTESIAN_POINT('',(-26.775,17.85,4.5));
#2204=CARTESIAN_POINT('',(-27.775,17.85,3.5));
#2205=CARTESIAN_POINT('Origin',(-17.775,17.85,4.5));
#2206=CARTESIAN_POINT('Origin',(-17.775,17.85,3.5));
#2207=CARTESIAN_POINT('Origin',(-27.275,8.92500000000001,4.));
#2208=CARTESIAN_POINT('',(-27.775,-17.85,3.5));
#2209=CARTESIAN_POINT('',(-26.775,-17.85,4.5));
#2210=CARTESIAN_POINT('',(-27.775,-17.85,3.5));
#2211=CARTESIAN_POINT('',(-26.775,13.2605339059327,4.5));
#2212=CARTESIAN_POINT('',(-26.775,-17.85,4.5));
#2213=CARTESIAN_POINT('',(-26.775,8.92500000000001,4.5));
#2214=CARTESIAN_POINT('',(-27.775,8.92500000000001,3.5));
#2215=CARTESIAN_POINT('Origin',(-17.775,-17.85,4.));
#2216=CARTESIAN_POINT('',(-17.775,-26.85,4.5));
#2217=CARTESIAN_POINT('',(-17.775,-27.85,3.5));
#2218=CARTESIAN_POINT('Origin',(-17.775,-17.85,4.5));
#2219=CARTESIAN_POINT('Origin',(-17.775,-17.85,3.5));
#2220=CARTESIAN_POINT('Origin',(-8.88749999999999,-27.35,4.));
#2221=CARTESIAN_POINT('',(17.775,-26.85,4.5));
#2222=CARTESIAN_POINT('',(17.775,-27.85,3.5));
#2223=CARTESIAN_POINT('',(17.775,-26.85,4.5));
#2224=CARTESIAN_POINT('Origin',(17.775,-17.85,4.));
#2225=CARTESIAN_POINT('',(26.775,-17.85,4.5));
#2226=CARTESIAN_POINT('',(27.775,-17.85,3.5));
#2227=CARTESIAN_POINT('Origin',(17.775,-17.85,4.5));
#2228=CARTESIAN_POINT('Origin',(27.275,-8.92500000000001,4.));
#2229=CARTESIAN_POINT('',(27.775,17.85,3.5));
#2230=CARTESIAN_POINT('',(26.775,17.85,4.5));
#2231=CARTESIAN_POINT('',(27.775,17.85,3.5));
#2232=CARTESIAN_POINT('',(26.775,-0.625000000000004,4.5));
#2233=CARTESIAN_POINT('',(26.775,17.85,4.5));
#2234=CARTESIAN_POINT('',(26.775,-16.875,4.5));
#2235=CARTESIAN_POINT('',(26.775,-8.92500000000001,4.5));
#2236=CARTESIAN_POINT('',(26.775,17.85,4.5));
#2237=CARTESIAN_POINT('',(27.775,-8.92500000000001,3.5));
#2238=CARTESIAN_POINT('Origin',(17.775,17.85,4.));
#2239=CARTESIAN_POINT('Origin',(17.775,17.85,4.5));
#2240=CARTESIAN_POINT('Origin',(17.775,17.85,3.5));
#2241=CARTESIAN_POINT('Origin',(-17.775,-17.85,-19.));
#2242=CARTESIAN_POINT('',(-27.775,-17.85,-3.));
#2243=CARTESIAN_POINT('',(-27.775,-17.85,-19.));
#2244=CARTESIAN_POINT('Origin',(-17.775,-17.85,-3.));
#2245=CARTESIAN_POINT('Origin',(-27.775,17.85,-19.));
#2246=CARTESIAN_POINT('',(-27.775,17.85,-3.));
#2247=CARTESIAN_POINT('',(-27.775,17.85,-19.));
#2248=CARTESIAN_POINT('',(-27.775,-5.25000000000001,-3.));
#2249=CARTESIAN_POINT('',(-27.775,8.92500000000001,-3.));
#2250=CARTESIAN_POINT('',(-27.775,-3.25,-1.));
#2251=CARTESIAN_POINT('Origin',(-27.775,-5.25000000000001,-1.));
#2252=CARTESIAN_POINT('',(-27.775,-3.25,-0.02));
#2253=CARTESIAN_POINT('',(-27.775,-3.25,-11.));
#2254=CARTESIAN_POINT('',(-27.775,-5.25000000000001,1.98));
#2255=CARTESIAN_POINT('Origin',(-27.775,-5.25000000000001,-0.02));
#2256=CARTESIAN_POINT('',(-27.775,-12.25,1.98));
#2257=CARTESIAN_POINT('',(-27.775,7.30000000000001,1.98));
#2258=CARTESIAN_POINT('',(-27.775,-14.25,-0.02));
#2259=CARTESIAN_POINT('Origin',(-27.775,-12.25,-0.0200000000000003));
#2260=CARTESIAN_POINT('',(-27.775,-14.25,-1.));
#2261=CARTESIAN_POINT('',(-27.775,-14.25,-8.51));
#2262=CARTESIAN_POINT('',(-27.775,-12.25,-3.));
#2263=CARTESIAN_POINT('Origin',(-27.775,-12.25,-1.));
#2264=CARTESIAN_POINT('',(-27.775,8.92500000000001,-3.));
#2265=CARTESIAN_POINT('Origin',(-17.775,17.85,-19.));
#2266=CARTESIAN_POINT('',(-17.775,27.85,-3.));
#2267=CARTESIAN_POINT('',(-17.775,27.85,-19.));
#2268=CARTESIAN_POINT('Origin',(-17.775,17.85,-3.));
#2269=CARTESIAN_POINT('Origin',(17.775,27.85,-19.));
#2270=CARTESIAN_POINT('',(17.775,27.85,-3.));
#2271=CARTESIAN_POINT('',(17.775,27.85,-19.));
#2272=CARTESIAN_POINT('',(8.8875,27.85,-3.));
#2273=CARTESIAN_POINT('Origin',(4.44089209850063E-15,0.,4.5));
#2274=CARTESIAN_POINT('',(21.775,-5.625,4.5));
#2275=CARTESIAN_POINT('Origin',(21.775,-0.625000000000003,4.5));
#2276=CARTESIAN_POINT('',(21.225,-5.625,4.5));
#2277=CARTESIAN_POINT('',(26.775,-5.625,4.5));
#2278=CARTESIAN_POINT('',(21.225,-11.875,4.5));
#2279=CARTESIAN_POINT('Origin',(21.225,-8.75,4.5));
#2280=CARTESIAN_POINT('',(21.775,-11.875,4.5));
#2281=CARTESIAN_POINT('',(26.775,-11.875,4.5));
#2282=CARTESIAN_POINT('Origin',(21.775,-16.875,4.5));
#2283=CARTESIAN_POINT('',(19.875,-8.75,4.5));
#2284=CARTESIAN_POINT('Origin',(21.225,-8.75,4.5));
#2285=CARTESIAN_POINT('Origin',(8.8875,27.35,-3.5));
#2286=CARTESIAN_POINT('',(-17.775,26.85,-4.));
#2287=CARTESIAN_POINT('',(17.775,27.85,-3.));
#2288=CARTESIAN_POINT('Origin',(-17.775,17.85,-3.5));
#2289=CARTESIAN_POINT('',(-26.775,17.85,-4.));
#2290=CARTESIAN_POINT('Origin',(-27.275,8.92500000000001,-3.5));
#2291=CARTESIAN_POINT('',(-26.775,-17.85,-4.));
#2292=CARTESIAN_POINT('',(-27.775,1.8,-3.));
#2293=CARTESIAN_POINT('Origin',(-17.775,-17.85,-3.5));
#2294=CARTESIAN_POINT('Origin',(27.275,-8.92500000000001,-3.5));
#2295=CARTESIAN_POINT('',(27.775,17.85,-3.));
#2296=CARTESIAN_POINT('',(26.775,17.85,-4.));
#2297=CARTESIAN_POINT('',(27.775,-8.92500000000001,-3.));
#2298=CARTESIAN_POINT('Origin',(17.775,17.85,-3.5));
#2299=CARTESIAN_POINT('Origin',(17.775,17.85,-3.));
#2300=CARTESIAN_POINT('Origin',(17.775,17.85,-19.));
#2301=CARTESIAN_POINT('',(27.775,17.85,-19.));
#2302=CARTESIAN_POINT('Origin',(-13.8875,-12.25,-1.));
#2303=CARTESIAN_POINT('',(-26.775,-14.25,-1.));
#2304=CARTESIAN_POINT('',(-26.775,-12.25,-3.));
#2305=CARTESIAN_POINT('Origin',(-26.775,-12.25,-1.));
#2306=CARTESIAN_POINT('',(-13.8875,-12.25,-3.));
#2307=CARTESIAN_POINT('',(-13.8875,-14.25,-1.));
#2308=CARTESIAN_POINT('Origin',(4.44089209850063E-15,0.,-3.));
#2309=CARTESIAN_POINT('',(-20.775,-14.25,-3.));
#2310=CARTESIAN_POINT('',(-20.775,-8.925,-3.));
#2311=CARTESIAN_POINT('',(0.437500000000007,-14.25,-3.));
#2312=CARTESIAN_POINT('',(26.775,-17.85,-3.));
#2313=CARTESIAN_POINT('Origin',(17.775,-17.85,-3.));
#2314=CARTESIAN_POINT('',(26.775,-16.875,-3.));
#2315=CARTESIAN_POINT('',(26.775,-8.43750000000001,-3.));
#2316=CARTESIAN_POINT('',(21.775,-11.875,-3.));
#2317=CARTESIAN_POINT('Origin',(21.775,-16.875,-3.));
#2318=CARTESIAN_POINT('',(21.225,-11.875,-3.));
#2319=CARTESIAN_POINT('',(10.6125,-11.875,-3.));
#2320=CARTESIAN_POINT('',(21.225,-5.625,-3.));
#2321=CARTESIAN_POINT('Origin',(21.225,-8.75,-3.));
#2322=CARTESIAN_POINT('',(21.775,-5.625,-3.));
#2323=CARTESIAN_POINT('',(10.8875,-5.62500000000001,-3.));
#2324=CARTESIAN_POINT('',(26.775,-0.625000000000004,-3.));
#2325=CARTESIAN_POINT('Origin',(21.775,-0.625000000000003,-3.));
#2326=CARTESIAN_POINT('',(26.775,1.85,-3.));
#2327=CARTESIAN_POINT('',(26.775,8.925,-3.));
#2328=CARTESIAN_POINT('',(24.275,4.35,-3.));
#2329=CARTESIAN_POINT('Origin',(24.275,1.85,-3.));
#2330=CARTESIAN_POINT('',(-24.275,4.35000000000001,-3.));
#2331=CARTESIAN_POINT('',(-13.3875,4.35000000000001,-3.));
#2332=CARTESIAN_POINT('',(-26.775,1.85000000000001,-3.));
#2333=CARTESIAN_POINT('Origin',(-24.275,1.85000000000001,-3.));
#2334=CARTESIAN_POINT('',(-26.775,-5.25000000000001,-3.));
#2335=CARTESIAN_POINT('',(-26.775,-8.92500000000001,-3.));
#2336=CARTESIAN_POINT('',(-13.8875,-5.25000000000001,-3.));
#2337=CARTESIAN_POINT('',(-26.775,-17.85,-3.));
#2338=CARTESIAN_POINT('',(-26.775,-8.92500000000001,-3.));
#2339=CARTESIAN_POINT('',(-17.775,-26.85,-3.));
#2340=CARTESIAN_POINT('Origin',(-17.775,-17.85,-3.));
#2341=CARTESIAN_POINT('',(8.8875,-26.85,-3.));
#2342=CARTESIAN_POINT('',(14.675,0.350000000000001,-3.));
#2343=CARTESIAN_POINT('',(-20.775,0.350000000000006,-3.));
#2344=CARTESIAN_POINT('',(-10.3875,0.350000000000005,-3.));
#2345=CARTESIAN_POINT('',(14.675,-3.25,-3.));
#2346=CARTESIAN_POINT('',(14.675,-0.874999999999999,-3.));
#2347=CARTESIAN_POINT('',(-20.775,-3.25,-3.));
#2348=CARTESIAN_POINT('',(7.33750000000001,-3.25,-3.));
#2349=CARTESIAN_POINT('',(-20.775,-8.925,-3.));
#2350=CARTESIAN_POINT('Origin',(-27.775,-12.25,-0.0200000000000003));
#2351=CARTESIAN_POINT('',(-26.775,-12.25,1.98));
#2352=CARTESIAN_POINT('',(-27.775,-12.25,1.98));
#2353=CARTESIAN_POINT('',(-26.775,-14.25,-0.02));
#2354=CARTESIAN_POINT('Origin',(-26.775,-12.25,-0.0200000000000003));
#2355=CARTESIAN_POINT('',(-27.775,-14.25,-0.0200000000000003));
#2356=CARTESIAN_POINT('Origin',(-27.775,-3.25000000000001,1.98));
#2357=CARTESIAN_POINT('',(-26.775,-5.25000000000001,1.98));
#2358=CARTESIAN_POINT('',(-27.775,-5.25000000000001,1.98));
#2359=CARTESIAN_POINT('',(-26.775,-10.55,1.98));
#2360=CARTESIAN_POINT('Origin',(-27.775,-5.25000000000001,-0.02));
#2361=CARTESIAN_POINT('',(-26.775,-3.25,-0.02));
#2362=CARTESIAN_POINT('',(-27.775,-3.25000000000001,-0.02));
#2363=CARTESIAN_POINT('Origin',(-26.775,-5.25000000000001,-0.02));
#2364=CARTESIAN_POINT('Origin',(-27.775,-3.25000000000001,-3.));
#2365=CARTESIAN_POINT('',(-26.775,-3.25,-1.));
#2366=CARTESIAN_POINT('',(-13.8875,-3.25000000000001,-1.));
#2367=CARTESIAN_POINT('',(-26.775,-3.25,-11.));
#2368=CARTESIAN_POINT('Origin',(-13.8875,-5.25000000000001,-1.));
#2369=CARTESIAN_POINT('Origin',(-26.775,-5.25000000000001,-1.));
#2370=CARTESIAN_POINT('Origin',(-27.775,-14.25,1.98));
#2371=CARTESIAN_POINT('',(-26.775,-14.25,-8.51));
#2372=CARTESIAN_POINT('Origin',(-24.275,1.85000000000001,-11.));
#2373=CARTESIAN_POINT('',(-24.275,4.35000000000001,1.));
#2374=CARTESIAN_POINT('',(-24.275,4.35000000000001,-11.));
#2375=CARTESIAN_POINT('',(-26.775,1.85000000000001,1.));
#2376=CARTESIAN_POINT('Origin',(-24.275,1.85000000000001,1.));
#2377=CARTESIAN_POINT('',(-26.775,1.85000000000001,-11.));
#2378=CARTESIAN_POINT('Origin',(-26.775,4.35000000000001,-3.));
#2379=CARTESIAN_POINT('',(24.275,4.35,1.));
#2380=CARTESIAN_POINT('',(24.275,4.35,-11.));
#2381=CARTESIAN_POINT('',(-26.775,4.35000000000001,1.));
#2382=CARTESIAN_POINT('Origin',(24.275,1.85,-11.));
#2383=CARTESIAN_POINT('',(26.775,1.85,1.));
#2384=CARTESIAN_POINT('',(26.775,1.85,-11.));
#2385=CARTESIAN_POINT('Origin',(24.275,1.85,1.));
#2386=CARTESIAN_POINT('Origin',(4.44089209850063E-15,15.6,1.));
#2387=CARTESIAN_POINT('',(-21.775,18.2605339059327,1.));
#2388=CARTESIAN_POINT('',(-21.3105339059327,18.2605339059327,1.));
#2389=CARTESIAN_POINT('',(-10.8875,18.2605339059327,1.));
#2390=CARTESIAN_POINT('',(-26.775,13.2605339059327,1.));
#2391=CARTESIAN_POINT('Origin',(-21.775,13.2605339059327,1.));
#2392=CARTESIAN_POINT('',(-26.775,-1.125,1.));
#2393=CARTESIAN_POINT('',(26.775,17.85,1.));
#2394=CARTESIAN_POINT('',(26.775,16.725,1.));
#2395=CARTESIAN_POINT('',(17.775,26.85,1.));
#2396=CARTESIAN_POINT('Origin',(17.775,17.85,1.));
#2397=CARTESIAN_POINT('',(-13.1855339059327,26.85,1.));
#2398=CARTESIAN_POINT('',(-6.59276695296636,26.85,1.));
#2399=CARTESIAN_POINT('',(-18.1855339059327,21.85,1.));
#2400=CARTESIAN_POINT('Origin',(-13.1855339059327,21.85,1.));
#2401=CARTESIAN_POINT('',(-18.1855339059327,21.3855339059327,1.));
#2402=CARTESIAN_POINT('',(-18.1855339059327,18.4927669529664,1.));
#2403=CARTESIAN_POINT('Origin',(-21.3105339059327,21.3855339059327,1.));
#2404=CARTESIAN_POINT('',(-15.125,5.35000000000001,1.));
#2405=CARTESIAN_POINT('',(-20.775,5.35000000000001,1.));
#2406=CARTESIAN_POINT('',(-15.125,5.35000000000001,1.));
#2407=CARTESIAN_POINT('',(-20.775,17.85,1.));
#2408=CARTESIAN_POINT('',(-20.775,5.35000000000001,1.));
#2409=CARTESIAN_POINT('',(-15.125,17.85,1.));
#2410=CARTESIAN_POINT('',(-20.775,17.85,1.));
#2411=CARTESIAN_POINT('',(-15.125,17.85,1.));
#2412=CARTESIAN_POINT('Origin',(26.775,17.85,-19.));
#2413=CARTESIAN_POINT('',(26.775,-0.625000000000004,-19.));
#2414=CARTESIAN_POINT('',(26.775,17.85,-19.));
#2415=CARTESIAN_POINT('Origin',(-26.775,-17.85,-19.));
#2416=CARTESIAN_POINT('',(-26.775,13.2605339059327,-19.));
#2417=CARTESIAN_POINT('',(-26.775,-17.85,-19.));
#2418=CARTESIAN_POINT('Origin',(-21.775,13.2605339059327,-19.));
#2419=CARTESIAN_POINT('',(-21.775,18.2605339059327,4.5));
#2420=CARTESIAN_POINT('',(-21.775,18.2605339059327,-19.));
#2421=CARTESIAN_POINT('Origin',(-21.775,13.2605339059327,4.5));
#2422=CARTESIAN_POINT('Origin',(-21.775,18.2605339059327,-19.));
#2423=CARTESIAN_POINT('',(-21.3105339059327,18.2605339059327,4.5));
#2424=CARTESIAN_POINT('',(-21.3105339059327,18.2605339059327,-19.));
#2425=CARTESIAN_POINT('',(-21.3105339059327,18.2605339059327,4.5));
#2426=CARTESIAN_POINT('Origin',(14.675,-3.25,-10.));
#2427=CARTESIAN_POINT('',(14.675,-3.25,-5.));
#2428=CARTESIAN_POINT('',(-20.775,-3.25,-5.));
#2429=CARTESIAN_POINT('Origin',(14.675,-1.75,0.));
#2430=CARTESIAN_POINT('',(14.675,0.350000000000004,-2.5));
#2431=CARTESIAN_POINT('Origin',(-20.775,5.35000000000001,0.));
#2432=CARTESIAN_POINT('',(-20.775,5.35000000000001,0.));
#2433=CARTESIAN_POINT('',(-20.775,17.85,-2.5));
#2434=CARTESIAN_POINT('Origin',(17.775,5.35000000000002,0.));
#2435=CARTESIAN_POINT('',(-15.125,5.35000000000001,-5.));
#2436=CARTESIAN_POINT('Origin',(-20.775,-17.85,0.));
#2437=CARTESIAN_POINT('',(-20.775,-14.25,-5.));
#2438=CARTESIAN_POINT('Origin',(-20.775,0.350000000000005,0.));
#2439=CARTESIAN_POINT('',(-20.775,0.350000000000005,0.));
#2440=CARTESIAN_POINT('Origin',(-20.775,17.85,0.));
#2441=CARTESIAN_POINT('',(-15.125,17.85,-5.));
#2442=CARTESIAN_POINT('Origin',(0.87500000000001,-14.25,-10.));
#2443=CARTESIAN_POINT('Origin',(-15.125,17.85,-10.));
#2444=CARTESIAN_POINT('Origin',(-20.775,-17.85,0.));
#2445=CARTESIAN_POINT('Origin',(-21.3105339059327,21.3855339059327,-19.));
#2446=CARTESIAN_POINT('',(-18.1855339059327,21.3855339059327,4.5));
#2447=CARTESIAN_POINT('',(-18.1855339059327,21.3855339059327,-19.));
#2448=CARTESIAN_POINT('Origin',(-21.3105339059327,21.3855339059327,4.5));
#2449=CARTESIAN_POINT('Origin',(-18.1855339059327,21.3855339059327,-19.));
#2450=CARTESIAN_POINT('',(-18.1855339059327,21.85,4.5));
#2451=CARTESIAN_POINT('',(-18.1855339059327,21.85,-19.));
#2452=CARTESIAN_POINT('',(-18.1855339059327,27.85,4.5));
#2453=CARTESIAN_POINT('Origin',(-13.1855339059327,21.85,-19.));
#2454=CARTESIAN_POINT('',(-13.1855339059327,26.85,-19.));
#2455=CARTESIAN_POINT('Origin',(-13.1855339059327,21.85,4.5));
#2456=CARTESIAN_POINT('Origin',(-13.1855339059327,26.85,-19.));
#2457=CARTESIAN_POINT('',(17.775,26.85,-19.));
#2458=CARTESIAN_POINT('Origin',(17.775,17.85,-19.));
#2459=CARTESIAN_POINT('Origin',(21.775,-0.625000000000003,-19.));
#2460=CARTESIAN_POINT('',(21.775,-5.625,-19.));
#2461=CARTESIAN_POINT('Origin',(21.775,-5.625,-19.));
#2462=CARTESIAN_POINT('',(21.225,-5.625,-19.));
#2463=CARTESIAN_POINT('Origin',(27.775,-17.85,-19.));
#2464=CARTESIAN_POINT('Origin',(21.225,-8.75,-19.));
#2465=CARTESIAN_POINT('',(21.225,-11.875,-19.));
#2466=CARTESIAN_POINT('Origin',(21.225,-11.875,-19.));
#2467=CARTESIAN_POINT('',(21.775,-11.875,-19.));
#2468=CARTESIAN_POINT('Origin',(21.775,-16.875,-19.));
#2469=CARTESIAN_POINT('',(26.775,-16.875,-19.));
#2470=CARTESIAN_POINT('Origin',(26.775,-16.875,-19.));
#2471=CARTESIAN_POINT('',(26.775,-17.85,-19.));
#2472=CARTESIAN_POINT('Origin',(17.775,-17.85,-19.));
#2473=CARTESIAN_POINT('',(17.775,-26.85,-19.));
#2474=CARTESIAN_POINT('Origin',(17.775,-26.85,-19.));
#2475=CARTESIAN_POINT('',(-17.775,-26.85,-19.));
#2476=CARTESIAN_POINT('Origin',(-17.775,-17.85,-19.));
#2477=CARTESIAN_POINT('Origin',(21.225,-8.75,-19.));
#2478=CARTESIAN_POINT('',(19.875,-8.75,-19.));
#2479=CARTESIAN_POINT('Origin',(-21.3105339059327,21.3855339059327,-19.));
#2480=CARTESIAN_POINT('',(-22.6605339059327,21.3855339059327,4.5));
#2481=CARTESIAN_POINT('Origin',(-21.3105339059327,21.3855339059327,4.5));
#2482=CARTESIAN_POINT('',(-22.6605339059327,21.3855339059327,-19.));
#2483=CARTESIAN_POINT('Origin',(4.44089209850063E-15,0.,4.5));
#2484=UNCERTAINTY_MEASURE_WITH_UNIT(LENGTH_MEASURE(0.01),#2488,
'DISTANCE_ACCURACY_VALUE',
'Maximum model space distance between geometric entities at asserted c
onnectivities');
#2485=UNCERTAINTY_MEASURE_WITH_UNIT(LENGTH_MEASURE(0.01),#2488,
'DISTANCE_ACCURACY_VALUE',
'Maximum model space distance between geometric entities at asserted c
onnectivities');
#2486=(
GEOMETRIC_REPRESENTATION_CONTEXT(3)
GLOBAL_UNCERTAINTY_ASSIGNED_CONTEXT((#2484))
GLOBAL_UNIT_ASSIGNED_CONTEXT((#2488,#2490,#2491))
REPRESENTATION_CONTEXT('','3D')
);
#2487=(
GEOMETRIC_REPRESENTATION_CONTEXT(3)
GLOBAL_UNCERTAINTY_ASSIGNED_CONTEXT((#2485))
GLOBAL_UNIT_ASSIGNED_CONTEXT((#2488,#2490,#2491))
REPRESENTATION_CONTEXT('','3D')
);
#2488=(
LENGTH_UNIT()
NAMED_UNIT(*)
SI_UNIT(.MILLI.,.METRE.)
);
#2489=(
LENGTH_UNIT()
NAMED_UNIT(*)
SI_UNIT($,.METRE.)
);
#2490=(
NAMED_UNIT(*)
PLANE_ANGLE_UNIT()
SI_UNIT($,.RADIAN.)
);
#2491=(
NAMED_UNIT(*)
SI_UNIT($,.STERADIAN.)
SOLID_ANGLE_UNIT()
);
#2492=SHAPE_DEFINITION_REPRESENTATION(#2493,#2494);
#2493=PRODUCT_DEFINITION_SHAPE('',$,#2496);
#2494=SHAPE_REPRESENTATION('',(#1506),#2486);
#2495=PRODUCT_DEFINITION_CONTEXT('part definition',#2500,'design');
#2496=PRODUCT_DEFINITION('PlayDate','PlayDate v12',#2497,#2495);
#2497=PRODUCT_DEFINITION_FORMATION('',$,#2502);
#2498=PRODUCT_RELATED_PRODUCT_CATEGORY('PlayDate v12','PlayDate v12',(#2502));
#2499=APPLICATION_PROTOCOL_DEFINITION('international standard',
'automotive_design',2009,#2500);
#2500=APPLICATION_CONTEXT(
'Core Data for Automotive Mechanical Design Process');
#2501=PRODUCT_CONTEXT('part definition',#2500,'mechanical');
#2502=PRODUCT('PlayDate','PlayDate v12',$,(#2501));
#2503=PRESENTATION_STYLE_ASSIGNMENT((#2508));
#2504=PRESENTATION_STYLE_ASSIGNMENT((#2509));
#2505=PRESENTATION_STYLE_ASSIGNMENT((#2510));
#2506=PRESENTATION_STYLE_ASSIGNMENT((#2511));
#2507=PRESENTATION_STYLE_ASSIGNMENT((#2512));
#2508=SURFACE_STYLE_USAGE(.BOTH.,#2513);
#2509=SURFACE_STYLE_USAGE(.BOTH.,#2514);
#2510=SURFACE_STYLE_USAGE(.BOTH.,#2515);
#2511=SURFACE_STYLE_USAGE(.BOTH.,#2516);
#2512=SURFACE_STYLE_USAGE(.BOTH.,#2517);
#2513=SURFACE_SIDE_STYLE('',(#2518));
#2514=SURFACE_SIDE_STYLE('',(#2519));
#2515=SURFACE_SIDE_STYLE('',(#2520));
#2516=SURFACE_SIDE_STYLE('',(#2521));
#2517=SURFACE_SIDE_STYLE('',(#2522));
#2518=SURFACE_STYLE_FILL_AREA(#2523);
#2519=SURFACE_STYLE_FILL_AREA(#2524);
#2520=SURFACE_STYLE_FILL_AREA(#2525);
#2521=SURFACE_STYLE_FILL_AREA(#2526);
#2522=SURFACE_STYLE_FILL_AREA(#2527);
#2523=FILL_AREA_STYLE('Steel - Satin',(#2528));
#2524=FILL_AREA_STYLE('ABS (White)',(#2529));
#2525=FILL_AREA_STYLE('ABS (White)',(#2530));
#2526=FILL_AREA_STYLE('ABS (White)',(#2531));
#2527=FILL_AREA_STYLE('ABS (White)',(#2532));
#2528=FILL_AREA_STYLE_COLOUR('Steel - Satin',#2533);
#2529=FILL_AREA_STYLE_COLOUR('ABS (White)',#2534);
#2530=FILL_AREA_STYLE_COLOUR('ABS (White)',#2535);
#2531=FILL_AREA_STYLE_COLOUR('ABS (White)',#2536);
#2532=FILL_AREA_STYLE_COLOUR('ABS (White)',#2537);
#2533=COLOUR_RGB('Steel - Satin',0.627450980392157,0.627450980392157,0.627450980392157);
#2534=COLOUR_RGB('ABS (White)',0.886274509803922,0.549019607843137,0.235294117647059);
#2535=COLOUR_RGB('ABS (White)',0.913725490196078,0.913725490196078,0.913725490196078);
#2536=COLOUR_RGB('ABS (White)',0.850980392156863,0.76078431372549,0.36078431372549);
#2537=COLOUR_RGB('ABS (White)',0.529411764705882,0.333333333333333,0.152941176470588);
ENDSEC;
END-ISO-10303-21;
