ISO-10303-21;
HEADER;
/* Generated by software containing ST-Developer
 * from STEP Tools, Inc. (www.steptools.com) 
 */

FILE_DESCRIPTION(
/* description */ (''),
/* implementation_level */ '2;1');

FILE_NAME(
/* name */ 'PlayDate top.step',
/* time_stamp */ '2026-08-20T15:18:27-07:00',
/* author */ (''),
/* organization */ (''),
/* preprocessor_version */ 'ST-DEVELOPER v20.1',
/* originating_system */ 'Autodesk Translation Framework v15.8.0.0',
/* authorisation */ '');

FILE_SCHEMA (('AUTOMOTIVE_DESIGN { 1 0 10303 214 3 1 1 }'));
ENDSEC;

DATA;
#10=MECHANICAL_DESIGN_GEOMETRIC_PRESENTATION_REPRESENTATION('',(#13,#14,
#15,#16,#17,#18,#19,#20,#21,#22),#7731);
#11=SHAPE_REPRESENTATION_RELATIONSHIP('SRR','None',#7738,#12);
#12=ADVANCED_BREP_SHAPE_REPRESENTATION('',(#23,#24,#25,#26,#27,#28,#29,
#30,#31,#32),#7730);
#13=STYLED_ITEM('',(#7748),#23);
#14=STYLED_ITEM('',(#7749),#24);
#15=STYLED_ITEM('',(#7749),#25);
#16=STYLED_ITEM('',(#7749),#26);
#17=STYLED_ITEM('',(#7749),#27);
#18=STYLED_ITEM('',(#7749),#28);
#19=STYLED_ITEM('',(#7749),#29);
#20=STYLED_ITEM('',(#7749),#30);
#21=STYLED_ITEM('',(#7749),#31);
#22=STYLED_ITEM('',(#7749),#32);
#23=MANIFOLD_SOLID_BREP('Body3',#4788);
#24=MANIFOLD_SOLID_BREP('Body6',#4789);
#25=MANIFOLD_SOLID_BREP('Body7',#4790);
#26=MANIFOLD_SOLID_BREP('Body8',#4791);
#27=MANIFOLD_SOLID_BREP('Body9',#4792);
#28=MANIFOLD_SOLID_BREP('Body10',#4793);
#29=MANIFOLD_SOLID_BREP('Body12',#4794);
#30=MANIFOLD_SOLID_BREP('Body13',#4795);
#31=MANIFOLD_SOLID_BREP('Body14',#4796);
#32=MANIFOLD_SOLID_BREP('Body15',#4797);
#33=FACE_BOUND('',#403,.T.);
#34=FACE_BOUND('',#404,.T.);
#35=FACE_BOUND('',#405,.T.);
#36=FACE_BOUND('',#406,.T.);
#37=FACE_BOUND('',#409,.T.);
#38=FACE_BOUND('',#410,.T.);
#39=FACE_BOUND('',#411,.T.);
#40=FACE_BOUND('',#412,.T.);
#41=FACE_BOUND('',#413,.T.);
#42=FACE_BOUND('',#414,.T.);
#43=FACE_BOUND('',#415,.T.);
#44=FACE_BOUND('',#416,.T.);
#45=FACE_BOUND('',#417,.T.);
#46=FACE_BOUND('',#418,.T.);
#47=FACE_BOUND('',#419,.T.);
#48=FACE_BOUND('',#420,.T.);
#49=FACE_BOUND('',#510,.T.);
#50=FACE_BOUND('',#548,.T.);
#51=FACE_BOUND('',#550,.T.);
#52=FACE_BOUND('',#636,.T.);
#53=FACE_BOUND('',#638,.T.);
#54=CYLINDRICAL_SURFACE('',#4828,1.);
#55=CYLINDRICAL_SURFACE('',#4831,1.);
#56=CYLINDRICAL_SURFACE('',#4833,3.125);
#57=CYLINDRICAL_SURFACE('',#4837,2.5);
#58=CYLINDRICAL_SURFACE('',#4840,2.5);
#59=CYLINDRICAL_SURFACE('',#4971,10.);
#60=CYLINDRICAL_SURFACE('',#4974,10.);
#61=CYLINDRICAL_SURFACE('',#4987,10.);
#62=CYLINDRICAL_SURFACE('',#4989,10.);
#63=CYLINDRICAL_SURFACE('',#4990,1.35);
#64=CYLINDRICAL_SURFACE('',#4992,1.35);
#65=CYLINDRICAL_SURFACE('',#4997,3.125);
#66=B_SPLINE_CURVE_WITH_KNOTS('',3,(#6389,#6390,#6391,#6392,#6393,#6394,
#6395,#6396,#6397,#6398,#6399,#6400,#6401,#6402,#6403,#6404,#6405,#6406),
 .UNSPECIFIED.,.F.,.F.,(4,2,2,2,2,2,2,2,4),(0.0299350634835268,0.183996968890778,
0.288165133625313,0.362901704350065,0.429698159689397,0.499022094385186,
0.584811509668362,0.716139522455833,0.816939434857373),.UNSPECIFIED.);
#67=B_SPLINE_CURVE_WITH_KNOTS('',3,(#6408,#6409,#6410,#6411,#6412),
 .UNSPECIFIED.,.F.,.F.,(4,1,4),(-0.154457397119326,0.248337843243672,0.785398163397449),
 .UNSPECIFIED.);
#68=B_SPLINE_CURVE_WITH_KNOTS('',3,(#6430,#6431,#6432,#6433,#6434,#6435,
#6436),.UNSPECIFIED.,.F.,.F.,(4,3,4),(0.,0.0159114979064741,0.0295753803068159),
 .UNSPECIFIED.);
#69=B_SPLINE_CURVE_WITH_KNOTS('',3,(#6437,#6438,#6439,#6440),
 .UNSPECIFIED.,.F.,.F.,(4,4),(-2.71625,-2.71192633013575),.UNSPECIFIED.);
#70=B_SPLINE_SURFACE_WITH_KNOTS('',3,3,((#6368,#6369,#6370,#6371,#6372),
(#6373,#6374,#6375,#6376,#6377),(#6378,#6379,#6380,#6381,#6382),(#6383,
#6384,#6385,#6386,#6387)),.UNSPECIFIED.,.F.,.F.,.F.,(4,4),(4,1,4),(0.,1.),
(-0.154457397119326,0.248337843243672,0.78539816372767),.UNSPECIFIED.);
#71=B_SPLINE_SURFACE_WITH_KNOTS('',3,3,((#6414,#6415,#6416,#6417),(#6418,
#6419,#6420,#6421),(#6422,#6423,#6424,#6425),(#6426,#6427,#6428,#6429)),
 .UNSPECIFIED.,.F.,.F.,.F.,(4,4),(4,4),(0.,1.),(-2.71625,-2.71192633013575),
 .UNSPECIFIED.);
#72=CIRCLE('',#4813,5.5);
#73=CIRCLE('',#4814,2.5);
#74=CIRCLE('',#4817,1.);
#75=CIRCLE('',#4818,4.);
#76=CIRCLE('',#4821,1.);
#77=CIRCLE('',#4822,4.);
#78=CIRCLE('',#4825,2.5);
#79=CIRCLE('',#4826,5.5);
#80=CIRCLE('',#4829,1.);
#81=CIRCLE('',#4832,1.);
#82=CIRCLE('',#4834,3.125);
#83=CIRCLE('',#4835,3.125);
#84=CIRCLE('',#4836,3.125);
#85=CIRCLE('',#4838,2.5);
#86=CIRCLE('',#4841,2.5);
#87=CIRCLE('',#4844,9.00000000000001);
#88=CIRCLE('',#4845,9.);
#89=CIRCLE('',#4846,9.);
#90=CIRCLE('',#4847,9.00000000000001);
#91=CIRCLE('',#4848,1.35);
#92=CIRCLE('',#4849,1.35);
#93=CIRCLE('',#4850,3.6);
#94=CIRCLE('',#4852,7.6);
#95=CIRCLE('',#4854,9.00000000000001);
#96=CIRCLE('',#4855,9.);
#97=CIRCLE('',#4856,9.);
#98=CIRCLE('',#4857,9.00000000000001);
#99=CIRCLE('',#4858,3.125);
#100=CIRCLE('',#4961,10.);
#101=CIRCLE('',#4964,10.);
#102=CIRCLE('',#4967,10.);
#103=CIRCLE('',#4970,10.);
#104=CIRCLE('',#4972,10.);
#105=CIRCLE('',#4975,10.);
#106=CIRCLE('',#4979,10.);
#107=CIRCLE('',#4982,10.);
#108=CIRCLE('',#4991,1.35);
#109=CIRCLE('',#4993,1.35);
#110=CIRCLE('',#4996,3.125);
#111=CONICAL_SURFACE('',#4812,4.,0.785398163397448);
#112=CONICAL_SURFACE('',#4816,2.5,0.785398163397448);
#113=CONICAL_SURFACE('',#4820,2.5,0.785398163397448);
#114=CONICAL_SURFACE('',#4824,4.,0.785398163397449);
#115=CONICAL_SURFACE('',#4851,5.6,0.785398163397449);
#116=CONICAL_SURFACE('',#4960,9.50000000000001,0.785398163397448);
#117=CONICAL_SURFACE('',#4963,9.5,0.785398163397448);
#118=CONICAL_SURFACE('',#4966,9.5,0.785398163397448);
#119=CONICAL_SURFACE('',#4969,9.50000000000001,0.785398163397447);
#120=CONICAL_SURFACE('',#4978,9.50000000000001,0.785398163397448);
#121=CONICAL_SURFACE('',#4981,9.5,0.785398163397448);
#122=CONICAL_SURFACE('',#4984,9.5,0.785398163397448);
#123=CONICAL_SURFACE('',#4986,9.50000000000001,0.785398163397447);
#124=FACE_OUTER_BOUND('',#383,.T.);
#125=FACE_OUTER_BOUND('',#384,.T.);
#126=FACE_OUTER_BOUND('',#385,.T.);
#127=FACE_OUTER_BOUND('',#386,.T.);
#128=FACE_OUTER_BOUND('',#387,.T.);
#129=FACE_OUTER_BOUND('',#388,.T.);
#130=FACE_OUTER_BOUND('',#389,.T.);
#131=FACE_OUTER_BOUND('',#390,.T.);
#132=FACE_OUTER_BOUND('',#391,.T.);
#133=FACE_OUTER_BOUND('',#392,.T.);
#134=FACE_OUTER_BOUND('',#393,.T.);
#135=FACE_OUTER_BOUND('',#394,.T.);
#136=FACE_OUTER_BOUND('',#395,.T.);
#137=FACE_OUTER_BOUND('',#396,.T.);
#138=FACE_OUTER_BOUND('',#397,.T.);
#139=FACE_OUTER_BOUND('',#398,.T.);
#140=FACE_OUTER_BOUND('',#399,.T.);
#141=FACE_OUTER_BOUND('',#400,.T.);
#142=FACE_OUTER_BOUND('',#401,.T.);
#143=FACE_OUTER_BOUND('',#402,.T.);
#144=FACE_OUTER_BOUND('',#407,.T.);
#145=FACE_OUTER_BOUND('',#408,.T.);
#146=FACE_OUTER_BOUND('',#421,.T.);
#147=FACE_OUTER_BOUND('',#422,.T.);
#148=FACE_OUTER_BOUND('',#423,.T.);
#149=FACE_OUTER_BOUND('',#424,.T.);
#150=FACE_OUTER_BOUND('',#425,.T.);
#151=FACE_OUTER_BOUND('',#426,.T.);
#152=FACE_OUTER_BOUND('',#427,.T.);
#153=FACE_OUTER_BOUND('',#428,.T.);
#154=FACE_OUTER_BOUND('',#429,.T.);
#155=FACE_OUTER_BOUND('',#430,.T.);
#156=FACE_OUTER_BOUND('',#431,.T.);
#157=FACE_OUTER_BOUND('',#432,.T.);
#158=FACE_OUTER_BOUND('',#433,.T.);
#159=FACE_OUTER_BOUND('',#434,.T.);
#160=FACE_OUTER_BOUND('',#435,.T.);
#161=FACE_OUTER_BOUND('',#436,.T.);
#162=FACE_OUTER_BOUND('',#437,.T.);
#163=FACE_OUTER_BOUND('',#438,.T.);
#164=FACE_OUTER_BOUND('',#439,.T.);
#165=FACE_OUTER_BOUND('',#440,.T.);
#166=FACE_OUTER_BOUND('',#441,.T.);
#167=FACE_OUTER_BOUND('',#442,.T.);
#168=FACE_OUTER_BOUND('',#443,.T.);
#169=FACE_OUTER_BOUND('',#444,.T.);
#170=FACE_OUTER_BOUND('',#445,.T.);
#171=FACE_OUTER_BOUND('',#446,.T.);
#172=FACE_OUTER_BOUND('',#447,.T.);
#173=FACE_OUTER_BOUND('',#448,.T.);
#174=FACE_OUTER_BOUND('',#449,.T.);
#175=FACE_OUTER_BOUND('',#450,.T.);
#176=FACE_OUTER_BOUND('',#451,.T.);
#177=FACE_OUTER_BOUND('',#452,.T.);
#178=FACE_OUTER_BOUND('',#453,.T.);
#179=FACE_OUTER_BOUND('',#454,.T.);
#180=FACE_OUTER_BOUND('',#455,.T.);
#181=FACE_OUTER_BOUND('',#456,.T.);
#182=FACE_OUTER_BOUND('',#457,.T.);
#183=FACE_OUTER_BOUND('',#458,.T.);
#184=FACE_OUTER_BOUND('',#459,.T.);
#185=FACE_OUTER_BOUND('',#460,.T.);
#186=FACE_OUTER_BOUND('',#461,.T.);
#187=FACE_OUTER_BOUND('',#462,.T.);
#188=FACE_OUTER_BOUND('',#463,.T.);
#189=FACE_OUTER_BOUND('',#464,.T.);
#190=FACE_OUTER_BOUND('',#465,.T.);
#191=FACE_OUTER_BOUND('',#466,.T.);
#192=FACE_OUTER_BOUND('',#467,.T.);
#193=FACE_OUTER_BOUND('',#468,.T.);
#194=FACE_OUTER_BOUND('',#469,.T.);
#195=FACE_OUTER_BOUND('',#470,.T.);
#196=FACE_OUTER_BOUND('',#471,.T.);
#197=FACE_OUTER_BOUND('',#472,.T.);
#198=FACE_OUTER_BOUND('',#473,.T.);
#199=FACE_OUTER_BOUND('',#474,.T.);
#200=FACE_OUTER_BOUND('',#475,.T.);
#201=FACE_OUTER_BOUND('',#476,.T.);
#202=FACE_OUTER_BOUND('',#477,.T.);
#203=FACE_OUTER_BOUND('',#478,.T.);
#204=FACE_OUTER_BOUND('',#479,.T.);
#205=FACE_OUTER_BOUND('',#480,.T.);
#206=FACE_OUTER_BOUND('',#481,.T.);
#207=FACE_OUTER_BOUND('',#482,.T.);
#208=FACE_OUTER_BOUND('',#483,.T.);
#209=FACE_OUTER_BOUND('',#484,.T.);
#210=FACE_OUTER_BOUND('',#485,.T.);
#211=FACE_OUTER_BOUND('',#486,.T.);
#212=FACE_OUTER_BOUND('',#487,.T.);
#213=FACE_OUTER_BOUND('',#488,.T.);
#214=FACE_OUTER_BOUND('',#489,.T.);
#215=FACE_OUTER_BOUND('',#490,.T.);
#216=FACE_OUTER_BOUND('',#491,.T.);
#217=FACE_OUTER_BOUND('',#492,.T.);
#218=FACE_OUTER_BOUND('',#493,.T.);
#219=FACE_OUTER_BOUND('',#494,.T.);
#220=FACE_OUTER_BOUND('',#495,.T.);
#221=FACE_OUTER_BOUND('',#496,.T.);
#222=FACE_OUTER_BOUND('',#497,.T.);
#223=FACE_OUTER_BOUND('',#498,.T.);
#224=FACE_OUTER_BOUND('',#499,.T.);
#225=FACE_OUTER_BOUND('',#500,.T.);
#226=FACE_OUTER_BOUND('',#501,.T.);
#227=FACE_OUTER_BOUND('',#502,.T.);
#228=FACE_OUTER_BOUND('',#503,.T.);
#229=FACE_OUTER_BOUND('',#504,.T.);
#230=FACE_OUTER_BOUND('',#505,.T.);
#231=FACE_OUTER_BOUND('',#506,.T.);
#232=FACE_OUTER_BOUND('',#507,.T.);
#233=FACE_OUTER_BOUND('',#508,.T.);
#234=FACE_OUTER_BOUND('',#509,.T.);
#235=FACE_OUTER_BOUND('',#511,.T.);
#236=FACE_OUTER_BOUND('',#512,.T.);
#237=FACE_OUTER_BOUND('',#513,.T.);
#238=FACE_OUTER_BOUND('',#514,.T.);
#239=FACE_OUTER_BOUND('',#515,.T.);
#240=FACE_OUTER_BOUND('',#516,.T.);
#241=FACE_OUTER_BOUND('',#517,.T.);
#242=FACE_OUTER_BOUND('',#518,.T.);
#243=FACE_OUTER_BOUND('',#519,.T.);
#244=FACE_OUTER_BOUND('',#520,.T.);
#245=FACE_OUTER_BOUND('',#521,.T.);
#246=FACE_OUTER_BOUND('',#522,.T.);
#247=FACE_OUTER_BOUND('',#523,.T.);
#248=FACE_OUTER_BOUND('',#524,.T.);
#249=FACE_OUTER_BOUND('',#525,.T.);
#250=FACE_OUTER_BOUND('',#526,.T.);
#251=FACE_OUTER_BOUND('',#527,.T.);
#252=FACE_OUTER_BOUND('',#528,.T.);
#253=FACE_OUTER_BOUND('',#529,.T.);
#254=FACE_OUTER_BOUND('',#530,.T.);
#255=FACE_OUTER_BOUND('',#531,.T.);
#256=FACE_OUTER_BOUND('',#532,.T.);
#257=FACE_OUTER_BOUND('',#533,.T.);
#258=FACE_OUTER_BOUND('',#534,.T.);
#259=FACE_OUTER_BOUND('',#535,.T.);
#260=FACE_OUTER_BOUND('',#536,.T.);
#261=FACE_OUTER_BOUND('',#537,.T.);
#262=FACE_OUTER_BOUND('',#538,.T.);
#263=FACE_OUTER_BOUND('',#539,.T.);
#264=FACE_OUTER_BOUND('',#540,.T.);
#265=FACE_OUTER_BOUND('',#541,.T.);
#266=FACE_OUTER_BOUND('',#542,.T.);
#267=FACE_OUTER_BOUND('',#543,.T.);
#268=FACE_OUTER_BOUND('',#544,.T.);
#269=FACE_OUTER_BOUND('',#545,.T.);
#270=FACE_OUTER_BOUND('',#546,.T.);
#271=FACE_OUTER_BOUND('',#547,.T.);
#272=FACE_OUTER_BOUND('',#549,.T.);
#273=FACE_OUTER_BOUND('',#551,.T.);
#274=FACE_OUTER_BOUND('',#552,.T.);
#275=FACE_OUTER_BOUND('',#553,.T.);
#276=FACE_OUTER_BOUND('',#554,.T.);
#277=FACE_OUTER_BOUND('',#555,.T.);
#278=FACE_OUTER_BOUND('',#556,.T.);
#279=FACE_OUTER_BOUND('',#557,.T.);
#280=FACE_OUTER_BOUND('',#558,.T.);
#281=FACE_OUTER_BOUND('',#559,.T.);
#282=FACE_OUTER_BOUND('',#560,.T.);
#283=FACE_OUTER_BOUND('',#561,.T.);
#284=FACE_OUTER_BOUND('',#562,.T.);
#285=FACE_OUTER_BOUND('',#563,.T.);
#286=FACE_OUTER_BOUND('',#564,.T.);
#287=FACE_OUTER_BOUND('',#565,.T.);
#288=FACE_OUTER_BOUND('',#566,.T.);
#289=FACE_OUTER_BOUND('',#567,.T.);
#290=FACE_OUTER_BOUND('',#568,.T.);
#291=FACE_OUTER_BOUND('',#569,.T.);
#292=FACE_OUTER_BOUND('',#570,.T.);
#293=FACE_OUTER_BOUND('',#571,.T.);
#294=FACE_OUTER_BOUND('',#572,.T.);
#295=FACE_OUTER_BOUND('',#573,.T.);
#296=FACE_OUTER_BOUND('',#574,.T.);
#297=FACE_OUTER_BOUND('',#575,.T.);
#298=FACE_OUTER_BOUND('',#576,.T.);
#299=FACE_OUTER_BOUND('',#577,.T.);
#300=FACE_OUTER_BOUND('',#578,.T.);
#301=FACE_OUTER_BOUND('',#579,.T.);
#302=FACE_OUTER_BOUND('',#580,.T.);
#303=FACE_OUTER_BOUND('',#581,.T.);
#304=FACE_OUTER_BOUND('',#582,.T.);
#305=FACE_OUTER_BOUND('',#583,.T.);
#306=FACE_OUTER_BOUND('',#584,.T.);
#307=FACE_OUTER_BOUND('',#585,.T.);
#308=FACE_OUTER_BOUND('',#586,.T.);
#309=FACE_OUTER_BOUND('',#587,.T.);
#310=FACE_OUTER_BOUND('',#588,.T.);
#311=FACE_OUTER_BOUND('',#589,.T.);
#312=FACE_OUTER_BOUND('',#590,.T.);
#313=FACE_OUTER_BOUND('',#591,.T.);
#314=FACE_OUTER_BOUND('',#592,.T.);
#315=FACE_OUTER_BOUND('',#593,.T.);
#316=FACE_OUTER_BOUND('',#594,.T.);
#317=FACE_OUTER_BOUND('',#595,.T.);
#318=FACE_OUTER_BOUND('',#596,.T.);
#319=FACE_OUTER_BOUND('',#597,.T.);
#320=FACE_OUTER_BOUND('',#598,.T.);
#321=FACE_OUTER_BOUND('',#599,.T.);
#322=FACE_OUTER_BOUND('',#600,.T.);
#323=FACE_OUTER_BOUND('',#601,.T.);
#324=FACE_OUTER_BOUND('',#602,.T.);
#325=FACE_OUTER_BOUND('',#603,.T.);
#326=FACE_OUTER_BOUND('',#604,.T.);
#327=FACE_OUTER_BOUND('',#605,.T.);
#328=FACE_OUTER_BOUND('',#606,.T.);
#329=FACE_OUTER_BOUND('',#607,.T.);
#330=FACE_OUTER_BOUND('',#608,.T.);
#331=FACE_OUTER_BOUND('',#609,.T.);
#332=FACE_OUTER_BOUND('',#610,.T.);
#333=FACE_OUTER_BOUND('',#611,.T.);
#334=FACE_OUTER_BOUND('',#612,.T.);
#335=FACE_OUTER_BOUND('',#613,.T.);
#336=FACE_OUTER_BOUND('',#614,.T.);
#337=FACE_OUTER_BOUND('',#615,.T.);
#338=FACE_OUTER_BOUND('',#616,.T.);
#339=FACE_OUTER_BOUND('',#617,.T.);
#340=FACE_OUTER_BOUND('',#618,.T.);
#341=FACE_OUTER_BOUND('',#619,.T.);
#342=FACE_OUTER_BOUND('',#620,.T.);
#343=FACE_OUTER_BOUND('',#621,.T.);
#344=FACE_OUTER_BOUND('',#622,.T.);
#345=FACE_OUTER_BOUND('',#623,.T.);
#346=FACE_OUTER_BOUND('',#624,.T.);
#347=FACE_OUTER_BOUND('',#625,.T.);
#348=FACE_OUTER_BOUND('',#626,.T.);
#349=FACE_OUTER_BOUND('',#627,.T.);
#350=FACE_OUTER_BOUND('',#628,.T.);
#351=FACE_OUTER_BOUND('',#629,.T.);
#352=FACE_OUTER_BOUND('',#630,.T.);
#353=FACE_OUTER_BOUND('',#631,.T.);
#354=FACE_OUTER_BOUND('',#632,.T.);
#355=FACE_OUTER_BOUND('',#633,.T.);
#356=FACE_OUTER_BOUND('',#634,.T.);
#357=FACE_OUTER_BOUND('',#635,.T.);
#358=FACE_OUTER_BOUND('',#637,.T.);
#359=FACE_OUTER_BOUND('',#639,.T.);
#360=FACE_OUTER_BOUND('',#640,.T.);
#361=FACE_OUTER_BOUND('',#641,.T.);
#362=FACE_OUTER_BOUND('',#642,.T.);
#363=FACE_OUTER_BOUND('',#643,.T.);
#364=FACE_OUTER_BOUND('',#644,.T.);
#365=FACE_OUTER_BOUND('',#645,.T.);
#366=FACE_OUTER_BOUND('',#646,.T.);
#367=FACE_OUTER_BOUND('',#647,.T.);
#368=FACE_OUTER_BOUND('',#648,.T.);
#369=FACE_OUTER_BOUND('',#649,.T.);
#370=FACE_OUTER_BOUND('',#650,.T.);
#371=FACE_OUTER_BOUND('',#651,.T.);
#372=FACE_OUTER_BOUND('',#652,.T.);
#373=FACE_OUTER_BOUND('',#653,.T.);
#374=FACE_OUTER_BOUND('',#654,.T.);
#375=FACE_OUTER_BOUND('',#655,.T.);
#376=FACE_OUTER_BOUND('',#656,.T.);
#377=FACE_OUTER_BOUND('',#657,.T.);
#378=FACE_OUTER_BOUND('',#658,.T.);
#379=FACE_OUTER_BOUND('',#659,.T.);
#380=FACE_OUTER_BOUND('',#660,.T.);
#381=FACE_OUTER_BOUND('',#661,.T.);
#382=FACE_OUTER_BOUND('',#662,.T.);
#383=EDGE_LOOP('',(#2981,#2982,#2983,#2984));
#384=EDGE_LOOP('',(#2985,#2986,#2987,#2988));
#385=EDGE_LOOP('',(#2989,#2990,#2991,#2992));
#386=EDGE_LOOP('',(#2993,#2994,#2995,#2996));
#387=EDGE_LOOP('',(#2997,#2998,#2999,#3000));
#388=EDGE_LOOP('',(#3001,#3002,#3003,#3004));
#389=EDGE_LOOP('',(#3005,#3006,#3007,#3008));
#390=EDGE_LOOP('',(#3009,#3010,#3011,#3012));
#391=EDGE_LOOP('',(#3013,#3014,#3015,#3016));
#392=EDGE_LOOP('',(#3017,#3018,#3019,#3020));
#393=EDGE_LOOP('',(#3021,#3022,#3023,#3024));
#394=EDGE_LOOP('',(#3025,#3026,#3027,#3028));
#395=EDGE_LOOP('',(#3029,#3030,#3031,#3032));
#396=EDGE_LOOP('',(#3033,#3034,#3035,#3036));
#397=EDGE_LOOP('',(#3037,#3038,#3039,#3040,#3041,#3042,#3043));
#398=EDGE_LOOP('',(#3044,#3045,#3046,#3047));
#399=EDGE_LOOP('',(#3048,#3049,#3050,#3051));
#400=EDGE_LOOP('',(#3052,#3053,#3054,#3055,#3056));
#401=EDGE_LOOP('',(#3057,#3058,#3059,#3060,#3061));
#402=EDGE_LOOP('',(#3062,#3063,#3064,#3065,#3066,#3067,#3068,#3069));
#403=EDGE_LOOP('',(#3070));
#404=EDGE_LOOP('',(#3071));
#405=EDGE_LOOP('',(#3072));
#406=EDGE_LOOP('',(#3073,#3074,#3075,#3076,#3077,#3078,#3079,#3080));
#407=EDGE_LOOP('',(#3081,#3082,#3083,#3084));
#408=EDGE_LOOP('',(#3085,#3086,#3087,#3088,#3089,#3090,#3091,#3092));
#409=EDGE_LOOP('',(#3093,#3094,#3095,#3096,#3097,#3098,#3099,#3100,#3101,
#3102));
#410=EDGE_LOOP('',(#3103));
#411=EDGE_LOOP('',(#3104));
#412=EDGE_LOOP('',(#3105,#3106,#3107,#3108));
#413=EDGE_LOOP('',(#3109,#3110,#3111,#3112));
#414=EDGE_LOOP('',(#3113,#3114,#3115,#3116));
#415=EDGE_LOOP('',(#3117,#3118,#3119,#3120));
#416=EDGE_LOOP('',(#3121,#3122,#3123,#3124));
#417=EDGE_LOOP('',(#3125,#3126,#3127,#3128));
#418=EDGE_LOOP('',(#3129,#3130,#3131,#3132,#3133,#3134,#3135,#3136,#3137,
#3138,#3139,#3140,#3141,#3142,#3143,#3144,#3145,#3146,#3147,#3148,#3149,
#3150,#3151,#3152,#3153,#3154,#3155,#3156,#3157,#3158,#3159,#3160,#3161,
#3162,#3163,#3164,#3165,#3166,#3167,#3168,#3169,#3170,#3171,#3172,#3173,
#3174,#3175,#3176,#3177,#3178,#3179,#3180,#3181,#3182));
#419=EDGE_LOOP('',(#3183,#3184,#3185,#3186));
#420=EDGE_LOOP('',(#3187,#3188,#3189,#3190));
#421=EDGE_LOOP('',(#3191,#3192,#3193,#3194));
#422=EDGE_LOOP('',(#3195,#3196,#3197,#3198));
#423=EDGE_LOOP('',(#3199,#3200,#3201,#3202));
#424=EDGE_LOOP('',(#3203,#3204,#3205,#3206));
#425=EDGE_LOOP('',(#3207,#3208,#3209,#3210));
#426=EDGE_LOOP('',(#3211,#3212,#3213,#3214));
#427=EDGE_LOOP('',(#3215,#3216,#3217,#3218));
#428=EDGE_LOOP('',(#3219,#3220,#3221,#3222));
#429=EDGE_LOOP('',(#3223,#3224,#3225,#3226));
#430=EDGE_LOOP('',(#3227,#3228,#3229,#3230));
#431=EDGE_LOOP('',(#3231,#3232,#3233,#3234));
#432=EDGE_LOOP('',(#3235,#3236,#3237,#3238));
#433=EDGE_LOOP('',(#3239,#3240,#3241,#3242));
#434=EDGE_LOOP('',(#3243,#3244,#3245,#3246));
#435=EDGE_LOOP('',(#3247,#3248,#3249,#3250));
#436=EDGE_LOOP('',(#3251,#3252,#3253,#3254));
#437=EDGE_LOOP('',(#3255,#3256,#3257,#3258));
#438=EDGE_LOOP('',(#3259,#3260,#3261,#3262));
#439=EDGE_LOOP('',(#3263,#3264,#3265,#3266));
#440=EDGE_LOOP('',(#3267,#3268,#3269,#3270));
#441=EDGE_LOOP('',(#3271,#3272,#3273,#3274));
#442=EDGE_LOOP('',(#3275,#3276,#3277,#3278));
#443=EDGE_LOOP('',(#3279,#3280,#3281,#3282));
#444=EDGE_LOOP('',(#3283,#3284,#3285,#3286));
#445=EDGE_LOOP('',(#3287,#3288,#3289,#3290));
#446=EDGE_LOOP('',(#3291,#3292,#3293,#3294));
#447=EDGE_LOOP('',(#3295,#3296,#3297,#3298));
#448=EDGE_LOOP('',(#3299,#3300,#3301,#3302));
#449=EDGE_LOOP('',(#3303,#3304,#3305,#3306));
#450=EDGE_LOOP('',(#3307,#3308,#3309,#3310));
#451=EDGE_LOOP('',(#3311,#3312,#3313,#3314));
#452=EDGE_LOOP('',(#3315,#3316,#3317,#3318));
#453=EDGE_LOOP('',(#3319,#3320,#3321,#3322));
#454=EDGE_LOOP('',(#3323,#3324,#3325,#3326));
#455=EDGE_LOOP('',(#3327,#3328,#3329,#3330));
#456=EDGE_LOOP('',(#3331,#3332,#3333,#3334));
#457=EDGE_LOOP('',(#3335,#3336,#3337,#3338));
#458=EDGE_LOOP('',(#3339,#3340,#3341,#3342));
#459=EDGE_LOOP('',(#3343,#3344,#3345,#3346));
#460=EDGE_LOOP('',(#3347,#3348,#3349,#3350));
#461=EDGE_LOOP('',(#3351,#3352,#3353,#3354));
#462=EDGE_LOOP('',(#3355,#3356,#3357,#3358));
#463=EDGE_LOOP('',(#3359,#3360,#3361,#3362));
#464=EDGE_LOOP('',(#3363,#3364,#3365,#3366));
#465=EDGE_LOOP('',(#3367,#3368,#3369,#3370));
#466=EDGE_LOOP('',(#3371,#3372,#3373,#3374));
#467=EDGE_LOOP('',(#3375,#3376,#3377,#3378));
#468=EDGE_LOOP('',(#3379,#3380,#3381,#3382));
#469=EDGE_LOOP('',(#3383,#3384,#3385,#3386));
#470=EDGE_LOOP('',(#3387,#3388,#3389,#3390));
#471=EDGE_LOOP('',(#3391,#3392,#3393,#3394));
#472=EDGE_LOOP('',(#3395,#3396,#3397,#3398));
#473=EDGE_LOOP('',(#3399,#3400,#3401,#3402));
#474=EDGE_LOOP('',(#3403,#3404,#3405,#3406));
#475=EDGE_LOOP('',(#3407,#3408,#3409,#3410));
#476=EDGE_LOOP('',(#3411,#3412,#3413,#3414));
#477=EDGE_LOOP('',(#3415,#3416,#3417,#3418));
#478=EDGE_LOOP('',(#3419,#3420,#3421,#3422));
#479=EDGE_LOOP('',(#3423,#3424,#3425,#3426));
#480=EDGE_LOOP('',(#3427,#3428,#3429,#3430));
#481=EDGE_LOOP('',(#3431,#3432,#3433,#3434));
#482=EDGE_LOOP('',(#3435,#3436,#3437,#3438));
#483=EDGE_LOOP('',(#3439,#3440,#3441,#3442));
#484=EDGE_LOOP('',(#3443,#3444,#3445,#3446));
#485=EDGE_LOOP('',(#3447,#3448,#3449,#3450));
#486=EDGE_LOOP('',(#3451,#3452,#3453,#3454));
#487=EDGE_LOOP('',(#3455,#3456,#3457,#3458));
#488=EDGE_LOOP('',(#3459,#3460,#3461,#3462));
#489=EDGE_LOOP('',(#3463,#3464,#3465,#3466));
#490=EDGE_LOOP('',(#3467,#3468,#3469,#3470));
#491=EDGE_LOOP('',(#3471,#3472,#3473,#3474));
#492=EDGE_LOOP('',(#3475,#3476,#3477,#3478));
#493=EDGE_LOOP('',(#3479,#3480,#3481,#3482));
#494=EDGE_LOOP('',(#3483,#3484,#3485,#3486));
#495=EDGE_LOOP('',(#3487,#3488,#3489,#3490));
#496=EDGE_LOOP('',(#3491,#3492,#3493,#3494));
#497=EDGE_LOOP('',(#3495,#3496,#3497,#3498));
#498=EDGE_LOOP('',(#3499,#3500,#3501,#3502));
#499=EDGE_LOOP('',(#3503,#3504,#3505,#3506));
#500=EDGE_LOOP('',(#3507,#3508,#3509,#3510));
#501=EDGE_LOOP('',(#3511,#3512,#3513,#3514));
#502=EDGE_LOOP('',(#3515,#3516,#3517,#3518));
#503=EDGE_LOOP('',(#3519,#3520,#3521,#3522));
#504=EDGE_LOOP('',(#3523,#3524,#3525,#3526));
#505=EDGE_LOOP('',(#3527,#3528,#3529,#3530));
#506=EDGE_LOOP('',(#3531,#3532,#3533,#3534));
#507=EDGE_LOOP('',(#3535,#3536,#3537,#3538));
#508=EDGE_LOOP('',(#3539,#3540,#3541,#3542));
#509=EDGE_LOOP('',(#3543,#3544,#3545,#3546,#3547,#3548,#3549,#3550,#3551,
#3552,#3553,#3554,#3555,#3556,#3557,#3558,#3559,#3560,#3561,#3562,#3563,
#3564,#3565,#3566,#3567,#3568,#3569,#3570,#3571,#3572,#3573,#3574,#3575,
#3576,#3577,#3578,#3579,#3580,#3581,#3582,#3583,#3584,#3585,#3586,#3587,
#3588,#3589,#3590,#3591,#3592,#3593,#3594,#3595,#3596));
#510=EDGE_LOOP('',(#3597,#3598,#3599,#3600));
#511=EDGE_LOOP('',(#3601,#3602,#3603,#3604));
#512=EDGE_LOOP('',(#3605,#3606,#3607,#3608));
#513=EDGE_LOOP('',(#3609,#3610,#3611,#3612));
#514=EDGE_LOOP('',(#3613,#3614,#3615,#3616));
#515=EDGE_LOOP('',(#3617,#3618,#3619,#3620));
#516=EDGE_LOOP('',(#3621,#3622,#3623,#3624));
#517=EDGE_LOOP('',(#3625,#3626,#3627,#3628));
#518=EDGE_LOOP('',(#3629,#3630,#3631,#3632));
#519=EDGE_LOOP('',(#3633,#3634,#3635,#3636));
#520=EDGE_LOOP('',(#3637,#3638,#3639,#3640));
#521=EDGE_LOOP('',(#3641,#3642,#3643,#3644));
#522=EDGE_LOOP('',(#3645,#3646,#3647,#3648));
#523=EDGE_LOOP('',(#3649,#3650,#3651,#3652));
#524=EDGE_LOOP('',(#3653,#3654,#3655,#3656));
#525=EDGE_LOOP('',(#3657,#3658,#3659,#3660));
#526=EDGE_LOOP('',(#3661,#3662,#3663,#3664));
#527=EDGE_LOOP('',(#3665,#3666,#3667,#3668));
#528=EDGE_LOOP('',(#3669,#3670,#3671,#3672));
#529=EDGE_LOOP('',(#3673,#3674,#3675,#3676));
#530=EDGE_LOOP('',(#3677,#3678,#3679,#3680));
#531=EDGE_LOOP('',(#3681,#3682,#3683,#3684));
#532=EDGE_LOOP('',(#3685,#3686,#3687,#3688));
#533=EDGE_LOOP('',(#3689,#3690,#3691,#3692));
#534=EDGE_LOOP('',(#3693,#3694,#3695,#3696));
#535=EDGE_LOOP('',(#3697,#3698,#3699,#3700));
#536=EDGE_LOOP('',(#3701,#3702,#3703,#3704));
#537=EDGE_LOOP('',(#3705,#3706,#3707,#3708));
#538=EDGE_LOOP('',(#3709,#3710,#3711,#3712));
#539=EDGE_LOOP('',(#3713,#3714,#3715,#3716));
#540=EDGE_LOOP('',(#3717,#3718,#3719,#3720));
#541=EDGE_LOOP('',(#3721,#3722,#3723,#3724));
#542=EDGE_LOOP('',(#3725,#3726,#3727,#3728));
#543=EDGE_LOOP('',(#3729,#3730,#3731,#3732));
#544=EDGE_LOOP('',(#3733,#3734,#3735,#3736));
#545=EDGE_LOOP('',(#3737,#3738,#3739,#3740));
#546=EDGE_LOOP('',(#3741,#3742,#3743,#3744));
#547=EDGE_LOOP('',(#3745));
#548=EDGE_LOOP('',(#3746));
#549=EDGE_LOOP('',(#3747));
#550=EDGE_LOOP('',(#3748));
#551=EDGE_LOOP('',(#3749,#3750,#3751,#3752));
#552=EDGE_LOOP('',(#3753,#3754,#3755,#3756));
#553=EDGE_LOOP('',(#3757,#3758,#3759,#3760));
#554=EDGE_LOOP('',(#3761,#3762,#3763,#3764));
#555=EDGE_LOOP('',(#3765,#3766,#3767,#3768));
#556=EDGE_LOOP('',(#3769,#3770,#3771,#3772));
#557=EDGE_LOOP('',(#3773,#3774,#3775,#3776));
#558=EDGE_LOOP('',(#3777,#3778,#3779,#3780));
#559=EDGE_LOOP('',(#3781,#3782,#3783,#3784));
#560=EDGE_LOOP('',(#3785,#3786,#3787,#3788));
#561=EDGE_LOOP('',(#3789,#3790,#3791,#3792));
#562=EDGE_LOOP('',(#3793,#3794,#3795,#3796));
#563=EDGE_LOOP('',(#3797,#3798,#3799,#3800));
#564=EDGE_LOOP('',(#3801,#3802,#3803,#3804));
#565=EDGE_LOOP('',(#3805,#3806,#3807,#3808));
#566=EDGE_LOOP('',(#3809,#3810,#3811,#3812));
#567=EDGE_LOOP('',(#3813,#3814,#3815,#3816));
#568=EDGE_LOOP('',(#3817,#3818,#3819,#3820));
#569=EDGE_LOOP('',(#3821,#3822,#3823,#3824));
#570=EDGE_LOOP('',(#3825,#3826,#3827,#3828));
#571=EDGE_LOOP('',(#3829,#3830,#3831,#3832));
#572=EDGE_LOOP('',(#3833,#3834,#3835,#3836));
#573=EDGE_LOOP('',(#3837,#3838,#3839,#3840));
#574=EDGE_LOOP('',(#3841,#3842,#3843,#3844));
#575=EDGE_LOOP('',(#3845,#3846,#3847,#3848));
#576=EDGE_LOOP('',(#3849,#3850,#3851,#3852));
#577=EDGE_LOOP('',(#3853,#3854,#3855,#3856));
#578=EDGE_LOOP('',(#3857,#3858,#3859,#3860));
#579=EDGE_LOOP('',(#3861,#3862,#3863,#3864));
#580=EDGE_LOOP('',(#3865,#3866,#3867,#3868));
#581=EDGE_LOOP('',(#3869,#3870,#3871,#3872));
#582=EDGE_LOOP('',(#3873,#3874,#3875,#3876));
#583=EDGE_LOOP('',(#3877,#3878,#3879,#3880));
#584=EDGE_LOOP('',(#3881,#3882,#3883,#3884));
#585=EDGE_LOOP('',(#3885,#3886,#3887,#3888));
#586=EDGE_LOOP('',(#3889,#3890,#3891,#3892));
#587=EDGE_LOOP('',(#3893,#3894,#3895,#3896));
#588=EDGE_LOOP('',(#3897,#3898,#3899,#3900));
#589=EDGE_LOOP('',(#3901,#3902,#3903,#3904));
#590=EDGE_LOOP('',(#3905,#3906,#3907,#3908));
#591=EDGE_LOOP('',(#3909,#3910,#3911,#3912));
#592=EDGE_LOOP('',(#3913,#3914,#3915,#3916));
#593=EDGE_LOOP('',(#3917,#3918,#3919,#3920));
#594=EDGE_LOOP('',(#3921,#3922,#3923,#3924));
#595=EDGE_LOOP('',(#3925,#3926,#3927,#3928));
#596=EDGE_LOOP('',(#3929,#3930,#3931,#3932));
#597=EDGE_LOOP('',(#3933,#3934,#3935,#3936));
#598=EDGE_LOOP('',(#3937,#3938,#3939,#3940));
#599=EDGE_LOOP('',(#3941,#3942,#3943,#3944));
#600=EDGE_LOOP('',(#3945,#3946,#3947,#3948));
#601=EDGE_LOOP('',(#3949,#3950,#3951,#3952));
#602=EDGE_LOOP('',(#3953,#3954,#3955,#3956));
#603=EDGE_LOOP('',(#3957,#3958,#3959,#3960));
#604=EDGE_LOOP('',(#3961,#3962,#3963,#3964));
#605=EDGE_LOOP('',(#3965,#3966,#3967,#3968));
#606=EDGE_LOOP('',(#3969,#3970,#3971,#3972));
#607=EDGE_LOOP('',(#3973,#3974,#3975,#3976));
#608=EDGE_LOOP('',(#3977,#3978,#3979,#3980));
#609=EDGE_LOOP('',(#3981,#3982,#3983,#3984));
#610=EDGE_LOOP('',(#3985,#3986,#3987,#3988));
#611=EDGE_LOOP('',(#3989,#3990,#3991,#3992));
#612=EDGE_LOOP('',(#3993,#3994,#3995,#3996));
#613=EDGE_LOOP('',(#3997,#3998,#3999,#4000));
#614=EDGE_LOOP('',(#4001,#4002,#4003,#4004));
#615=EDGE_LOOP('',(#4005,#4006,#4007,#4008));
#616=EDGE_LOOP('',(#4009,#4010,#4011,#4012));
#617=EDGE_LOOP('',(#4013,#4014,#4015,#4016));
#618=EDGE_LOOP('',(#4017,#4018,#4019,#4020));
#619=EDGE_LOOP('',(#4021,#4022,#4023,#4024));
#620=EDGE_LOOP('',(#4025,#4026,#4027,#4028));
#621=EDGE_LOOP('',(#4029,#4030,#4031,#4032));
#622=EDGE_LOOP('',(#4033,#4034,#4035,#4036));
#623=EDGE_LOOP('',(#4037,#4038,#4039,#4040));
#624=EDGE_LOOP('',(#4041,#4042,#4043,#4044));
#625=EDGE_LOOP('',(#4045,#4046,#4047,#4048));
#626=EDGE_LOOP('',(#4049,#4050,#4051,#4052));
#627=EDGE_LOOP('',(#4053,#4054,#4055,#4056));
#628=EDGE_LOOP('',(#4057,#4058,#4059,#4060));
#629=EDGE_LOOP('',(#4061,#4062,#4063,#4064));
#630=EDGE_LOOP('',(#4065,#4066,#4067,#4068));
#631=EDGE_LOOP('',(#4069,#4070,#4071,#4072));
#632=EDGE_LOOP('',(#4073,#4074,#4075,#4076));
#633=EDGE_LOOP('',(#4077,#4078,#4079,#4080));
#634=EDGE_LOOP('',(#4081,#4082,#4083,#4084));
#635=EDGE_LOOP('',(#4085,#4086,#4087,#4088,#4089,#4090,#4091,#4092,#4093,
#4094,#4095,#4096,#4097,#4098,#4099,#4100,#4101,#4102,#4103,#4104,#4105,
#4106,#4107,#4108,#4109,#4110,#4111,#4112,#4113,#4114,#4115,#4116,#4117,
#4118,#4119,#4120,#4121,#4122,#4123,#4124,#4125,#4126,#4127,#4128,#4129,
#4130,#4131,#4132,#4133,#4134,#4135,#4136,#4137,#4138));
#636=EDGE_LOOP('',(#4139,#4140,#4141,#4142));
#637=EDGE_LOOP('',(#4143,#4144,#4145,#4146,#4147,#4148,#4149,#4150,#4151,
#4152,#4153,#4154,#4155,#4156,#4157,#4158,#4159,#4160,#4161,#4162,#4163,
#4164,#4165,#4166,#4167,#4168,#4169,#4170,#4171,#4172,#4173,#4174,#4175,
#4176,#4177,#4178,#4179,#4180,#4181,#4182,#4183,#4184,#4185,#4186,#4187,
#4188,#4189,#4190,#4191,#4192,#4193,#4194,#4195,#4196));
#638=EDGE_LOOP('',(#4197,#4198,#4199,#4200));
#639=EDGE_LOOP('',(#4201,#4202,#4203,#4204));
#640=EDGE_LOOP('',(#4205,#4206,#4207,#4208));
#641=EDGE_LOOP('',(#4209,#4210,#4211,#4212));
#642=EDGE_LOOP('',(#4213,#4214,#4215,#4216));
#643=EDGE_LOOP('',(#4217,#4218,#4219,#4220));
#644=EDGE_LOOP('',(#4221,#4222,#4223,#4224));
#645=EDGE_LOOP('',(#4225,#4226,#4227,#4228));
#646=EDGE_LOOP('',(#4229,#4230,#4231,#4232));
#647=EDGE_LOOP('',(#4233,#4234,#4235,#4236));
#648=EDGE_LOOP('',(#4237,#4238,#4239,#4240));
#649=EDGE_LOOP('',(#4241,#4242,#4243,#4244));
#650=EDGE_LOOP('',(#4245,#4246,#4247,#4248));
#651=EDGE_LOOP('',(#4249,#4250,#4251,#4252));
#652=EDGE_LOOP('',(#4253,#4254,#4255,#4256));
#653=EDGE_LOOP('',(#4257,#4258,#4259,#4260));
#654=EDGE_LOOP('',(#4261,#4262,#4263,#4264));
#655=EDGE_LOOP('',(#4265,#4266,#4267,#4268));
#656=EDGE_LOOP('',(#4269,#4270,#4271,#4272));
#657=EDGE_LOOP('',(#4273,#4274,#4275,#4276));
#658=EDGE_LOOP('',(#4277,#4278,#4279,#4280));
#659=EDGE_LOOP('',(#4281,#4282,#4283,#4284));
#660=EDGE_LOOP('',(#4285,#4286,#4287,#4288));
#661=EDGE_LOOP('',(#4289,#4290,#4291,#4292));
#662=EDGE_LOOP('',(#4293,#4294,#4295,#4296));
#663=LINE('',#6320,#1278);
#664=LINE('',#6322,#1279);
#665=LINE('',#6324,#1280);
#666=LINE('',#6325,#1281);
#667=LINE('',#6329,#1282);
#668=LINE('',#6335,#1283);
#669=LINE('',#6337,#1284);
#670=LINE('',#6339,#1285);
#671=LINE('',#6340,#1286);
#672=LINE('',#6345,#1287);
#673=LINE('',#6350,#1288);
#674=LINE('',#6351,#1289);
#675=LINE('',#6352,#1290);
#676=LINE('',#6357,#1291);
#677=LINE('',#6362,#1292);
#678=LINE('',#6363,#1293);
#679=LINE('',#6364,#1294);
#680=LINE('',#6413,#1295);
#681=LINE('',#6443,#1296);
#682=LINE('',#6445,#1297);
#683=LINE('',#6446,#1298);
#684=LINE('',#6449,#1299);
#685=LINE('',#6453,#1300);
#686=LINE('',#6454,#1301);
#687=LINE('',#6457,#1302);
#688=LINE('',#6463,#1303);
#689=LINE('',#6469,#1304);
#690=LINE('',#6472,#1305);
#691=LINE('',#6473,#1306);
#692=LINE('',#6477,#1307);
#693=LINE('',#6479,#1308);
#694=LINE('',#6483,#1309);
#695=LINE('',#6487,#1310);
#696=LINE('',#6491,#1311);
#697=LINE('',#6495,#1312);
#698=LINE('',#6506,#1313);
#699=LINE('',#6510,#1314);
#700=LINE('',#6514,#1315);
#701=LINE('',#6518,#1316);
#702=LINE('',#6522,#1317);
#703=LINE('',#6528,#1318);
#704=LINE('',#6530,#1319);
#705=LINE('',#6532,#1320);
#706=LINE('',#6533,#1321);
#707=LINE('',#6536,#1322);
#708=LINE('',#6538,#1323);
#709=LINE('',#6540,#1324);
#710=LINE('',#6541,#1325);
#711=LINE('',#6544,#1326);
#712=LINE('',#6546,#1327);
#713=LINE('',#6548,#1328);
#714=LINE('',#6549,#1329);
#715=LINE('',#6552,#1330);
#716=LINE('',#6554,#1331);
#717=LINE('',#6556,#1332);
#718=LINE('',#6557,#1333);
#719=LINE('',#6560,#1334);
#720=LINE('',#6562,#1335);
#721=LINE('',#6564,#1336);
#722=LINE('',#6565,#1337);
#723=LINE('',#6568,#1338);
#724=LINE('',#6570,#1339);
#725=LINE('',#6572,#1340);
#726=LINE('',#6573,#1341);
#727=LINE('',#6576,#1342);
#728=LINE('',#6578,#1343);
#729=LINE('',#6580,#1344);
#730=LINE('',#6582,#1345);
#731=LINE('',#6584,#1346);
#732=LINE('',#6586,#1347);
#733=LINE('',#6588,#1348);
#734=LINE('',#6590,#1349);
#735=LINE('',#6592,#1350);
#736=LINE('',#6594,#1351);
#737=LINE('',#6596,#1352);
#738=LINE('',#6598,#1353);
#739=LINE('',#6600,#1354);
#740=LINE('',#6602,#1355);
#741=LINE('',#6604,#1356);
#742=LINE('',#6606,#1357);
#743=LINE('',#6608,#1358);
#744=LINE('',#6610,#1359);
#745=LINE('',#6612,#1360);
#746=LINE('',#6614,#1361);
#747=LINE('',#6616,#1362);
#748=LINE('',#6618,#1363);
#749=LINE('',#6620,#1364);
#750=LINE('',#6622,#1365);
#751=LINE('',#6624,#1366);
#752=LINE('',#6626,#1367);
#753=LINE('',#6628,#1368);
#754=LINE('',#6630,#1369);
#755=LINE('',#6632,#1370);
#756=LINE('',#6634,#1371);
#757=LINE('',#6636,#1372);
#758=LINE('',#6638,#1373);
#759=LINE('',#6640,#1374);
#760=LINE('',#6642,#1375);
#761=LINE('',#6644,#1376);
#762=LINE('',#6646,#1377);
#763=LINE('',#6648,#1378);
#764=LINE('',#6650,#1379);
#765=LINE('',#6652,#1380);
#766=LINE('',#6654,#1381);
#767=LINE('',#6656,#1382);
#768=LINE('',#6658,#1383);
#769=LINE('',#6660,#1384);
#770=LINE('',#6662,#1385);
#771=LINE('',#6664,#1386);
#772=LINE('',#6666,#1387);
#773=LINE('',#6668,#1388);
#774=LINE('',#6670,#1389);
#775=LINE('',#6672,#1390);
#776=LINE('',#6674,#1391);
#777=LINE('',#6676,#1392);
#778=LINE('',#6678,#1393);
#779=LINE('',#6680,#1394);
#780=LINE('',#6681,#1395);
#781=LINE('',#6684,#1396);
#782=LINE('',#6686,#1397);
#783=LINE('',#6688,#1398);
#784=LINE('',#6689,#1399);
#785=LINE('',#6692,#1400);
#786=LINE('',#6694,#1401);
#787=LINE('',#6696,#1402);
#788=LINE('',#6697,#1403);
#789=LINE('',#6700,#1404);
#790=LINE('',#6702,#1405);
#791=LINE('',#6703,#1406);
#792=LINE('',#6706,#1407);
#793=LINE('',#6707,#1408);
#794=LINE('',#6710,#1409);
#795=LINE('',#6711,#1410);
#796=LINE('',#6713,#1411);
#797=LINE('',#6717,#1412);
#798=LINE('',#6719,#1413);
#799=LINE('',#6720,#1414);
#800=LINE('',#6723,#1415);
#801=LINE('',#6724,#1416);
#802=LINE('',#6727,#1417);
#803=LINE('',#6728,#1418);
#804=LINE('',#6730,#1419);
#805=LINE('',#6734,#1420);
#806=LINE('',#6736,#1421);
#807=LINE('',#6737,#1422);
#808=LINE('',#6740,#1423);
#809=LINE('',#6741,#1424);
#810=LINE('',#6744,#1425);
#811=LINE('',#6745,#1426);
#812=LINE('',#6748,#1427);
#813=LINE('',#6749,#1428);
#814=LINE('',#6752,#1429);
#815=LINE('',#6753,#1430);
#816=LINE('',#6756,#1431);
#817=LINE('',#6757,#1432);
#818=LINE('',#6760,#1433);
#819=LINE('',#6761,#1434);
#820=LINE('',#6764,#1435);
#821=LINE('',#6765,#1436);
#822=LINE('',#6768,#1437);
#823=LINE('',#6769,#1438);
#824=LINE('',#6772,#1439);
#825=LINE('',#6773,#1440);
#826=LINE('',#6776,#1441);
#827=LINE('',#6777,#1442);
#828=LINE('',#6780,#1443);
#829=LINE('',#6781,#1444);
#830=LINE('',#6784,#1445);
#831=LINE('',#6785,#1446);
#832=LINE('',#6788,#1447);
#833=LINE('',#6789,#1448);
#834=LINE('',#6792,#1449);
#835=LINE('',#6793,#1450);
#836=LINE('',#6796,#1451);
#837=LINE('',#6797,#1452);
#838=LINE('',#6800,#1453);
#839=LINE('',#6801,#1454);
#840=LINE('',#6804,#1455);
#841=LINE('',#6805,#1456);
#842=LINE('',#6808,#1457);
#843=LINE('',#6809,#1458);
#844=LINE('',#6812,#1459);
#845=LINE('',#6813,#1460);
#846=LINE('',#6816,#1461);
#847=LINE('',#6817,#1462);
#848=LINE('',#6820,#1463);
#849=LINE('',#6821,#1464);
#850=LINE('',#6824,#1465);
#851=LINE('',#6825,#1466);
#852=LINE('',#6828,#1467);
#853=LINE('',#6829,#1468);
#854=LINE('',#6832,#1469);
#855=LINE('',#6833,#1470);
#856=LINE('',#6836,#1471);
#857=LINE('',#6837,#1472);
#858=LINE('',#6840,#1473);
#859=LINE('',#6841,#1474);
#860=LINE('',#6844,#1475);
#861=LINE('',#6845,#1476);
#862=LINE('',#6848,#1477);
#863=LINE('',#6849,#1478);
#864=LINE('',#6852,#1479);
#865=LINE('',#6853,#1480);
#866=LINE('',#6856,#1481);
#867=LINE('',#6857,#1482);
#868=LINE('',#6860,#1483);
#869=LINE('',#6861,#1484);
#870=LINE('',#6864,#1485);
#871=LINE('',#6865,#1486);
#872=LINE('',#6868,#1487);
#873=LINE('',#6869,#1488);
#874=LINE('',#6872,#1489);
#875=LINE('',#6873,#1490);
#876=LINE('',#6876,#1491);
#877=LINE('',#6877,#1492);
#878=LINE('',#6880,#1493);
#879=LINE('',#6881,#1494);
#880=LINE('',#6884,#1495);
#881=LINE('',#6885,#1496);
#882=LINE('',#6888,#1497);
#883=LINE('',#6889,#1498);
#884=LINE('',#6892,#1499);
#885=LINE('',#6893,#1500);
#886=LINE('',#6896,#1501);
#887=LINE('',#6897,#1502);
#888=LINE('',#6900,#1503);
#889=LINE('',#6901,#1504);
#890=LINE('',#6904,#1505);
#891=LINE('',#6905,#1506);
#892=LINE('',#6908,#1507);
#893=LINE('',#6909,#1508);
#894=LINE('',#6912,#1509);
#895=LINE('',#6913,#1510);
#896=LINE('',#6916,#1511);
#897=LINE('',#6917,#1512);
#898=LINE('',#6920,#1513);
#899=LINE('',#6921,#1514);
#900=LINE('',#6924,#1515);
#901=LINE('',#6925,#1516);
#902=LINE('',#6928,#1517);
#903=LINE('',#6929,#1518);
#904=LINE('',#6932,#1519);
#905=LINE('',#6933,#1520);
#906=LINE('',#6936,#1521);
#907=LINE('',#6937,#1522);
#908=LINE('',#6940,#1523);
#909=LINE('',#6941,#1524);
#910=LINE('',#6944,#1525);
#911=LINE('',#6945,#1526);
#912=LINE('',#6947,#1527);
#913=LINE('',#6950,#1528);
#914=LINE('',#6952,#1529);
#915=LINE('',#6953,#1530);
#916=LINE('',#6956,#1531);
#917=LINE('',#6957,#1532);
#918=LINE('',#6960,#1533);
#919=LINE('',#6961,#1534);
#920=LINE('',#6963,#1535);
#921=LINE('',#6967,#1536);
#922=LINE('',#6969,#1537);
#923=LINE('',#6970,#1538);
#924=LINE('',#6973,#1539);
#925=LINE('',#6974,#1540);
#926=LINE('',#6977,#1541);
#927=LINE('',#6978,#1542);
#928=LINE('',#6980,#1543);
#929=LINE('',#6984,#1544);
#930=LINE('',#6986,#1545);
#931=LINE('',#6987,#1546);
#932=LINE('',#6990,#1547);
#933=LINE('',#6991,#1548);
#934=LINE('',#6994,#1549);
#935=LINE('',#6995,#1550);
#936=LINE('',#6997,#1551);
#937=LINE('',#7001,#1552);
#938=LINE('',#7003,#1553);
#939=LINE('',#7004,#1554);
#940=LINE('',#7007,#1555);
#941=LINE('',#7008,#1556);
#942=LINE('',#7011,#1557);
#943=LINE('',#7012,#1558);
#944=LINE('',#7014,#1559);
#945=LINE('',#7019,#1560);
#946=LINE('',#7021,#1561);
#947=LINE('',#7023,#1562);
#948=LINE('',#7024,#1563);
#949=LINE('',#7027,#1564);
#950=LINE('',#7029,#1565);
#951=LINE('',#7030,#1566);
#952=LINE('',#7033,#1567);
#953=LINE('',#7035,#1568);
#954=LINE('',#7036,#1569);
#955=LINE('',#7038,#1570);
#956=LINE('',#7039,#1571);
#957=LINE('',#7043,#1572);
#958=LINE('',#7045,#1573);
#959=LINE('',#7046,#1574);
#960=LINE('',#7049,#1575);
#961=LINE('',#7050,#1576);
#962=LINE('',#7053,#1577);
#963=LINE('',#7054,#1578);
#964=LINE('',#7056,#1579);
#965=LINE('',#7060,#1580);
#966=LINE('',#7062,#1581);
#967=LINE('',#7063,#1582);
#968=LINE('',#7066,#1583);
#969=LINE('',#7067,#1584);
#970=LINE('',#7070,#1585);
#971=LINE('',#7071,#1586);
#972=LINE('',#7073,#1587);
#973=LINE('',#7078,#1588);
#974=LINE('',#7080,#1589);
#975=LINE('',#7081,#1590);
#976=LINE('',#7084,#1591);
#977=LINE('',#7088,#1592);
#978=LINE('',#7089,#1593);
#979=LINE('',#7092,#1594);
#980=LINE('',#7096,#1595);
#981=LINE('',#7097,#1596);
#982=LINE('',#7100,#1597);
#983=LINE('',#7104,#1598);
#984=LINE('',#7105,#1599);
#985=LINE('',#7110,#1600);
#986=LINE('',#7113,#1601);
#987=LINE('',#7116,#1602);
#988=LINE('',#7117,#1603);
#989=LINE('',#7120,#1604);
#990=LINE('',#7124,#1605);
#991=LINE('',#7125,#1606);
#992=LINE('',#7127,#1607);
#993=LINE('',#7128,#1608);
#994=LINE('',#7131,#1609);
#995=LINE('',#7135,#1610);
#996=LINE('',#7136,#1611);
#997=LINE('',#7139,#1612);
#998=LINE('',#7142,#1613);
#999=LINE('',#7143,#1614);
#1000=LINE('',#7145,#1615);
#1001=LINE('',#7147,#1616);
#1002=LINE('',#7150,#1617);
#1003=LINE('',#7151,#1618);
#1004=LINE('',#7153,#1619);
#1005=LINE('',#7157,#1620);
#1006=LINE('',#7162,#1621);
#1007=LINE('',#7168,#1622);
#1008=LINE('',#7173,#1623);
#1009=LINE('',#7175,#1624);
#1010=LINE('',#7177,#1625);
#1011=LINE('',#7178,#1626);
#1012=LINE('',#7181,#1627);
#1013=LINE('',#7183,#1628);
#1014=LINE('',#7184,#1629);
#1015=LINE('',#7187,#1630);
#1016=LINE('',#7189,#1631);
#1017=LINE('',#7190,#1632);
#1018=LINE('',#7192,#1633);
#1019=LINE('',#7193,#1634);
#1020=LINE('',#7199,#1635);
#1021=LINE('',#7201,#1636);
#1022=LINE('',#7203,#1637);
#1023=LINE('',#7204,#1638);
#1024=LINE('',#7207,#1639);
#1025=LINE('',#7209,#1640);
#1026=LINE('',#7210,#1641);
#1027=LINE('',#7213,#1642);
#1028=LINE('',#7215,#1643);
#1029=LINE('',#7216,#1644);
#1030=LINE('',#7218,#1645);
#1031=LINE('',#7219,#1646);
#1032=LINE('',#7225,#1647);
#1033=LINE('',#7227,#1648);
#1034=LINE('',#7229,#1649);
#1035=LINE('',#7230,#1650);
#1036=LINE('',#7233,#1651);
#1037=LINE('',#7235,#1652);
#1038=LINE('',#7236,#1653);
#1039=LINE('',#7239,#1654);
#1040=LINE('',#7241,#1655);
#1041=LINE('',#7242,#1656);
#1042=LINE('',#7244,#1657);
#1043=LINE('',#7245,#1658);
#1044=LINE('',#7251,#1659);
#1045=LINE('',#7253,#1660);
#1046=LINE('',#7255,#1661);
#1047=LINE('',#7256,#1662);
#1048=LINE('',#7259,#1663);
#1049=LINE('',#7261,#1664);
#1050=LINE('',#7262,#1665);
#1051=LINE('',#7265,#1666);
#1052=LINE('',#7267,#1667);
#1053=LINE('',#7268,#1668);
#1054=LINE('',#7270,#1669);
#1055=LINE('',#7271,#1670);
#1056=LINE('',#7277,#1671);
#1057=LINE('',#7279,#1672);
#1058=LINE('',#7281,#1673);
#1059=LINE('',#7282,#1674);
#1060=LINE('',#7285,#1675);
#1061=LINE('',#7287,#1676);
#1062=LINE('',#7288,#1677);
#1063=LINE('',#7291,#1678);
#1064=LINE('',#7293,#1679);
#1065=LINE('',#7294,#1680);
#1066=LINE('',#7296,#1681);
#1067=LINE('',#7297,#1682);
#1068=LINE('',#7301,#1683);
#1069=LINE('',#7303,#1684);
#1070=LINE('',#7305,#1685);
#1071=LINE('',#7306,#1686);
#1072=LINE('',#7309,#1687);
#1073=LINE('',#7311,#1688);
#1074=LINE('',#7312,#1689);
#1075=LINE('',#7315,#1690);
#1076=LINE('',#7317,#1691);
#1077=LINE('',#7318,#1692);
#1078=LINE('',#7321,#1693);
#1079=LINE('',#7323,#1694);
#1080=LINE('',#7324,#1695);
#1081=LINE('',#7327,#1696);
#1082=LINE('',#7329,#1697);
#1083=LINE('',#7330,#1698);
#1084=LINE('',#7333,#1699);
#1085=LINE('',#7335,#1700);
#1086=LINE('',#7336,#1701);
#1087=LINE('',#7339,#1702);
#1088=LINE('',#7341,#1703);
#1089=LINE('',#7342,#1704);
#1090=LINE('',#7345,#1705);
#1091=LINE('',#7347,#1706);
#1092=LINE('',#7348,#1707);
#1093=LINE('',#7351,#1708);
#1094=LINE('',#7353,#1709);
#1095=LINE('',#7354,#1710);
#1096=LINE('',#7357,#1711);
#1097=LINE('',#7359,#1712);
#1098=LINE('',#7360,#1713);
#1099=LINE('',#7363,#1714);
#1100=LINE('',#7365,#1715);
#1101=LINE('',#7366,#1716);
#1102=LINE('',#7369,#1717);
#1103=LINE('',#7371,#1718);
#1104=LINE('',#7372,#1719);
#1105=LINE('',#7375,#1720);
#1106=LINE('',#7377,#1721);
#1107=LINE('',#7378,#1722);
#1108=LINE('',#7381,#1723);
#1109=LINE('',#7383,#1724);
#1110=LINE('',#7384,#1725);
#1111=LINE('',#7387,#1726);
#1112=LINE('',#7389,#1727);
#1113=LINE('',#7390,#1728);
#1114=LINE('',#7393,#1729);
#1115=LINE('',#7395,#1730);
#1116=LINE('',#7396,#1731);
#1117=LINE('',#7399,#1732);
#1118=LINE('',#7401,#1733);
#1119=LINE('',#7402,#1734);
#1120=LINE('',#7405,#1735);
#1121=LINE('',#7407,#1736);
#1122=LINE('',#7408,#1737);
#1123=LINE('',#7411,#1738);
#1124=LINE('',#7413,#1739);
#1125=LINE('',#7414,#1740);
#1126=LINE('',#7417,#1741);
#1127=LINE('',#7419,#1742);
#1128=LINE('',#7420,#1743);
#1129=LINE('',#7423,#1744);
#1130=LINE('',#7425,#1745);
#1131=LINE('',#7426,#1746);
#1132=LINE('',#7429,#1747);
#1133=LINE('',#7431,#1748);
#1134=LINE('',#7432,#1749);
#1135=LINE('',#7435,#1750);
#1136=LINE('',#7437,#1751);
#1137=LINE('',#7438,#1752);
#1138=LINE('',#7441,#1753);
#1139=LINE('',#7443,#1754);
#1140=LINE('',#7444,#1755);
#1141=LINE('',#7447,#1756);
#1142=LINE('',#7449,#1757);
#1143=LINE('',#7450,#1758);
#1144=LINE('',#7453,#1759);
#1145=LINE('',#7455,#1760);
#1146=LINE('',#7456,#1761);
#1147=LINE('',#7459,#1762);
#1148=LINE('',#7461,#1763);
#1149=LINE('',#7462,#1764);
#1150=LINE('',#7465,#1765);
#1151=LINE('',#7467,#1766);
#1152=LINE('',#7468,#1767);
#1153=LINE('',#7471,#1768);
#1154=LINE('',#7473,#1769);
#1155=LINE('',#7474,#1770);
#1156=LINE('',#7477,#1771);
#1157=LINE('',#7479,#1772);
#1158=LINE('',#7480,#1773);
#1159=LINE('',#7483,#1774);
#1160=LINE('',#7485,#1775);
#1161=LINE('',#7486,#1776);
#1162=LINE('',#7489,#1777);
#1163=LINE('',#7491,#1778);
#1164=LINE('',#7492,#1779);
#1165=LINE('',#7495,#1780);
#1166=LINE('',#7497,#1781);
#1167=LINE('',#7498,#1782);
#1168=LINE('',#7501,#1783);
#1169=LINE('',#7503,#1784);
#1170=LINE('',#7504,#1785);
#1171=LINE('',#7507,#1786);
#1172=LINE('',#7509,#1787);
#1173=LINE('',#7510,#1788);
#1174=LINE('',#7513,#1789);
#1175=LINE('',#7515,#1790);
#1176=LINE('',#7516,#1791);
#1177=LINE('',#7519,#1792);
#1178=LINE('',#7521,#1793);
#1179=LINE('',#7522,#1794);
#1180=LINE('',#7525,#1795);
#1181=LINE('',#7527,#1796);
#1182=LINE('',#7528,#1797);
#1183=LINE('',#7531,#1798);
#1184=LINE('',#7533,#1799);
#1185=LINE('',#7534,#1800);
#1186=LINE('',#7537,#1801);
#1187=LINE('',#7539,#1802);
#1188=LINE('',#7540,#1803);
#1189=LINE('',#7543,#1804);
#1190=LINE('',#7545,#1805);
#1191=LINE('',#7546,#1806);
#1192=LINE('',#7549,#1807);
#1193=LINE('',#7551,#1808);
#1194=LINE('',#7552,#1809);
#1195=LINE('',#7555,#1810);
#1196=LINE('',#7557,#1811);
#1197=LINE('',#7558,#1812);
#1198=LINE('',#7561,#1813);
#1199=LINE('',#7563,#1814);
#1200=LINE('',#7564,#1815);
#1201=LINE('',#7567,#1816);
#1202=LINE('',#7569,#1817);
#1203=LINE('',#7570,#1818);
#1204=LINE('',#7573,#1819);
#1205=LINE('',#7575,#1820);
#1206=LINE('',#7576,#1821);
#1207=LINE('',#7579,#1822);
#1208=LINE('',#7581,#1823);
#1209=LINE('',#7582,#1824);
#1210=LINE('',#7585,#1825);
#1211=LINE('',#7587,#1826);
#1212=LINE('',#7588,#1827);
#1213=LINE('',#7591,#1828);
#1214=LINE('',#7593,#1829);
#1215=LINE('',#7594,#1830);
#1216=LINE('',#7597,#1831);
#1217=LINE('',#7599,#1832);
#1218=LINE('',#7600,#1833);
#1219=LINE('',#7603,#1834);
#1220=LINE('',#7605,#1835);
#1221=LINE('',#7606,#1836);
#1222=LINE('',#7609,#1837);
#1223=LINE('',#7611,#1838);
#1224=LINE('',#7612,#1839);
#1225=LINE('',#7615,#1840);
#1226=LINE('',#7617,#1841);
#1227=LINE('',#7618,#1842);
#1228=LINE('',#7620,#1843);
#1229=LINE('',#7621,#1844);
#1230=LINE('',#7627,#1845);
#1231=LINE('',#7629,#1846);
#1232=LINE('',#7631,#1847);
#1233=LINE('',#7632,#1848);
#1234=LINE('',#7635,#1849);
#1235=LINE('',#7637,#1850);
#1236=LINE('',#7638,#1851);
#1237=LINE('',#7641,#1852);
#1238=LINE('',#7643,#1853);
#1239=LINE('',#7644,#1854);
#1240=LINE('',#7646,#1855);
#1241=LINE('',#7647,#1856);
#1242=LINE('',#7653,#1857);
#1243=LINE('',#7655,#1858);
#1244=LINE('',#7657,#1859);
#1245=LINE('',#7658,#1860);
#1246=LINE('',#7661,#1861);
#1247=LINE('',#7663,#1862);
#1248=LINE('',#7664,#1863);
#1249=LINE('',#7667,#1864);
#1250=LINE('',#7669,#1865);
#1251=LINE('',#7670,#1866);
#1252=LINE('',#7672,#1867);
#1253=LINE('',#7673,#1868);
#1254=LINE('',#7679,#1869);
#1255=LINE('',#7681,#1870);
#1256=LINE('',#7683,#1871);
#1257=LINE('',#7684,#1872);
#1258=LINE('',#7687,#1873);
#1259=LINE('',#7689,#1874);
#1260=LINE('',#7690,#1875);
#1261=LINE('',#7693,#1876);
#1262=LINE('',#7695,#1877);
#1263=LINE('',#7696,#1878);
#1264=LINE('',#7698,#1879);
#1265=LINE('',#7699,#1880);
#1266=LINE('',#7705,#1881);
#1267=LINE('',#7707,#1882);
#1268=LINE('',#7709,#1883);
#1269=LINE('',#7710,#1884);
#1270=LINE('',#7713,#1885);
#1271=LINE('',#7715,#1886);
#1272=LINE('',#7716,#1887);
#1273=LINE('',#7719,#1888);
#1274=LINE('',#7721,#1889);
#1275=LINE('',#7722,#1890);
#1276=LINE('',#7724,#1891);
#1277=LINE('',#7725,#1892);
#1278=VECTOR('',#5111,10.);
#1279=VECTOR('',#5112,10.);
#1280=VECTOR('',#5113,10.);
#1281=VECTOR('',#5114,10.);
#1282=VECTOR('',#5117,10.);
#1283=VECTOR('',#5124,10.);
#1284=VECTOR('',#5125,10.);
#1285=VECTOR('',#5126,10.);
#1286=VECTOR('',#5127,10.);
#1287=VECTOR('',#5132,10.);
#1288=VECTOR('',#5137,10.);
#1289=VECTOR('',#5138,10.);
#1290=VECTOR('',#5139,10.);
#1291=VECTOR('',#5144,10.);
#1292=VECTOR('',#5149,10.);
#1293=VECTOR('',#5150,10.);
#1294=VECTOR('',#5151,10.);
#1295=VECTOR('',#5158,10.);
#1296=VECTOR('',#5161,10.);
#1297=VECTOR('',#5162,10.);
#1298=VECTOR('',#5163,10.);
#1299=VECTOR('',#5166,10.);
#1300=VECTOR('',#5171,10.);
#1301=VECTOR('',#5172,10.);
#1302=VECTOR('',#5175,10.);
#1303=VECTOR('',#5182,3.125);
#1304=VECTOR('',#5191,10.);
#1305=VECTOR('',#5194,10.);
#1306=VECTOR('',#5195,10.);
#1307=VECTOR('',#5200,10.);
#1308=VECTOR('',#5203,10.);
#1309=VECTOR('',#5206,10.);
#1310=VECTOR('',#5209,10.);
#1311=VECTOR('',#5212,10.);
#1312=VECTOR('',#5215,10.);
#1313=VECTOR('',#5228,5.6);
#1314=VECTOR('',#5231,10.);
#1315=VECTOR('',#5234,10.);
#1316=VECTOR('',#5237,10.);
#1317=VECTOR('',#5240,10.);
#1318=VECTOR('',#5245,10.);
#1319=VECTOR('',#5246,10.);
#1320=VECTOR('',#5247,10.);
#1321=VECTOR('',#5248,10.);
#1322=VECTOR('',#5249,10.);
#1323=VECTOR('',#5250,10.);
#1324=VECTOR('',#5251,10.);
#1325=VECTOR('',#5252,10.);
#1326=VECTOR('',#5253,10.);
#1327=VECTOR('',#5254,10.);
#1328=VECTOR('',#5255,10.);
#1329=VECTOR('',#5256,10.);
#1330=VECTOR('',#5257,10.);
#1331=VECTOR('',#5258,10.);
#1332=VECTOR('',#5259,10.);
#1333=VECTOR('',#5260,10.);
#1334=VECTOR('',#5261,10.);
#1335=VECTOR('',#5262,10.);
#1336=VECTOR('',#5263,10.);
#1337=VECTOR('',#5264,10.);
#1338=VECTOR('',#5265,10.);
#1339=VECTOR('',#5266,10.);
#1340=VECTOR('',#5267,10.);
#1341=VECTOR('',#5268,10.);
#1342=VECTOR('',#5269,10.);
#1343=VECTOR('',#5270,10.);
#1344=VECTOR('',#5271,10.);
#1345=VECTOR('',#5272,10.);
#1346=VECTOR('',#5273,10.);
#1347=VECTOR('',#5274,10.);
#1348=VECTOR('',#5275,10.);
#1349=VECTOR('',#5276,10.);
#1350=VECTOR('',#5277,10.);
#1351=VECTOR('',#5278,10.);
#1352=VECTOR('',#5279,10.);
#1353=VECTOR('',#5280,10.);
#1354=VECTOR('',#5281,10.);
#1355=VECTOR('',#5282,10.);
#1356=VECTOR('',#5283,10.);
#1357=VECTOR('',#5284,10.);
#1358=VECTOR('',#5285,10.);
#1359=VECTOR('',#5286,10.);
#1360=VECTOR('',#5287,10.);
#1361=VECTOR('',#5288,10.);
#1362=VECTOR('',#5289,10.);
#1363=VECTOR('',#5290,10.);
#1364=VECTOR('',#5291,10.);
#1365=VECTOR('',#5292,10.);
#1366=VECTOR('',#5293,10.);
#1367=VECTOR('',#5294,10.);
#1368=VECTOR('',#5295,10.);
#1369=VECTOR('',#5296,10.);
#1370=VECTOR('',#5297,10.);
#1371=VECTOR('',#5298,10.);
#1372=VECTOR('',#5299,10.);
#1373=VECTOR('',#5300,10.);
#1374=VECTOR('',#5301,10.);
#1375=VECTOR('',#5302,10.);
#1376=VECTOR('',#5303,10.);
#1377=VECTOR('',#5304,10.);
#1378=VECTOR('',#5305,10.);
#1379=VECTOR('',#5306,10.);
#1380=VECTOR('',#5307,10.);
#1381=VECTOR('',#5308,10.);
#1382=VECTOR('',#5309,10.);
#1383=VECTOR('',#5310,10.);
#1384=VECTOR('',#5311,10.);
#1385=VECTOR('',#5312,10.);
#1386=VECTOR('',#5313,10.);
#1387=VECTOR('',#5314,10.);
#1388=VECTOR('',#5315,10.);
#1389=VECTOR('',#5316,10.);
#1390=VECTOR('',#5317,10.);
#1391=VECTOR('',#5318,10.);
#1392=VECTOR('',#5319,10.);
#1393=VECTOR('',#5320,10.);
#1394=VECTOR('',#5321,10.);
#1395=VECTOR('',#5322,10.);
#1396=VECTOR('',#5323,10.);
#1397=VECTOR('',#5324,10.);
#1398=VECTOR('',#5325,10.);
#1399=VECTOR('',#5326,10.);
#1400=VECTOR('',#5327,10.);
#1401=VECTOR('',#5328,10.);
#1402=VECTOR('',#5329,10.);
#1403=VECTOR('',#5330,10.);
#1404=VECTOR('',#5333,10.);
#1405=VECTOR('',#5334,10.);
#1406=VECTOR('',#5335,10.);
#1407=VECTOR('',#5338,10.);
#1408=VECTOR('',#5339,10.);
#1409=VECTOR('',#5342,10.);
#1410=VECTOR('',#5343,10.);
#1411=VECTOR('',#5346,10.);
#1412=VECTOR('',#5351,10.);
#1413=VECTOR('',#5352,10.);
#1414=VECTOR('',#5353,10.);
#1415=VECTOR('',#5356,10.);
#1416=VECTOR('',#5357,10.);
#1417=VECTOR('',#5360,10.);
#1418=VECTOR('',#5361,10.);
#1419=VECTOR('',#5364,10.);
#1420=VECTOR('',#5369,10.);
#1421=VECTOR('',#5370,10.);
#1422=VECTOR('',#5371,10.);
#1423=VECTOR('',#5374,10.);
#1424=VECTOR('',#5375,10.);
#1425=VECTOR('',#5378,10.);
#1426=VECTOR('',#5379,10.);
#1427=VECTOR('',#5382,10.);
#1428=VECTOR('',#5383,10.);
#1429=VECTOR('',#5386,10.);
#1430=VECTOR('',#5387,10.);
#1431=VECTOR('',#5390,10.);
#1432=VECTOR('',#5391,10.);
#1433=VECTOR('',#5394,10.);
#1434=VECTOR('',#5395,10.);
#1435=VECTOR('',#5398,10.);
#1436=VECTOR('',#5399,10.);
#1437=VECTOR('',#5402,10.);
#1438=VECTOR('',#5403,10.);
#1439=VECTOR('',#5406,10.);
#1440=VECTOR('',#5407,10.);
#1441=VECTOR('',#5410,10.);
#1442=VECTOR('',#5411,10.);
#1443=VECTOR('',#5414,10.);
#1444=VECTOR('',#5415,10.);
#1445=VECTOR('',#5418,10.);
#1446=VECTOR('',#5419,10.);
#1447=VECTOR('',#5422,10.);
#1448=VECTOR('',#5423,10.);
#1449=VECTOR('',#5426,10.);
#1450=VECTOR('',#5427,10.);
#1451=VECTOR('',#5430,10.);
#1452=VECTOR('',#5431,10.);
#1453=VECTOR('',#5434,10.);
#1454=VECTOR('',#5435,10.);
#1455=VECTOR('',#5438,10.);
#1456=VECTOR('',#5439,10.);
#1457=VECTOR('',#5442,10.);
#1458=VECTOR('',#5443,10.);
#1459=VECTOR('',#5446,10.);
#1460=VECTOR('',#5447,10.);
#1461=VECTOR('',#5450,10.);
#1462=VECTOR('',#5451,10.);
#1463=VECTOR('',#5454,10.);
#1464=VECTOR('',#5455,10.);
#1465=VECTOR('',#5458,10.);
#1466=VECTOR('',#5459,10.);
#1467=VECTOR('',#5462,10.);
#1468=VECTOR('',#5463,10.);
#1469=VECTOR('',#5466,10.);
#1470=VECTOR('',#5467,10.);
#1471=VECTOR('',#5470,10.);
#1472=VECTOR('',#5471,10.);
#1473=VECTOR('',#5474,10.);
#1474=VECTOR('',#5475,10.);
#1475=VECTOR('',#5478,10.);
#1476=VECTOR('',#5479,10.);
#1477=VECTOR('',#5482,10.);
#1478=VECTOR('',#5483,10.);
#1479=VECTOR('',#5486,10.);
#1480=VECTOR('',#5487,10.);
#1481=VECTOR('',#5490,10.);
#1482=VECTOR('',#5491,10.);
#1483=VECTOR('',#5494,10.);
#1484=VECTOR('',#5495,10.);
#1485=VECTOR('',#5498,10.);
#1486=VECTOR('',#5499,10.);
#1487=VECTOR('',#5502,10.);
#1488=VECTOR('',#5503,10.);
#1489=VECTOR('',#5506,10.);
#1490=VECTOR('',#5507,10.);
#1491=VECTOR('',#5510,10.);
#1492=VECTOR('',#5511,10.);
#1493=VECTOR('',#5514,10.);
#1494=VECTOR('',#5515,10.);
#1495=VECTOR('',#5518,10.);
#1496=VECTOR('',#5519,10.);
#1497=VECTOR('',#5522,10.);
#1498=VECTOR('',#5523,10.);
#1499=VECTOR('',#5526,10.);
#1500=VECTOR('',#5527,10.);
#1501=VECTOR('',#5530,10.);
#1502=VECTOR('',#5531,10.);
#1503=VECTOR('',#5534,10.);
#1504=VECTOR('',#5535,10.);
#1505=VECTOR('',#5538,10.);
#1506=VECTOR('',#5539,10.);
#1507=VECTOR('',#5542,10.);
#1508=VECTOR('',#5543,10.);
#1509=VECTOR('',#5546,10.);
#1510=VECTOR('',#5547,10.);
#1511=VECTOR('',#5550,10.);
#1512=VECTOR('',#5551,10.);
#1513=VECTOR('',#5554,10.);
#1514=VECTOR('',#5555,10.);
#1515=VECTOR('',#5558,10.);
#1516=VECTOR('',#5559,10.);
#1517=VECTOR('',#5562,10.);
#1518=VECTOR('',#5563,10.);
#1519=VECTOR('',#5566,10.);
#1520=VECTOR('',#5567,10.);
#1521=VECTOR('',#5570,10.);
#1522=VECTOR('',#5571,10.);
#1523=VECTOR('',#5574,10.);
#1524=VECTOR('',#5575,10.);
#1525=VECTOR('',#5578,10.);
#1526=VECTOR('',#5579,10.);
#1527=VECTOR('',#5582,10.);
#1528=VECTOR('',#5585,10.);
#1529=VECTOR('',#5586,10.);
#1530=VECTOR('',#5587,10.);
#1531=VECTOR('',#5590,10.);
#1532=VECTOR('',#5591,10.);
#1533=VECTOR('',#5594,10.);
#1534=VECTOR('',#5595,10.);
#1535=VECTOR('',#5598,10.);
#1536=VECTOR('',#5603,10.);
#1537=VECTOR('',#5604,10.);
#1538=VECTOR('',#5605,10.);
#1539=VECTOR('',#5608,10.);
#1540=VECTOR('',#5609,10.);
#1541=VECTOR('',#5612,10.);
#1542=VECTOR('',#5613,10.);
#1543=VECTOR('',#5616,10.);
#1544=VECTOR('',#5621,10.);
#1545=VECTOR('',#5622,10.);
#1546=VECTOR('',#5623,10.);
#1547=VECTOR('',#5626,10.);
#1548=VECTOR('',#5627,10.);
#1549=VECTOR('',#5630,10.);
#1550=VECTOR('',#5631,10.);
#1551=VECTOR('',#5634,10.);
#1552=VECTOR('',#5639,10.);
#1553=VECTOR('',#5640,10.);
#1554=VECTOR('',#5641,10.);
#1555=VECTOR('',#5644,10.);
#1556=VECTOR('',#5645,10.);
#1557=VECTOR('',#5648,10.);
#1558=VECTOR('',#5649,10.);
#1559=VECTOR('',#5652,10.);
#1560=VECTOR('',#5657,10.);
#1561=VECTOR('',#5658,10.);
#1562=VECTOR('',#5659,10.);
#1563=VECTOR('',#5660,10.);
#1564=VECTOR('',#5663,10.);
#1565=VECTOR('',#5664,10.);
#1566=VECTOR('',#5665,10.);
#1567=VECTOR('',#5668,10.);
#1568=VECTOR('',#5669,10.);
#1569=VECTOR('',#5670,10.);
#1570=VECTOR('',#5673,10.);
#1571=VECTOR('',#5674,10.);
#1572=VECTOR('',#5679,10.);
#1573=VECTOR('',#5680,10.);
#1574=VECTOR('',#5681,10.);
#1575=VECTOR('',#5684,10.);
#1576=VECTOR('',#5685,10.);
#1577=VECTOR('',#5688,10.);
#1578=VECTOR('',#5689,10.);
#1579=VECTOR('',#5692,10.);
#1580=VECTOR('',#5697,10.);
#1581=VECTOR('',#5698,10.);
#1582=VECTOR('',#5699,10.);
#1583=VECTOR('',#5702,10.);
#1584=VECTOR('',#5703,10.);
#1585=VECTOR('',#5706,10.);
#1586=VECTOR('',#5707,10.);
#1587=VECTOR('',#5710,10.);
#1588=VECTOR('',#5717,10.);
#1589=VECTOR('',#5718,10.);
#1590=VECTOR('',#5719,10.);
#1591=VECTOR('',#5722,10.);
#1592=VECTOR('',#5727,10.);
#1593=VECTOR('',#5728,10.);
#1594=VECTOR('',#5731,10.);
#1595=VECTOR('',#5736,10.);
#1596=VECTOR('',#5737,10.);
#1597=VECTOR('',#5740,10.);
#1598=VECTOR('',#5745,10.);
#1599=VECTOR('',#5746,10.);
#1600=VECTOR('',#5753,10.);
#1601=VECTOR('',#5756,10.);
#1602=VECTOR('',#5759,10.);
#1603=VECTOR('',#5760,10.);
#1604=VECTOR('',#5763,10.);
#1605=VECTOR('',#5768,10.);
#1606=VECTOR('',#5769,10.);
#1607=VECTOR('',#5772,10.);
#1608=VECTOR('',#5773,10.);
#1609=VECTOR('',#5776,10.);
#1610=VECTOR('',#5781,10.);
#1611=VECTOR('',#5782,10.);
#1612=VECTOR('',#5785,10.);
#1613=VECTOR('',#5790,10.);
#1614=VECTOR('',#5791,10.);
#1615=VECTOR('',#5794,10.);
#1616=VECTOR('',#5797,10.);
#1617=VECTOR('',#5802,10.);
#1618=VECTOR('',#5803,10.);
#1619=VECTOR('',#5806,10.);
#1620=VECTOR('',#5811,1.35);
#1621=VECTOR('',#5818,1.35);
#1622=VECTOR('',#5827,3.125);
#1623=VECTOR('',#5832,10.);
#1624=VECTOR('',#5833,10.);
#1625=VECTOR('',#5834,10.);
#1626=VECTOR('',#5835,10.);
#1627=VECTOR('',#5838,10.);
#1628=VECTOR('',#5839,10.);
#1629=VECTOR('',#5840,10.);
#1630=VECTOR('',#5843,10.);
#1631=VECTOR('',#5844,10.);
#1632=VECTOR('',#5845,10.);
#1633=VECTOR('',#5848,10.);
#1634=VECTOR('',#5849,10.);
#1635=VECTOR('',#5856,10.);
#1636=VECTOR('',#5857,10.);
#1637=VECTOR('',#5858,10.);
#1638=VECTOR('',#5859,10.);
#1639=VECTOR('',#5862,10.);
#1640=VECTOR('',#5863,10.);
#1641=VECTOR('',#5864,10.);
#1642=VECTOR('',#5867,10.);
#1643=VECTOR('',#5868,10.);
#1644=VECTOR('',#5869,10.);
#1645=VECTOR('',#5872,10.);
#1646=VECTOR('',#5873,10.);
#1647=VECTOR('',#5880,10.);
#1648=VECTOR('',#5881,10.);
#1649=VECTOR('',#5882,10.);
#1650=VECTOR('',#5883,10.);
#1651=VECTOR('',#5886,10.);
#1652=VECTOR('',#5887,10.);
#1653=VECTOR('',#5888,10.);
#1654=VECTOR('',#5891,10.);
#1655=VECTOR('',#5892,10.);
#1656=VECTOR('',#5893,10.);
#1657=VECTOR('',#5896,10.);
#1658=VECTOR('',#5897,10.);
#1659=VECTOR('',#5904,10.);
#1660=VECTOR('',#5905,10.);
#1661=VECTOR('',#5906,10.);
#1662=VECTOR('',#5907,10.);
#1663=VECTOR('',#5910,10.);
#1664=VECTOR('',#5911,10.);
#1665=VECTOR('',#5912,10.);
#1666=VECTOR('',#5915,10.);
#1667=VECTOR('',#5916,10.);
#1668=VECTOR('',#5917,10.);
#1669=VECTOR('',#5920,10.);
#1670=VECTOR('',#5921,10.);
#1671=VECTOR('',#5928,10.);
#1672=VECTOR('',#5929,10.);
#1673=VECTOR('',#5930,10.);
#1674=VECTOR('',#5931,10.);
#1675=VECTOR('',#5934,10.);
#1676=VECTOR('',#5935,10.);
#1677=VECTOR('',#5936,10.);
#1678=VECTOR('',#5939,10.);
#1679=VECTOR('',#5940,10.);
#1680=VECTOR('',#5941,10.);
#1681=VECTOR('',#5944,10.);
#1682=VECTOR('',#5945,10.);
#1683=VECTOR('',#5948,10.);
#1684=VECTOR('',#5949,10.);
#1685=VECTOR('',#5950,10.);
#1686=VECTOR('',#5951,10.);
#1687=VECTOR('',#5954,10.);
#1688=VECTOR('',#5955,10.);
#1689=VECTOR('',#5956,10.);
#1690=VECTOR('',#5959,10.);
#1691=VECTOR('',#5960,10.);
#1692=VECTOR('',#5961,10.);
#1693=VECTOR('',#5964,10.);
#1694=VECTOR('',#5965,10.);
#1695=VECTOR('',#5966,10.);
#1696=VECTOR('',#5969,10.);
#1697=VECTOR('',#5970,10.);
#1698=VECTOR('',#5971,10.);
#1699=VECTOR('',#5974,10.);
#1700=VECTOR('',#5975,10.);
#1701=VECTOR('',#5976,10.);
#1702=VECTOR('',#5979,10.);
#1703=VECTOR('',#5980,10.);
#1704=VECTOR('',#5981,10.);
#1705=VECTOR('',#5984,10.);
#1706=VECTOR('',#5985,10.);
#1707=VECTOR('',#5986,10.);
#1708=VECTOR('',#5989,10.);
#1709=VECTOR('',#5990,10.);
#1710=VECTOR('',#5991,10.);
#1711=VECTOR('',#5994,10.);
#1712=VECTOR('',#5995,10.);
#1713=VECTOR('',#5996,10.);
#1714=VECTOR('',#5999,10.);
#1715=VECTOR('',#6000,10.);
#1716=VECTOR('',#6001,10.);
#1717=VECTOR('',#6004,10.);
#1718=VECTOR('',#6005,10.);
#1719=VECTOR('',#6006,10.);
#1720=VECTOR('',#6009,10.);
#1721=VECTOR('',#6010,10.);
#1722=VECTOR('',#6011,10.);
#1723=VECTOR('',#6014,10.);
#1724=VECTOR('',#6015,10.);
#1725=VECTOR('',#6016,10.);
#1726=VECTOR('',#6019,10.);
#1727=VECTOR('',#6020,10.);
#1728=VECTOR('',#6021,10.);
#1729=VECTOR('',#6024,10.);
#1730=VECTOR('',#6025,10.);
#1731=VECTOR('',#6026,10.);
#1732=VECTOR('',#6029,10.);
#1733=VECTOR('',#6030,10.);
#1734=VECTOR('',#6031,10.);
#1735=VECTOR('',#6034,10.);
#1736=VECTOR('',#6035,10.);
#1737=VECTOR('',#6036,10.);
#1738=VECTOR('',#6039,10.);
#1739=VECTOR('',#6040,10.);
#1740=VECTOR('',#6041,10.);
#1741=VECTOR('',#6044,10.);
#1742=VECTOR('',#6045,10.);
#1743=VECTOR('',#6046,10.);
#1744=VECTOR('',#6049,10.);
#1745=VECTOR('',#6050,10.);
#1746=VECTOR('',#6051,10.);
#1747=VECTOR('',#6054,10.);
#1748=VECTOR('',#6055,10.);
#1749=VECTOR('',#6056,10.);
#1750=VECTOR('',#6059,10.);
#1751=VECTOR('',#6060,10.);
#1752=VECTOR('',#6061,10.);
#1753=VECTOR('',#6064,10.);
#1754=VECTOR('',#6065,10.);
#1755=VECTOR('',#6066,10.);
#1756=VECTOR('',#6069,10.);
#1757=VECTOR('',#6070,10.);
#1758=VECTOR('',#6071,10.);
#1759=VECTOR('',#6074,10.);
#1760=VECTOR('',#6075,10.);
#1761=VECTOR('',#6076,10.);
#1762=VECTOR('',#6079,10.);
#1763=VECTOR('',#6080,10.);
#1764=VECTOR('',#6081,10.);
#1765=VECTOR('',#6084,10.);
#1766=VECTOR('',#6085,10.);
#1767=VECTOR('',#6086,10.);
#1768=VECTOR('',#6089,10.);
#1769=VECTOR('',#6090,10.);
#1770=VECTOR('',#6091,10.);
#1771=VECTOR('',#6094,10.);
#1772=VECTOR('',#6095,10.);
#1773=VECTOR('',#6096,10.);
#1774=VECTOR('',#6099,10.);
#1775=VECTOR('',#6100,10.);
#1776=VECTOR('',#6101,10.);
#1777=VECTOR('',#6104,10.);
#1778=VECTOR('',#6105,10.);
#1779=VECTOR('',#6106,10.);
#1780=VECTOR('',#6109,10.);
#1781=VECTOR('',#6110,10.);
#1782=VECTOR('',#6111,10.);
#1783=VECTOR('',#6114,10.);
#1784=VECTOR('',#6115,10.);
#1785=VECTOR('',#6116,10.);
#1786=VECTOR('',#6119,10.);
#1787=VECTOR('',#6120,10.);
#1788=VECTOR('',#6121,10.);
#1789=VECTOR('',#6124,10.);
#1790=VECTOR('',#6125,10.);
#1791=VECTOR('',#6126,10.);
#1792=VECTOR('',#6129,10.);
#1793=VECTOR('',#6130,10.);
#1794=VECTOR('',#6131,10.);
#1795=VECTOR('',#6134,10.);
#1796=VECTOR('',#6135,10.);
#1797=VECTOR('',#6136,10.);
#1798=VECTOR('',#6139,10.);
#1799=VECTOR('',#6140,10.);
#1800=VECTOR('',#6141,10.);
#1801=VECTOR('',#6144,10.);
#1802=VECTOR('',#6145,10.);
#1803=VECTOR('',#6146,10.);
#1804=VECTOR('',#6149,10.);
#1805=VECTOR('',#6150,10.);
#1806=VECTOR('',#6151,10.);
#1807=VECTOR('',#6154,10.);
#1808=VECTOR('',#6155,10.);
#1809=VECTOR('',#6156,10.);
#1810=VECTOR('',#6159,10.);
#1811=VECTOR('',#6160,10.);
#1812=VECTOR('',#6161,10.);
#1813=VECTOR('',#6164,10.);
#1814=VECTOR('',#6165,10.);
#1815=VECTOR('',#6166,10.);
#1816=VECTOR('',#6169,10.);
#1817=VECTOR('',#6170,10.);
#1818=VECTOR('',#6171,10.);
#1819=VECTOR('',#6174,10.);
#1820=VECTOR('',#6175,10.);
#1821=VECTOR('',#6176,10.);
#1822=VECTOR('',#6179,10.);
#1823=VECTOR('',#6180,10.);
#1824=VECTOR('',#6181,10.);
#1825=VECTOR('',#6184,10.);
#1826=VECTOR('',#6185,10.);
#1827=VECTOR('',#6186,10.);
#1828=VECTOR('',#6189,10.);
#1829=VECTOR('',#6190,10.);
#1830=VECTOR('',#6191,10.);
#1831=VECTOR('',#6194,10.);
#1832=VECTOR('',#6195,10.);
#1833=VECTOR('',#6196,10.);
#1834=VECTOR('',#6199,10.);
#1835=VECTOR('',#6200,10.);
#1836=VECTOR('',#6201,10.);
#1837=VECTOR('',#6204,10.);
#1838=VECTOR('',#6205,10.);
#1839=VECTOR('',#6206,10.);
#1840=VECTOR('',#6209,10.);
#1841=VECTOR('',#6210,10.);
#1842=VECTOR('',#6211,10.);
#1843=VECTOR('',#6214,10.);
#1844=VECTOR('',#6215,10.);
#1845=VECTOR('',#6222,10.);
#1846=VECTOR('',#6223,10.);
#1847=VECTOR('',#6224,10.);
#1848=VECTOR('',#6225,10.);
#1849=VECTOR('',#6228,10.);
#1850=VECTOR('',#6229,10.);
#1851=VECTOR('',#6230,10.);
#1852=VECTOR('',#6233,10.);
#1853=VECTOR('',#6234,10.);
#1854=VECTOR('',#6235,10.);
#1855=VECTOR('',#6238,10.);
#1856=VECTOR('',#6239,10.);
#1857=VECTOR('',#6246,10.);
#1858=VECTOR('',#6247,10.);
#1859=VECTOR('',#6248,10.);
#1860=VECTOR('',#6249,10.);
#1861=VECTOR('',#6252,10.);
#1862=VECTOR('',#6253,10.);
#1863=VECTOR('',#6254,10.);
#1864=VECTOR('',#6257,10.);
#1865=VECTOR('',#6258,10.);
#1866=VECTOR('',#6259,10.);
#1867=VECTOR('',#6262,10.);
#1868=VECTOR('',#6263,10.);
#1869=VECTOR('',#6270,10.);
#1870=VECTOR('',#6271,10.);
#1871=VECTOR('',#6272,10.);
#1872=VECTOR('',#6273,10.);
#1873=VECTOR('',#6276,10.);
#1874=VECTOR('',#6277,10.);
#1875=VECTOR('',#6278,10.);
#1876=VECTOR('',#6281,10.);
#1877=VECTOR('',#6282,10.);
#1878=VECTOR('',#6283,10.);
#1879=VECTOR('',#6286,10.);
#1880=VECTOR('',#6287,10.);
#1881=VECTOR('',#6294,10.);
#1882=VECTOR('',#6295,10.);
#1883=VECTOR('',#6296,10.);
#1884=VECTOR('',#6297,10.);
#1885=VECTOR('',#6300,10.);
#1886=VECTOR('',#6301,10.);
#1887=VECTOR('',#6302,10.);
#1888=VECTOR('',#6305,10.);
#1889=VECTOR('',#6306,10.);
#1890=VECTOR('',#6307,10.);
#1891=VECTOR('',#6310,10.);
#1892=VECTOR('',#6311,10.);
#1893=VERTEX_POINT('',#6318);
#1894=VERTEX_POINT('',#6319);
#1895=VERTEX_POINT('',#6321);
#1896=VERTEX_POINT('',#6323);
#1897=VERTEX_POINT('',#6327);
#1898=VERTEX_POINT('',#6328);
#1899=VERTEX_POINT('',#6333);
#1900=VERTEX_POINT('',#6334);
#1901=VERTEX_POINT('',#6336);
#1902=VERTEX_POINT('',#6338);
#1903=VERTEX_POINT('',#6342);
#1904=VERTEX_POINT('',#6344);
#1905=VERTEX_POINT('',#6348);
#1906=VERTEX_POINT('',#6349);
#1907=VERTEX_POINT('',#6354);
#1908=VERTEX_POINT('',#6356);
#1909=VERTEX_POINT('',#6360);
#1910=VERTEX_POINT('',#6361);
#1911=VERTEX_POINT('',#6388);
#1912=VERTEX_POINT('',#6407);
#1913=VERTEX_POINT('',#6442);
#1914=VERTEX_POINT('',#6444);
#1915=VERTEX_POINT('',#6448);
#1916=VERTEX_POINT('',#6452);
#1917=VERTEX_POINT('',#6456);
#1918=VERTEX_POINT('',#6460);
#1919=VERTEX_POINT('',#6462);
#1920=VERTEX_POINT('',#6467);
#1921=VERTEX_POINT('',#6471);
#1922=VERTEX_POINT('',#6475);
#1923=VERTEX_POINT('',#6481);
#1924=VERTEX_POINT('',#6482);
#1925=VERTEX_POINT('',#6484);
#1926=VERTEX_POINT('',#6486);
#1927=VERTEX_POINT('',#6488);
#1928=VERTEX_POINT('',#6490);
#1929=VERTEX_POINT('',#6492);
#1930=VERTEX_POINT('',#6494);
#1931=VERTEX_POINT('',#6497);
#1932=VERTEX_POINT('',#6499);
#1933=VERTEX_POINT('',#6501);
#1934=VERTEX_POINT('',#6504);
#1935=VERTEX_POINT('',#6508);
#1936=VERTEX_POINT('',#6509);
#1937=VERTEX_POINT('',#6511);
#1938=VERTEX_POINT('',#6513);
#1939=VERTEX_POINT('',#6515);
#1940=VERTEX_POINT('',#6517);
#1941=VERTEX_POINT('',#6519);
#1942=VERTEX_POINT('',#6521);
#1943=VERTEX_POINT('',#6524);
#1944=VERTEX_POINT('',#6526);
#1945=VERTEX_POINT('',#6527);
#1946=VERTEX_POINT('',#6529);
#1947=VERTEX_POINT('',#6531);
#1948=VERTEX_POINT('',#6534);
#1949=VERTEX_POINT('',#6535);
#1950=VERTEX_POINT('',#6537);
#1951=VERTEX_POINT('',#6539);
#1952=VERTEX_POINT('',#6542);
#1953=VERTEX_POINT('',#6543);
#1954=VERTEX_POINT('',#6545);
#1955=VERTEX_POINT('',#6547);
#1956=VERTEX_POINT('',#6550);
#1957=VERTEX_POINT('',#6551);
#1958=VERTEX_POINT('',#6553);
#1959=VERTEX_POINT('',#6555);
#1960=VERTEX_POINT('',#6558);
#1961=VERTEX_POINT('',#6559);
#1962=VERTEX_POINT('',#6561);
#1963=VERTEX_POINT('',#6563);
#1964=VERTEX_POINT('',#6566);
#1965=VERTEX_POINT('',#6567);
#1966=VERTEX_POINT('',#6569);
#1967=VERTEX_POINT('',#6571);
#1968=VERTEX_POINT('',#6574);
#1969=VERTEX_POINT('',#6575);
#1970=VERTEX_POINT('',#6577);
#1971=VERTEX_POINT('',#6579);
#1972=VERTEX_POINT('',#6581);
#1973=VERTEX_POINT('',#6583);
#1974=VERTEX_POINT('',#6585);
#1975=VERTEX_POINT('',#6587);
#1976=VERTEX_POINT('',#6589);
#1977=VERTEX_POINT('',#6591);
#1978=VERTEX_POINT('',#6593);
#1979=VERTEX_POINT('',#6595);
#1980=VERTEX_POINT('',#6597);
#1981=VERTEX_POINT('',#6599);
#1982=VERTEX_POINT('',#6601);
#1983=VERTEX_POINT('',#6603);
#1984=VERTEX_POINT('',#6605);
#1985=VERTEX_POINT('',#6607);
#1986=VERTEX_POINT('',#6609);
#1987=VERTEX_POINT('',#6611);
#1988=VERTEX_POINT('',#6613);
#1989=VERTEX_POINT('',#6615);
#1990=VERTEX_POINT('',#6617);
#1991=VERTEX_POINT('',#6619);
#1992=VERTEX_POINT('',#6621);
#1993=VERTEX_POINT('',#6623);
#1994=VERTEX_POINT('',#6625);
#1995=VERTEX_POINT('',#6627);
#1996=VERTEX_POINT('',#6629);
#1997=VERTEX_POINT('',#6631);
#1998=VERTEX_POINT('',#6633);
#1999=VERTEX_POINT('',#6635);
#2000=VERTEX_POINT('',#6637);
#2001=VERTEX_POINT('',#6639);
#2002=VERTEX_POINT('',#6641);
#2003=VERTEX_POINT('',#6643);
#2004=VERTEX_POINT('',#6645);
#2005=VERTEX_POINT('',#6647);
#2006=VERTEX_POINT('',#6649);
#2007=VERTEX_POINT('',#6651);
#2008=VERTEX_POINT('',#6653);
#2009=VERTEX_POINT('',#6655);
#2010=VERTEX_POINT('',#6657);
#2011=VERTEX_POINT('',#6659);
#2012=VERTEX_POINT('',#6661);
#2013=VERTEX_POINT('',#6663);
#2014=VERTEX_POINT('',#6665);
#2015=VERTEX_POINT('',#6667);
#2016=VERTEX_POINT('',#6669);
#2017=VERTEX_POINT('',#6671);
#2018=VERTEX_POINT('',#6673);
#2019=VERTEX_POINT('',#6675);
#2020=VERTEX_POINT('',#6677);
#2021=VERTEX_POINT('',#6679);
#2022=VERTEX_POINT('',#6682);
#2023=VERTEX_POINT('',#6683);
#2024=VERTEX_POINT('',#6685);
#2025=VERTEX_POINT('',#6687);
#2026=VERTEX_POINT('',#6690);
#2027=VERTEX_POINT('',#6691);
#2028=VERTEX_POINT('',#6693);
#2029=VERTEX_POINT('',#6695);
#2030=VERTEX_POINT('',#6699);
#2031=VERTEX_POINT('',#6701);
#2032=VERTEX_POINT('',#6705);
#2033=VERTEX_POINT('',#6709);
#2034=VERTEX_POINT('',#6716);
#2035=VERTEX_POINT('',#6718);
#2036=VERTEX_POINT('',#6722);
#2037=VERTEX_POINT('',#6726);
#2038=VERTEX_POINT('',#6733);
#2039=VERTEX_POINT('',#6735);
#2040=VERTEX_POINT('',#6739);
#2041=VERTEX_POINT('',#6743);
#2042=VERTEX_POINT('',#6747);
#2043=VERTEX_POINT('',#6751);
#2044=VERTEX_POINT('',#6755);
#2045=VERTEX_POINT('',#6759);
#2046=VERTEX_POINT('',#6763);
#2047=VERTEX_POINT('',#6767);
#2048=VERTEX_POINT('',#6771);
#2049=VERTEX_POINT('',#6775);
#2050=VERTEX_POINT('',#6779);
#2051=VERTEX_POINT('',#6783);
#2052=VERTEX_POINT('',#6787);
#2053=VERTEX_POINT('',#6791);
#2054=VERTEX_POINT('',#6795);
#2055=VERTEX_POINT('',#6799);
#2056=VERTEX_POINT('',#6803);
#2057=VERTEX_POINT('',#6807);
#2058=VERTEX_POINT('',#6811);
#2059=VERTEX_POINT('',#6815);
#2060=VERTEX_POINT('',#6819);
#2061=VERTEX_POINT('',#6823);
#2062=VERTEX_POINT('',#6827);
#2063=VERTEX_POINT('',#6831);
#2064=VERTEX_POINT('',#6835);
#2065=VERTEX_POINT('',#6839);
#2066=VERTEX_POINT('',#6843);
#2067=VERTEX_POINT('',#6847);
#2068=VERTEX_POINT('',#6851);
#2069=VERTEX_POINT('',#6855);
#2070=VERTEX_POINT('',#6859);
#2071=VERTEX_POINT('',#6863);
#2072=VERTEX_POINT('',#6867);
#2073=VERTEX_POINT('',#6871);
#2074=VERTEX_POINT('',#6875);
#2075=VERTEX_POINT('',#6879);
#2076=VERTEX_POINT('',#6883);
#2077=VERTEX_POINT('',#6887);
#2078=VERTEX_POINT('',#6891);
#2079=VERTEX_POINT('',#6895);
#2080=VERTEX_POINT('',#6899);
#2081=VERTEX_POINT('',#6903);
#2082=VERTEX_POINT('',#6907);
#2083=VERTEX_POINT('',#6911);
#2084=VERTEX_POINT('',#6915);
#2085=VERTEX_POINT('',#6919);
#2086=VERTEX_POINT('',#6923);
#2087=VERTEX_POINT('',#6927);
#2088=VERTEX_POINT('',#6931);
#2089=VERTEX_POINT('',#6935);
#2090=VERTEX_POINT('',#6939);
#2091=VERTEX_POINT('',#6943);
#2092=VERTEX_POINT('',#6949);
#2093=VERTEX_POINT('',#6951);
#2094=VERTEX_POINT('',#6955);
#2095=VERTEX_POINT('',#6959);
#2096=VERTEX_POINT('',#6966);
#2097=VERTEX_POINT('',#6968);
#2098=VERTEX_POINT('',#6972);
#2099=VERTEX_POINT('',#6976);
#2100=VERTEX_POINT('',#6983);
#2101=VERTEX_POINT('',#6985);
#2102=VERTEX_POINT('',#6989);
#2103=VERTEX_POINT('',#6993);
#2104=VERTEX_POINT('',#7000);
#2105=VERTEX_POINT('',#7002);
#2106=VERTEX_POINT('',#7006);
#2107=VERTEX_POINT('',#7010);
#2108=VERTEX_POINT('',#7017);
#2109=VERTEX_POINT('',#7018);
#2110=VERTEX_POINT('',#7020);
#2111=VERTEX_POINT('',#7022);
#2112=VERTEX_POINT('',#7026);
#2113=VERTEX_POINT('',#7028);
#2114=VERTEX_POINT('',#7032);
#2115=VERTEX_POINT('',#7034);
#2116=VERTEX_POINT('',#7042);
#2117=VERTEX_POINT('',#7044);
#2118=VERTEX_POINT('',#7048);
#2119=VERTEX_POINT('',#7052);
#2120=VERTEX_POINT('',#7059);
#2121=VERTEX_POINT('',#7061);
#2122=VERTEX_POINT('',#7065);
#2123=VERTEX_POINT('',#7069);
#2124=VERTEX_POINT('',#7077);
#2125=VERTEX_POINT('',#7079);
#2126=VERTEX_POINT('',#7083);
#2127=VERTEX_POINT('',#7087);
#2128=VERTEX_POINT('',#7091);
#2129=VERTEX_POINT('',#7095);
#2130=VERTEX_POINT('',#7099);
#2131=VERTEX_POINT('',#7103);
#2132=VERTEX_POINT('',#7109);
#2133=VERTEX_POINT('',#7111);
#2134=VERTEX_POINT('',#7115);
#2135=VERTEX_POINT('',#7119);
#2136=VERTEX_POINT('',#7123);
#2137=VERTEX_POINT('',#7130);
#2138=VERTEX_POINT('',#7134);
#2139=VERTEX_POINT('',#7138);
#2140=VERTEX_POINT('',#7156);
#2141=VERTEX_POINT('',#7160);
#2142=VERTEX_POINT('',#7165);
#2143=VERTEX_POINT('',#7171);
#2144=VERTEX_POINT('',#7172);
#2145=VERTEX_POINT('',#7174);
#2146=VERTEX_POINT('',#7176);
#2147=VERTEX_POINT('',#7180);
#2148=VERTEX_POINT('',#7182);
#2149=VERTEX_POINT('',#7186);
#2150=VERTEX_POINT('',#7188);
#2151=VERTEX_POINT('',#7197);
#2152=VERTEX_POINT('',#7198);
#2153=VERTEX_POINT('',#7200);
#2154=VERTEX_POINT('',#7202);
#2155=VERTEX_POINT('',#7206);
#2156=VERTEX_POINT('',#7208);
#2157=VERTEX_POINT('',#7212);
#2158=VERTEX_POINT('',#7214);
#2159=VERTEX_POINT('',#7223);
#2160=VERTEX_POINT('',#7224);
#2161=VERTEX_POINT('',#7226);
#2162=VERTEX_POINT('',#7228);
#2163=VERTEX_POINT('',#7232);
#2164=VERTEX_POINT('',#7234);
#2165=VERTEX_POINT('',#7238);
#2166=VERTEX_POINT('',#7240);
#2167=VERTEX_POINT('',#7249);
#2168=VERTEX_POINT('',#7250);
#2169=VERTEX_POINT('',#7252);
#2170=VERTEX_POINT('',#7254);
#2171=VERTEX_POINT('',#7258);
#2172=VERTEX_POINT('',#7260);
#2173=VERTEX_POINT('',#7264);
#2174=VERTEX_POINT('',#7266);
#2175=VERTEX_POINT('',#7275);
#2176=VERTEX_POINT('',#7276);
#2177=VERTEX_POINT('',#7278);
#2178=VERTEX_POINT('',#7280);
#2179=VERTEX_POINT('',#7284);
#2180=VERTEX_POINT('',#7286);
#2181=VERTEX_POINT('',#7290);
#2182=VERTEX_POINT('',#7292);
#2183=VERTEX_POINT('',#7299);
#2184=VERTEX_POINT('',#7300);
#2185=VERTEX_POINT('',#7302);
#2186=VERTEX_POINT('',#7304);
#2187=VERTEX_POINT('',#7308);
#2188=VERTEX_POINT('',#7310);
#2189=VERTEX_POINT('',#7314);
#2190=VERTEX_POINT('',#7316);
#2191=VERTEX_POINT('',#7320);
#2192=VERTEX_POINT('',#7322);
#2193=VERTEX_POINT('',#7326);
#2194=VERTEX_POINT('',#7328);
#2195=VERTEX_POINT('',#7332);
#2196=VERTEX_POINT('',#7334);
#2197=VERTEX_POINT('',#7338);
#2198=VERTEX_POINT('',#7340);
#2199=VERTEX_POINT('',#7344);
#2200=VERTEX_POINT('',#7346);
#2201=VERTEX_POINT('',#7350);
#2202=VERTEX_POINT('',#7352);
#2203=VERTEX_POINT('',#7356);
#2204=VERTEX_POINT('',#7358);
#2205=VERTEX_POINT('',#7362);
#2206=VERTEX_POINT('',#7364);
#2207=VERTEX_POINT('',#7368);
#2208=VERTEX_POINT('',#7370);
#2209=VERTEX_POINT('',#7374);
#2210=VERTEX_POINT('',#7376);
#2211=VERTEX_POINT('',#7380);
#2212=VERTEX_POINT('',#7382);
#2213=VERTEX_POINT('',#7386);
#2214=VERTEX_POINT('',#7388);
#2215=VERTEX_POINT('',#7392);
#2216=VERTEX_POINT('',#7394);
#2217=VERTEX_POINT('',#7398);
#2218=VERTEX_POINT('',#7400);
#2219=VERTEX_POINT('',#7404);
#2220=VERTEX_POINT('',#7406);
#2221=VERTEX_POINT('',#7410);
#2222=VERTEX_POINT('',#7412);
#2223=VERTEX_POINT('',#7416);
#2224=VERTEX_POINT('',#7418);
#2225=VERTEX_POINT('',#7422);
#2226=VERTEX_POINT('',#7424);
#2227=VERTEX_POINT('',#7428);
#2228=VERTEX_POINT('',#7430);
#2229=VERTEX_POINT('',#7434);
#2230=VERTEX_POINT('',#7436);
#2231=VERTEX_POINT('',#7440);
#2232=VERTEX_POINT('',#7442);
#2233=VERTEX_POINT('',#7446);
#2234=VERTEX_POINT('',#7448);
#2235=VERTEX_POINT('',#7452);
#2236=VERTEX_POINT('',#7454);
#2237=VERTEX_POINT('',#7458);
#2238=VERTEX_POINT('',#7460);
#2239=VERTEX_POINT('',#7464);
#2240=VERTEX_POINT('',#7466);
#2241=VERTEX_POINT('',#7470);
#2242=VERTEX_POINT('',#7472);
#2243=VERTEX_POINT('',#7476);
#2244=VERTEX_POINT('',#7478);
#2245=VERTEX_POINT('',#7482);
#2246=VERTEX_POINT('',#7484);
#2247=VERTEX_POINT('',#7488);
#2248=VERTEX_POINT('',#7490);
#2249=VERTEX_POINT('',#7494);
#2250=VERTEX_POINT('',#7496);
#2251=VERTEX_POINT('',#7500);
#2252=VERTEX_POINT('',#7502);
#2253=VERTEX_POINT('',#7506);
#2254=VERTEX_POINT('',#7508);
#2255=VERTEX_POINT('',#7512);
#2256=VERTEX_POINT('',#7514);
#2257=VERTEX_POINT('',#7518);
#2258=VERTEX_POINT('',#7520);
#2259=VERTEX_POINT('',#7524);
#2260=VERTEX_POINT('',#7526);
#2261=VERTEX_POINT('',#7530);
#2262=VERTEX_POINT('',#7532);
#2263=VERTEX_POINT('',#7536);
#2264=VERTEX_POINT('',#7538);
#2265=VERTEX_POINT('',#7542);
#2266=VERTEX_POINT('',#7544);
#2267=VERTEX_POINT('',#7548);
#2268=VERTEX_POINT('',#7550);
#2269=VERTEX_POINT('',#7554);
#2270=VERTEX_POINT('',#7556);
#2271=VERTEX_POINT('',#7560);
#2272=VERTEX_POINT('',#7562);
#2273=VERTEX_POINT('',#7566);
#2274=VERTEX_POINT('',#7568);
#2275=VERTEX_POINT('',#7572);
#2276=VERTEX_POINT('',#7574);
#2277=VERTEX_POINT('',#7578);
#2278=VERTEX_POINT('',#7580);
#2279=VERTEX_POINT('',#7584);
#2280=VERTEX_POINT('',#7586);
#2281=VERTEX_POINT('',#7590);
#2282=VERTEX_POINT('',#7592);
#2283=VERTEX_POINT('',#7596);
#2284=VERTEX_POINT('',#7598);
#2285=VERTEX_POINT('',#7602);
#2286=VERTEX_POINT('',#7604);
#2287=VERTEX_POINT('',#7608);
#2288=VERTEX_POINT('',#7610);
#2289=VERTEX_POINT('',#7614);
#2290=VERTEX_POINT('',#7616);
#2291=VERTEX_POINT('',#7625);
#2292=VERTEX_POINT('',#7626);
#2293=VERTEX_POINT('',#7628);
#2294=VERTEX_POINT('',#7630);
#2295=VERTEX_POINT('',#7634);
#2296=VERTEX_POINT('',#7636);
#2297=VERTEX_POINT('',#7640);
#2298=VERTEX_POINT('',#7642);
#2299=VERTEX_POINT('',#7651);
#2300=VERTEX_POINT('',#7652);
#2301=VERTEX_POINT('',#7654);
#2302=VERTEX_POINT('',#7656);
#2303=VERTEX_POINT('',#7660);
#2304=VERTEX_POINT('',#7662);
#2305=VERTEX_POINT('',#7666);
#2306=VERTEX_POINT('',#7668);
#2307=VERTEX_POINT('',#7677);
#2308=VERTEX_POINT('',#7678);
#2309=VERTEX_POINT('',#7680);
#2310=VERTEX_POINT('',#7682);
#2311=VERTEX_POINT('',#7686);
#2312=VERTEX_POINT('',#7688);
#2313=VERTEX_POINT('',#7692);
#2314=VERTEX_POINT('',#7694);
#2315=VERTEX_POINT('',#7703);
#2316=VERTEX_POINT('',#7704);
#2317=VERTEX_POINT('',#7706);
#2318=VERTEX_POINT('',#7708);
#2319=VERTEX_POINT('',#7712);
#2320=VERTEX_POINT('',#7714);
#2321=VERTEX_POINT('',#7718);
#2322=VERTEX_POINT('',#7720);
#2323=EDGE_CURVE('',#1893,#1894,#663,.T.);
#2324=EDGE_CURVE('',#1894,#1895,#664,.T.);
#2325=EDGE_CURVE('',#1895,#1896,#665,.T.);
#2326=EDGE_CURVE('',#1896,#1893,#666,.T.);
#2327=EDGE_CURVE('',#1897,#1898,#667,.T.);
#2328=EDGE_CURVE('',#1898,#1894,#72,.T.);
#2329=EDGE_CURVE('',#1893,#1897,#73,.T.);
#2330=EDGE_CURVE('',#1899,#1900,#668,.T.);
#2331=EDGE_CURVE('',#1900,#1901,#669,.T.);
#2332=EDGE_CURVE('',#1901,#1902,#670,.T.);
#2333=EDGE_CURVE('',#1902,#1899,#671,.T.);
#2334=EDGE_CURVE('',#1901,#1903,#74,.T.);
#2335=EDGE_CURVE('',#1903,#1904,#672,.T.);
#2336=EDGE_CURVE('',#1904,#1902,#75,.T.);
#2337=EDGE_CURVE('',#1905,#1906,#673,.T.);
#2338=EDGE_CURVE('',#1906,#1904,#674,.T.);
#2339=EDGE_CURVE('',#1903,#1905,#675,.T.);
#2340=EDGE_CURVE('',#1905,#1907,#76,.T.);
#2341=EDGE_CURVE('',#1907,#1908,#676,.T.);
#2342=EDGE_CURVE('',#1908,#1906,#77,.T.);
#2343=EDGE_CURVE('',#1909,#1910,#677,.T.);
#2344=EDGE_CURVE('',#1910,#1908,#678,.T.);
#2345=EDGE_CURVE('',#1907,#1909,#679,.T.);
#2346=EDGE_CURVE('',#1909,#1896,#78,.T.);
#2347=EDGE_CURVE('',#1895,#1910,#79,.T.);
#2348=EDGE_CURVE('',#1911,#1898,#66,.T.);
#2349=EDGE_CURVE('',#1897,#1912,#67,.T.);
#2350=EDGE_CURVE('',#1912,#1911,#680,.T.);
#2351=EDGE_CURVE('',#1899,#1911,#68,.T.);
#2352=EDGE_CURVE('',#1912,#1900,#69,.T.);
#2353=EDGE_CURVE('',#1913,#1907,#681,.T.);
#2354=EDGE_CURVE('',#1914,#1913,#682,.T.);
#2355=EDGE_CURVE('',#1909,#1914,#683,.T.);
#2356=EDGE_CURVE('',#1905,#1915,#684,.T.);
#2357=EDGE_CURVE('',#1915,#1913,#80,.T.);
#2358=EDGE_CURVE('',#1916,#1903,#685,.T.);
#2359=EDGE_CURVE('',#1915,#1916,#686,.T.);
#2360=EDGE_CURVE('',#1901,#1917,#687,.T.);
#2361=EDGE_CURVE('',#1917,#1916,#81,.T.);
#2362=EDGE_CURVE('',#1918,#1899,#82,.T.);
#2363=EDGE_CURVE('',#1918,#1919,#688,.T.);
#2364=EDGE_CURVE('',#1919,#1919,#83,.T.);
#2365=EDGE_CURVE('',#1898,#1918,#84,.T.);
#2366=EDGE_CURVE('',#1914,#1920,#85,.T.);
#2367=EDGE_CURVE('',#1920,#1896,#689,.T.);
#2368=EDGE_CURVE('',#1921,#1920,#690,.T.);
#2369=EDGE_CURVE('',#1893,#1921,#691,.T.);
#2370=EDGE_CURVE('',#1921,#1922,#86,.T.);
#2371=EDGE_CURVE('',#1922,#1912,#692,.T.);
#2372=EDGE_CURVE('',#1917,#1922,#693,.T.);
#2373=EDGE_CURVE('',#1923,#1924,#694,.T.);
#2374=EDGE_CURVE('',#1925,#1923,#87,.T.);
#2375=EDGE_CURVE('',#1926,#1925,#695,.T.);
#2376=EDGE_CURVE('',#1927,#1926,#88,.T.);
#2377=EDGE_CURVE('',#1928,#1927,#696,.T.);
#2378=EDGE_CURVE('',#1929,#1928,#89,.T.);
#2379=EDGE_CURVE('',#1930,#1929,#697,.T.);
#2380=EDGE_CURVE('',#1924,#1930,#90,.T.);
#2381=EDGE_CURVE('',#1931,#1931,#91,.T.);
#2382=EDGE_CURVE('',#1932,#1932,#92,.T.);
#2383=EDGE_CURVE('',#1933,#1933,#93,.T.);
#2384=EDGE_CURVE('',#1934,#1934,#94,.T.);
#2385=EDGE_CURVE('',#1934,#1933,#698,.T.);
#2386=EDGE_CURVE('',#1935,#1936,#699,.T.);
#2387=EDGE_CURVE('',#1937,#1935,#95,.T.);
#2388=EDGE_CURVE('',#1938,#1937,#700,.T.);
#2389=EDGE_CURVE('',#1939,#1938,#96,.T.);
#2390=EDGE_CURVE('',#1940,#1939,#701,.T.);
#2391=EDGE_CURVE('',#1941,#1940,#97,.T.);
#2392=EDGE_CURVE('',#1942,#1941,#702,.T.);
#2393=EDGE_CURVE('',#1936,#1942,#98,.T.);
#2394=EDGE_CURVE('',#1943,#1943,#99,.T.);
#2395=EDGE_CURVE('',#1944,#1945,#703,.T.);
#2396=EDGE_CURVE('',#1945,#1946,#704,.T.);
#2397=EDGE_CURVE('',#1946,#1947,#705,.T.);
#2398=EDGE_CURVE('',#1947,#1944,#706,.T.);
#2399=EDGE_CURVE('',#1948,#1949,#707,.T.);
#2400=EDGE_CURVE('',#1949,#1950,#708,.T.);
#2401=EDGE_CURVE('',#1950,#1951,#709,.T.);
#2402=EDGE_CURVE('',#1951,#1948,#710,.T.);
#2403=EDGE_CURVE('',#1952,#1953,#711,.T.);
#2404=EDGE_CURVE('',#1953,#1954,#712,.T.);
#2405=EDGE_CURVE('',#1954,#1955,#713,.T.);
#2406=EDGE_CURVE('',#1955,#1952,#714,.T.);
#2407=EDGE_CURVE('',#1956,#1957,#715,.T.);
#2408=EDGE_CURVE('',#1957,#1958,#716,.T.);
#2409=EDGE_CURVE('',#1958,#1959,#717,.T.);
#2410=EDGE_CURVE('',#1959,#1956,#718,.T.);
#2411=EDGE_CURVE('',#1960,#1961,#719,.T.);
#2412=EDGE_CURVE('',#1961,#1962,#720,.T.);
#2413=EDGE_CURVE('',#1962,#1963,#721,.T.);
#2414=EDGE_CURVE('',#1963,#1960,#722,.T.);
#2415=EDGE_CURVE('',#1964,#1965,#723,.T.);
#2416=EDGE_CURVE('',#1965,#1966,#724,.T.);
#2417=EDGE_CURVE('',#1966,#1967,#725,.T.);
#2418=EDGE_CURVE('',#1967,#1964,#726,.T.);
#2419=EDGE_CURVE('',#1968,#1969,#727,.T.);
#2420=EDGE_CURVE('',#1969,#1970,#728,.T.);
#2421=EDGE_CURVE('',#1970,#1971,#729,.T.);
#2422=EDGE_CURVE('',#1971,#1972,#730,.T.);
#2423=EDGE_CURVE('',#1972,#1973,#731,.T.);
#2424=EDGE_CURVE('',#1973,#1974,#732,.T.);
#2425=EDGE_CURVE('',#1974,#1975,#733,.T.);
#2426=EDGE_CURVE('',#1975,#1976,#734,.T.);
#2427=EDGE_CURVE('',#1976,#1977,#735,.T.);
#2428=EDGE_CURVE('',#1977,#1978,#736,.T.);
#2429=EDGE_CURVE('',#1978,#1979,#737,.T.);
#2430=EDGE_CURVE('',#1979,#1980,#738,.T.);
#2431=EDGE_CURVE('',#1980,#1981,#739,.T.);
#2432=EDGE_CURVE('',#1981,#1982,#740,.T.);
#2433=EDGE_CURVE('',#1982,#1983,#741,.T.);
#2434=EDGE_CURVE('',#1983,#1984,#742,.T.);
#2435=EDGE_CURVE('',#1984,#1985,#743,.T.);
#2436=EDGE_CURVE('',#1985,#1986,#744,.T.);
#2437=EDGE_CURVE('',#1986,#1987,#745,.T.);
#2438=EDGE_CURVE('',#1987,#1988,#746,.T.);
#2439=EDGE_CURVE('',#1988,#1989,#747,.T.);
#2440=EDGE_CURVE('',#1989,#1990,#748,.T.);
#2441=EDGE_CURVE('',#1990,#1991,#749,.T.);
#2442=EDGE_CURVE('',#1991,#1992,#750,.T.);
#2443=EDGE_CURVE('',#1992,#1993,#751,.T.);
#2444=EDGE_CURVE('',#1993,#1994,#752,.T.);
#2445=EDGE_CURVE('',#1994,#1995,#753,.T.);
#2446=EDGE_CURVE('',#1995,#1996,#754,.T.);
#2447=EDGE_CURVE('',#1996,#1997,#755,.T.);
#2448=EDGE_CURVE('',#1997,#1998,#756,.T.);
#2449=EDGE_CURVE('',#1998,#1999,#757,.T.);
#2450=EDGE_CURVE('',#1999,#2000,#758,.T.);
#2451=EDGE_CURVE('',#2000,#2001,#759,.T.);
#2452=EDGE_CURVE('',#2001,#2002,#760,.T.);
#2453=EDGE_CURVE('',#2002,#2003,#761,.T.);
#2454=EDGE_CURVE('',#2003,#2004,#762,.T.);
#2455=EDGE_CURVE('',#2004,#2005,#763,.T.);
#2456=EDGE_CURVE('',#2005,#2006,#764,.T.);
#2457=EDGE_CURVE('',#2006,#2007,#765,.T.);
#2458=EDGE_CURVE('',#2007,#2008,#766,.T.);
#2459=EDGE_CURVE('',#2008,#2009,#767,.T.);
#2460=EDGE_CURVE('',#2009,#2010,#768,.T.);
#2461=EDGE_CURVE('',#2010,#2011,#769,.T.);
#2462=EDGE_CURVE('',#2011,#2012,#770,.T.);
#2463=EDGE_CURVE('',#2012,#2013,#771,.T.);
#2464=EDGE_CURVE('',#2013,#2014,#772,.T.);
#2465=EDGE_CURVE('',#2014,#2015,#773,.T.);
#2466=EDGE_CURVE('',#2015,#2016,#774,.T.);
#2467=EDGE_CURVE('',#2016,#2017,#775,.T.);
#2468=EDGE_CURVE('',#2017,#2018,#776,.T.);
#2469=EDGE_CURVE('',#2018,#2019,#777,.T.);
#2470=EDGE_CURVE('',#2019,#2020,#778,.T.);
#2471=EDGE_CURVE('',#2020,#2021,#779,.T.);
#2472=EDGE_CURVE('',#2021,#1968,#780,.T.);
#2473=EDGE_CURVE('',#2022,#2023,#781,.T.);
#2474=EDGE_CURVE('',#2023,#2024,#782,.T.);
#2475=EDGE_CURVE('',#2024,#2025,#783,.T.);
#2476=EDGE_CURVE('',#2025,#2022,#784,.T.);
#2477=EDGE_CURVE('',#2026,#2027,#785,.T.);
#2478=EDGE_CURVE('',#2027,#2028,#786,.T.);
#2479=EDGE_CURVE('',#2028,#2029,#787,.T.);
#2480=EDGE_CURVE('',#2029,#2026,#788,.T.);
#2481=EDGE_CURVE('',#2026,#2030,#789,.T.);
#2482=EDGE_CURVE('',#2030,#2031,#790,.T.);
#2483=EDGE_CURVE('',#2027,#2031,#791,.T.);
#2484=EDGE_CURVE('',#2029,#2032,#792,.T.);
#2485=EDGE_CURVE('',#2032,#2030,#793,.T.);
#2486=EDGE_CURVE('',#2028,#2033,#794,.T.);
#2487=EDGE_CURVE('',#2033,#2032,#795,.T.);
#2488=EDGE_CURVE('',#2031,#2033,#796,.T.);
#2489=EDGE_CURVE('',#2022,#2034,#797,.T.);
#2490=EDGE_CURVE('',#2034,#2035,#798,.T.);
#2491=EDGE_CURVE('',#2023,#2035,#799,.T.);
#2492=EDGE_CURVE('',#2025,#2036,#800,.T.);
#2493=EDGE_CURVE('',#2036,#2034,#801,.T.);
#2494=EDGE_CURVE('',#2024,#2037,#802,.T.);
#2495=EDGE_CURVE('',#2037,#2036,#803,.T.);
#2496=EDGE_CURVE('',#2035,#2037,#804,.T.);
#2497=EDGE_CURVE('',#1968,#2038,#805,.T.);
#2498=EDGE_CURVE('',#2038,#2039,#806,.T.);
#2499=EDGE_CURVE('',#1969,#2039,#807,.T.);
#2500=EDGE_CURVE('',#2021,#2040,#808,.T.);
#2501=EDGE_CURVE('',#2040,#2038,#809,.T.);
#2502=EDGE_CURVE('',#2020,#2041,#810,.T.);
#2503=EDGE_CURVE('',#2041,#2040,#811,.T.);
#2504=EDGE_CURVE('',#2019,#2042,#812,.T.);
#2505=EDGE_CURVE('',#2042,#2041,#813,.T.);
#2506=EDGE_CURVE('',#2018,#2043,#814,.T.);
#2507=EDGE_CURVE('',#2043,#2042,#815,.T.);
#2508=EDGE_CURVE('',#2017,#2044,#816,.T.);
#2509=EDGE_CURVE('',#2044,#2043,#817,.T.);
#2510=EDGE_CURVE('',#2016,#2045,#818,.T.);
#2511=EDGE_CURVE('',#2045,#2044,#819,.T.);
#2512=EDGE_CURVE('',#2015,#2046,#820,.T.);
#2513=EDGE_CURVE('',#2046,#2045,#821,.T.);
#2514=EDGE_CURVE('',#2014,#2047,#822,.T.);
#2515=EDGE_CURVE('',#2047,#2046,#823,.T.);
#2516=EDGE_CURVE('',#2013,#2048,#824,.T.);
#2517=EDGE_CURVE('',#2048,#2047,#825,.T.);
#2518=EDGE_CURVE('',#2012,#2049,#826,.T.);
#2519=EDGE_CURVE('',#2049,#2048,#827,.T.);
#2520=EDGE_CURVE('',#2011,#2050,#828,.T.);
#2521=EDGE_CURVE('',#2050,#2049,#829,.T.);
#2522=EDGE_CURVE('',#2010,#2051,#830,.T.);
#2523=EDGE_CURVE('',#2051,#2050,#831,.T.);
#2524=EDGE_CURVE('',#2009,#2052,#832,.T.);
#2525=EDGE_CURVE('',#2052,#2051,#833,.T.);
#2526=EDGE_CURVE('',#2008,#2053,#834,.T.);
#2527=EDGE_CURVE('',#2053,#2052,#835,.T.);
#2528=EDGE_CURVE('',#2007,#2054,#836,.T.);
#2529=EDGE_CURVE('',#2054,#2053,#837,.T.);
#2530=EDGE_CURVE('',#2006,#2055,#838,.T.);
#2531=EDGE_CURVE('',#2055,#2054,#839,.T.);
#2532=EDGE_CURVE('',#2005,#2056,#840,.T.);
#2533=EDGE_CURVE('',#2056,#2055,#841,.T.);
#2534=EDGE_CURVE('',#2004,#2057,#842,.T.);
#2535=EDGE_CURVE('',#2057,#2056,#843,.T.);
#2536=EDGE_CURVE('',#2003,#2058,#844,.T.);
#2537=EDGE_CURVE('',#2058,#2057,#845,.T.);
#2538=EDGE_CURVE('',#2002,#2059,#846,.T.);
#2539=EDGE_CURVE('',#2059,#2058,#847,.T.);
#2540=EDGE_CURVE('',#2001,#2060,#848,.T.);
#2541=EDGE_CURVE('',#2060,#2059,#849,.T.);
#2542=EDGE_CURVE('',#2000,#2061,#850,.T.);
#2543=EDGE_CURVE('',#2061,#2060,#851,.T.);
#2544=EDGE_CURVE('',#1999,#2062,#852,.T.);
#2545=EDGE_CURVE('',#2062,#2061,#853,.T.);
#2546=EDGE_CURVE('',#1998,#2063,#854,.T.);
#2547=EDGE_CURVE('',#2063,#2062,#855,.T.);
#2548=EDGE_CURVE('',#1997,#2064,#856,.T.);
#2549=EDGE_CURVE('',#2064,#2063,#857,.T.);
#2550=EDGE_CURVE('',#1996,#2065,#858,.T.);
#2551=EDGE_CURVE('',#2065,#2064,#859,.T.);
#2552=EDGE_CURVE('',#1995,#2066,#860,.T.);
#2553=EDGE_CURVE('',#2066,#2065,#861,.T.);
#2554=EDGE_CURVE('',#1994,#2067,#862,.T.);
#2555=EDGE_CURVE('',#2067,#2066,#863,.T.);
#2556=EDGE_CURVE('',#1993,#2068,#864,.T.);
#2557=EDGE_CURVE('',#2068,#2067,#865,.T.);
#2558=EDGE_CURVE('',#1992,#2069,#866,.T.);
#2559=EDGE_CURVE('',#2069,#2068,#867,.T.);
#2560=EDGE_CURVE('',#1991,#2070,#868,.T.);
#2561=EDGE_CURVE('',#2070,#2069,#869,.T.);
#2562=EDGE_CURVE('',#1990,#2071,#870,.T.);
#2563=EDGE_CURVE('',#2071,#2070,#871,.T.);
#2564=EDGE_CURVE('',#1989,#2072,#872,.T.);
#2565=EDGE_CURVE('',#2072,#2071,#873,.T.);
#2566=EDGE_CURVE('',#1988,#2073,#874,.T.);
#2567=EDGE_CURVE('',#2073,#2072,#875,.T.);
#2568=EDGE_CURVE('',#1987,#2074,#876,.T.);
#2569=EDGE_CURVE('',#2074,#2073,#877,.T.);
#2570=EDGE_CURVE('',#1986,#2075,#878,.T.);
#2571=EDGE_CURVE('',#2075,#2074,#879,.T.);
#2572=EDGE_CURVE('',#1985,#2076,#880,.T.);
#2573=EDGE_CURVE('',#2076,#2075,#881,.T.);
#2574=EDGE_CURVE('',#1984,#2077,#882,.T.);
#2575=EDGE_CURVE('',#2077,#2076,#883,.T.);
#2576=EDGE_CURVE('',#1983,#2078,#884,.T.);
#2577=EDGE_CURVE('',#2078,#2077,#885,.T.);
#2578=EDGE_CURVE('',#1982,#2079,#886,.T.);
#2579=EDGE_CURVE('',#2079,#2078,#887,.T.);
#2580=EDGE_CURVE('',#1981,#2080,#888,.T.);
#2581=EDGE_CURVE('',#2080,#2079,#889,.T.);
#2582=EDGE_CURVE('',#1980,#2081,#890,.T.);
#2583=EDGE_CURVE('',#2081,#2080,#891,.T.);
#2584=EDGE_CURVE('',#1979,#2082,#892,.T.);
#2585=EDGE_CURVE('',#2082,#2081,#893,.T.);
#2586=EDGE_CURVE('',#1978,#2083,#894,.T.);
#2587=EDGE_CURVE('',#2083,#2082,#895,.T.);
#2588=EDGE_CURVE('',#1977,#2084,#896,.T.);
#2589=EDGE_CURVE('',#2084,#2083,#897,.T.);
#2590=EDGE_CURVE('',#1976,#2085,#898,.T.);
#2591=EDGE_CURVE('',#2085,#2084,#899,.T.);
#2592=EDGE_CURVE('',#1975,#2086,#900,.T.);
#2593=EDGE_CURVE('',#2086,#2085,#901,.T.);
#2594=EDGE_CURVE('',#1974,#2087,#902,.T.);
#2595=EDGE_CURVE('',#2087,#2086,#903,.T.);
#2596=EDGE_CURVE('',#1973,#2088,#904,.T.);
#2597=EDGE_CURVE('',#2088,#2087,#905,.T.);
#2598=EDGE_CURVE('',#1972,#2089,#906,.T.);
#2599=EDGE_CURVE('',#2089,#2088,#907,.T.);
#2600=EDGE_CURVE('',#1971,#2090,#908,.T.);
#2601=EDGE_CURVE('',#2090,#2089,#909,.T.);
#2602=EDGE_CURVE('',#1970,#2091,#910,.T.);
#2603=EDGE_CURVE('',#2091,#2090,#911,.T.);
#2604=EDGE_CURVE('',#2039,#2091,#912,.T.);
#2605=EDGE_CURVE('',#1964,#2092,#913,.T.);
#2606=EDGE_CURVE('',#2092,#2093,#914,.T.);
#2607=EDGE_CURVE('',#1965,#2093,#915,.T.);
#2608=EDGE_CURVE('',#1967,#2094,#916,.T.);
#2609=EDGE_CURVE('',#2094,#2092,#917,.T.);
#2610=EDGE_CURVE('',#1966,#2095,#918,.T.);
#2611=EDGE_CURVE('',#2095,#2094,#919,.T.);
#2612=EDGE_CURVE('',#2093,#2095,#920,.T.);
#2613=EDGE_CURVE('',#1960,#2096,#921,.T.);
#2614=EDGE_CURVE('',#2096,#2097,#922,.T.);
#2615=EDGE_CURVE('',#1961,#2097,#923,.T.);
#2616=EDGE_CURVE('',#1963,#2098,#924,.T.);
#2617=EDGE_CURVE('',#2098,#2096,#925,.T.);
#2618=EDGE_CURVE('',#1962,#2099,#926,.T.);
#2619=EDGE_CURVE('',#2099,#2098,#927,.T.);
#2620=EDGE_CURVE('',#2097,#2099,#928,.T.);
#2621=EDGE_CURVE('',#1956,#2100,#929,.T.);
#2622=EDGE_CURVE('',#2100,#2101,#930,.T.);
#2623=EDGE_CURVE('',#1957,#2101,#931,.T.);
#2624=EDGE_CURVE('',#1959,#2102,#932,.T.);
#2625=EDGE_CURVE('',#2102,#2100,#933,.T.);
#2626=EDGE_CURVE('',#1958,#2103,#934,.T.);
#2627=EDGE_CURVE('',#2103,#2102,#935,.T.);
#2628=EDGE_CURVE('',#2101,#2103,#936,.T.);
#2629=EDGE_CURVE('',#1952,#2104,#937,.T.);
#2630=EDGE_CURVE('',#2104,#2105,#938,.T.);
#2631=EDGE_CURVE('',#1953,#2105,#939,.T.);
#2632=EDGE_CURVE('',#1955,#2106,#940,.T.);
#2633=EDGE_CURVE('',#2106,#2104,#941,.T.);
#2634=EDGE_CURVE('',#1954,#2107,#942,.T.);
#2635=EDGE_CURVE('',#2107,#2106,#943,.T.);
#2636=EDGE_CURVE('',#2105,#2107,#944,.T.);
#2637=EDGE_CURVE('',#2108,#2109,#945,.T.);
#2638=EDGE_CURVE('',#2108,#2110,#946,.T.);
#2639=EDGE_CURVE('',#2110,#2111,#947,.F.);
#2640=EDGE_CURVE('',#2109,#2111,#948,.T.);
#2641=EDGE_CURVE('',#2112,#2108,#949,.T.);
#2642=EDGE_CURVE('',#2112,#2113,#950,.F.);
#2643=EDGE_CURVE('',#2113,#2110,#951,.F.);
#2644=EDGE_CURVE('',#2114,#2112,#952,.T.);
#2645=EDGE_CURVE('',#2114,#2115,#953,.T.);
#2646=EDGE_CURVE('',#2115,#2113,#954,.F.);
#2647=EDGE_CURVE('',#2109,#2114,#955,.T.);
#2648=EDGE_CURVE('',#2111,#2115,#956,.F.);
#2649=EDGE_CURVE('',#1948,#2116,#957,.T.);
#2650=EDGE_CURVE('',#2116,#2117,#958,.T.);
#2651=EDGE_CURVE('',#1949,#2117,#959,.T.);
#2652=EDGE_CURVE('',#1951,#2118,#960,.T.);
#2653=EDGE_CURVE('',#2118,#2116,#961,.T.);
#2654=EDGE_CURVE('',#1950,#2119,#962,.T.);
#2655=EDGE_CURVE('',#2119,#2118,#963,.T.);
#2656=EDGE_CURVE('',#2117,#2119,#964,.T.);
#2657=EDGE_CURVE('',#1944,#2120,#965,.T.);
#2658=EDGE_CURVE('',#2120,#2121,#966,.T.);
#2659=EDGE_CURVE('',#1945,#2121,#967,.T.);
#2660=EDGE_CURVE('',#1947,#2122,#968,.T.);
#2661=EDGE_CURVE('',#2122,#2120,#969,.T.);
#2662=EDGE_CURVE('',#1946,#2123,#970,.T.);
#2663=EDGE_CURVE('',#2123,#2122,#971,.T.);
#2664=EDGE_CURVE('',#2121,#2123,#972,.T.);
#2665=EDGE_CURVE('',#1924,#2124,#973,.T.);
#2666=EDGE_CURVE('',#2124,#2125,#974,.T.);
#2667=EDGE_CURVE('',#2125,#1923,#975,.T.);
#2668=EDGE_CURVE('',#1930,#2126,#976,.T.);
#2669=EDGE_CURVE('',#2126,#2124,#100,.T.);
#2670=EDGE_CURVE('',#1929,#2127,#977,.T.);
#2671=EDGE_CURVE('',#2127,#2126,#978,.T.);
#2672=EDGE_CURVE('',#1928,#2128,#979,.T.);
#2673=EDGE_CURVE('',#2128,#2127,#101,.T.);
#2674=EDGE_CURVE('',#1927,#2129,#980,.T.);
#2675=EDGE_CURVE('',#2129,#2128,#981,.T.);
#2676=EDGE_CURVE('',#1926,#2130,#982,.T.);
#2677=EDGE_CURVE('',#2130,#2129,#102,.T.);
#2678=EDGE_CURVE('',#1925,#2131,#983,.T.);
#2679=EDGE_CURVE('',#2131,#2130,#984,.T.);
#2680=EDGE_CURVE('',#2125,#2131,#103,.T.);
#2681=EDGE_CURVE('',#2130,#2132,#985,.T.);
#2682=EDGE_CURVE('',#2133,#2132,#104,.T.);
#2683=EDGE_CURVE('',#2129,#2133,#986,.T.);
#2684=EDGE_CURVE('',#2131,#2134,#987,.T.);
#2685=EDGE_CURVE('',#2132,#2134,#988,.T.);
#2686=EDGE_CURVE('',#2125,#2135,#989,.T.);
#2687=EDGE_CURVE('',#2134,#2135,#105,.T.);
#2688=EDGE_CURVE('',#2124,#2136,#990,.T.);
#2689=EDGE_CURVE('',#2135,#2136,#991,.T.);
#2690=EDGE_CURVE('',#2136,#1935,#992,.T.);
#2691=EDGE_CURVE('',#1936,#2135,#993,.T.);
#2692=EDGE_CURVE('',#2137,#1937,#994,.T.);
#2693=EDGE_CURVE('',#2136,#2137,#106,.T.);
#2694=EDGE_CURVE('',#2138,#1938,#995,.T.);
#2695=EDGE_CURVE('',#2137,#2138,#996,.T.);
#2696=EDGE_CURVE('',#2139,#1939,#997,.T.);
#2697=EDGE_CURVE('',#2138,#2139,#107,.T.);
#2698=EDGE_CURVE('',#2133,#1940,#998,.T.);
#2699=EDGE_CURVE('',#2139,#2133,#999,.T.);
#2700=EDGE_CURVE('',#2132,#1941,#1000,.T.);
#2701=EDGE_CURVE('',#2134,#1942,#1001,.T.);
#2702=EDGE_CURVE('',#2128,#2139,#1002,.T.);
#2703=EDGE_CURVE('',#2127,#2138,#1003,.T.);
#2704=EDGE_CURVE('',#2126,#2137,#1004,.T.);
#2705=EDGE_CURVE('',#1931,#2140,#1005,.T.);
#2706=EDGE_CURVE('',#2140,#2140,#108,.T.);
#2707=EDGE_CURVE('',#2141,#2141,#109,.T.);
#2708=EDGE_CURVE('',#2141,#1932,#1006,.T.);
#2709=EDGE_CURVE('',#2142,#2142,#110,.T.);
#2710=EDGE_CURVE('',#2142,#1943,#1007,.T.);
#2711=EDGE_CURVE('',#2143,#2144,#1008,.T.);
#2712=EDGE_CURVE('',#2143,#2145,#1009,.T.);
#2713=EDGE_CURVE('',#2146,#2145,#1010,.T.);
#2714=EDGE_CURVE('',#2144,#2146,#1011,.T.);
#2715=EDGE_CURVE('',#2144,#2147,#1012,.T.);
#2716=EDGE_CURVE('',#2148,#2146,#1013,.T.);
#2717=EDGE_CURVE('',#2147,#2148,#1014,.T.);
#2718=EDGE_CURVE('',#2147,#2149,#1015,.T.);
#2719=EDGE_CURVE('',#2150,#2148,#1016,.T.);
#2720=EDGE_CURVE('',#2149,#2150,#1017,.T.);
#2721=EDGE_CURVE('',#2149,#2143,#1018,.T.);
#2722=EDGE_CURVE('',#2145,#2150,#1019,.T.);
#2723=EDGE_CURVE('',#2151,#2152,#1020,.T.);
#2724=EDGE_CURVE('',#2151,#2153,#1021,.T.);
#2725=EDGE_CURVE('',#2154,#2153,#1022,.T.);
#2726=EDGE_CURVE('',#2152,#2154,#1023,.T.);
#2727=EDGE_CURVE('',#2152,#2155,#1024,.T.);
#2728=EDGE_CURVE('',#2156,#2154,#1025,.T.);
#2729=EDGE_CURVE('',#2155,#2156,#1026,.T.);
#2730=EDGE_CURVE('',#2155,#2157,#1027,.T.);
#2731=EDGE_CURVE('',#2158,#2156,#1028,.T.);
#2732=EDGE_CURVE('',#2157,#2158,#1029,.T.);
#2733=EDGE_CURVE('',#2157,#2151,#1030,.T.);
#2734=EDGE_CURVE('',#2153,#2158,#1031,.T.);
#2735=EDGE_CURVE('',#2159,#2160,#1032,.T.);
#2736=EDGE_CURVE('',#2159,#2161,#1033,.T.);
#2737=EDGE_CURVE('',#2162,#2161,#1034,.T.);
#2738=EDGE_CURVE('',#2160,#2162,#1035,.T.);
#2739=EDGE_CURVE('',#2160,#2163,#1036,.T.);
#2740=EDGE_CURVE('',#2164,#2162,#1037,.T.);
#2741=EDGE_CURVE('',#2163,#2164,#1038,.T.);
#2742=EDGE_CURVE('',#2163,#2165,#1039,.T.);
#2743=EDGE_CURVE('',#2166,#2164,#1040,.T.);
#2744=EDGE_CURVE('',#2165,#2166,#1041,.T.);
#2745=EDGE_CURVE('',#2165,#2159,#1042,.T.);
#2746=EDGE_CURVE('',#2161,#2166,#1043,.T.);
#2747=EDGE_CURVE('',#2167,#2168,#1044,.T.);
#2748=EDGE_CURVE('',#2167,#2169,#1045,.T.);
#2749=EDGE_CURVE('',#2170,#2169,#1046,.T.);
#2750=EDGE_CURVE('',#2168,#2170,#1047,.T.);
#2751=EDGE_CURVE('',#2168,#2171,#1048,.T.);
#2752=EDGE_CURVE('',#2172,#2170,#1049,.T.);
#2753=EDGE_CURVE('',#2171,#2172,#1050,.T.);
#2754=EDGE_CURVE('',#2171,#2173,#1051,.T.);
#2755=EDGE_CURVE('',#2174,#2172,#1052,.T.);
#2756=EDGE_CURVE('',#2173,#2174,#1053,.T.);
#2757=EDGE_CURVE('',#2173,#2167,#1054,.T.);
#2758=EDGE_CURVE('',#2169,#2174,#1055,.T.);
#2759=EDGE_CURVE('',#2175,#2176,#1056,.F.);
#2760=EDGE_CURVE('',#2175,#2177,#1057,.T.);
#2761=EDGE_CURVE('',#2178,#2177,#1058,.F.);
#2762=EDGE_CURVE('',#2176,#2178,#1059,.F.);
#2763=EDGE_CURVE('',#2176,#2179,#1060,.F.);
#2764=EDGE_CURVE('',#2180,#2178,#1061,.F.);
#2765=EDGE_CURVE('',#2179,#2180,#1062,.T.);
#2766=EDGE_CURVE('',#2179,#2181,#1063,.F.);
#2767=EDGE_CURVE('',#2182,#2180,#1064,.F.);
#2768=EDGE_CURVE('',#2181,#2182,#1065,.T.);
#2769=EDGE_CURVE('',#2181,#2175,#1066,.F.);
#2770=EDGE_CURVE('',#2177,#2182,#1067,.F.);
#2771=EDGE_CURVE('',#2183,#2184,#1068,.T.);
#2772=EDGE_CURVE('',#2183,#2185,#1069,.T.);
#2773=EDGE_CURVE('',#2186,#2185,#1070,.T.);
#2774=EDGE_CURVE('',#2184,#2186,#1071,.T.);
#2775=EDGE_CURVE('',#2184,#2187,#1072,.T.);
#2776=EDGE_CURVE('',#2188,#2186,#1073,.T.);
#2777=EDGE_CURVE('',#2187,#2188,#1074,.T.);
#2778=EDGE_CURVE('',#2187,#2189,#1075,.T.);
#2779=EDGE_CURVE('',#2190,#2188,#1076,.T.);
#2780=EDGE_CURVE('',#2189,#2190,#1077,.T.);
#2781=EDGE_CURVE('',#2189,#2191,#1078,.T.);
#2782=EDGE_CURVE('',#2192,#2190,#1079,.T.);
#2783=EDGE_CURVE('',#2191,#2192,#1080,.T.);
#2784=EDGE_CURVE('',#2191,#2193,#1081,.T.);
#2785=EDGE_CURVE('',#2194,#2192,#1082,.T.);
#2786=EDGE_CURVE('',#2193,#2194,#1083,.T.);
#2787=EDGE_CURVE('',#2193,#2195,#1084,.T.);
#2788=EDGE_CURVE('',#2196,#2194,#1085,.T.);
#2789=EDGE_CURVE('',#2195,#2196,#1086,.T.);
#2790=EDGE_CURVE('',#2195,#2197,#1087,.T.);
#2791=EDGE_CURVE('',#2198,#2196,#1088,.T.);
#2792=EDGE_CURVE('',#2197,#2198,#1089,.T.);
#2793=EDGE_CURVE('',#2197,#2199,#1090,.T.);
#2794=EDGE_CURVE('',#2200,#2198,#1091,.T.);
#2795=EDGE_CURVE('',#2199,#2200,#1092,.T.);
#2796=EDGE_CURVE('',#2199,#2201,#1093,.T.);
#2797=EDGE_CURVE('',#2202,#2200,#1094,.T.);
#2798=EDGE_CURVE('',#2201,#2202,#1095,.T.);
#2799=EDGE_CURVE('',#2201,#2203,#1096,.T.);
#2800=EDGE_CURVE('',#2204,#2202,#1097,.T.);
#2801=EDGE_CURVE('',#2203,#2204,#1098,.T.);
#2802=EDGE_CURVE('',#2203,#2205,#1099,.T.);
#2803=EDGE_CURVE('',#2206,#2204,#1100,.T.);
#2804=EDGE_CURVE('',#2205,#2206,#1101,.T.);
#2805=EDGE_CURVE('',#2205,#2207,#1102,.T.);
#2806=EDGE_CURVE('',#2208,#2206,#1103,.T.);
#2807=EDGE_CURVE('',#2207,#2208,#1104,.T.);
#2808=EDGE_CURVE('',#2207,#2209,#1105,.T.);
#2809=EDGE_CURVE('',#2210,#2208,#1106,.T.);
#2810=EDGE_CURVE('',#2209,#2210,#1107,.T.);
#2811=EDGE_CURVE('',#2209,#2211,#1108,.T.);
#2812=EDGE_CURVE('',#2212,#2210,#1109,.T.);
#2813=EDGE_CURVE('',#2211,#2212,#1110,.T.);
#2814=EDGE_CURVE('',#2211,#2213,#1111,.T.);
#2815=EDGE_CURVE('',#2214,#2212,#1112,.T.);
#2816=EDGE_CURVE('',#2213,#2214,#1113,.T.);
#2817=EDGE_CURVE('',#2213,#2215,#1114,.T.);
#2818=EDGE_CURVE('',#2216,#2214,#1115,.T.);
#2819=EDGE_CURVE('',#2215,#2216,#1116,.T.);
#2820=EDGE_CURVE('',#2215,#2217,#1117,.T.);
#2821=EDGE_CURVE('',#2218,#2216,#1118,.T.);
#2822=EDGE_CURVE('',#2217,#2218,#1119,.T.);
#2823=EDGE_CURVE('',#2217,#2219,#1120,.T.);
#2824=EDGE_CURVE('',#2220,#2218,#1121,.T.);
#2825=EDGE_CURVE('',#2219,#2220,#1122,.T.);
#2826=EDGE_CURVE('',#2219,#2221,#1123,.T.);
#2827=EDGE_CURVE('',#2222,#2220,#1124,.T.);
#2828=EDGE_CURVE('',#2221,#2222,#1125,.T.);
#2829=EDGE_CURVE('',#2221,#2223,#1126,.T.);
#2830=EDGE_CURVE('',#2224,#2222,#1127,.T.);
#2831=EDGE_CURVE('',#2223,#2224,#1128,.T.);
#2832=EDGE_CURVE('',#2223,#2225,#1129,.T.);
#2833=EDGE_CURVE('',#2226,#2224,#1130,.T.);
#2834=EDGE_CURVE('',#2225,#2226,#1131,.T.);
#2835=EDGE_CURVE('',#2225,#2227,#1132,.T.);
#2836=EDGE_CURVE('',#2228,#2226,#1133,.T.);
#2837=EDGE_CURVE('',#2227,#2228,#1134,.T.);
#2838=EDGE_CURVE('',#2227,#2229,#1135,.T.);
#2839=EDGE_CURVE('',#2230,#2228,#1136,.T.);
#2840=EDGE_CURVE('',#2229,#2230,#1137,.T.);
#2841=EDGE_CURVE('',#2229,#2231,#1138,.T.);
#2842=EDGE_CURVE('',#2232,#2230,#1139,.T.);
#2843=EDGE_CURVE('',#2231,#2232,#1140,.T.);
#2844=EDGE_CURVE('',#2231,#2233,#1141,.T.);
#2845=EDGE_CURVE('',#2234,#2232,#1142,.T.);
#2846=EDGE_CURVE('',#2233,#2234,#1143,.T.);
#2847=EDGE_CURVE('',#2233,#2235,#1144,.T.);
#2848=EDGE_CURVE('',#2236,#2234,#1145,.T.);
#2849=EDGE_CURVE('',#2235,#2236,#1146,.T.);
#2850=EDGE_CURVE('',#2235,#2237,#1147,.T.);
#2851=EDGE_CURVE('',#2238,#2236,#1148,.T.);
#2852=EDGE_CURVE('',#2237,#2238,#1149,.T.);
#2853=EDGE_CURVE('',#2237,#2239,#1150,.T.);
#2854=EDGE_CURVE('',#2240,#2238,#1151,.T.);
#2855=EDGE_CURVE('',#2239,#2240,#1152,.T.);
#2856=EDGE_CURVE('',#2239,#2241,#1153,.T.);
#2857=EDGE_CURVE('',#2242,#2240,#1154,.T.);
#2858=EDGE_CURVE('',#2241,#2242,#1155,.T.);
#2859=EDGE_CURVE('',#2241,#2243,#1156,.T.);
#2860=EDGE_CURVE('',#2244,#2242,#1157,.T.);
#2861=EDGE_CURVE('',#2243,#2244,#1158,.T.);
#2862=EDGE_CURVE('',#2243,#2245,#1159,.T.);
#2863=EDGE_CURVE('',#2246,#2244,#1160,.T.);
#2864=EDGE_CURVE('',#2245,#2246,#1161,.T.);
#2865=EDGE_CURVE('',#2245,#2247,#1162,.T.);
#2866=EDGE_CURVE('',#2248,#2246,#1163,.T.);
#2867=EDGE_CURVE('',#2247,#2248,#1164,.T.);
#2868=EDGE_CURVE('',#2247,#2249,#1165,.T.);
#2869=EDGE_CURVE('',#2250,#2248,#1166,.T.);
#2870=EDGE_CURVE('',#2249,#2250,#1167,.T.);
#2871=EDGE_CURVE('',#2249,#2251,#1168,.T.);
#2872=EDGE_CURVE('',#2252,#2250,#1169,.T.);
#2873=EDGE_CURVE('',#2251,#2252,#1170,.T.);
#2874=EDGE_CURVE('',#2251,#2253,#1171,.T.);
#2875=EDGE_CURVE('',#2254,#2252,#1172,.T.);
#2876=EDGE_CURVE('',#2253,#2254,#1173,.T.);
#2877=EDGE_CURVE('',#2253,#2255,#1174,.T.);
#2878=EDGE_CURVE('',#2256,#2254,#1175,.T.);
#2879=EDGE_CURVE('',#2255,#2256,#1176,.T.);
#2880=EDGE_CURVE('',#2255,#2257,#1177,.T.);
#2881=EDGE_CURVE('',#2258,#2256,#1178,.T.);
#2882=EDGE_CURVE('',#2257,#2258,#1179,.T.);
#2883=EDGE_CURVE('',#2257,#2259,#1180,.T.);
#2884=EDGE_CURVE('',#2260,#2258,#1181,.T.);
#2885=EDGE_CURVE('',#2259,#2260,#1182,.T.);
#2886=EDGE_CURVE('',#2259,#2261,#1183,.T.);
#2887=EDGE_CURVE('',#2262,#2260,#1184,.T.);
#2888=EDGE_CURVE('',#2261,#2262,#1185,.T.);
#2889=EDGE_CURVE('',#2261,#2263,#1186,.T.);
#2890=EDGE_CURVE('',#2264,#2262,#1187,.T.);
#2891=EDGE_CURVE('',#2263,#2264,#1188,.T.);
#2892=EDGE_CURVE('',#2263,#2265,#1189,.T.);
#2893=EDGE_CURVE('',#2266,#2264,#1190,.T.);
#2894=EDGE_CURVE('',#2265,#2266,#1191,.T.);
#2895=EDGE_CURVE('',#2265,#2267,#1192,.T.);
#2896=EDGE_CURVE('',#2268,#2266,#1193,.T.);
#2897=EDGE_CURVE('',#2267,#2268,#1194,.T.);
#2898=EDGE_CURVE('',#2267,#2269,#1195,.T.);
#2899=EDGE_CURVE('',#2270,#2268,#1196,.T.);
#2900=EDGE_CURVE('',#2269,#2270,#1197,.T.);
#2901=EDGE_CURVE('',#2269,#2271,#1198,.T.);
#2902=EDGE_CURVE('',#2272,#2270,#1199,.T.);
#2903=EDGE_CURVE('',#2271,#2272,#1200,.T.);
#2904=EDGE_CURVE('',#2271,#2273,#1201,.T.);
#2905=EDGE_CURVE('',#2274,#2272,#1202,.T.);
#2906=EDGE_CURVE('',#2273,#2274,#1203,.T.);
#2907=EDGE_CURVE('',#2273,#2275,#1204,.T.);
#2908=EDGE_CURVE('',#2276,#2274,#1205,.T.);
#2909=EDGE_CURVE('',#2275,#2276,#1206,.T.);
#2910=EDGE_CURVE('',#2275,#2277,#1207,.T.);
#2911=EDGE_CURVE('',#2278,#2276,#1208,.T.);
#2912=EDGE_CURVE('',#2277,#2278,#1209,.T.);
#2913=EDGE_CURVE('',#2277,#2279,#1210,.T.);
#2914=EDGE_CURVE('',#2280,#2278,#1211,.T.);
#2915=EDGE_CURVE('',#2279,#2280,#1212,.T.);
#2916=EDGE_CURVE('',#2279,#2281,#1213,.T.);
#2917=EDGE_CURVE('',#2282,#2280,#1214,.T.);
#2918=EDGE_CURVE('',#2281,#2282,#1215,.T.);
#2919=EDGE_CURVE('',#2281,#2283,#1216,.T.);
#2920=EDGE_CURVE('',#2284,#2282,#1217,.T.);
#2921=EDGE_CURVE('',#2283,#2284,#1218,.T.);
#2922=EDGE_CURVE('',#2283,#2285,#1219,.T.);
#2923=EDGE_CURVE('',#2286,#2284,#1220,.T.);
#2924=EDGE_CURVE('',#2285,#2286,#1221,.T.);
#2925=EDGE_CURVE('',#2285,#2287,#1222,.T.);
#2926=EDGE_CURVE('',#2288,#2286,#1223,.T.);
#2927=EDGE_CURVE('',#2287,#2288,#1224,.T.);
#2928=EDGE_CURVE('',#2287,#2289,#1225,.T.);
#2929=EDGE_CURVE('',#2290,#2288,#1226,.T.);
#2930=EDGE_CURVE('',#2289,#2290,#1227,.T.);
#2931=EDGE_CURVE('',#2289,#2183,#1228,.T.);
#2932=EDGE_CURVE('',#2185,#2290,#1229,.T.);
#2933=EDGE_CURVE('',#2291,#2292,#1230,.T.);
#2934=EDGE_CURVE('',#2291,#2293,#1231,.T.);
#2935=EDGE_CURVE('',#2294,#2293,#1232,.T.);
#2936=EDGE_CURVE('',#2292,#2294,#1233,.T.);
#2937=EDGE_CURVE('',#2292,#2295,#1234,.T.);
#2938=EDGE_CURVE('',#2296,#2294,#1235,.T.);
#2939=EDGE_CURVE('',#2295,#2296,#1236,.T.);
#2940=EDGE_CURVE('',#2295,#2297,#1237,.T.);
#2941=EDGE_CURVE('',#2298,#2296,#1238,.T.);
#2942=EDGE_CURVE('',#2297,#2298,#1239,.T.);
#2943=EDGE_CURVE('',#2297,#2291,#1240,.T.);
#2944=EDGE_CURVE('',#2293,#2298,#1241,.T.);
#2945=EDGE_CURVE('',#2299,#2300,#1242,.T.);
#2946=EDGE_CURVE('',#2299,#2301,#1243,.T.);
#2947=EDGE_CURVE('',#2302,#2301,#1244,.T.);
#2948=EDGE_CURVE('',#2300,#2302,#1245,.T.);
#2949=EDGE_CURVE('',#2300,#2303,#1246,.T.);
#2950=EDGE_CURVE('',#2304,#2302,#1247,.T.);
#2951=EDGE_CURVE('',#2303,#2304,#1248,.T.);
#2952=EDGE_CURVE('',#2303,#2305,#1249,.T.);
#2953=EDGE_CURVE('',#2306,#2304,#1250,.T.);
#2954=EDGE_CURVE('',#2305,#2306,#1251,.T.);
#2955=EDGE_CURVE('',#2305,#2299,#1252,.T.);
#2956=EDGE_CURVE('',#2301,#2306,#1253,.T.);
#2957=EDGE_CURVE('',#2307,#2308,#1254,.T.);
#2958=EDGE_CURVE('',#2307,#2309,#1255,.T.);
#2959=EDGE_CURVE('',#2310,#2309,#1256,.T.);
#2960=EDGE_CURVE('',#2308,#2310,#1257,.T.);
#2961=EDGE_CURVE('',#2308,#2311,#1258,.T.);
#2962=EDGE_CURVE('',#2312,#2310,#1259,.T.);
#2963=EDGE_CURVE('',#2311,#2312,#1260,.T.);
#2964=EDGE_CURVE('',#2311,#2313,#1261,.T.);
#2965=EDGE_CURVE('',#2314,#2312,#1262,.T.);
#2966=EDGE_CURVE('',#2313,#2314,#1263,.T.);
#2967=EDGE_CURVE('',#2313,#2307,#1264,.T.);
#2968=EDGE_CURVE('',#2309,#2314,#1265,.T.);
#2969=EDGE_CURVE('',#2315,#2316,#1266,.T.);
#2970=EDGE_CURVE('',#2315,#2317,#1267,.T.);
#2971=EDGE_CURVE('',#2318,#2317,#1268,.T.);
#2972=EDGE_CURVE('',#2316,#2318,#1269,.T.);
#2973=EDGE_CURVE('',#2316,#2319,#1270,.T.);
#2974=EDGE_CURVE('',#2320,#2318,#1271,.T.);
#2975=EDGE_CURVE('',#2319,#2320,#1272,.T.);
#2976=EDGE_CURVE('',#2319,#2321,#1273,.T.);
#2977=EDGE_CURVE('',#2322,#2320,#1274,.T.);
#2978=EDGE_CURVE('',#2321,#2322,#1275,.T.);
#2979=EDGE_CURVE('',#2321,#2315,#1276,.T.);
#2980=EDGE_CURVE('',#2317,#2322,#1277,.T.);
#2981=ORIENTED_EDGE('',*,*,#2323,.T.);
#2982=ORIENTED_EDGE('',*,*,#2324,.T.);
#2983=ORIENTED_EDGE('',*,*,#2325,.T.);
#2984=ORIENTED_EDGE('',*,*,#2326,.T.);
#2985=ORIENTED_EDGE('',*,*,#2327,.T.);
#2986=ORIENTED_EDGE('',*,*,#2328,.T.);
#2987=ORIENTED_EDGE('',*,*,#2323,.F.);
#2988=ORIENTED_EDGE('',*,*,#2329,.T.);
#2989=ORIENTED_EDGE('',*,*,#2330,.T.);
#2990=ORIENTED_EDGE('',*,*,#2331,.T.);
#2991=ORIENTED_EDGE('',*,*,#2332,.T.);
#2992=ORIENTED_EDGE('',*,*,#2333,.T.);
#2993=ORIENTED_EDGE('',*,*,#2332,.F.);
#2994=ORIENTED_EDGE('',*,*,#2334,.T.);
#2995=ORIENTED_EDGE('',*,*,#2335,.T.);
#2996=ORIENTED_EDGE('',*,*,#2336,.T.);
#2997=ORIENTED_EDGE('',*,*,#2337,.T.);
#2998=ORIENTED_EDGE('',*,*,#2338,.T.);
#2999=ORIENTED_EDGE('',*,*,#2335,.F.);
#3000=ORIENTED_EDGE('',*,*,#2339,.T.);
#3001=ORIENTED_EDGE('',*,*,#2337,.F.);
#3002=ORIENTED_EDGE('',*,*,#2340,.T.);
#3003=ORIENTED_EDGE('',*,*,#2341,.T.);
#3004=ORIENTED_EDGE('',*,*,#2342,.T.);
#3005=ORIENTED_EDGE('',*,*,#2343,.T.);
#3006=ORIENTED_EDGE('',*,*,#2344,.T.);
#3007=ORIENTED_EDGE('',*,*,#2341,.F.);
#3008=ORIENTED_EDGE('',*,*,#2345,.T.);
#3009=ORIENTED_EDGE('',*,*,#2343,.F.);
#3010=ORIENTED_EDGE('',*,*,#2346,.T.);
#3011=ORIENTED_EDGE('',*,*,#2325,.F.);
#3012=ORIENTED_EDGE('',*,*,#2347,.T.);
#3013=ORIENTED_EDGE('',*,*,#2348,.T.);
#3014=ORIENTED_EDGE('',*,*,#2327,.F.);
#3015=ORIENTED_EDGE('',*,*,#2349,.T.);
#3016=ORIENTED_EDGE('',*,*,#2350,.T.);
#3017=ORIENTED_EDGE('',*,*,#2351,.T.);
#3018=ORIENTED_EDGE('',*,*,#2350,.F.);
#3019=ORIENTED_EDGE('',*,*,#2352,.T.);
#3020=ORIENTED_EDGE('',*,*,#2330,.F.);
#3021=ORIENTED_EDGE('',*,*,#2345,.F.);
#3022=ORIENTED_EDGE('',*,*,#2353,.F.);
#3023=ORIENTED_EDGE('',*,*,#2354,.F.);
#3024=ORIENTED_EDGE('',*,*,#2355,.F.);
#3025=ORIENTED_EDGE('',*,*,#2340,.F.);
#3026=ORIENTED_EDGE('',*,*,#2356,.T.);
#3027=ORIENTED_EDGE('',*,*,#2357,.T.);
#3028=ORIENTED_EDGE('',*,*,#2353,.T.);
#3029=ORIENTED_EDGE('',*,*,#2339,.F.);
#3030=ORIENTED_EDGE('',*,*,#2358,.F.);
#3031=ORIENTED_EDGE('',*,*,#2359,.F.);
#3032=ORIENTED_EDGE('',*,*,#2356,.F.);
#3033=ORIENTED_EDGE('',*,*,#2334,.F.);
#3034=ORIENTED_EDGE('',*,*,#2360,.T.);
#3035=ORIENTED_EDGE('',*,*,#2361,.T.);
#3036=ORIENTED_EDGE('',*,*,#2358,.T.);
#3037=ORIENTED_EDGE('',*,*,#2348,.F.);
#3038=ORIENTED_EDGE('',*,*,#2351,.F.);
#3039=ORIENTED_EDGE('',*,*,#2362,.F.);
#3040=ORIENTED_EDGE('',*,*,#2363,.T.);
#3041=ORIENTED_EDGE('',*,*,#2364,.T.);
#3042=ORIENTED_EDGE('',*,*,#2363,.F.);
#3043=ORIENTED_EDGE('',*,*,#2365,.F.);
#3044=ORIENTED_EDGE('',*,*,#2346,.F.);
#3045=ORIENTED_EDGE('',*,*,#2355,.T.);
#3046=ORIENTED_EDGE('',*,*,#2366,.T.);
#3047=ORIENTED_EDGE('',*,*,#2367,.T.);
#3048=ORIENTED_EDGE('',*,*,#2326,.F.);
#3049=ORIENTED_EDGE('',*,*,#2367,.F.);
#3050=ORIENTED_EDGE('',*,*,#2368,.F.);
#3051=ORIENTED_EDGE('',*,*,#2369,.F.);
#3052=ORIENTED_EDGE('',*,*,#2329,.F.);
#3053=ORIENTED_EDGE('',*,*,#2369,.T.);
#3054=ORIENTED_EDGE('',*,*,#2370,.T.);
#3055=ORIENTED_EDGE('',*,*,#2371,.T.);
#3056=ORIENTED_EDGE('',*,*,#2349,.F.);
#3057=ORIENTED_EDGE('',*,*,#2352,.F.);
#3058=ORIENTED_EDGE('',*,*,#2371,.F.);
#3059=ORIENTED_EDGE('',*,*,#2372,.F.);
#3060=ORIENTED_EDGE('',*,*,#2360,.F.);
#3061=ORIENTED_EDGE('',*,*,#2331,.F.);
#3062=ORIENTED_EDGE('',*,*,#2373,.F.);
#3063=ORIENTED_EDGE('',*,*,#2374,.F.);
#3064=ORIENTED_EDGE('',*,*,#2375,.F.);
#3065=ORIENTED_EDGE('',*,*,#2376,.F.);
#3066=ORIENTED_EDGE('',*,*,#2377,.F.);
#3067=ORIENTED_EDGE('',*,*,#2378,.F.);
#3068=ORIENTED_EDGE('',*,*,#2379,.F.);
#3069=ORIENTED_EDGE('',*,*,#2380,.F.);
#3070=ORIENTED_EDGE('',*,*,#2381,.T.);
#3071=ORIENTED_EDGE('',*,*,#2382,.T.);
#3072=ORIENTED_EDGE('',*,*,#2383,.T.);
#3073=ORIENTED_EDGE('',*,*,#2359,.T.);
#3074=ORIENTED_EDGE('',*,*,#2361,.F.);
#3075=ORIENTED_EDGE('',*,*,#2372,.T.);
#3076=ORIENTED_EDGE('',*,*,#2370,.F.);
#3077=ORIENTED_EDGE('',*,*,#2368,.T.);
#3078=ORIENTED_EDGE('',*,*,#2366,.F.);
#3079=ORIENTED_EDGE('',*,*,#2354,.T.);
#3080=ORIENTED_EDGE('',*,*,#2357,.F.);
#3081=ORIENTED_EDGE('',*,*,#2384,.T.);
#3082=ORIENTED_EDGE('',*,*,#2385,.T.);
#3083=ORIENTED_EDGE('',*,*,#2383,.F.);
#3084=ORIENTED_EDGE('',*,*,#2385,.F.);
#3085=ORIENTED_EDGE('',*,*,#2386,.F.);
#3086=ORIENTED_EDGE('',*,*,#2387,.F.);
#3087=ORIENTED_EDGE('',*,*,#2388,.F.);
#3088=ORIENTED_EDGE('',*,*,#2389,.F.);
#3089=ORIENTED_EDGE('',*,*,#2390,.F.);
#3090=ORIENTED_EDGE('',*,*,#2391,.F.);
#3091=ORIENTED_EDGE('',*,*,#2392,.F.);
#3092=ORIENTED_EDGE('',*,*,#2393,.F.);
#3093=ORIENTED_EDGE('',*,*,#2328,.F.);
#3094=ORIENTED_EDGE('',*,*,#2365,.T.);
#3095=ORIENTED_EDGE('',*,*,#2362,.T.);
#3096=ORIENTED_EDGE('',*,*,#2333,.F.);
#3097=ORIENTED_EDGE('',*,*,#2336,.F.);
#3098=ORIENTED_EDGE('',*,*,#2338,.F.);
#3099=ORIENTED_EDGE('',*,*,#2342,.F.);
#3100=ORIENTED_EDGE('',*,*,#2344,.F.);
#3101=ORIENTED_EDGE('',*,*,#2347,.F.);
#3102=ORIENTED_EDGE('',*,*,#2324,.F.);
#3103=ORIENTED_EDGE('',*,*,#2384,.F.);
#3104=ORIENTED_EDGE('',*,*,#2394,.T.);
#3105=ORIENTED_EDGE('',*,*,#2395,.T.);
#3106=ORIENTED_EDGE('',*,*,#2396,.T.);
#3107=ORIENTED_EDGE('',*,*,#2397,.T.);
#3108=ORIENTED_EDGE('',*,*,#2398,.T.);
#3109=ORIENTED_EDGE('',*,*,#2399,.T.);
#3110=ORIENTED_EDGE('',*,*,#2400,.T.);
#3111=ORIENTED_EDGE('',*,*,#2401,.T.);
#3112=ORIENTED_EDGE('',*,*,#2402,.T.);
#3113=ORIENTED_EDGE('',*,*,#2403,.T.);
#3114=ORIENTED_EDGE('',*,*,#2404,.T.);
#3115=ORIENTED_EDGE('',*,*,#2405,.T.);
#3116=ORIENTED_EDGE('',*,*,#2406,.T.);
#3117=ORIENTED_EDGE('',*,*,#2407,.T.);
#3118=ORIENTED_EDGE('',*,*,#2408,.T.);
#3119=ORIENTED_EDGE('',*,*,#2409,.T.);
#3120=ORIENTED_EDGE('',*,*,#2410,.T.);
#3121=ORIENTED_EDGE('',*,*,#2411,.T.);
#3122=ORIENTED_EDGE('',*,*,#2412,.T.);
#3123=ORIENTED_EDGE('',*,*,#2413,.T.);
#3124=ORIENTED_EDGE('',*,*,#2414,.T.);
#3125=ORIENTED_EDGE('',*,*,#2415,.T.);
#3126=ORIENTED_EDGE('',*,*,#2416,.T.);
#3127=ORIENTED_EDGE('',*,*,#2417,.T.);
#3128=ORIENTED_EDGE('',*,*,#2418,.T.);
#3129=ORIENTED_EDGE('',*,*,#2419,.T.);
#3130=ORIENTED_EDGE('',*,*,#2420,.T.);
#3131=ORIENTED_EDGE('',*,*,#2421,.T.);
#3132=ORIENTED_EDGE('',*,*,#2422,.T.);
#3133=ORIENTED_EDGE('',*,*,#2423,.T.);
#3134=ORIENTED_EDGE('',*,*,#2424,.T.);
#3135=ORIENTED_EDGE('',*,*,#2425,.T.);
#3136=ORIENTED_EDGE('',*,*,#2426,.T.);
#3137=ORIENTED_EDGE('',*,*,#2427,.T.);
#3138=ORIENTED_EDGE('',*,*,#2428,.T.);
#3139=ORIENTED_EDGE('',*,*,#2429,.T.);
#3140=ORIENTED_EDGE('',*,*,#2430,.T.);
#3141=ORIENTED_EDGE('',*,*,#2431,.T.);
#3142=ORIENTED_EDGE('',*,*,#2432,.T.);
#3143=ORIENTED_EDGE('',*,*,#2433,.T.);
#3144=ORIENTED_EDGE('',*,*,#2434,.T.);
#3145=ORIENTED_EDGE('',*,*,#2435,.T.);
#3146=ORIENTED_EDGE('',*,*,#2436,.T.);
#3147=ORIENTED_EDGE('',*,*,#2437,.T.);
#3148=ORIENTED_EDGE('',*,*,#2438,.T.);
#3149=ORIENTED_EDGE('',*,*,#2439,.T.);
#3150=ORIENTED_EDGE('',*,*,#2440,.T.);
#3151=ORIENTED_EDGE('',*,*,#2441,.T.);
#3152=ORIENTED_EDGE('',*,*,#2442,.T.);
#3153=ORIENTED_EDGE('',*,*,#2443,.T.);
#3154=ORIENTED_EDGE('',*,*,#2444,.T.);
#3155=ORIENTED_EDGE('',*,*,#2445,.T.);
#3156=ORIENTED_EDGE('',*,*,#2446,.T.);
#3157=ORIENTED_EDGE('',*,*,#2447,.T.);
#3158=ORIENTED_EDGE('',*,*,#2448,.T.);
#3159=ORIENTED_EDGE('',*,*,#2449,.T.);
#3160=ORIENTED_EDGE('',*,*,#2450,.T.);
#3161=ORIENTED_EDGE('',*,*,#2451,.T.);
#3162=ORIENTED_EDGE('',*,*,#2452,.T.);
#3163=ORIENTED_EDGE('',*,*,#2453,.T.);
#3164=ORIENTED_EDGE('',*,*,#2454,.T.);
#3165=ORIENTED_EDGE('',*,*,#2455,.T.);
#3166=ORIENTED_EDGE('',*,*,#2456,.T.);
#3167=ORIENTED_EDGE('',*,*,#2457,.T.);
#3168=ORIENTED_EDGE('',*,*,#2458,.T.);
#3169=ORIENTED_EDGE('',*,*,#2459,.T.);
#3170=ORIENTED_EDGE('',*,*,#2460,.T.);
#3171=ORIENTED_EDGE('',*,*,#2461,.T.);
#3172=ORIENTED_EDGE('',*,*,#2462,.T.);
#3173=ORIENTED_EDGE('',*,*,#2463,.T.);
#3174=ORIENTED_EDGE('',*,*,#2464,.T.);
#3175=ORIENTED_EDGE('',*,*,#2465,.T.);
#3176=ORIENTED_EDGE('',*,*,#2466,.T.);
#3177=ORIENTED_EDGE('',*,*,#2467,.T.);
#3178=ORIENTED_EDGE('',*,*,#2468,.T.);
#3179=ORIENTED_EDGE('',*,*,#2469,.T.);
#3180=ORIENTED_EDGE('',*,*,#2470,.T.);
#3181=ORIENTED_EDGE('',*,*,#2471,.T.);
#3182=ORIENTED_EDGE('',*,*,#2472,.T.);
#3183=ORIENTED_EDGE('',*,*,#2473,.T.);
#3184=ORIENTED_EDGE('',*,*,#2474,.T.);
#3185=ORIENTED_EDGE('',*,*,#2475,.T.);
#3186=ORIENTED_EDGE('',*,*,#2476,.T.);
#3187=ORIENTED_EDGE('',*,*,#2477,.T.);
#3188=ORIENTED_EDGE('',*,*,#2478,.T.);
#3189=ORIENTED_EDGE('',*,*,#2479,.T.);
#3190=ORIENTED_EDGE('',*,*,#2480,.T.);
#3191=ORIENTED_EDGE('',*,*,#2477,.F.);
#3192=ORIENTED_EDGE('',*,*,#2481,.T.);
#3193=ORIENTED_EDGE('',*,*,#2482,.T.);
#3194=ORIENTED_EDGE('',*,*,#2483,.F.);
#3195=ORIENTED_EDGE('',*,*,#2480,.F.);
#3196=ORIENTED_EDGE('',*,*,#2484,.T.);
#3197=ORIENTED_EDGE('',*,*,#2485,.T.);
#3198=ORIENTED_EDGE('',*,*,#2481,.F.);
#3199=ORIENTED_EDGE('',*,*,#2479,.F.);
#3200=ORIENTED_EDGE('',*,*,#2486,.T.);
#3201=ORIENTED_EDGE('',*,*,#2487,.T.);
#3202=ORIENTED_EDGE('',*,*,#2484,.F.);
#3203=ORIENTED_EDGE('',*,*,#2478,.F.);
#3204=ORIENTED_EDGE('',*,*,#2483,.T.);
#3205=ORIENTED_EDGE('',*,*,#2488,.T.);
#3206=ORIENTED_EDGE('',*,*,#2486,.F.);
#3207=ORIENTED_EDGE('',*,*,#2488,.F.);
#3208=ORIENTED_EDGE('',*,*,#2482,.F.);
#3209=ORIENTED_EDGE('',*,*,#2485,.F.);
#3210=ORIENTED_EDGE('',*,*,#2487,.F.);
#3211=ORIENTED_EDGE('',*,*,#2473,.F.);
#3212=ORIENTED_EDGE('',*,*,#2489,.T.);
#3213=ORIENTED_EDGE('',*,*,#2490,.T.);
#3214=ORIENTED_EDGE('',*,*,#2491,.F.);
#3215=ORIENTED_EDGE('',*,*,#2476,.F.);
#3216=ORIENTED_EDGE('',*,*,#2492,.T.);
#3217=ORIENTED_EDGE('',*,*,#2493,.T.);
#3218=ORIENTED_EDGE('',*,*,#2489,.F.);
#3219=ORIENTED_EDGE('',*,*,#2475,.F.);
#3220=ORIENTED_EDGE('',*,*,#2494,.T.);
#3221=ORIENTED_EDGE('',*,*,#2495,.T.);
#3222=ORIENTED_EDGE('',*,*,#2492,.F.);
#3223=ORIENTED_EDGE('',*,*,#2474,.F.);
#3224=ORIENTED_EDGE('',*,*,#2491,.T.);
#3225=ORIENTED_EDGE('',*,*,#2496,.T.);
#3226=ORIENTED_EDGE('',*,*,#2494,.F.);
#3227=ORIENTED_EDGE('',*,*,#2496,.F.);
#3228=ORIENTED_EDGE('',*,*,#2490,.F.);
#3229=ORIENTED_EDGE('',*,*,#2493,.F.);
#3230=ORIENTED_EDGE('',*,*,#2495,.F.);
#3231=ORIENTED_EDGE('',*,*,#2419,.F.);
#3232=ORIENTED_EDGE('',*,*,#2497,.T.);
#3233=ORIENTED_EDGE('',*,*,#2498,.T.);
#3234=ORIENTED_EDGE('',*,*,#2499,.F.);
#3235=ORIENTED_EDGE('',*,*,#2472,.F.);
#3236=ORIENTED_EDGE('',*,*,#2500,.T.);
#3237=ORIENTED_EDGE('',*,*,#2501,.T.);
#3238=ORIENTED_EDGE('',*,*,#2497,.F.);
#3239=ORIENTED_EDGE('',*,*,#2471,.F.);
#3240=ORIENTED_EDGE('',*,*,#2502,.T.);
#3241=ORIENTED_EDGE('',*,*,#2503,.T.);
#3242=ORIENTED_EDGE('',*,*,#2500,.F.);
#3243=ORIENTED_EDGE('',*,*,#2470,.F.);
#3244=ORIENTED_EDGE('',*,*,#2504,.T.);
#3245=ORIENTED_EDGE('',*,*,#2505,.T.);
#3246=ORIENTED_EDGE('',*,*,#2502,.F.);
#3247=ORIENTED_EDGE('',*,*,#2469,.F.);
#3248=ORIENTED_EDGE('',*,*,#2506,.T.);
#3249=ORIENTED_EDGE('',*,*,#2507,.T.);
#3250=ORIENTED_EDGE('',*,*,#2504,.F.);
#3251=ORIENTED_EDGE('',*,*,#2468,.F.);
#3252=ORIENTED_EDGE('',*,*,#2508,.T.);
#3253=ORIENTED_EDGE('',*,*,#2509,.T.);
#3254=ORIENTED_EDGE('',*,*,#2506,.F.);
#3255=ORIENTED_EDGE('',*,*,#2467,.F.);
#3256=ORIENTED_EDGE('',*,*,#2510,.T.);
#3257=ORIENTED_EDGE('',*,*,#2511,.T.);
#3258=ORIENTED_EDGE('',*,*,#2508,.F.);
#3259=ORIENTED_EDGE('',*,*,#2466,.F.);
#3260=ORIENTED_EDGE('',*,*,#2512,.T.);
#3261=ORIENTED_EDGE('',*,*,#2513,.T.);
#3262=ORIENTED_EDGE('',*,*,#2510,.F.);
#3263=ORIENTED_EDGE('',*,*,#2465,.F.);
#3264=ORIENTED_EDGE('',*,*,#2514,.T.);
#3265=ORIENTED_EDGE('',*,*,#2515,.T.);
#3266=ORIENTED_EDGE('',*,*,#2512,.F.);
#3267=ORIENTED_EDGE('',*,*,#2464,.F.);
#3268=ORIENTED_EDGE('',*,*,#2516,.T.);
#3269=ORIENTED_EDGE('',*,*,#2517,.T.);
#3270=ORIENTED_EDGE('',*,*,#2514,.F.);
#3271=ORIENTED_EDGE('',*,*,#2463,.F.);
#3272=ORIENTED_EDGE('',*,*,#2518,.T.);
#3273=ORIENTED_EDGE('',*,*,#2519,.T.);
#3274=ORIENTED_EDGE('',*,*,#2516,.F.);
#3275=ORIENTED_EDGE('',*,*,#2462,.F.);
#3276=ORIENTED_EDGE('',*,*,#2520,.T.);
#3277=ORIENTED_EDGE('',*,*,#2521,.T.);
#3278=ORIENTED_EDGE('',*,*,#2518,.F.);
#3279=ORIENTED_EDGE('',*,*,#2461,.F.);
#3280=ORIENTED_EDGE('',*,*,#2522,.T.);
#3281=ORIENTED_EDGE('',*,*,#2523,.T.);
#3282=ORIENTED_EDGE('',*,*,#2520,.F.);
#3283=ORIENTED_EDGE('',*,*,#2460,.F.);
#3284=ORIENTED_EDGE('',*,*,#2524,.T.);
#3285=ORIENTED_EDGE('',*,*,#2525,.T.);
#3286=ORIENTED_EDGE('',*,*,#2522,.F.);
#3287=ORIENTED_EDGE('',*,*,#2459,.F.);
#3288=ORIENTED_EDGE('',*,*,#2526,.T.);
#3289=ORIENTED_EDGE('',*,*,#2527,.T.);
#3290=ORIENTED_EDGE('',*,*,#2524,.F.);
#3291=ORIENTED_EDGE('',*,*,#2458,.F.);
#3292=ORIENTED_EDGE('',*,*,#2528,.T.);
#3293=ORIENTED_EDGE('',*,*,#2529,.T.);
#3294=ORIENTED_EDGE('',*,*,#2526,.F.);
#3295=ORIENTED_EDGE('',*,*,#2457,.F.);
#3296=ORIENTED_EDGE('',*,*,#2530,.T.);
#3297=ORIENTED_EDGE('',*,*,#2531,.T.);
#3298=ORIENTED_EDGE('',*,*,#2528,.F.);
#3299=ORIENTED_EDGE('',*,*,#2456,.F.);
#3300=ORIENTED_EDGE('',*,*,#2532,.T.);
#3301=ORIENTED_EDGE('',*,*,#2533,.T.);
#3302=ORIENTED_EDGE('',*,*,#2530,.F.);
#3303=ORIENTED_EDGE('',*,*,#2455,.F.);
#3304=ORIENTED_EDGE('',*,*,#2534,.T.);
#3305=ORIENTED_EDGE('',*,*,#2535,.T.);
#3306=ORIENTED_EDGE('',*,*,#2532,.F.);
#3307=ORIENTED_EDGE('',*,*,#2454,.F.);
#3308=ORIENTED_EDGE('',*,*,#2536,.T.);
#3309=ORIENTED_EDGE('',*,*,#2537,.T.);
#3310=ORIENTED_EDGE('',*,*,#2534,.F.);
#3311=ORIENTED_EDGE('',*,*,#2453,.F.);
#3312=ORIENTED_EDGE('',*,*,#2538,.T.);
#3313=ORIENTED_EDGE('',*,*,#2539,.T.);
#3314=ORIENTED_EDGE('',*,*,#2536,.F.);
#3315=ORIENTED_EDGE('',*,*,#2452,.F.);
#3316=ORIENTED_EDGE('',*,*,#2540,.T.);
#3317=ORIENTED_EDGE('',*,*,#2541,.T.);
#3318=ORIENTED_EDGE('',*,*,#2538,.F.);
#3319=ORIENTED_EDGE('',*,*,#2451,.F.);
#3320=ORIENTED_EDGE('',*,*,#2542,.T.);
#3321=ORIENTED_EDGE('',*,*,#2543,.T.);
#3322=ORIENTED_EDGE('',*,*,#2540,.F.);
#3323=ORIENTED_EDGE('',*,*,#2450,.F.);
#3324=ORIENTED_EDGE('',*,*,#2544,.T.);
#3325=ORIENTED_EDGE('',*,*,#2545,.T.);
#3326=ORIENTED_EDGE('',*,*,#2542,.F.);
#3327=ORIENTED_EDGE('',*,*,#2449,.F.);
#3328=ORIENTED_EDGE('',*,*,#2546,.T.);
#3329=ORIENTED_EDGE('',*,*,#2547,.T.);
#3330=ORIENTED_EDGE('',*,*,#2544,.F.);
#3331=ORIENTED_EDGE('',*,*,#2448,.F.);
#3332=ORIENTED_EDGE('',*,*,#2548,.T.);
#3333=ORIENTED_EDGE('',*,*,#2549,.T.);
#3334=ORIENTED_EDGE('',*,*,#2546,.F.);
#3335=ORIENTED_EDGE('',*,*,#2447,.F.);
#3336=ORIENTED_EDGE('',*,*,#2550,.T.);
#3337=ORIENTED_EDGE('',*,*,#2551,.T.);
#3338=ORIENTED_EDGE('',*,*,#2548,.F.);
#3339=ORIENTED_EDGE('',*,*,#2446,.F.);
#3340=ORIENTED_EDGE('',*,*,#2552,.T.);
#3341=ORIENTED_EDGE('',*,*,#2553,.T.);
#3342=ORIENTED_EDGE('',*,*,#2550,.F.);
#3343=ORIENTED_EDGE('',*,*,#2445,.F.);
#3344=ORIENTED_EDGE('',*,*,#2554,.T.);
#3345=ORIENTED_EDGE('',*,*,#2555,.T.);
#3346=ORIENTED_EDGE('',*,*,#2552,.F.);
#3347=ORIENTED_EDGE('',*,*,#2444,.F.);
#3348=ORIENTED_EDGE('',*,*,#2556,.T.);
#3349=ORIENTED_EDGE('',*,*,#2557,.T.);
#3350=ORIENTED_EDGE('',*,*,#2554,.F.);
#3351=ORIENTED_EDGE('',*,*,#2443,.F.);
#3352=ORIENTED_EDGE('',*,*,#2558,.T.);
#3353=ORIENTED_EDGE('',*,*,#2559,.T.);
#3354=ORIENTED_EDGE('',*,*,#2556,.F.);
#3355=ORIENTED_EDGE('',*,*,#2442,.F.);
#3356=ORIENTED_EDGE('',*,*,#2560,.T.);
#3357=ORIENTED_EDGE('',*,*,#2561,.T.);
#3358=ORIENTED_EDGE('',*,*,#2558,.F.);
#3359=ORIENTED_EDGE('',*,*,#2441,.F.);
#3360=ORIENTED_EDGE('',*,*,#2562,.T.);
#3361=ORIENTED_EDGE('',*,*,#2563,.T.);
#3362=ORIENTED_EDGE('',*,*,#2560,.F.);
#3363=ORIENTED_EDGE('',*,*,#2440,.F.);
#3364=ORIENTED_EDGE('',*,*,#2564,.T.);
#3365=ORIENTED_EDGE('',*,*,#2565,.T.);
#3366=ORIENTED_EDGE('',*,*,#2562,.F.);
#3367=ORIENTED_EDGE('',*,*,#2439,.F.);
#3368=ORIENTED_EDGE('',*,*,#2566,.T.);
#3369=ORIENTED_EDGE('',*,*,#2567,.T.);
#3370=ORIENTED_EDGE('',*,*,#2564,.F.);
#3371=ORIENTED_EDGE('',*,*,#2438,.F.);
#3372=ORIENTED_EDGE('',*,*,#2568,.T.);
#3373=ORIENTED_EDGE('',*,*,#2569,.T.);
#3374=ORIENTED_EDGE('',*,*,#2566,.F.);
#3375=ORIENTED_EDGE('',*,*,#2437,.F.);
#3376=ORIENTED_EDGE('',*,*,#2570,.T.);
#3377=ORIENTED_EDGE('',*,*,#2571,.T.);
#3378=ORIENTED_EDGE('',*,*,#2568,.F.);
#3379=ORIENTED_EDGE('',*,*,#2436,.F.);
#3380=ORIENTED_EDGE('',*,*,#2572,.T.);
#3381=ORIENTED_EDGE('',*,*,#2573,.T.);
#3382=ORIENTED_EDGE('',*,*,#2570,.F.);
#3383=ORIENTED_EDGE('',*,*,#2435,.F.);
#3384=ORIENTED_EDGE('',*,*,#2574,.T.);
#3385=ORIENTED_EDGE('',*,*,#2575,.T.);
#3386=ORIENTED_EDGE('',*,*,#2572,.F.);
#3387=ORIENTED_EDGE('',*,*,#2434,.F.);
#3388=ORIENTED_EDGE('',*,*,#2576,.T.);
#3389=ORIENTED_EDGE('',*,*,#2577,.T.);
#3390=ORIENTED_EDGE('',*,*,#2574,.F.);
#3391=ORIENTED_EDGE('',*,*,#2433,.F.);
#3392=ORIENTED_EDGE('',*,*,#2578,.T.);
#3393=ORIENTED_EDGE('',*,*,#2579,.T.);
#3394=ORIENTED_EDGE('',*,*,#2576,.F.);
#3395=ORIENTED_EDGE('',*,*,#2432,.F.);
#3396=ORIENTED_EDGE('',*,*,#2580,.T.);
#3397=ORIENTED_EDGE('',*,*,#2581,.T.);
#3398=ORIENTED_EDGE('',*,*,#2578,.F.);
#3399=ORIENTED_EDGE('',*,*,#2431,.F.);
#3400=ORIENTED_EDGE('',*,*,#2582,.T.);
#3401=ORIENTED_EDGE('',*,*,#2583,.T.);
#3402=ORIENTED_EDGE('',*,*,#2580,.F.);
#3403=ORIENTED_EDGE('',*,*,#2430,.F.);
#3404=ORIENTED_EDGE('',*,*,#2584,.T.);
#3405=ORIENTED_EDGE('',*,*,#2585,.T.);
#3406=ORIENTED_EDGE('',*,*,#2582,.F.);
#3407=ORIENTED_EDGE('',*,*,#2429,.F.);
#3408=ORIENTED_EDGE('',*,*,#2586,.T.);
#3409=ORIENTED_EDGE('',*,*,#2587,.T.);
#3410=ORIENTED_EDGE('',*,*,#2584,.F.);
#3411=ORIENTED_EDGE('',*,*,#2428,.F.);
#3412=ORIENTED_EDGE('',*,*,#2588,.T.);
#3413=ORIENTED_EDGE('',*,*,#2589,.T.);
#3414=ORIENTED_EDGE('',*,*,#2586,.F.);
#3415=ORIENTED_EDGE('',*,*,#2427,.F.);
#3416=ORIENTED_EDGE('',*,*,#2590,.T.);
#3417=ORIENTED_EDGE('',*,*,#2591,.T.);
#3418=ORIENTED_EDGE('',*,*,#2588,.F.);
#3419=ORIENTED_EDGE('',*,*,#2426,.F.);
#3420=ORIENTED_EDGE('',*,*,#2592,.T.);
#3421=ORIENTED_EDGE('',*,*,#2593,.T.);
#3422=ORIENTED_EDGE('',*,*,#2590,.F.);
#3423=ORIENTED_EDGE('',*,*,#2425,.F.);
#3424=ORIENTED_EDGE('',*,*,#2594,.T.);
#3425=ORIENTED_EDGE('',*,*,#2595,.T.);
#3426=ORIENTED_EDGE('',*,*,#2592,.F.);
#3427=ORIENTED_EDGE('',*,*,#2424,.F.);
#3428=ORIENTED_EDGE('',*,*,#2596,.T.);
#3429=ORIENTED_EDGE('',*,*,#2597,.T.);
#3430=ORIENTED_EDGE('',*,*,#2594,.F.);
#3431=ORIENTED_EDGE('',*,*,#2423,.F.);
#3432=ORIENTED_EDGE('',*,*,#2598,.T.);
#3433=ORIENTED_EDGE('',*,*,#2599,.T.);
#3434=ORIENTED_EDGE('',*,*,#2596,.F.);
#3435=ORIENTED_EDGE('',*,*,#2422,.F.);
#3436=ORIENTED_EDGE('',*,*,#2600,.T.);
#3437=ORIENTED_EDGE('',*,*,#2601,.T.);
#3438=ORIENTED_EDGE('',*,*,#2598,.F.);
#3439=ORIENTED_EDGE('',*,*,#2421,.F.);
#3440=ORIENTED_EDGE('',*,*,#2602,.T.);
#3441=ORIENTED_EDGE('',*,*,#2603,.T.);
#3442=ORIENTED_EDGE('',*,*,#2600,.F.);
#3443=ORIENTED_EDGE('',*,*,#2420,.F.);
#3444=ORIENTED_EDGE('',*,*,#2499,.T.);
#3445=ORIENTED_EDGE('',*,*,#2604,.T.);
#3446=ORIENTED_EDGE('',*,*,#2602,.F.);
#3447=ORIENTED_EDGE('',*,*,#2415,.F.);
#3448=ORIENTED_EDGE('',*,*,#2605,.T.);
#3449=ORIENTED_EDGE('',*,*,#2606,.T.);
#3450=ORIENTED_EDGE('',*,*,#2607,.F.);
#3451=ORIENTED_EDGE('',*,*,#2418,.F.);
#3452=ORIENTED_EDGE('',*,*,#2608,.T.);
#3453=ORIENTED_EDGE('',*,*,#2609,.T.);
#3454=ORIENTED_EDGE('',*,*,#2605,.F.);
#3455=ORIENTED_EDGE('',*,*,#2417,.F.);
#3456=ORIENTED_EDGE('',*,*,#2610,.T.);
#3457=ORIENTED_EDGE('',*,*,#2611,.T.);
#3458=ORIENTED_EDGE('',*,*,#2608,.F.);
#3459=ORIENTED_EDGE('',*,*,#2416,.F.);
#3460=ORIENTED_EDGE('',*,*,#2607,.T.);
#3461=ORIENTED_EDGE('',*,*,#2612,.T.);
#3462=ORIENTED_EDGE('',*,*,#2610,.F.);
#3463=ORIENTED_EDGE('',*,*,#2612,.F.);
#3464=ORIENTED_EDGE('',*,*,#2606,.F.);
#3465=ORIENTED_EDGE('',*,*,#2609,.F.);
#3466=ORIENTED_EDGE('',*,*,#2611,.F.);
#3467=ORIENTED_EDGE('',*,*,#2411,.F.);
#3468=ORIENTED_EDGE('',*,*,#2613,.T.);
#3469=ORIENTED_EDGE('',*,*,#2614,.T.);
#3470=ORIENTED_EDGE('',*,*,#2615,.F.);
#3471=ORIENTED_EDGE('',*,*,#2414,.F.);
#3472=ORIENTED_EDGE('',*,*,#2616,.T.);
#3473=ORIENTED_EDGE('',*,*,#2617,.T.);
#3474=ORIENTED_EDGE('',*,*,#2613,.F.);
#3475=ORIENTED_EDGE('',*,*,#2413,.F.);
#3476=ORIENTED_EDGE('',*,*,#2618,.T.);
#3477=ORIENTED_EDGE('',*,*,#2619,.T.);
#3478=ORIENTED_EDGE('',*,*,#2616,.F.);
#3479=ORIENTED_EDGE('',*,*,#2412,.F.);
#3480=ORIENTED_EDGE('',*,*,#2615,.T.);
#3481=ORIENTED_EDGE('',*,*,#2620,.T.);
#3482=ORIENTED_EDGE('',*,*,#2618,.F.);
#3483=ORIENTED_EDGE('',*,*,#2620,.F.);
#3484=ORIENTED_EDGE('',*,*,#2614,.F.);
#3485=ORIENTED_EDGE('',*,*,#2617,.F.);
#3486=ORIENTED_EDGE('',*,*,#2619,.F.);
#3487=ORIENTED_EDGE('',*,*,#2407,.F.);
#3488=ORIENTED_EDGE('',*,*,#2621,.T.);
#3489=ORIENTED_EDGE('',*,*,#2622,.T.);
#3490=ORIENTED_EDGE('',*,*,#2623,.F.);
#3491=ORIENTED_EDGE('',*,*,#2410,.F.);
#3492=ORIENTED_EDGE('',*,*,#2624,.T.);
#3493=ORIENTED_EDGE('',*,*,#2625,.T.);
#3494=ORIENTED_EDGE('',*,*,#2621,.F.);
#3495=ORIENTED_EDGE('',*,*,#2409,.F.);
#3496=ORIENTED_EDGE('',*,*,#2626,.T.);
#3497=ORIENTED_EDGE('',*,*,#2627,.T.);
#3498=ORIENTED_EDGE('',*,*,#2624,.F.);
#3499=ORIENTED_EDGE('',*,*,#2408,.F.);
#3500=ORIENTED_EDGE('',*,*,#2623,.T.);
#3501=ORIENTED_EDGE('',*,*,#2628,.T.);
#3502=ORIENTED_EDGE('',*,*,#2626,.F.);
#3503=ORIENTED_EDGE('',*,*,#2628,.F.);
#3504=ORIENTED_EDGE('',*,*,#2622,.F.);
#3505=ORIENTED_EDGE('',*,*,#2625,.F.);
#3506=ORIENTED_EDGE('',*,*,#2627,.F.);
#3507=ORIENTED_EDGE('',*,*,#2403,.F.);
#3508=ORIENTED_EDGE('',*,*,#2629,.T.);
#3509=ORIENTED_EDGE('',*,*,#2630,.T.);
#3510=ORIENTED_EDGE('',*,*,#2631,.F.);
#3511=ORIENTED_EDGE('',*,*,#2406,.F.);
#3512=ORIENTED_EDGE('',*,*,#2632,.T.);
#3513=ORIENTED_EDGE('',*,*,#2633,.T.);
#3514=ORIENTED_EDGE('',*,*,#2629,.F.);
#3515=ORIENTED_EDGE('',*,*,#2405,.F.);
#3516=ORIENTED_EDGE('',*,*,#2634,.T.);
#3517=ORIENTED_EDGE('',*,*,#2635,.T.);
#3518=ORIENTED_EDGE('',*,*,#2632,.F.);
#3519=ORIENTED_EDGE('',*,*,#2404,.F.);
#3520=ORIENTED_EDGE('',*,*,#2631,.T.);
#3521=ORIENTED_EDGE('',*,*,#2636,.T.);
#3522=ORIENTED_EDGE('',*,*,#2634,.F.);
#3523=ORIENTED_EDGE('',*,*,#2636,.F.);
#3524=ORIENTED_EDGE('',*,*,#2630,.F.);
#3525=ORIENTED_EDGE('',*,*,#2633,.F.);
#3526=ORIENTED_EDGE('',*,*,#2635,.F.);
#3527=ORIENTED_EDGE('',*,*,#2637,.F.);
#3528=ORIENTED_EDGE('',*,*,#2638,.T.);
#3529=ORIENTED_EDGE('',*,*,#2639,.T.);
#3530=ORIENTED_EDGE('',*,*,#2640,.F.);
#3531=ORIENTED_EDGE('',*,*,#2641,.F.);
#3532=ORIENTED_EDGE('',*,*,#2642,.T.);
#3533=ORIENTED_EDGE('',*,*,#2643,.T.);
#3534=ORIENTED_EDGE('',*,*,#2638,.F.);
#3535=ORIENTED_EDGE('',*,*,#2644,.F.);
#3536=ORIENTED_EDGE('',*,*,#2645,.T.);
#3537=ORIENTED_EDGE('',*,*,#2646,.T.);
#3538=ORIENTED_EDGE('',*,*,#2642,.F.);
#3539=ORIENTED_EDGE('',*,*,#2647,.F.);
#3540=ORIENTED_EDGE('',*,*,#2640,.T.);
#3541=ORIENTED_EDGE('',*,*,#2648,.T.);
#3542=ORIENTED_EDGE('',*,*,#2645,.F.);
#3543=ORIENTED_EDGE('',*,*,#2604,.F.);
#3544=ORIENTED_EDGE('',*,*,#2498,.F.);
#3545=ORIENTED_EDGE('',*,*,#2501,.F.);
#3546=ORIENTED_EDGE('',*,*,#2503,.F.);
#3547=ORIENTED_EDGE('',*,*,#2505,.F.);
#3548=ORIENTED_EDGE('',*,*,#2507,.F.);
#3549=ORIENTED_EDGE('',*,*,#2509,.F.);
#3550=ORIENTED_EDGE('',*,*,#2511,.F.);
#3551=ORIENTED_EDGE('',*,*,#2513,.F.);
#3552=ORIENTED_EDGE('',*,*,#2515,.F.);
#3553=ORIENTED_EDGE('',*,*,#2517,.F.);
#3554=ORIENTED_EDGE('',*,*,#2519,.F.);
#3555=ORIENTED_EDGE('',*,*,#2521,.F.);
#3556=ORIENTED_EDGE('',*,*,#2523,.F.);
#3557=ORIENTED_EDGE('',*,*,#2525,.F.);
#3558=ORIENTED_EDGE('',*,*,#2527,.F.);
#3559=ORIENTED_EDGE('',*,*,#2529,.F.);
#3560=ORIENTED_EDGE('',*,*,#2531,.F.);
#3561=ORIENTED_EDGE('',*,*,#2533,.F.);
#3562=ORIENTED_EDGE('',*,*,#2535,.F.);
#3563=ORIENTED_EDGE('',*,*,#2537,.F.);
#3564=ORIENTED_EDGE('',*,*,#2539,.F.);
#3565=ORIENTED_EDGE('',*,*,#2541,.F.);
#3566=ORIENTED_EDGE('',*,*,#2543,.F.);
#3567=ORIENTED_EDGE('',*,*,#2545,.F.);
#3568=ORIENTED_EDGE('',*,*,#2547,.F.);
#3569=ORIENTED_EDGE('',*,*,#2549,.F.);
#3570=ORIENTED_EDGE('',*,*,#2551,.F.);
#3571=ORIENTED_EDGE('',*,*,#2553,.F.);
#3572=ORIENTED_EDGE('',*,*,#2555,.F.);
#3573=ORIENTED_EDGE('',*,*,#2557,.F.);
#3574=ORIENTED_EDGE('',*,*,#2559,.F.);
#3575=ORIENTED_EDGE('',*,*,#2561,.F.);
#3576=ORIENTED_EDGE('',*,*,#2563,.F.);
#3577=ORIENTED_EDGE('',*,*,#2565,.F.);
#3578=ORIENTED_EDGE('',*,*,#2567,.F.);
#3579=ORIENTED_EDGE('',*,*,#2569,.F.);
#3580=ORIENTED_EDGE('',*,*,#2571,.F.);
#3581=ORIENTED_EDGE('',*,*,#2573,.F.);
#3582=ORIENTED_EDGE('',*,*,#2575,.F.);
#3583=ORIENTED_EDGE('',*,*,#2577,.F.);
#3584=ORIENTED_EDGE('',*,*,#2579,.F.);
#3585=ORIENTED_EDGE('',*,*,#2581,.F.);
#3586=ORIENTED_EDGE('',*,*,#2583,.F.);
#3587=ORIENTED_EDGE('',*,*,#2585,.F.);
#3588=ORIENTED_EDGE('',*,*,#2587,.F.);
#3589=ORIENTED_EDGE('',*,*,#2589,.F.);
#3590=ORIENTED_EDGE('',*,*,#2591,.F.);
#3591=ORIENTED_EDGE('',*,*,#2593,.F.);
#3592=ORIENTED_EDGE('',*,*,#2595,.F.);
#3593=ORIENTED_EDGE('',*,*,#2597,.F.);
#3594=ORIENTED_EDGE('',*,*,#2599,.F.);
#3595=ORIENTED_EDGE('',*,*,#2601,.F.);
#3596=ORIENTED_EDGE('',*,*,#2603,.F.);
#3597=ORIENTED_EDGE('',*,*,#2648,.F.);
#3598=ORIENTED_EDGE('',*,*,#2639,.F.);
#3599=ORIENTED_EDGE('',*,*,#2643,.F.);
#3600=ORIENTED_EDGE('',*,*,#2646,.F.);
#3601=ORIENTED_EDGE('',*,*,#2399,.F.);
#3602=ORIENTED_EDGE('',*,*,#2649,.T.);
#3603=ORIENTED_EDGE('',*,*,#2650,.T.);
#3604=ORIENTED_EDGE('',*,*,#2651,.F.);
#3605=ORIENTED_EDGE('',*,*,#2402,.F.);
#3606=ORIENTED_EDGE('',*,*,#2652,.T.);
#3607=ORIENTED_EDGE('',*,*,#2653,.T.);
#3608=ORIENTED_EDGE('',*,*,#2649,.F.);
#3609=ORIENTED_EDGE('',*,*,#2401,.F.);
#3610=ORIENTED_EDGE('',*,*,#2654,.T.);
#3611=ORIENTED_EDGE('',*,*,#2655,.T.);
#3612=ORIENTED_EDGE('',*,*,#2652,.F.);
#3613=ORIENTED_EDGE('',*,*,#2400,.F.);
#3614=ORIENTED_EDGE('',*,*,#2651,.T.);
#3615=ORIENTED_EDGE('',*,*,#2656,.T.);
#3616=ORIENTED_EDGE('',*,*,#2654,.F.);
#3617=ORIENTED_EDGE('',*,*,#2656,.F.);
#3618=ORIENTED_EDGE('',*,*,#2650,.F.);
#3619=ORIENTED_EDGE('',*,*,#2653,.F.);
#3620=ORIENTED_EDGE('',*,*,#2655,.F.);
#3621=ORIENTED_EDGE('',*,*,#2395,.F.);
#3622=ORIENTED_EDGE('',*,*,#2657,.T.);
#3623=ORIENTED_EDGE('',*,*,#2658,.T.);
#3624=ORIENTED_EDGE('',*,*,#2659,.F.);
#3625=ORIENTED_EDGE('',*,*,#2398,.F.);
#3626=ORIENTED_EDGE('',*,*,#2660,.T.);
#3627=ORIENTED_EDGE('',*,*,#2661,.T.);
#3628=ORIENTED_EDGE('',*,*,#2657,.F.);
#3629=ORIENTED_EDGE('',*,*,#2397,.F.);
#3630=ORIENTED_EDGE('',*,*,#2662,.T.);
#3631=ORIENTED_EDGE('',*,*,#2663,.T.);
#3632=ORIENTED_EDGE('',*,*,#2660,.F.);
#3633=ORIENTED_EDGE('',*,*,#2396,.F.);
#3634=ORIENTED_EDGE('',*,*,#2659,.T.);
#3635=ORIENTED_EDGE('',*,*,#2664,.T.);
#3636=ORIENTED_EDGE('',*,*,#2662,.F.);
#3637=ORIENTED_EDGE('',*,*,#2664,.F.);
#3638=ORIENTED_EDGE('',*,*,#2658,.F.);
#3639=ORIENTED_EDGE('',*,*,#2661,.F.);
#3640=ORIENTED_EDGE('',*,*,#2663,.F.);
#3641=ORIENTED_EDGE('',*,*,#2637,.T.);
#3642=ORIENTED_EDGE('',*,*,#2647,.T.);
#3643=ORIENTED_EDGE('',*,*,#2644,.T.);
#3644=ORIENTED_EDGE('',*,*,#2641,.T.);
#3645=ORIENTED_EDGE('',*,*,#2665,.T.);
#3646=ORIENTED_EDGE('',*,*,#2666,.T.);
#3647=ORIENTED_EDGE('',*,*,#2667,.T.);
#3648=ORIENTED_EDGE('',*,*,#2373,.T.);
#3649=ORIENTED_EDGE('',*,*,#2668,.T.);
#3650=ORIENTED_EDGE('',*,*,#2669,.T.);
#3651=ORIENTED_EDGE('',*,*,#2665,.F.);
#3652=ORIENTED_EDGE('',*,*,#2380,.T.);
#3653=ORIENTED_EDGE('',*,*,#2670,.T.);
#3654=ORIENTED_EDGE('',*,*,#2671,.T.);
#3655=ORIENTED_EDGE('',*,*,#2668,.F.);
#3656=ORIENTED_EDGE('',*,*,#2379,.T.);
#3657=ORIENTED_EDGE('',*,*,#2672,.T.);
#3658=ORIENTED_EDGE('',*,*,#2673,.T.);
#3659=ORIENTED_EDGE('',*,*,#2670,.F.);
#3660=ORIENTED_EDGE('',*,*,#2378,.T.);
#3661=ORIENTED_EDGE('',*,*,#2674,.T.);
#3662=ORIENTED_EDGE('',*,*,#2675,.T.);
#3663=ORIENTED_EDGE('',*,*,#2672,.F.);
#3664=ORIENTED_EDGE('',*,*,#2377,.T.);
#3665=ORIENTED_EDGE('',*,*,#2676,.T.);
#3666=ORIENTED_EDGE('',*,*,#2677,.T.);
#3667=ORIENTED_EDGE('',*,*,#2674,.F.);
#3668=ORIENTED_EDGE('',*,*,#2376,.T.);
#3669=ORIENTED_EDGE('',*,*,#2678,.T.);
#3670=ORIENTED_EDGE('',*,*,#2679,.T.);
#3671=ORIENTED_EDGE('',*,*,#2676,.F.);
#3672=ORIENTED_EDGE('',*,*,#2375,.T.);
#3673=ORIENTED_EDGE('',*,*,#2667,.F.);
#3674=ORIENTED_EDGE('',*,*,#2680,.T.);
#3675=ORIENTED_EDGE('',*,*,#2678,.F.);
#3676=ORIENTED_EDGE('',*,*,#2374,.T.);
#3677=ORIENTED_EDGE('',*,*,#2677,.F.);
#3678=ORIENTED_EDGE('',*,*,#2681,.T.);
#3679=ORIENTED_EDGE('',*,*,#2682,.F.);
#3680=ORIENTED_EDGE('',*,*,#2683,.F.);
#3681=ORIENTED_EDGE('',*,*,#2679,.F.);
#3682=ORIENTED_EDGE('',*,*,#2684,.T.);
#3683=ORIENTED_EDGE('',*,*,#2685,.F.);
#3684=ORIENTED_EDGE('',*,*,#2681,.F.);
#3685=ORIENTED_EDGE('',*,*,#2680,.F.);
#3686=ORIENTED_EDGE('',*,*,#2686,.T.);
#3687=ORIENTED_EDGE('',*,*,#2687,.F.);
#3688=ORIENTED_EDGE('',*,*,#2684,.F.);
#3689=ORIENTED_EDGE('',*,*,#2666,.F.);
#3690=ORIENTED_EDGE('',*,*,#2688,.T.);
#3691=ORIENTED_EDGE('',*,*,#2689,.F.);
#3692=ORIENTED_EDGE('',*,*,#2686,.F.);
#3693=ORIENTED_EDGE('',*,*,#2690,.T.);
#3694=ORIENTED_EDGE('',*,*,#2386,.T.);
#3695=ORIENTED_EDGE('',*,*,#2691,.T.);
#3696=ORIENTED_EDGE('',*,*,#2689,.T.);
#3697=ORIENTED_EDGE('',*,*,#2692,.T.);
#3698=ORIENTED_EDGE('',*,*,#2387,.T.);
#3699=ORIENTED_EDGE('',*,*,#2690,.F.);
#3700=ORIENTED_EDGE('',*,*,#2693,.T.);
#3701=ORIENTED_EDGE('',*,*,#2694,.T.);
#3702=ORIENTED_EDGE('',*,*,#2388,.T.);
#3703=ORIENTED_EDGE('',*,*,#2692,.F.);
#3704=ORIENTED_EDGE('',*,*,#2695,.T.);
#3705=ORIENTED_EDGE('',*,*,#2696,.T.);
#3706=ORIENTED_EDGE('',*,*,#2389,.T.);
#3707=ORIENTED_EDGE('',*,*,#2694,.F.);
#3708=ORIENTED_EDGE('',*,*,#2697,.T.);
#3709=ORIENTED_EDGE('',*,*,#2698,.T.);
#3710=ORIENTED_EDGE('',*,*,#2390,.T.);
#3711=ORIENTED_EDGE('',*,*,#2696,.F.);
#3712=ORIENTED_EDGE('',*,*,#2699,.T.);
#3713=ORIENTED_EDGE('',*,*,#2700,.T.);
#3714=ORIENTED_EDGE('',*,*,#2391,.T.);
#3715=ORIENTED_EDGE('',*,*,#2698,.F.);
#3716=ORIENTED_EDGE('',*,*,#2682,.T.);
#3717=ORIENTED_EDGE('',*,*,#2701,.T.);
#3718=ORIENTED_EDGE('',*,*,#2392,.T.);
#3719=ORIENTED_EDGE('',*,*,#2700,.F.);
#3720=ORIENTED_EDGE('',*,*,#2685,.T.);
#3721=ORIENTED_EDGE('',*,*,#2691,.F.);
#3722=ORIENTED_EDGE('',*,*,#2393,.T.);
#3723=ORIENTED_EDGE('',*,*,#2701,.F.);
#3724=ORIENTED_EDGE('',*,*,#2687,.T.);
#3725=ORIENTED_EDGE('',*,*,#2673,.F.);
#3726=ORIENTED_EDGE('',*,*,#2702,.T.);
#3727=ORIENTED_EDGE('',*,*,#2697,.F.);
#3728=ORIENTED_EDGE('',*,*,#2703,.F.);
#3729=ORIENTED_EDGE('',*,*,#2671,.F.);
#3730=ORIENTED_EDGE('',*,*,#2703,.T.);
#3731=ORIENTED_EDGE('',*,*,#2695,.F.);
#3732=ORIENTED_EDGE('',*,*,#2704,.F.);
#3733=ORIENTED_EDGE('',*,*,#2669,.F.);
#3734=ORIENTED_EDGE('',*,*,#2704,.T.);
#3735=ORIENTED_EDGE('',*,*,#2693,.F.);
#3736=ORIENTED_EDGE('',*,*,#2688,.F.);
#3737=ORIENTED_EDGE('',*,*,#2381,.F.);
#3738=ORIENTED_EDGE('',*,*,#2705,.T.);
#3739=ORIENTED_EDGE('',*,*,#2706,.F.);
#3740=ORIENTED_EDGE('',*,*,#2705,.F.);
#3741=ORIENTED_EDGE('',*,*,#2707,.F.);
#3742=ORIENTED_EDGE('',*,*,#2708,.T.);
#3743=ORIENTED_EDGE('',*,*,#2382,.F.);
#3744=ORIENTED_EDGE('',*,*,#2708,.F.);
#3745=ORIENTED_EDGE('',*,*,#2364,.F.);
#3746=ORIENTED_EDGE('',*,*,#2707,.T.);
#3747=ORIENTED_EDGE('',*,*,#2709,.F.);
#3748=ORIENTED_EDGE('',*,*,#2706,.T.);
#3749=ORIENTED_EDGE('',*,*,#2709,.T.);
#3750=ORIENTED_EDGE('',*,*,#2710,.T.);
#3751=ORIENTED_EDGE('',*,*,#2394,.F.);
#3752=ORIENTED_EDGE('',*,*,#2710,.F.);
#3753=ORIENTED_EDGE('',*,*,#2675,.F.);
#3754=ORIENTED_EDGE('',*,*,#2683,.T.);
#3755=ORIENTED_EDGE('',*,*,#2699,.F.);
#3756=ORIENTED_EDGE('',*,*,#2702,.F.);
#3757=ORIENTED_EDGE('',*,*,#2711,.F.);
#3758=ORIENTED_EDGE('',*,*,#2712,.T.);
#3759=ORIENTED_EDGE('',*,*,#2713,.F.);
#3760=ORIENTED_EDGE('',*,*,#2714,.F.);
#3761=ORIENTED_EDGE('',*,*,#2715,.F.);
#3762=ORIENTED_EDGE('',*,*,#2714,.T.);
#3763=ORIENTED_EDGE('',*,*,#2716,.F.);
#3764=ORIENTED_EDGE('',*,*,#2717,.F.);
#3765=ORIENTED_EDGE('',*,*,#2718,.F.);
#3766=ORIENTED_EDGE('',*,*,#2717,.T.);
#3767=ORIENTED_EDGE('',*,*,#2719,.F.);
#3768=ORIENTED_EDGE('',*,*,#2720,.F.);
#3769=ORIENTED_EDGE('',*,*,#2721,.F.);
#3770=ORIENTED_EDGE('',*,*,#2720,.T.);
#3771=ORIENTED_EDGE('',*,*,#2722,.F.);
#3772=ORIENTED_EDGE('',*,*,#2712,.F.);
#3773=ORIENTED_EDGE('',*,*,#2722,.T.);
#3774=ORIENTED_EDGE('',*,*,#2719,.T.);
#3775=ORIENTED_EDGE('',*,*,#2716,.T.);
#3776=ORIENTED_EDGE('',*,*,#2713,.T.);
#3777=ORIENTED_EDGE('',*,*,#2721,.T.);
#3778=ORIENTED_EDGE('',*,*,#2711,.T.);
#3779=ORIENTED_EDGE('',*,*,#2715,.T.);
#3780=ORIENTED_EDGE('',*,*,#2718,.T.);
#3781=ORIENTED_EDGE('',*,*,#2723,.F.);
#3782=ORIENTED_EDGE('',*,*,#2724,.T.);
#3783=ORIENTED_EDGE('',*,*,#2725,.F.);
#3784=ORIENTED_EDGE('',*,*,#2726,.F.);
#3785=ORIENTED_EDGE('',*,*,#2727,.F.);
#3786=ORIENTED_EDGE('',*,*,#2726,.T.);
#3787=ORIENTED_EDGE('',*,*,#2728,.F.);
#3788=ORIENTED_EDGE('',*,*,#2729,.F.);
#3789=ORIENTED_EDGE('',*,*,#2730,.F.);
#3790=ORIENTED_EDGE('',*,*,#2729,.T.);
#3791=ORIENTED_EDGE('',*,*,#2731,.F.);
#3792=ORIENTED_EDGE('',*,*,#2732,.F.);
#3793=ORIENTED_EDGE('',*,*,#2733,.F.);
#3794=ORIENTED_EDGE('',*,*,#2732,.T.);
#3795=ORIENTED_EDGE('',*,*,#2734,.F.);
#3796=ORIENTED_EDGE('',*,*,#2724,.F.);
#3797=ORIENTED_EDGE('',*,*,#2734,.T.);
#3798=ORIENTED_EDGE('',*,*,#2731,.T.);
#3799=ORIENTED_EDGE('',*,*,#2728,.T.);
#3800=ORIENTED_EDGE('',*,*,#2725,.T.);
#3801=ORIENTED_EDGE('',*,*,#2733,.T.);
#3802=ORIENTED_EDGE('',*,*,#2723,.T.);
#3803=ORIENTED_EDGE('',*,*,#2727,.T.);
#3804=ORIENTED_EDGE('',*,*,#2730,.T.);
#3805=ORIENTED_EDGE('',*,*,#2735,.F.);
#3806=ORIENTED_EDGE('',*,*,#2736,.T.);
#3807=ORIENTED_EDGE('',*,*,#2737,.F.);
#3808=ORIENTED_EDGE('',*,*,#2738,.F.);
#3809=ORIENTED_EDGE('',*,*,#2739,.F.);
#3810=ORIENTED_EDGE('',*,*,#2738,.T.);
#3811=ORIENTED_EDGE('',*,*,#2740,.F.);
#3812=ORIENTED_EDGE('',*,*,#2741,.F.);
#3813=ORIENTED_EDGE('',*,*,#2742,.F.);
#3814=ORIENTED_EDGE('',*,*,#2741,.T.);
#3815=ORIENTED_EDGE('',*,*,#2743,.F.);
#3816=ORIENTED_EDGE('',*,*,#2744,.F.);
#3817=ORIENTED_EDGE('',*,*,#2745,.F.);
#3818=ORIENTED_EDGE('',*,*,#2744,.T.);
#3819=ORIENTED_EDGE('',*,*,#2746,.F.);
#3820=ORIENTED_EDGE('',*,*,#2736,.F.);
#3821=ORIENTED_EDGE('',*,*,#2746,.T.);
#3822=ORIENTED_EDGE('',*,*,#2743,.T.);
#3823=ORIENTED_EDGE('',*,*,#2740,.T.);
#3824=ORIENTED_EDGE('',*,*,#2737,.T.);
#3825=ORIENTED_EDGE('',*,*,#2745,.T.);
#3826=ORIENTED_EDGE('',*,*,#2735,.T.);
#3827=ORIENTED_EDGE('',*,*,#2739,.T.);
#3828=ORIENTED_EDGE('',*,*,#2742,.T.);
#3829=ORIENTED_EDGE('',*,*,#2747,.F.);
#3830=ORIENTED_EDGE('',*,*,#2748,.T.);
#3831=ORIENTED_EDGE('',*,*,#2749,.F.);
#3832=ORIENTED_EDGE('',*,*,#2750,.F.);
#3833=ORIENTED_EDGE('',*,*,#2751,.F.);
#3834=ORIENTED_EDGE('',*,*,#2750,.T.);
#3835=ORIENTED_EDGE('',*,*,#2752,.F.);
#3836=ORIENTED_EDGE('',*,*,#2753,.F.);
#3837=ORIENTED_EDGE('',*,*,#2754,.F.);
#3838=ORIENTED_EDGE('',*,*,#2753,.T.);
#3839=ORIENTED_EDGE('',*,*,#2755,.F.);
#3840=ORIENTED_EDGE('',*,*,#2756,.F.);
#3841=ORIENTED_EDGE('',*,*,#2757,.F.);
#3842=ORIENTED_EDGE('',*,*,#2756,.T.);
#3843=ORIENTED_EDGE('',*,*,#2758,.F.);
#3844=ORIENTED_EDGE('',*,*,#2748,.F.);
#3845=ORIENTED_EDGE('',*,*,#2758,.T.);
#3846=ORIENTED_EDGE('',*,*,#2755,.T.);
#3847=ORIENTED_EDGE('',*,*,#2752,.T.);
#3848=ORIENTED_EDGE('',*,*,#2749,.T.);
#3849=ORIENTED_EDGE('',*,*,#2757,.T.);
#3850=ORIENTED_EDGE('',*,*,#2747,.T.);
#3851=ORIENTED_EDGE('',*,*,#2751,.T.);
#3852=ORIENTED_EDGE('',*,*,#2754,.T.);
#3853=ORIENTED_EDGE('',*,*,#2759,.F.);
#3854=ORIENTED_EDGE('',*,*,#2760,.T.);
#3855=ORIENTED_EDGE('',*,*,#2761,.F.);
#3856=ORIENTED_EDGE('',*,*,#2762,.F.);
#3857=ORIENTED_EDGE('',*,*,#2763,.F.);
#3858=ORIENTED_EDGE('',*,*,#2762,.T.);
#3859=ORIENTED_EDGE('',*,*,#2764,.F.);
#3860=ORIENTED_EDGE('',*,*,#2765,.F.);
#3861=ORIENTED_EDGE('',*,*,#2766,.F.);
#3862=ORIENTED_EDGE('',*,*,#2765,.T.);
#3863=ORIENTED_EDGE('',*,*,#2767,.F.);
#3864=ORIENTED_EDGE('',*,*,#2768,.F.);
#3865=ORIENTED_EDGE('',*,*,#2769,.F.);
#3866=ORIENTED_EDGE('',*,*,#2768,.T.);
#3867=ORIENTED_EDGE('',*,*,#2770,.F.);
#3868=ORIENTED_EDGE('',*,*,#2760,.F.);
#3869=ORIENTED_EDGE('',*,*,#2771,.F.);
#3870=ORIENTED_EDGE('',*,*,#2772,.T.);
#3871=ORIENTED_EDGE('',*,*,#2773,.F.);
#3872=ORIENTED_EDGE('',*,*,#2774,.F.);
#3873=ORIENTED_EDGE('',*,*,#2775,.F.);
#3874=ORIENTED_EDGE('',*,*,#2774,.T.);
#3875=ORIENTED_EDGE('',*,*,#2776,.F.);
#3876=ORIENTED_EDGE('',*,*,#2777,.F.);
#3877=ORIENTED_EDGE('',*,*,#2778,.F.);
#3878=ORIENTED_EDGE('',*,*,#2777,.T.);
#3879=ORIENTED_EDGE('',*,*,#2779,.F.);
#3880=ORIENTED_EDGE('',*,*,#2780,.F.);
#3881=ORIENTED_EDGE('',*,*,#2781,.F.);
#3882=ORIENTED_EDGE('',*,*,#2780,.T.);
#3883=ORIENTED_EDGE('',*,*,#2782,.F.);
#3884=ORIENTED_EDGE('',*,*,#2783,.F.);
#3885=ORIENTED_EDGE('',*,*,#2784,.F.);
#3886=ORIENTED_EDGE('',*,*,#2783,.T.);
#3887=ORIENTED_EDGE('',*,*,#2785,.F.);
#3888=ORIENTED_EDGE('',*,*,#2786,.F.);
#3889=ORIENTED_EDGE('',*,*,#2787,.F.);
#3890=ORIENTED_EDGE('',*,*,#2786,.T.);
#3891=ORIENTED_EDGE('',*,*,#2788,.F.);
#3892=ORIENTED_EDGE('',*,*,#2789,.F.);
#3893=ORIENTED_EDGE('',*,*,#2790,.F.);
#3894=ORIENTED_EDGE('',*,*,#2789,.T.);
#3895=ORIENTED_EDGE('',*,*,#2791,.F.);
#3896=ORIENTED_EDGE('',*,*,#2792,.F.);
#3897=ORIENTED_EDGE('',*,*,#2793,.F.);
#3898=ORIENTED_EDGE('',*,*,#2792,.T.);
#3899=ORIENTED_EDGE('',*,*,#2794,.F.);
#3900=ORIENTED_EDGE('',*,*,#2795,.F.);
#3901=ORIENTED_EDGE('',*,*,#2796,.F.);
#3902=ORIENTED_EDGE('',*,*,#2795,.T.);
#3903=ORIENTED_EDGE('',*,*,#2797,.F.);
#3904=ORIENTED_EDGE('',*,*,#2798,.F.);
#3905=ORIENTED_EDGE('',*,*,#2799,.F.);
#3906=ORIENTED_EDGE('',*,*,#2798,.T.);
#3907=ORIENTED_EDGE('',*,*,#2800,.F.);
#3908=ORIENTED_EDGE('',*,*,#2801,.F.);
#3909=ORIENTED_EDGE('',*,*,#2802,.F.);
#3910=ORIENTED_EDGE('',*,*,#2801,.T.);
#3911=ORIENTED_EDGE('',*,*,#2803,.F.);
#3912=ORIENTED_EDGE('',*,*,#2804,.F.);
#3913=ORIENTED_EDGE('',*,*,#2805,.F.);
#3914=ORIENTED_EDGE('',*,*,#2804,.T.);
#3915=ORIENTED_EDGE('',*,*,#2806,.F.);
#3916=ORIENTED_EDGE('',*,*,#2807,.F.);
#3917=ORIENTED_EDGE('',*,*,#2808,.F.);
#3918=ORIENTED_EDGE('',*,*,#2807,.T.);
#3919=ORIENTED_EDGE('',*,*,#2809,.F.);
#3920=ORIENTED_EDGE('',*,*,#2810,.F.);
#3921=ORIENTED_EDGE('',*,*,#2811,.F.);
#3922=ORIENTED_EDGE('',*,*,#2810,.T.);
#3923=ORIENTED_EDGE('',*,*,#2812,.F.);
#3924=ORIENTED_EDGE('',*,*,#2813,.F.);
#3925=ORIENTED_EDGE('',*,*,#2814,.F.);
#3926=ORIENTED_EDGE('',*,*,#2813,.T.);
#3927=ORIENTED_EDGE('',*,*,#2815,.F.);
#3928=ORIENTED_EDGE('',*,*,#2816,.F.);
#3929=ORIENTED_EDGE('',*,*,#2817,.F.);
#3930=ORIENTED_EDGE('',*,*,#2816,.T.);
#3931=ORIENTED_EDGE('',*,*,#2818,.F.);
#3932=ORIENTED_EDGE('',*,*,#2819,.F.);
#3933=ORIENTED_EDGE('',*,*,#2820,.F.);
#3934=ORIENTED_EDGE('',*,*,#2819,.T.);
#3935=ORIENTED_EDGE('',*,*,#2821,.F.);
#3936=ORIENTED_EDGE('',*,*,#2822,.F.);
#3937=ORIENTED_EDGE('',*,*,#2823,.F.);
#3938=ORIENTED_EDGE('',*,*,#2822,.T.);
#3939=ORIENTED_EDGE('',*,*,#2824,.F.);
#3940=ORIENTED_EDGE('',*,*,#2825,.F.);
#3941=ORIENTED_EDGE('',*,*,#2826,.F.);
#3942=ORIENTED_EDGE('',*,*,#2825,.T.);
#3943=ORIENTED_EDGE('',*,*,#2827,.F.);
#3944=ORIENTED_EDGE('',*,*,#2828,.F.);
#3945=ORIENTED_EDGE('',*,*,#2829,.F.);
#3946=ORIENTED_EDGE('',*,*,#2828,.T.);
#3947=ORIENTED_EDGE('',*,*,#2830,.F.);
#3948=ORIENTED_EDGE('',*,*,#2831,.F.);
#3949=ORIENTED_EDGE('',*,*,#2832,.F.);
#3950=ORIENTED_EDGE('',*,*,#2831,.T.);
#3951=ORIENTED_EDGE('',*,*,#2833,.F.);
#3952=ORIENTED_EDGE('',*,*,#2834,.F.);
#3953=ORIENTED_EDGE('',*,*,#2835,.F.);
#3954=ORIENTED_EDGE('',*,*,#2834,.T.);
#3955=ORIENTED_EDGE('',*,*,#2836,.F.);
#3956=ORIENTED_EDGE('',*,*,#2837,.F.);
#3957=ORIENTED_EDGE('',*,*,#2838,.F.);
#3958=ORIENTED_EDGE('',*,*,#2837,.T.);
#3959=ORIENTED_EDGE('',*,*,#2839,.F.);
#3960=ORIENTED_EDGE('',*,*,#2840,.F.);
#3961=ORIENTED_EDGE('',*,*,#2841,.F.);
#3962=ORIENTED_EDGE('',*,*,#2840,.T.);
#3963=ORIENTED_EDGE('',*,*,#2842,.F.);
#3964=ORIENTED_EDGE('',*,*,#2843,.F.);
#3965=ORIENTED_EDGE('',*,*,#2844,.F.);
#3966=ORIENTED_EDGE('',*,*,#2843,.T.);
#3967=ORIENTED_EDGE('',*,*,#2845,.F.);
#3968=ORIENTED_EDGE('',*,*,#2846,.F.);
#3969=ORIENTED_EDGE('',*,*,#2847,.F.);
#3970=ORIENTED_EDGE('',*,*,#2846,.T.);
#3971=ORIENTED_EDGE('',*,*,#2848,.F.);
#3972=ORIENTED_EDGE('',*,*,#2849,.F.);
#3973=ORIENTED_EDGE('',*,*,#2850,.F.);
#3974=ORIENTED_EDGE('',*,*,#2849,.T.);
#3975=ORIENTED_EDGE('',*,*,#2851,.F.);
#3976=ORIENTED_EDGE('',*,*,#2852,.F.);
#3977=ORIENTED_EDGE('',*,*,#2853,.F.);
#3978=ORIENTED_EDGE('',*,*,#2852,.T.);
#3979=ORIENTED_EDGE('',*,*,#2854,.F.);
#3980=ORIENTED_EDGE('',*,*,#2855,.F.);
#3981=ORIENTED_EDGE('',*,*,#2856,.F.);
#3982=ORIENTED_EDGE('',*,*,#2855,.T.);
#3983=ORIENTED_EDGE('',*,*,#2857,.F.);
#3984=ORIENTED_EDGE('',*,*,#2858,.F.);
#3985=ORIENTED_EDGE('',*,*,#2859,.F.);
#3986=ORIENTED_EDGE('',*,*,#2858,.T.);
#3987=ORIENTED_EDGE('',*,*,#2860,.F.);
#3988=ORIENTED_EDGE('',*,*,#2861,.F.);
#3989=ORIENTED_EDGE('',*,*,#2862,.F.);
#3990=ORIENTED_EDGE('',*,*,#2861,.T.);
#3991=ORIENTED_EDGE('',*,*,#2863,.F.);
#3992=ORIENTED_EDGE('',*,*,#2864,.F.);
#3993=ORIENTED_EDGE('',*,*,#2865,.F.);
#3994=ORIENTED_EDGE('',*,*,#2864,.T.);
#3995=ORIENTED_EDGE('',*,*,#2866,.F.);
#3996=ORIENTED_EDGE('',*,*,#2867,.F.);
#3997=ORIENTED_EDGE('',*,*,#2868,.F.);
#3998=ORIENTED_EDGE('',*,*,#2867,.T.);
#3999=ORIENTED_EDGE('',*,*,#2869,.F.);
#4000=ORIENTED_EDGE('',*,*,#2870,.F.);
#4001=ORIENTED_EDGE('',*,*,#2871,.F.);
#4002=ORIENTED_EDGE('',*,*,#2870,.T.);
#4003=ORIENTED_EDGE('',*,*,#2872,.F.);
#4004=ORIENTED_EDGE('',*,*,#2873,.F.);
#4005=ORIENTED_EDGE('',*,*,#2874,.F.);
#4006=ORIENTED_EDGE('',*,*,#2873,.T.);
#4007=ORIENTED_EDGE('',*,*,#2875,.F.);
#4008=ORIENTED_EDGE('',*,*,#2876,.F.);
#4009=ORIENTED_EDGE('',*,*,#2877,.F.);
#4010=ORIENTED_EDGE('',*,*,#2876,.T.);
#4011=ORIENTED_EDGE('',*,*,#2878,.F.);
#4012=ORIENTED_EDGE('',*,*,#2879,.F.);
#4013=ORIENTED_EDGE('',*,*,#2880,.F.);
#4014=ORIENTED_EDGE('',*,*,#2879,.T.);
#4015=ORIENTED_EDGE('',*,*,#2881,.F.);
#4016=ORIENTED_EDGE('',*,*,#2882,.F.);
#4017=ORIENTED_EDGE('',*,*,#2883,.F.);
#4018=ORIENTED_EDGE('',*,*,#2882,.T.);
#4019=ORIENTED_EDGE('',*,*,#2884,.F.);
#4020=ORIENTED_EDGE('',*,*,#2885,.F.);
#4021=ORIENTED_EDGE('',*,*,#2886,.F.);
#4022=ORIENTED_EDGE('',*,*,#2885,.T.);
#4023=ORIENTED_EDGE('',*,*,#2887,.F.);
#4024=ORIENTED_EDGE('',*,*,#2888,.F.);
#4025=ORIENTED_EDGE('',*,*,#2889,.F.);
#4026=ORIENTED_EDGE('',*,*,#2888,.T.);
#4027=ORIENTED_EDGE('',*,*,#2890,.F.);
#4028=ORIENTED_EDGE('',*,*,#2891,.F.);
#4029=ORIENTED_EDGE('',*,*,#2892,.F.);
#4030=ORIENTED_EDGE('',*,*,#2891,.T.);
#4031=ORIENTED_EDGE('',*,*,#2893,.F.);
#4032=ORIENTED_EDGE('',*,*,#2894,.F.);
#4033=ORIENTED_EDGE('',*,*,#2895,.F.);
#4034=ORIENTED_EDGE('',*,*,#2894,.T.);
#4035=ORIENTED_EDGE('',*,*,#2896,.F.);
#4036=ORIENTED_EDGE('',*,*,#2897,.F.);
#4037=ORIENTED_EDGE('',*,*,#2898,.F.);
#4038=ORIENTED_EDGE('',*,*,#2897,.T.);
#4039=ORIENTED_EDGE('',*,*,#2899,.F.);
#4040=ORIENTED_EDGE('',*,*,#2900,.F.);
#4041=ORIENTED_EDGE('',*,*,#2901,.F.);
#4042=ORIENTED_EDGE('',*,*,#2900,.T.);
#4043=ORIENTED_EDGE('',*,*,#2902,.F.);
#4044=ORIENTED_EDGE('',*,*,#2903,.F.);
#4045=ORIENTED_EDGE('',*,*,#2904,.F.);
#4046=ORIENTED_EDGE('',*,*,#2903,.T.);
#4047=ORIENTED_EDGE('',*,*,#2905,.F.);
#4048=ORIENTED_EDGE('',*,*,#2906,.F.);
#4049=ORIENTED_EDGE('',*,*,#2907,.F.);
#4050=ORIENTED_EDGE('',*,*,#2906,.T.);
#4051=ORIENTED_EDGE('',*,*,#2908,.F.);
#4052=ORIENTED_EDGE('',*,*,#2909,.F.);
#4053=ORIENTED_EDGE('',*,*,#2910,.F.);
#4054=ORIENTED_EDGE('',*,*,#2909,.T.);
#4055=ORIENTED_EDGE('',*,*,#2911,.F.);
#4056=ORIENTED_EDGE('',*,*,#2912,.F.);
#4057=ORIENTED_EDGE('',*,*,#2913,.F.);
#4058=ORIENTED_EDGE('',*,*,#2912,.T.);
#4059=ORIENTED_EDGE('',*,*,#2914,.F.);
#4060=ORIENTED_EDGE('',*,*,#2915,.F.);
#4061=ORIENTED_EDGE('',*,*,#2916,.F.);
#4062=ORIENTED_EDGE('',*,*,#2915,.T.);
#4063=ORIENTED_EDGE('',*,*,#2917,.F.);
#4064=ORIENTED_EDGE('',*,*,#2918,.F.);
#4065=ORIENTED_EDGE('',*,*,#2919,.F.);
#4066=ORIENTED_EDGE('',*,*,#2918,.T.);
#4067=ORIENTED_EDGE('',*,*,#2920,.F.);
#4068=ORIENTED_EDGE('',*,*,#2921,.F.);
#4069=ORIENTED_EDGE('',*,*,#2922,.F.);
#4070=ORIENTED_EDGE('',*,*,#2921,.T.);
#4071=ORIENTED_EDGE('',*,*,#2923,.F.);
#4072=ORIENTED_EDGE('',*,*,#2924,.F.);
#4073=ORIENTED_EDGE('',*,*,#2925,.F.);
#4074=ORIENTED_EDGE('',*,*,#2924,.T.);
#4075=ORIENTED_EDGE('',*,*,#2926,.F.);
#4076=ORIENTED_EDGE('',*,*,#2927,.F.);
#4077=ORIENTED_EDGE('',*,*,#2928,.F.);
#4078=ORIENTED_EDGE('',*,*,#2927,.T.);
#4079=ORIENTED_EDGE('',*,*,#2929,.F.);
#4080=ORIENTED_EDGE('',*,*,#2930,.F.);
#4081=ORIENTED_EDGE('',*,*,#2931,.F.);
#4082=ORIENTED_EDGE('',*,*,#2930,.T.);
#4083=ORIENTED_EDGE('',*,*,#2932,.F.);
#4084=ORIENTED_EDGE('',*,*,#2772,.F.);
#4085=ORIENTED_EDGE('',*,*,#2932,.T.);
#4086=ORIENTED_EDGE('',*,*,#2929,.T.);
#4087=ORIENTED_EDGE('',*,*,#2926,.T.);
#4088=ORIENTED_EDGE('',*,*,#2923,.T.);
#4089=ORIENTED_EDGE('',*,*,#2920,.T.);
#4090=ORIENTED_EDGE('',*,*,#2917,.T.);
#4091=ORIENTED_EDGE('',*,*,#2914,.T.);
#4092=ORIENTED_EDGE('',*,*,#2911,.T.);
#4093=ORIENTED_EDGE('',*,*,#2908,.T.);
#4094=ORIENTED_EDGE('',*,*,#2905,.T.);
#4095=ORIENTED_EDGE('',*,*,#2902,.T.);
#4096=ORIENTED_EDGE('',*,*,#2899,.T.);
#4097=ORIENTED_EDGE('',*,*,#2896,.T.);
#4098=ORIENTED_EDGE('',*,*,#2893,.T.);
#4099=ORIENTED_EDGE('',*,*,#2890,.T.);
#4100=ORIENTED_EDGE('',*,*,#2887,.T.);
#4101=ORIENTED_EDGE('',*,*,#2884,.T.);
#4102=ORIENTED_EDGE('',*,*,#2881,.T.);
#4103=ORIENTED_EDGE('',*,*,#2878,.T.);
#4104=ORIENTED_EDGE('',*,*,#2875,.T.);
#4105=ORIENTED_EDGE('',*,*,#2872,.T.);
#4106=ORIENTED_EDGE('',*,*,#2869,.T.);
#4107=ORIENTED_EDGE('',*,*,#2866,.T.);
#4108=ORIENTED_EDGE('',*,*,#2863,.T.);
#4109=ORIENTED_EDGE('',*,*,#2860,.T.);
#4110=ORIENTED_EDGE('',*,*,#2857,.T.);
#4111=ORIENTED_EDGE('',*,*,#2854,.T.);
#4112=ORIENTED_EDGE('',*,*,#2851,.T.);
#4113=ORIENTED_EDGE('',*,*,#2848,.T.);
#4114=ORIENTED_EDGE('',*,*,#2845,.T.);
#4115=ORIENTED_EDGE('',*,*,#2842,.T.);
#4116=ORIENTED_EDGE('',*,*,#2839,.T.);
#4117=ORIENTED_EDGE('',*,*,#2836,.T.);
#4118=ORIENTED_EDGE('',*,*,#2833,.T.);
#4119=ORIENTED_EDGE('',*,*,#2830,.T.);
#4120=ORIENTED_EDGE('',*,*,#2827,.T.);
#4121=ORIENTED_EDGE('',*,*,#2824,.T.);
#4122=ORIENTED_EDGE('',*,*,#2821,.T.);
#4123=ORIENTED_EDGE('',*,*,#2818,.T.);
#4124=ORIENTED_EDGE('',*,*,#2815,.T.);
#4125=ORIENTED_EDGE('',*,*,#2812,.T.);
#4126=ORIENTED_EDGE('',*,*,#2809,.T.);
#4127=ORIENTED_EDGE('',*,*,#2806,.T.);
#4128=ORIENTED_EDGE('',*,*,#2803,.T.);
#4129=ORIENTED_EDGE('',*,*,#2800,.T.);
#4130=ORIENTED_EDGE('',*,*,#2797,.T.);
#4131=ORIENTED_EDGE('',*,*,#2794,.T.);
#4132=ORIENTED_EDGE('',*,*,#2791,.T.);
#4133=ORIENTED_EDGE('',*,*,#2788,.T.);
#4134=ORIENTED_EDGE('',*,*,#2785,.T.);
#4135=ORIENTED_EDGE('',*,*,#2782,.T.);
#4136=ORIENTED_EDGE('',*,*,#2779,.T.);
#4137=ORIENTED_EDGE('',*,*,#2776,.T.);
#4138=ORIENTED_EDGE('',*,*,#2773,.T.);
#4139=ORIENTED_EDGE('',*,*,#2770,.T.);
#4140=ORIENTED_EDGE('',*,*,#2767,.T.);
#4141=ORIENTED_EDGE('',*,*,#2764,.T.);
#4142=ORIENTED_EDGE('',*,*,#2761,.T.);
#4143=ORIENTED_EDGE('',*,*,#2931,.T.);
#4144=ORIENTED_EDGE('',*,*,#2771,.T.);
#4145=ORIENTED_EDGE('',*,*,#2775,.T.);
#4146=ORIENTED_EDGE('',*,*,#2778,.T.);
#4147=ORIENTED_EDGE('',*,*,#2781,.T.);
#4148=ORIENTED_EDGE('',*,*,#2784,.T.);
#4149=ORIENTED_EDGE('',*,*,#2787,.T.);
#4150=ORIENTED_EDGE('',*,*,#2790,.T.);
#4151=ORIENTED_EDGE('',*,*,#2793,.T.);
#4152=ORIENTED_EDGE('',*,*,#2796,.T.);
#4153=ORIENTED_EDGE('',*,*,#2799,.T.);
#4154=ORIENTED_EDGE('',*,*,#2802,.T.);
#4155=ORIENTED_EDGE('',*,*,#2805,.T.);
#4156=ORIENTED_EDGE('',*,*,#2808,.T.);
#4157=ORIENTED_EDGE('',*,*,#2811,.T.);
#4158=ORIENTED_EDGE('',*,*,#2814,.T.);
#4159=ORIENTED_EDGE('',*,*,#2817,.T.);
#4160=ORIENTED_EDGE('',*,*,#2820,.T.);
#4161=ORIENTED_EDGE('',*,*,#2823,.T.);
#4162=ORIENTED_EDGE('',*,*,#2826,.T.);
#4163=ORIENTED_EDGE('',*,*,#2829,.T.);
#4164=ORIENTED_EDGE('',*,*,#2832,.T.);
#4165=ORIENTED_EDGE('',*,*,#2835,.T.);
#4166=ORIENTED_EDGE('',*,*,#2838,.T.);
#4167=ORIENTED_EDGE('',*,*,#2841,.T.);
#4168=ORIENTED_EDGE('',*,*,#2844,.T.);
#4169=ORIENTED_EDGE('',*,*,#2847,.T.);
#4170=ORIENTED_EDGE('',*,*,#2850,.T.);
#4171=ORIENTED_EDGE('',*,*,#2853,.T.);
#4172=ORIENTED_EDGE('',*,*,#2856,.T.);
#4173=ORIENTED_EDGE('',*,*,#2859,.T.);
#4174=ORIENTED_EDGE('',*,*,#2862,.T.);
#4175=ORIENTED_EDGE('',*,*,#2865,.T.);
#4176=ORIENTED_EDGE('',*,*,#2868,.T.);
#4177=ORIENTED_EDGE('',*,*,#2871,.T.);
#4178=ORIENTED_EDGE('',*,*,#2874,.T.);
#4179=ORIENTED_EDGE('',*,*,#2877,.T.);
#4180=ORIENTED_EDGE('',*,*,#2880,.T.);
#4181=ORIENTED_EDGE('',*,*,#2883,.T.);
#4182=ORIENTED_EDGE('',*,*,#2886,.T.);
#4183=ORIENTED_EDGE('',*,*,#2889,.T.);
#4184=ORIENTED_EDGE('',*,*,#2892,.T.);
#4185=ORIENTED_EDGE('',*,*,#2895,.T.);
#4186=ORIENTED_EDGE('',*,*,#2898,.T.);
#4187=ORIENTED_EDGE('',*,*,#2901,.T.);
#4188=ORIENTED_EDGE('',*,*,#2904,.T.);
#4189=ORIENTED_EDGE('',*,*,#2907,.T.);
#4190=ORIENTED_EDGE('',*,*,#2910,.T.);
#4191=ORIENTED_EDGE('',*,*,#2913,.T.);
#4192=ORIENTED_EDGE('',*,*,#2916,.T.);
#4193=ORIENTED_EDGE('',*,*,#2919,.T.);
#4194=ORIENTED_EDGE('',*,*,#2922,.T.);
#4195=ORIENTED_EDGE('',*,*,#2925,.T.);
#4196=ORIENTED_EDGE('',*,*,#2928,.T.);
#4197=ORIENTED_EDGE('',*,*,#2769,.T.);
#4198=ORIENTED_EDGE('',*,*,#2759,.T.);
#4199=ORIENTED_EDGE('',*,*,#2763,.T.);
#4200=ORIENTED_EDGE('',*,*,#2766,.T.);
#4201=ORIENTED_EDGE('',*,*,#2933,.F.);
#4202=ORIENTED_EDGE('',*,*,#2934,.T.);
#4203=ORIENTED_EDGE('',*,*,#2935,.F.);
#4204=ORIENTED_EDGE('',*,*,#2936,.F.);
#4205=ORIENTED_EDGE('',*,*,#2937,.F.);
#4206=ORIENTED_EDGE('',*,*,#2936,.T.);
#4207=ORIENTED_EDGE('',*,*,#2938,.F.);
#4208=ORIENTED_EDGE('',*,*,#2939,.F.);
#4209=ORIENTED_EDGE('',*,*,#2940,.F.);
#4210=ORIENTED_EDGE('',*,*,#2939,.T.);
#4211=ORIENTED_EDGE('',*,*,#2941,.F.);
#4212=ORIENTED_EDGE('',*,*,#2942,.F.);
#4213=ORIENTED_EDGE('',*,*,#2943,.F.);
#4214=ORIENTED_EDGE('',*,*,#2942,.T.);
#4215=ORIENTED_EDGE('',*,*,#2944,.F.);
#4216=ORIENTED_EDGE('',*,*,#2934,.F.);
#4217=ORIENTED_EDGE('',*,*,#2944,.T.);
#4218=ORIENTED_EDGE('',*,*,#2941,.T.);
#4219=ORIENTED_EDGE('',*,*,#2938,.T.);
#4220=ORIENTED_EDGE('',*,*,#2935,.T.);
#4221=ORIENTED_EDGE('',*,*,#2943,.T.);
#4222=ORIENTED_EDGE('',*,*,#2933,.T.);
#4223=ORIENTED_EDGE('',*,*,#2937,.T.);
#4224=ORIENTED_EDGE('',*,*,#2940,.T.);
#4225=ORIENTED_EDGE('',*,*,#2945,.F.);
#4226=ORIENTED_EDGE('',*,*,#2946,.T.);
#4227=ORIENTED_EDGE('',*,*,#2947,.F.);
#4228=ORIENTED_EDGE('',*,*,#2948,.F.);
#4229=ORIENTED_EDGE('',*,*,#2949,.F.);
#4230=ORIENTED_EDGE('',*,*,#2948,.T.);
#4231=ORIENTED_EDGE('',*,*,#2950,.F.);
#4232=ORIENTED_EDGE('',*,*,#2951,.F.);
#4233=ORIENTED_EDGE('',*,*,#2952,.F.);
#4234=ORIENTED_EDGE('',*,*,#2951,.T.);
#4235=ORIENTED_EDGE('',*,*,#2953,.F.);
#4236=ORIENTED_EDGE('',*,*,#2954,.F.);
#4237=ORIENTED_EDGE('',*,*,#2955,.F.);
#4238=ORIENTED_EDGE('',*,*,#2954,.T.);
#4239=ORIENTED_EDGE('',*,*,#2956,.F.);
#4240=ORIENTED_EDGE('',*,*,#2946,.F.);
#4241=ORIENTED_EDGE('',*,*,#2956,.T.);
#4242=ORIENTED_EDGE('',*,*,#2953,.T.);
#4243=ORIENTED_EDGE('',*,*,#2950,.T.);
#4244=ORIENTED_EDGE('',*,*,#2947,.T.);
#4245=ORIENTED_EDGE('',*,*,#2955,.T.);
#4246=ORIENTED_EDGE('',*,*,#2945,.T.);
#4247=ORIENTED_EDGE('',*,*,#2949,.T.);
#4248=ORIENTED_EDGE('',*,*,#2952,.T.);
#4249=ORIENTED_EDGE('',*,*,#2957,.F.);
#4250=ORIENTED_EDGE('',*,*,#2958,.T.);
#4251=ORIENTED_EDGE('',*,*,#2959,.F.);
#4252=ORIENTED_EDGE('',*,*,#2960,.F.);
#4253=ORIENTED_EDGE('',*,*,#2961,.F.);
#4254=ORIENTED_EDGE('',*,*,#2960,.T.);
#4255=ORIENTED_EDGE('',*,*,#2962,.F.);
#4256=ORIENTED_EDGE('',*,*,#2963,.F.);
#4257=ORIENTED_EDGE('',*,*,#2964,.F.);
#4258=ORIENTED_EDGE('',*,*,#2963,.T.);
#4259=ORIENTED_EDGE('',*,*,#2965,.F.);
#4260=ORIENTED_EDGE('',*,*,#2966,.F.);
#4261=ORIENTED_EDGE('',*,*,#2967,.F.);
#4262=ORIENTED_EDGE('',*,*,#2966,.T.);
#4263=ORIENTED_EDGE('',*,*,#2968,.F.);
#4264=ORIENTED_EDGE('',*,*,#2958,.F.);
#4265=ORIENTED_EDGE('',*,*,#2968,.T.);
#4266=ORIENTED_EDGE('',*,*,#2965,.T.);
#4267=ORIENTED_EDGE('',*,*,#2962,.T.);
#4268=ORIENTED_EDGE('',*,*,#2959,.T.);
#4269=ORIENTED_EDGE('',*,*,#2967,.T.);
#4270=ORIENTED_EDGE('',*,*,#2957,.T.);
#4271=ORIENTED_EDGE('',*,*,#2961,.T.);
#4272=ORIENTED_EDGE('',*,*,#2964,.T.);
#4273=ORIENTED_EDGE('',*,*,#2969,.F.);
#4274=ORIENTED_EDGE('',*,*,#2970,.T.);
#4275=ORIENTED_EDGE('',*,*,#2971,.F.);
#4276=ORIENTED_EDGE('',*,*,#2972,.F.);
#4277=ORIENTED_EDGE('',*,*,#2973,.F.);
#4278=ORIENTED_EDGE('',*,*,#2972,.T.);
#4279=ORIENTED_EDGE('',*,*,#2974,.F.);
#4280=ORIENTED_EDGE('',*,*,#2975,.F.);
#4281=ORIENTED_EDGE('',*,*,#2976,.F.);
#4282=ORIENTED_EDGE('',*,*,#2975,.T.);
#4283=ORIENTED_EDGE('',*,*,#2977,.F.);
#4284=ORIENTED_EDGE('',*,*,#2978,.F.);
#4285=ORIENTED_EDGE('',*,*,#2979,.F.);
#4286=ORIENTED_EDGE('',*,*,#2978,.T.);
#4287=ORIENTED_EDGE('',*,*,#2980,.F.);
#4288=ORIENTED_EDGE('',*,*,#2970,.F.);
#4289=ORIENTED_EDGE('',*,*,#2980,.T.);
#4290=ORIENTED_EDGE('',*,*,#2977,.T.);
#4291=ORIENTED_EDGE('',*,*,#2974,.T.);
#4292=ORIENTED_EDGE('',*,*,#2971,.T.);
#4293=ORIENTED_EDGE('',*,*,#2979,.T.);
#4294=ORIENTED_EDGE('',*,*,#2969,.T.);
#4295=ORIENTED_EDGE('',*,*,#2973,.T.);
#4296=ORIENTED_EDGE('',*,*,#2976,.T.);
#4297=PLANE('',#4811);
#4298=PLANE('',#4815);
#4299=PLANE('',#4819);
#4300=PLANE('',#4823);
#4301=PLANE('',#4827);
#4302=PLANE('',#4830);
#4303=PLANE('',#4839);
#4304=PLANE('',#4842);
#4305=PLANE('',#4843);
#4306=PLANE('',#4853);
#4307=PLANE('',#4859);
#4308=PLANE('',#4860);
#4309=PLANE('',#4861);
#4310=PLANE('',#4862);
#4311=PLANE('',#4863);
#4312=PLANE('',#4864);
#4313=PLANE('',#4865);
#4314=PLANE('',#4866);
#4315=PLANE('',#4867);
#4316=PLANE('',#4868);
#4317=PLANE('',#4869);
#4318=PLANE('',#4870);
#4319=PLANE('',#4871);
#4320=PLANE('',#4872);
#4321=PLANE('',#4873);
#4322=PLANE('',#4874);
#4323=PLANE('',#4875);
#4324=PLANE('',#4876);
#4325=PLANE('',#4877);
#4326=PLANE('',#4878);
#4327=PLANE('',#4879);
#4328=PLANE('',#4880);
#4329=PLANE('',#4881);
#4330=PLANE('',#4882);
#4331=PLANE('',#4883);
#4332=PLANE('',#4884);
#4333=PLANE('',#4885);
#4334=PLANE('',#4886);
#4335=PLANE('',#4887);
#4336=PLANE('',#4888);
#4337=PLANE('',#4889);
#4338=PLANE('',#4890);
#4339=PLANE('',#4891);
#4340=PLANE('',#4892);
#4341=PLANE('',#4893);
#4342=PLANE('',#4894);
#4343=PLANE('',#4895);
#4344=PLANE('',#4896);
#4345=PLANE('',#4897);
#4346=PLANE('',#4898);
#4347=PLANE('',#4899);
#4348=PLANE('',#4900);
#4349=PLANE('',#4901);
#4350=PLANE('',#4902);
#4351=PLANE('',#4903);
#4352=PLANE('',#4904);
#4353=PLANE('',#4905);
#4354=PLANE('',#4906);
#4355=PLANE('',#4907);
#4356=PLANE('',#4908);
#4357=PLANE('',#4909);
#4358=PLANE('',#4910);
#4359=PLANE('',#4911);
#4360=PLANE('',#4912);
#4361=PLANE('',#4913);
#4362=PLANE('',#4914);
#4363=PLANE('',#4915);
#4364=PLANE('',#4916);
#4365=PLANE('',#4917);
#4366=PLANE('',#4918);
#4367=PLANE('',#4919);
#4368=PLANE('',#4920);
#4369=PLANE('',#4921);
#4370=PLANE('',#4922);
#4371=PLANE('',#4923);
#4372=PLANE('',#4924);
#4373=PLANE('',#4925);
#4374=PLANE('',#4926);
#4375=PLANE('',#4927);
#4376=PLANE('',#4928);
#4377=PLANE('',#4929);
#4378=PLANE('',#4930);
#4379=PLANE('',#4931);
#4380=PLANE('',#4932);
#4381=PLANE('',#4933);
#4382=PLANE('',#4934);
#4383=PLANE('',#4935);
#4384=PLANE('',#4936);
#4385=PLANE('',#4937);
#4386=PLANE('',#4938);
#4387=PLANE('',#4939);
#4388=PLANE('',#4940);
#4389=PLANE('',#4941);
#4390=PLANE('',#4942);
#4391=PLANE('',#4943);
#4392=PLANE('',#4944);
#4393=PLANE('',#4945);
#4394=PLANE('',#4946);
#4395=PLANE('',#4947);
#4396=PLANE('',#4948);
#4397=PLANE('',#4949);
#4398=PLANE('',#4950);
#4399=PLANE('',#4951);
#4400=PLANE('',#4952);
#4401=PLANE('',#4953);
#4402=PLANE('',#4954);
#4403=PLANE('',#4955);
#4404=PLANE('',#4956);
#4405=PLANE('',#4957);
#4406=PLANE('',#4958);
#4407=PLANE('',#4959);
#4408=PLANE('',#4962);
#4409=PLANE('',#4965);
#4410=PLANE('',#4968);
#4411=PLANE('',#4973);
#4412=PLANE('',#4976);
#4413=PLANE('',#4977);
#4414=PLANE('',#4980);
#4415=PLANE('',#4983);
#4416=PLANE('',#4985);
#4417=PLANE('',#4988);
#4418=PLANE('',#4994);
#4419=PLANE('',#4995);
#4420=PLANE('',#4998);
#4421=PLANE('',#4999);
#4422=PLANE('',#5000);
#4423=PLANE('',#5001);
#4424=PLANE('',#5002);
#4425=PLANE('',#5003);
#4426=PLANE('',#5004);
#4427=PLANE('',#5005);
#4428=PLANE('',#5006);
#4429=PLANE('',#5007);
#4430=PLANE('',#5008);
#4431=PLANE('',#5009);
#4432=PLANE('',#5010);
#4433=PLANE('',#5011);
#4434=PLANE('',#5012);
#4435=PLANE('',#5013);
#4436=PLANE('',#5014);
#4437=PLANE('',#5015);
#4438=PLANE('',#5016);
#4439=PLANE('',#5017);
#4440=PLANE('',#5018);
#4441=PLANE('',#5019);
#4442=PLANE('',#5020);
#4443=PLANE('',#5021);
#4444=PLANE('',#5022);
#4445=PLANE('',#5023);
#4446=PLANE('',#5024);
#4447=PLANE('',#5025);
#4448=PLANE('',#5026);
#4449=PLANE('',#5027);
#4450=PLANE('',#5028);
#4451=PLANE('',#5029);
#4452=PLANE('',#5030);
#4453=PLANE('',#5031);
#4454=PLANE('',#5032);
#4455=PLANE('',#5033);
#4456=PLANE('',#5034);
#4457=PLANE('',#5035);
#4458=PLANE('',#5036);
#4459=PLANE('',#5037);
#4460=PLANE('',#5038);
#4461=PLANE('',#5039);
#4462=PLANE('',#5040);
#4463=PLANE('',#5041);
#4464=PLANE('',#5042);
#4465=PLANE('',#5043);
#4466=PLANE('',#5044);
#4467=PLANE('',#5045);
#4468=PLANE('',#5046);
#4469=PLANE('',#5047);
#4470=PLANE('',#5048);
#4471=PLANE('',#5049);
#4472=PLANE('',#5050);
#4473=PLANE('',#5051);
#4474=PLANE('',#5052);
#4475=PLANE('',#5053);
#4476=PLANE('',#5054);
#4477=PLANE('',#5055);
#4478=PLANE('',#5056);
#4479=PLANE('',#5057);
#4480=PLANE('',#5058);
#4481=PLANE('',#5059);
#4482=PLANE('',#5060);
#4483=PLANE('',#5061);
#4484=PLANE('',#5062);
#4485=PLANE('',#5063);
#4486=PLANE('',#5064);
#4487=PLANE('',#5065);
#4488=PLANE('',#5066);
#4489=PLANE('',#5067);
#4490=PLANE('',#5068);
#4491=PLANE('',#5069);
#4492=PLANE('',#5070);
#4493=PLANE('',#5071);
#4494=PLANE('',#5072);
#4495=PLANE('',#5073);
#4496=PLANE('',#5074);
#4497=PLANE('',#5075);
#4498=PLANE('',#5076);
#4499=PLANE('',#5077);
#4500=PLANE('',#5078);
#4501=PLANE('',#5079);
#4502=PLANE('',#5080);
#4503=PLANE('',#5081);
#4504=PLANE('',#5082);
#4505=PLANE('',#5083);
#4506=PLANE('',#5084);
#4507=PLANE('',#5085);
#4508=PLANE('',#5086);
#4509=PLANE('',#5087);
#4510=PLANE('',#5088);
#4511=PLANE('',#5089);
#4512=PLANE('',#5090);
#4513=PLANE('',#5091);
#4514=PLANE('',#5092);
#4515=PLANE('',#5093);
#4516=PLANE('',#5094);
#4517=PLANE('',#5095);
#4518=PLANE('',#5096);
#4519=PLANE('',#5097);
#4520=PLANE('',#5098);
#4521=PLANE('',#5099);
#4522=PLANE('',#5100);
#4523=PLANE('',#5101);
#4524=PLANE('',#5102);
#4525=PLANE('',#5103);
#4526=PLANE('',#5104);
#4527=PLANE('',#5105);
#4528=PLANE('',#5106);
#4529=ADVANCED_FACE('',(#124),#4297,.T.);
#4530=ADVANCED_FACE('',(#125),#111,.F.);
#4531=ADVANCED_FACE('',(#126),#4298,.T.);
#4532=ADVANCED_FACE('',(#127),#112,.F.);
#4533=ADVANCED_FACE('',(#128),#4299,.T.);
#4534=ADVANCED_FACE('',(#129),#113,.F.);
#4535=ADVANCED_FACE('',(#130),#4300,.T.);
#4536=ADVANCED_FACE('',(#131),#114,.F.);
#4537=ADVANCED_FACE('',(#132),#70,.T.);
#4538=ADVANCED_FACE('',(#133),#71,.T.);
#4539=ADVANCED_FACE('',(#134),#4301,.F.);
#4540=ADVANCED_FACE('',(#135),#54,.F.);
#4541=ADVANCED_FACE('',(#136),#4302,.F.);
#4542=ADVANCED_FACE('',(#137),#55,.F.);
#4543=ADVANCED_FACE('',(#138),#56,.F.);
#4544=ADVANCED_FACE('',(#139),#57,.F.);
#4545=ADVANCED_FACE('',(#140),#4303,.F.);
#4546=ADVANCED_FACE('',(#141),#58,.F.);
#4547=ADVANCED_FACE('',(#142),#4304,.F.);
#4548=ADVANCED_FACE('',(#143,#33,#34,#35,#36),#4305,.F.);
#4549=ADVANCED_FACE('',(#144),#115,.F.);
#4550=ADVANCED_FACE('',(#145,#37,#38,#39,#40,#41,#42,#43,#44,#45,#46,#47,
#48),#4306,.T.);
#4551=ADVANCED_FACE('',(#146),#4307,.F.);
#4552=ADVANCED_FACE('',(#147),#4308,.F.);
#4553=ADVANCED_FACE('',(#148),#4309,.F.);
#4554=ADVANCED_FACE('',(#149),#4310,.F.);
#4555=ADVANCED_FACE('',(#150),#4311,.F.);
#4556=ADVANCED_FACE('',(#151),#4312,.F.);
#4557=ADVANCED_FACE('',(#152),#4313,.F.);
#4558=ADVANCED_FACE('',(#153),#4314,.F.);
#4559=ADVANCED_FACE('',(#154),#4315,.F.);
#4560=ADVANCED_FACE('',(#155),#4316,.F.);
#4561=ADVANCED_FACE('',(#156),#4317,.F.);
#4562=ADVANCED_FACE('',(#157),#4318,.F.);
#4563=ADVANCED_FACE('',(#158),#4319,.F.);
#4564=ADVANCED_FACE('',(#159),#4320,.F.);
#4565=ADVANCED_FACE('',(#160),#4321,.F.);
#4566=ADVANCED_FACE('',(#161),#4322,.F.);
#4567=ADVANCED_FACE('',(#162),#4323,.F.);
#4568=ADVANCED_FACE('',(#163),#4324,.F.);
#4569=ADVANCED_FACE('',(#164),#4325,.F.);
#4570=ADVANCED_FACE('',(#165),#4326,.F.);
#4571=ADVANCED_FACE('',(#166),#4327,.F.);
#4572=ADVANCED_FACE('',(#167),#4328,.F.);
#4573=ADVANCED_FACE('',(#168),#4329,.F.);
#4574=ADVANCED_FACE('',(#169),#4330,.F.);
#4575=ADVANCED_FACE('',(#170),#4331,.F.);
#4576=ADVANCED_FACE('',(#171),#4332,.F.);
#4577=ADVANCED_FACE('',(#172),#4333,.F.);
#4578=ADVANCED_FACE('',(#173),#4334,.F.);
#4579=ADVANCED_FACE('',(#174),#4335,.F.);
#4580=ADVANCED_FACE('',(#175),#4336,.F.);
#4581=ADVANCED_FACE('',(#176),#4337,.F.);
#4582=ADVANCED_FACE('',(#177),#4338,.F.);
#4583=ADVANCED_FACE('',(#178),#4339,.F.);
#4584=ADVANCED_FACE('',(#179),#4340,.F.);
#4585=ADVANCED_FACE('',(#180),#4341,.F.);
#4586=ADVANCED_FACE('',(#181),#4342,.F.);
#4587=ADVANCED_FACE('',(#182),#4343,.F.);
#4588=ADVANCED_FACE('',(#183),#4344,.F.);
#4589=ADVANCED_FACE('',(#184),#4345,.F.);
#4590=ADVANCED_FACE('',(#185),#4346,.F.);
#4591=ADVANCED_FACE('',(#186),#4347,.F.);
#4592=ADVANCED_FACE('',(#187),#4348,.F.);
#4593=ADVANCED_FACE('',(#188),#4349,.F.);
#4594=ADVANCED_FACE('',(#189),#4350,.F.);
#4595=ADVANCED_FACE('',(#190),#4351,.F.);
#4596=ADVANCED_FACE('',(#191),#4352,.F.);
#4597=ADVANCED_FACE('',(#192),#4353,.F.);
#4598=ADVANCED_FACE('',(#193),#4354,.F.);
#4599=ADVANCED_FACE('',(#194),#4355,.F.);
#4600=ADVANCED_FACE('',(#195),#4356,.F.);
#4601=ADVANCED_FACE('',(#196),#4357,.F.);
#4602=ADVANCED_FACE('',(#197),#4358,.F.);
#4603=ADVANCED_FACE('',(#198),#4359,.F.);
#4604=ADVANCED_FACE('',(#199),#4360,.F.);
#4605=ADVANCED_FACE('',(#200),#4361,.F.);
#4606=ADVANCED_FACE('',(#201),#4362,.F.);
#4607=ADVANCED_FACE('',(#202),#4363,.F.);
#4608=ADVANCED_FACE('',(#203),#4364,.F.);
#4609=ADVANCED_FACE('',(#204),#4365,.F.);
#4610=ADVANCED_FACE('',(#205),#4366,.F.);
#4611=ADVANCED_FACE('',(#206),#4367,.F.);
#4612=ADVANCED_FACE('',(#207),#4368,.F.);
#4613=ADVANCED_FACE('',(#208),#4369,.F.);
#4614=ADVANCED_FACE('',(#209),#4370,.F.);
#4615=ADVANCED_FACE('',(#210),#4371,.F.);
#4616=ADVANCED_FACE('',(#211),#4372,.F.);
#4617=ADVANCED_FACE('',(#212),#4373,.F.);
#4618=ADVANCED_FACE('',(#213),#4374,.F.);
#4619=ADVANCED_FACE('',(#214),#4375,.F.);
#4620=ADVANCED_FACE('',(#215),#4376,.F.);
#4621=ADVANCED_FACE('',(#216),#4377,.F.);
#4622=ADVANCED_FACE('',(#217),#4378,.F.);
#4623=ADVANCED_FACE('',(#218),#4379,.F.);
#4624=ADVANCED_FACE('',(#219),#4380,.F.);
#4625=ADVANCED_FACE('',(#220),#4381,.F.);
#4626=ADVANCED_FACE('',(#221),#4382,.F.);
#4627=ADVANCED_FACE('',(#222),#4383,.F.);
#4628=ADVANCED_FACE('',(#223),#4384,.F.);
#4629=ADVANCED_FACE('',(#224),#4385,.F.);
#4630=ADVANCED_FACE('',(#225),#4386,.F.);
#4631=ADVANCED_FACE('',(#226),#4387,.F.);
#4632=ADVANCED_FACE('',(#227),#4388,.F.);
#4633=ADVANCED_FACE('',(#228),#4389,.F.);
#4634=ADVANCED_FACE('',(#229),#4390,.F.);
#4635=ADVANCED_FACE('',(#230),#4391,.F.);
#4636=ADVANCED_FACE('',(#231),#4392,.F.);
#4637=ADVANCED_FACE('',(#232),#4393,.F.);
#4638=ADVANCED_FACE('',(#233),#4394,.F.);
#4639=ADVANCED_FACE('',(#234,#49),#4395,.F.);
#4640=ADVANCED_FACE('',(#235),#4396,.F.);
#4641=ADVANCED_FACE('',(#236),#4397,.F.);
#4642=ADVANCED_FACE('',(#237),#4398,.F.);
#4643=ADVANCED_FACE('',(#238),#4399,.F.);
#4644=ADVANCED_FACE('',(#239),#4400,.F.);
#4645=ADVANCED_FACE('',(#240),#4401,.F.);
#4646=ADVANCED_FACE('',(#241),#4402,.F.);
#4647=ADVANCED_FACE('',(#242),#4403,.F.);
#4648=ADVANCED_FACE('',(#243),#4404,.F.);
#4649=ADVANCED_FACE('',(#244),#4405,.F.);
#4650=ADVANCED_FACE('',(#245),#4406,.T.);
#4651=ADVANCED_FACE('',(#246),#4407,.T.);
#4652=ADVANCED_FACE('',(#247),#116,.T.);
#4653=ADVANCED_FACE('',(#248),#4408,.T.);
#4654=ADVANCED_FACE('',(#249),#117,.T.);
#4655=ADVANCED_FACE('',(#250),#4409,.T.);
#4656=ADVANCED_FACE('',(#251),#118,.T.);
#4657=ADVANCED_FACE('',(#252),#4410,.T.);
#4658=ADVANCED_FACE('',(#253),#119,.T.);
#4659=ADVANCED_FACE('',(#254),#59,.T.);
#4660=ADVANCED_FACE('',(#255),#4411,.T.);
#4661=ADVANCED_FACE('',(#256),#60,.T.);
#4662=ADVANCED_FACE('',(#257),#4412,.T.);
#4663=ADVANCED_FACE('',(#258),#4413,.T.);
#4664=ADVANCED_FACE('',(#259),#120,.T.);
#4665=ADVANCED_FACE('',(#260),#4414,.T.);
#4666=ADVANCED_FACE('',(#261),#121,.T.);
#4667=ADVANCED_FACE('',(#262),#4415,.T.);
#4668=ADVANCED_FACE('',(#263),#122,.T.);
#4669=ADVANCED_FACE('',(#264),#4416,.T.);
#4670=ADVANCED_FACE('',(#265),#123,.T.);
#4671=ADVANCED_FACE('',(#266),#61,.T.);
#4672=ADVANCED_FACE('',(#267),#4417,.T.);
#4673=ADVANCED_FACE('',(#268),#62,.T.);
#4674=ADVANCED_FACE('',(#269),#63,.F.);
#4675=ADVANCED_FACE('',(#270),#64,.F.);
#4676=ADVANCED_FACE('',(#271,#50),#4418,.T.);
#4677=ADVANCED_FACE('',(#272,#51),#4419,.F.);
#4678=ADVANCED_FACE('',(#273),#65,.F.);
#4679=ADVANCED_FACE('',(#274),#4420,.T.);
#4680=ADVANCED_FACE('',(#275),#4421,.T.);
#4681=ADVANCED_FACE('',(#276),#4422,.T.);
#4682=ADVANCED_FACE('',(#277),#4423,.T.);
#4683=ADVANCED_FACE('',(#278),#4424,.T.);
#4684=ADVANCED_FACE('',(#279),#4425,.T.);
#4685=ADVANCED_FACE('',(#280),#4426,.T.);
#4686=ADVANCED_FACE('',(#281),#4427,.T.);
#4687=ADVANCED_FACE('',(#282),#4428,.T.);
#4688=ADVANCED_FACE('',(#283),#4429,.T.);
#4689=ADVANCED_FACE('',(#284),#4430,.T.);
#4690=ADVANCED_FACE('',(#285),#4431,.T.);
#4691=ADVANCED_FACE('',(#286),#4432,.T.);
#4692=ADVANCED_FACE('',(#287),#4433,.T.);
#4693=ADVANCED_FACE('',(#288),#4434,.T.);
#4694=ADVANCED_FACE('',(#289),#4435,.T.);
#4695=ADVANCED_FACE('',(#290),#4436,.T.);
#4696=ADVANCED_FACE('',(#291),#4437,.T.);
#4697=ADVANCED_FACE('',(#292),#4438,.T.);
#4698=ADVANCED_FACE('',(#293),#4439,.T.);
#4699=ADVANCED_FACE('',(#294),#4440,.T.);
#4700=ADVANCED_FACE('',(#295),#4441,.T.);
#4701=ADVANCED_FACE('',(#296),#4442,.T.);
#4702=ADVANCED_FACE('',(#297),#4443,.T.);
#4703=ADVANCED_FACE('',(#298),#4444,.T.);
#4704=ADVANCED_FACE('',(#299),#4445,.T.);
#4705=ADVANCED_FACE('',(#300),#4446,.T.);
#4706=ADVANCED_FACE('',(#301),#4447,.T.);
#4707=ADVANCED_FACE('',(#302),#4448,.T.);
#4708=ADVANCED_FACE('',(#303),#4449,.T.);
#4709=ADVANCED_FACE('',(#304),#4450,.T.);
#4710=ADVANCED_FACE('',(#305),#4451,.T.);
#4711=ADVANCED_FACE('',(#306),#4452,.T.);
#4712=ADVANCED_FACE('',(#307),#4453,.T.);
#4713=ADVANCED_FACE('',(#308),#4454,.T.);
#4714=ADVANCED_FACE('',(#309),#4455,.T.);
#4715=ADVANCED_FACE('',(#310),#4456,.T.);
#4716=ADVANCED_FACE('',(#311),#4457,.T.);
#4717=ADVANCED_FACE('',(#312),#4458,.T.);
#4718=ADVANCED_FACE('',(#313),#4459,.T.);
#4719=ADVANCED_FACE('',(#314),#4460,.T.);
#4720=ADVANCED_FACE('',(#315),#4461,.T.);
#4721=ADVANCED_FACE('',(#316),#4462,.T.);
#4722=ADVANCED_FACE('',(#317),#4463,.T.);
#4723=ADVANCED_FACE('',(#318),#4464,.T.);
#4724=ADVANCED_FACE('',(#319),#4465,.T.);
#4725=ADVANCED_FACE('',(#320),#4466,.T.);
#4726=ADVANCED_FACE('',(#321),#4467,.T.);
#4727=ADVANCED_FACE('',(#322),#4468,.T.);
#4728=ADVANCED_FACE('',(#323),#4469,.T.);
#4729=ADVANCED_FACE('',(#324),#4470,.T.);
#4730=ADVANCED_FACE('',(#325),#4471,.T.);
#4731=ADVANCED_FACE('',(#326),#4472,.T.);
#4732=ADVANCED_FACE('',(#327),#4473,.T.);
#4733=ADVANCED_FACE('',(#328),#4474,.T.);
#4734=ADVANCED_FACE('',(#329),#4475,.T.);
#4735=ADVANCED_FACE('',(#330),#4476,.T.);
#4736=ADVANCED_FACE('',(#331),#4477,.T.);
#4737=ADVANCED_FACE('',(#332),#4478,.T.);
#4738=ADVANCED_FACE('',(#333),#4479,.T.);
#4739=ADVANCED_FACE('',(#334),#4480,.T.);
#4740=ADVANCED_FACE('',(#335),#4481,.T.);
#4741=ADVANCED_FACE('',(#336),#4482,.T.);
#4742=ADVANCED_FACE('',(#337),#4483,.T.);
#4743=ADVANCED_FACE('',(#338),#4484,.T.);
#4744=ADVANCED_FACE('',(#339),#4485,.T.);
#4745=ADVANCED_FACE('',(#340),#4486,.T.);
#4746=ADVANCED_FACE('',(#341),#4487,.T.);
#4747=ADVANCED_FACE('',(#342),#4488,.T.);
#4748=ADVANCED_FACE('',(#343),#4489,.T.);
#4749=ADVANCED_FACE('',(#344),#4490,.T.);
#4750=ADVANCED_FACE('',(#345),#4491,.T.);
#4751=ADVANCED_FACE('',(#346),#4492,.T.);
#4752=ADVANCED_FACE('',(#347),#4493,.T.);
#4753=ADVANCED_FACE('',(#348),#4494,.T.);
#4754=ADVANCED_FACE('',(#349),#4495,.T.);
#4755=ADVANCED_FACE('',(#350),#4496,.T.);
#4756=ADVANCED_FACE('',(#351),#4497,.T.);
#4757=ADVANCED_FACE('',(#352),#4498,.T.);
#4758=ADVANCED_FACE('',(#353),#4499,.T.);
#4759=ADVANCED_FACE('',(#354),#4500,.T.);
#4760=ADVANCED_FACE('',(#355),#4501,.T.);
#4761=ADVANCED_FACE('',(#356),#4502,.T.);
#4762=ADVANCED_FACE('',(#357,#52),#4503,.T.);
#4763=ADVANCED_FACE('',(#358,#53),#4504,.T.);
#4764=ADVANCED_FACE('',(#359),#4505,.T.);
#4765=ADVANCED_FACE('',(#360),#4506,.T.);
#4766=ADVANCED_FACE('',(#361),#4507,.T.);
#4767=ADVANCED_FACE('',(#362),#4508,.T.);
#4768=ADVANCED_FACE('',(#363),#4509,.T.);
#4769=ADVANCED_FACE('',(#364),#4510,.T.);
#4770=ADVANCED_FACE('',(#365),#4511,.T.);
#4771=ADVANCED_FACE('',(#366),#4512,.T.);
#4772=ADVANCED_FACE('',(#367),#4513,.T.);
#4773=ADVANCED_FACE('',(#368),#4514,.T.);
#4774=ADVANCED_FACE('',(#369),#4515,.T.);
#4775=ADVANCED_FACE('',(#370),#4516,.T.);
#4776=ADVANCED_FACE('',(#371),#4517,.T.);
#4777=ADVANCED_FACE('',(#372),#4518,.T.);
#4778=ADVANCED_FACE('',(#373),#4519,.T.);
#4779=ADVANCED_FACE('',(#374),#4520,.T.);
#4780=ADVANCED_FACE('',(#375),#4521,.T.);
#4781=ADVANCED_FACE('',(#376),#4522,.T.);
#4782=ADVANCED_FACE('',(#377),#4523,.T.);
#4783=ADVANCED_FACE('',(#378),#4524,.T.);
#4784=ADVANCED_FACE('',(#379),#4525,.T.);
#4785=ADVANCED_FACE('',(#380),#4526,.T.);
#4786=ADVANCED_FACE('',(#381),#4527,.T.);
#4787=ADVANCED_FACE('',(#382),#4528,.T.);
#4788=CLOSED_SHELL('',(#4529,#4530,#4531,#4532,#4533,#4534,#4535,#4536,
#4537,#4538,#4539,#4540,#4541,#4542,#4543,#4544,#4545,#4546,#4547,#4548,
#4549,#4550,#4551,#4552,#4553,#4554,#4555,#4556,#4557,#4558,#4559,#4560,
#4561,#4562,#4563,#4564,#4565,#4566,#4567,#4568,#4569,#4570,#4571,#4572,
#4573,#4574,#4575,#4576,#4577,#4578,#4579,#4580,#4581,#4582,#4583,#4584,
#4585,#4586,#4587,#4588,#4589,#4590,#4591,#4592,#4593,#4594,#4595,#4596,
#4597,#4598,#4599,#4600,#4601,#4602,#4603,#4604,#4605,#4606,#4607,#4608,
#4609,#4610,#4611,#4612,#4613,#4614,#4615,#4616,#4617,#4618,#4619,#4620,
#4621,#4622,#4623,#4624,#4625,#4626,#4627,#4628,#4629,#4630,#4631,#4632,
#4633,#4634,#4635,#4636,#4637,#4638,#4639,#4640,#4641,#4642,#4643,#4644,
#4645,#4646,#4647,#4648,#4649,#4650,#4651,#4652,#4653,#4654,#4655,#4656,
#4657,#4658,#4659,#4660,#4661,#4662,#4663,#4664,#4665,#4666,#4667,#4668,
#4669,#4670,#4671,#4672,#4673,#4674,#4675,#4676,#4677,#4678,#4679));
#4789=CLOSED_SHELL('',(#4680,#4681,#4682,#4683,#4684,#4685));
#4790=CLOSED_SHELL('',(#4686,#4687,#4688,#4689,#4690,#4691));
#4791=CLOSED_SHELL('',(#4692,#4693,#4694,#4695,#4696,#4697));
#4792=CLOSED_SHELL('',(#4698,#4699,#4700,#4701,#4702,#4703));
#4793=CLOSED_SHELL('',(#4704,#4705,#4706,#4707,#4708,#4709,#4710,#4711,
#4712,#4713,#4714,#4715,#4716,#4717,#4718,#4719,#4720,#4721,#4722,#4723,
#4724,#4725,#4726,#4727,#4728,#4729,#4730,#4731,#4732,#4733,#4734,#4735,
#4736,#4737,#4738,#4739,#4740,#4741,#4742,#4743,#4744,#4745,#4746,#4747,
#4748,#4749,#4750,#4751,#4752,#4753,#4754,#4755,#4756,#4757,#4758,#4759,
#4760,#4761,#4762,#4763));
#4794=CLOSED_SHELL('',(#4764,#4765,#4766,#4767,#4768,#4769));
#4795=CLOSED_SHELL('',(#4770,#4771,#4772,#4773,#4774,#4775));
#4796=CLOSED_SHELL('',(#4776,#4777,#4778,#4779,#4780,#4781));
#4797=CLOSED_SHELL('',(#4782,#4783,#4784,#4785,#4786,#4787));
#4798=DERIVED_UNIT_ELEMENT(#4800,1.);
#4799=DERIVED_UNIT_ELEMENT(#7733,-3.);
#4800=(
MASS_UNIT()
NAMED_UNIT(*)
SI_UNIT(.KILO.,.GRAM.)
);
#4801=DERIVED_UNIT((#4798,#4799));
#4802=MEASURE_REPRESENTATION_ITEM('density measure',
POSITIVE_RATIO_MEASURE(7850.),#4801);
#4803=PROPERTY_DEFINITION_REPRESENTATION(#4808,#4805);
#4804=PROPERTY_DEFINITION_REPRESENTATION(#4809,#4806);
#4805=REPRESENTATION('material name',(#4807),#7730);
#4806=REPRESENTATION('density',(#4802),#7730);
#4807=DESCRIPTIVE_REPRESENTATION_ITEM('Steel','Steel');
#4808=PROPERTY_DEFINITION('material property','material name',#7740);
#4809=PROPERTY_DEFINITION('material property','density of part',#7740);
#4810=AXIS2_PLACEMENT_3D('',#6316,#5107,#5108);
#4811=AXIS2_PLACEMENT_3D('',#6317,#5109,#5110);
#4812=AXIS2_PLACEMENT_3D('',#6326,#5115,#5116);
#4813=AXIS2_PLACEMENT_3D('',#6330,#5118,#5119);
#4814=AXIS2_PLACEMENT_3D('',#6331,#5120,#5121);
#4815=AXIS2_PLACEMENT_3D('',#6332,#5122,#5123);
#4816=AXIS2_PLACEMENT_3D('',#6341,#5128,#5129);
#4817=AXIS2_PLACEMENT_3D('',#6343,#5130,#5131);
#4818=AXIS2_PLACEMENT_3D('',#6346,#5133,#5134);
#4819=AXIS2_PLACEMENT_3D('',#6347,#5135,#5136);
#4820=AXIS2_PLACEMENT_3D('',#6353,#5140,#5141);
#4821=AXIS2_PLACEMENT_3D('',#6355,#5142,#5143);
#4822=AXIS2_PLACEMENT_3D('',#6358,#5145,#5146);
#4823=AXIS2_PLACEMENT_3D('',#6359,#5147,#5148);
#4824=AXIS2_PLACEMENT_3D('',#6365,#5152,#5153);
#4825=AXIS2_PLACEMENT_3D('',#6366,#5154,#5155);
#4826=AXIS2_PLACEMENT_3D('',#6367,#5156,#5157);
#4827=AXIS2_PLACEMENT_3D('',#6441,#5159,#5160);
#4828=AXIS2_PLACEMENT_3D('',#6447,#5164,#5165);
#4829=AXIS2_PLACEMENT_3D('',#6450,#5167,#5168);
#4830=AXIS2_PLACEMENT_3D('',#6451,#5169,#5170);
#4831=AXIS2_PLACEMENT_3D('',#6455,#5173,#5174);
#4832=AXIS2_PLACEMENT_3D('',#6458,#5176,#5177);
#4833=AXIS2_PLACEMENT_3D('',#6459,#5178,#5179);
#4834=AXIS2_PLACEMENT_3D('',#6461,#5180,#5181);
#4835=AXIS2_PLACEMENT_3D('',#6464,#5183,#5184);
#4836=AXIS2_PLACEMENT_3D('',#6465,#5185,#5186);
#4837=AXIS2_PLACEMENT_3D('',#6466,#5187,#5188);
#4838=AXIS2_PLACEMENT_3D('',#6468,#5189,#5190);
#4839=AXIS2_PLACEMENT_3D('',#6470,#5192,#5193);
#4840=AXIS2_PLACEMENT_3D('',#6474,#5196,#5197);
#4841=AXIS2_PLACEMENT_3D('',#6476,#5198,#5199);
#4842=AXIS2_PLACEMENT_3D('',#6478,#5201,#5202);
#4843=AXIS2_PLACEMENT_3D('',#6480,#5204,#5205);
#4844=AXIS2_PLACEMENT_3D('',#6485,#5207,#5208);
#4845=AXIS2_PLACEMENT_3D('',#6489,#5210,#5211);
#4846=AXIS2_PLACEMENT_3D('',#6493,#5213,#5214);
#4847=AXIS2_PLACEMENT_3D('',#6496,#5216,#5217);
#4848=AXIS2_PLACEMENT_3D('',#6498,#5218,#5219);
#4849=AXIS2_PLACEMENT_3D('',#6500,#5220,#5221);
#4850=AXIS2_PLACEMENT_3D('',#6502,#5222,#5223);
#4851=AXIS2_PLACEMENT_3D('',#6503,#5224,#5225);
#4852=AXIS2_PLACEMENT_3D('',#6505,#5226,#5227);
#4853=AXIS2_PLACEMENT_3D('',#6507,#5229,#5230);
#4854=AXIS2_PLACEMENT_3D('',#6512,#5232,#5233);
#4855=AXIS2_PLACEMENT_3D('',#6516,#5235,#5236);
#4856=AXIS2_PLACEMENT_3D('',#6520,#5238,#5239);
#4857=AXIS2_PLACEMENT_3D('',#6523,#5241,#5242);
#4858=AXIS2_PLACEMENT_3D('',#6525,#5243,#5244);
#4859=AXIS2_PLACEMENT_3D('',#6698,#5331,#5332);
#4860=AXIS2_PLACEMENT_3D('',#6704,#5336,#5337);
#4861=AXIS2_PLACEMENT_3D('',#6708,#5340,#5341);
#4862=AXIS2_PLACEMENT_3D('',#6712,#5344,#5345);
#4863=AXIS2_PLACEMENT_3D('',#6714,#5347,#5348);
#4864=AXIS2_PLACEMENT_3D('',#6715,#5349,#5350);
#4865=AXIS2_PLACEMENT_3D('',#6721,#5354,#5355);
#4866=AXIS2_PLACEMENT_3D('',#6725,#5358,#5359);
#4867=AXIS2_PLACEMENT_3D('',#6729,#5362,#5363);
#4868=AXIS2_PLACEMENT_3D('',#6731,#5365,#5366);
#4869=AXIS2_PLACEMENT_3D('',#6732,#5367,#5368);
#4870=AXIS2_PLACEMENT_3D('',#6738,#5372,#5373);
#4871=AXIS2_PLACEMENT_3D('',#6742,#5376,#5377);
#4872=AXIS2_PLACEMENT_3D('',#6746,#5380,#5381);
#4873=AXIS2_PLACEMENT_3D('',#6750,#5384,#5385);
#4874=AXIS2_PLACEMENT_3D('',#6754,#5388,#5389);
#4875=AXIS2_PLACEMENT_3D('',#6758,#5392,#5393);
#4876=AXIS2_PLACEMENT_3D('',#6762,#5396,#5397);
#4877=AXIS2_PLACEMENT_3D('',#6766,#5400,#5401);
#4878=AXIS2_PLACEMENT_3D('',#6770,#5404,#5405);
#4879=AXIS2_PLACEMENT_3D('',#6774,#5408,#5409);
#4880=AXIS2_PLACEMENT_3D('',#6778,#5412,#5413);
#4881=AXIS2_PLACEMENT_3D('',#6782,#5416,#5417);
#4882=AXIS2_PLACEMENT_3D('',#6786,#5420,#5421);
#4883=AXIS2_PLACEMENT_3D('',#6790,#5424,#5425);
#4884=AXIS2_PLACEMENT_3D('',#6794,#5428,#5429);
#4885=AXIS2_PLACEMENT_3D('',#6798,#5432,#5433);
#4886=AXIS2_PLACEMENT_3D('',#6802,#5436,#5437);
#4887=AXIS2_PLACEMENT_3D('',#6806,#5440,#5441);
#4888=AXIS2_PLACEMENT_3D('',#6810,#5444,#5445);
#4889=AXIS2_PLACEMENT_3D('',#6814,#5448,#5449);
#4890=AXIS2_PLACEMENT_3D('',#6818,#5452,#5453);
#4891=AXIS2_PLACEMENT_3D('',#6822,#5456,#5457);
#4892=AXIS2_PLACEMENT_3D('',#6826,#5460,#5461);
#4893=AXIS2_PLACEMENT_3D('',#6830,#5464,#5465);
#4894=AXIS2_PLACEMENT_3D('',#6834,#5468,#5469);
#4895=AXIS2_PLACEMENT_3D('',#6838,#5472,#5473);
#4896=AXIS2_PLACEMENT_3D('',#6842,#5476,#5477);
#4897=AXIS2_PLACEMENT_3D('',#6846,#5480,#5481);
#4898=AXIS2_PLACEMENT_3D('',#6850,#5484,#5485);
#4899=AXIS2_PLACEMENT_3D('',#6854,#5488,#5489);
#4900=AXIS2_PLACEMENT_3D('',#6858,#5492,#5493);
#4901=AXIS2_PLACEMENT_3D('',#6862,#5496,#5497);
#4902=AXIS2_PLACEMENT_3D('',#6866,#5500,#5501);
#4903=AXIS2_PLACEMENT_3D('',#6870,#5504,#5505);
#4904=AXIS2_PLACEMENT_3D('',#6874,#5508,#5509);
#4905=AXIS2_PLACEMENT_3D('',#6878,#5512,#5513);
#4906=AXIS2_PLACEMENT_3D('',#6882,#5516,#5517);
#4907=AXIS2_PLACEMENT_3D('',#6886,#5520,#5521);
#4908=AXIS2_PLACEMENT_3D('',#6890,#5524,#5525);
#4909=AXIS2_PLACEMENT_3D('',#6894,#5528,#5529);
#4910=AXIS2_PLACEMENT_3D('',#6898,#5532,#5533);
#4911=AXIS2_PLACEMENT_3D('',#6902,#5536,#5537);
#4912=AXIS2_PLACEMENT_3D('',#6906,#5540,#5541);
#4913=AXIS2_PLACEMENT_3D('',#6910,#5544,#5545);
#4914=AXIS2_PLACEMENT_3D('',#6914,#5548,#5549);
#4915=AXIS2_PLACEMENT_3D('',#6918,#5552,#5553);
#4916=AXIS2_PLACEMENT_3D('',#6922,#5556,#5557);
#4917=AXIS2_PLACEMENT_3D('',#6926,#5560,#5561);
#4918=AXIS2_PLACEMENT_3D('',#6930,#5564,#5565);
#4919=AXIS2_PLACEMENT_3D('',#6934,#5568,#5569);
#4920=AXIS2_PLACEMENT_3D('',#6938,#5572,#5573);
#4921=AXIS2_PLACEMENT_3D('',#6942,#5576,#5577);
#4922=AXIS2_PLACEMENT_3D('',#6946,#5580,#5581);
#4923=AXIS2_PLACEMENT_3D('',#6948,#5583,#5584);
#4924=AXIS2_PLACEMENT_3D('',#6954,#5588,#5589);
#4925=AXIS2_PLACEMENT_3D('',#6958,#5592,#5593);
#4926=AXIS2_PLACEMENT_3D('',#6962,#5596,#5597);
#4927=AXIS2_PLACEMENT_3D('',#6964,#5599,#5600);
#4928=AXIS2_PLACEMENT_3D('',#6965,#5601,#5602);
#4929=AXIS2_PLACEMENT_3D('',#6971,#5606,#5607);
#4930=AXIS2_PLACEMENT_3D('',#6975,#5610,#5611);
#4931=AXIS2_PLACEMENT_3D('',#6979,#5614,#5615);
#4932=AXIS2_PLACEMENT_3D('',#6981,#5617,#5618);
#4933=AXIS2_PLACEMENT_3D('',#6982,#5619,#5620);
#4934=AXIS2_PLACEMENT_3D('',#6988,#5624,#5625);
#4935=AXIS2_PLACEMENT_3D('',#6992,#5628,#5629);
#4936=AXIS2_PLACEMENT_3D('',#6996,#5632,#5633);
#4937=AXIS2_PLACEMENT_3D('',#6998,#5635,#5636);
#4938=AXIS2_PLACEMENT_3D('',#6999,#5637,#5638);
#4939=AXIS2_PLACEMENT_3D('',#7005,#5642,#5643);
#4940=AXIS2_PLACEMENT_3D('',#7009,#5646,#5647);
#4941=AXIS2_PLACEMENT_3D('',#7013,#5650,#5651);
#4942=AXIS2_PLACEMENT_3D('',#7015,#5653,#5654);
#4943=AXIS2_PLACEMENT_3D('',#7016,#5655,#5656);
#4944=AXIS2_PLACEMENT_3D('',#7025,#5661,#5662);
#4945=AXIS2_PLACEMENT_3D('',#7031,#5666,#5667);
#4946=AXIS2_PLACEMENT_3D('',#7037,#5671,#5672);
#4947=AXIS2_PLACEMENT_3D('',#7040,#5675,#5676);
#4948=AXIS2_PLACEMENT_3D('',#7041,#5677,#5678);
#4949=AXIS2_PLACEMENT_3D('',#7047,#5682,#5683);
#4950=AXIS2_PLACEMENT_3D('',#7051,#5686,#5687);
#4951=AXIS2_PLACEMENT_3D('',#7055,#5690,#5691);
#4952=AXIS2_PLACEMENT_3D('',#7057,#5693,#5694);
#4953=AXIS2_PLACEMENT_3D('',#7058,#5695,#5696);
#4954=AXIS2_PLACEMENT_3D('',#7064,#5700,#5701);
#4955=AXIS2_PLACEMENT_3D('',#7068,#5704,#5705);
#4956=AXIS2_PLACEMENT_3D('',#7072,#5708,#5709);
#4957=AXIS2_PLACEMENT_3D('',#7074,#5711,#5712);
#4958=AXIS2_PLACEMENT_3D('',#7075,#5713,#5714);
#4959=AXIS2_PLACEMENT_3D('',#7076,#5715,#5716);
#4960=AXIS2_PLACEMENT_3D('',#7082,#5720,#5721);
#4961=AXIS2_PLACEMENT_3D('',#7085,#5723,#5724);
#4962=AXIS2_PLACEMENT_3D('',#7086,#5725,#5726);
#4963=AXIS2_PLACEMENT_3D('',#7090,#5729,#5730);
#4964=AXIS2_PLACEMENT_3D('',#7093,#5732,#5733);
#4965=AXIS2_PLACEMENT_3D('',#7094,#5734,#5735);
#4966=AXIS2_PLACEMENT_3D('',#7098,#5738,#5739);
#4967=AXIS2_PLACEMENT_3D('',#7101,#5741,#5742);
#4968=AXIS2_PLACEMENT_3D('',#7102,#5743,#5744);
#4969=AXIS2_PLACEMENT_3D('',#7106,#5747,#5748);
#4970=AXIS2_PLACEMENT_3D('',#7107,#5749,#5750);
#4971=AXIS2_PLACEMENT_3D('',#7108,#5751,#5752);
#4972=AXIS2_PLACEMENT_3D('',#7112,#5754,#5755);
#4973=AXIS2_PLACEMENT_3D('',#7114,#5757,#5758);
#4974=AXIS2_PLACEMENT_3D('',#7118,#5761,#5762);
#4975=AXIS2_PLACEMENT_3D('',#7121,#5764,#5765);
#4976=AXIS2_PLACEMENT_3D('',#7122,#5766,#5767);
#4977=AXIS2_PLACEMENT_3D('',#7126,#5770,#5771);
#4978=AXIS2_PLACEMENT_3D('',#7129,#5774,#5775);
#4979=AXIS2_PLACEMENT_3D('',#7132,#5777,#5778);
#4980=AXIS2_PLACEMENT_3D('',#7133,#5779,#5780);
#4981=AXIS2_PLACEMENT_3D('',#7137,#5783,#5784);
#4982=AXIS2_PLACEMENT_3D('',#7140,#5786,#5787);
#4983=AXIS2_PLACEMENT_3D('',#7141,#5788,#5789);
#4984=AXIS2_PLACEMENT_3D('',#7144,#5792,#5793);
#4985=AXIS2_PLACEMENT_3D('',#7146,#5795,#5796);
#4986=AXIS2_PLACEMENT_3D('',#7148,#5798,#5799);
#4987=AXIS2_PLACEMENT_3D('',#7149,#5800,#5801);
#4988=AXIS2_PLACEMENT_3D('',#7152,#5804,#5805);
#4989=AXIS2_PLACEMENT_3D('',#7154,#5807,#5808);
#4990=AXIS2_PLACEMENT_3D('',#7155,#5809,#5810);
#4991=AXIS2_PLACEMENT_3D('',#7158,#5812,#5813);
#4992=AXIS2_PLACEMENT_3D('',#7159,#5814,#5815);
#4993=AXIS2_PLACEMENT_3D('',#7161,#5816,#5817);
#4994=AXIS2_PLACEMENT_3D('',#7163,#5819,#5820);
#4995=AXIS2_PLACEMENT_3D('',#7164,#5821,#5822);
#4996=AXIS2_PLACEMENT_3D('',#7166,#5823,#5824);
#4997=AXIS2_PLACEMENT_3D('',#7167,#5825,#5826);
#4998=AXIS2_PLACEMENT_3D('',#7169,#5828,#5829);
#4999=AXIS2_PLACEMENT_3D('',#7170,#5830,#5831);
#5000=AXIS2_PLACEMENT_3D('',#7179,#5836,#5837);
#5001=AXIS2_PLACEMENT_3D('',#7185,#5841,#5842);
#5002=AXIS2_PLACEMENT_3D('',#7191,#5846,#5847);
#5003=AXIS2_PLACEMENT_3D('',#7194,#5850,#5851);
#5004=AXIS2_PLACEMENT_3D('',#7195,#5852,#5853);
#5005=AXIS2_PLACEMENT_3D('',#7196,#5854,#5855);
#5006=AXIS2_PLACEMENT_3D('',#7205,#5860,#5861);
#5007=AXIS2_PLACEMENT_3D('',#7211,#5865,#5866);
#5008=AXIS2_PLACEMENT_3D('',#7217,#5870,#5871);
#5009=AXIS2_PLACEMENT_3D('',#7220,#5874,#5875);
#5010=AXIS2_PLACEMENT_3D('',#7221,#5876,#5877);
#5011=AXIS2_PLACEMENT_3D('',#7222,#5878,#5879);
#5012=AXIS2_PLACEMENT_3D('',#7231,#5884,#5885);
#5013=AXIS2_PLACEMENT_3D('',#7237,#5889,#5890);
#5014=AXIS2_PLACEMENT_3D('',#7243,#5894,#5895);
#5015=AXIS2_PLACEMENT_3D('',#7246,#5898,#5899);
#5016=AXIS2_PLACEMENT_3D('',#7247,#5900,#5901);
#5017=AXIS2_PLACEMENT_3D('',#7248,#5902,#5903);
#5018=AXIS2_PLACEMENT_3D('',#7257,#5908,#5909);
#5019=AXIS2_PLACEMENT_3D('',#7263,#5913,#5914);
#5020=AXIS2_PLACEMENT_3D('',#7269,#5918,#5919);
#5021=AXIS2_PLACEMENT_3D('',#7272,#5922,#5923);
#5022=AXIS2_PLACEMENT_3D('',#7273,#5924,#5925);
#5023=AXIS2_PLACEMENT_3D('',#7274,#5926,#5927);
#5024=AXIS2_PLACEMENT_3D('',#7283,#5932,#5933);
#5025=AXIS2_PLACEMENT_3D('',#7289,#5937,#5938);
#5026=AXIS2_PLACEMENT_3D('',#7295,#5942,#5943);
#5027=AXIS2_PLACEMENT_3D('',#7298,#5946,#5947);
#5028=AXIS2_PLACEMENT_3D('',#7307,#5952,#5953);
#5029=AXIS2_PLACEMENT_3D('',#7313,#5957,#5958);
#5030=AXIS2_PLACEMENT_3D('',#7319,#5962,#5963);
#5031=AXIS2_PLACEMENT_3D('',#7325,#5967,#5968);
#5032=AXIS2_PLACEMENT_3D('',#7331,#5972,#5973);
#5033=AXIS2_PLACEMENT_3D('',#7337,#5977,#5978);
#5034=AXIS2_PLACEMENT_3D('',#7343,#5982,#5983);
#5035=AXIS2_PLACEMENT_3D('',#7349,#5987,#5988);
#5036=AXIS2_PLACEMENT_3D('',#7355,#5992,#5993);
#5037=AXIS2_PLACEMENT_3D('',#7361,#5997,#5998);
#5038=AXIS2_PLACEMENT_3D('',#7367,#6002,#6003);
#5039=AXIS2_PLACEMENT_3D('',#7373,#6007,#6008);
#5040=AXIS2_PLACEMENT_3D('',#7379,#6012,#6013);
#5041=AXIS2_PLACEMENT_3D('',#7385,#6017,#6018);
#5042=AXIS2_PLACEMENT_3D('',#7391,#6022,#6023);
#5043=AXIS2_PLACEMENT_3D('',#7397,#6027,#6028);
#5044=AXIS2_PLACEMENT_3D('',#7403,#6032,#6033);
#5045=AXIS2_PLACEMENT_3D('',#7409,#6037,#6038);
#5046=AXIS2_PLACEMENT_3D('',#7415,#6042,#6043);
#5047=AXIS2_PLACEMENT_3D('',#7421,#6047,#6048);
#5048=AXIS2_PLACEMENT_3D('',#7427,#6052,#6053);
#5049=AXIS2_PLACEMENT_3D('',#7433,#6057,#6058);
#5050=AXIS2_PLACEMENT_3D('',#7439,#6062,#6063);
#5051=AXIS2_PLACEMENT_3D('',#7445,#6067,#6068);
#5052=AXIS2_PLACEMENT_3D('',#7451,#6072,#6073);
#5053=AXIS2_PLACEMENT_3D('',#7457,#6077,#6078);
#5054=AXIS2_PLACEMENT_3D('',#7463,#6082,#6083);
#5055=AXIS2_PLACEMENT_3D('',#7469,#6087,#6088);
#5056=AXIS2_PLACEMENT_3D('',#7475,#6092,#6093);
#5057=AXIS2_PLACEMENT_3D('',#7481,#6097,#6098);
#5058=AXIS2_PLACEMENT_3D('',#7487,#6102,#6103);
#5059=AXIS2_PLACEMENT_3D('',#7493,#6107,#6108);
#5060=AXIS2_PLACEMENT_3D('',#7499,#6112,#6113);
#5061=AXIS2_PLACEMENT_3D('',#7505,#6117,#6118);
#5062=AXIS2_PLACEMENT_3D('',#7511,#6122,#6123);
#5063=AXIS2_PLACEMENT_3D('',#7517,#6127,#6128);
#5064=AXIS2_PLACEMENT_3D('',#7523,#6132,#6133);
#5065=AXIS2_PLACEMENT_3D('',#7529,#6137,#6138);
#5066=AXIS2_PLACEMENT_3D('',#7535,#6142,#6143);
#5067=AXIS2_PLACEMENT_3D('',#7541,#6147,#6148);
#5068=AXIS2_PLACEMENT_3D('',#7547,#6152,#6153);
#5069=AXIS2_PLACEMENT_3D('',#7553,#6157,#6158);
#5070=AXIS2_PLACEMENT_3D('',#7559,#6162,#6163);
#5071=AXIS2_PLACEMENT_3D('',#7565,#6167,#6168);
#5072=AXIS2_PLACEMENT_3D('',#7571,#6172,#6173);
#5073=AXIS2_PLACEMENT_3D('',#7577,#6177,#6178);
#5074=AXIS2_PLACEMENT_3D('',#7583,#6182,#6183);
#5075=AXIS2_PLACEMENT_3D('',#7589,#6187,#6188);
#5076=AXIS2_PLACEMENT_3D('',#7595,#6192,#6193);
#5077=AXIS2_PLACEMENT_3D('',#7601,#6197,#6198);
#5078=AXIS2_PLACEMENT_3D('',#7607,#6202,#6203);
#5079=AXIS2_PLACEMENT_3D('',#7613,#6207,#6208);
#5080=AXIS2_PLACEMENT_3D('',#7619,#6212,#6213);
#5081=AXIS2_PLACEMENT_3D('',#7622,#6216,#6217);
#5082=AXIS2_PLACEMENT_3D('',#7623,#6218,#6219);
#5083=AXIS2_PLACEMENT_3D('',#7624,#6220,#6221);
#5084=AXIS2_PLACEMENT_3D('',#7633,#6226,#6227);
#5085=AXIS2_PLACEMENT_3D('',#7639,#6231,#6232);
#5086=AXIS2_PLACEMENT_3D('',#7645,#6236,#6237);
#5087=AXIS2_PLACEMENT_3D('',#7648,#6240,#6241);
#5088=AXIS2_PLACEMENT_3D('',#7649,#6242,#6243);
#5089=AXIS2_PLACEMENT_3D('',#7650,#6244,#6245);
#5090=AXIS2_PLACEMENT_3D('',#7659,#6250,#6251);
#5091=AXIS2_PLACEMENT_3D('',#7665,#6255,#6256);
#5092=AXIS2_PLACEMENT_3D('',#7671,#6260,#6261);
#5093=AXIS2_PLACEMENT_3D('',#7674,#6264,#6265);
#5094=AXIS2_PLACEMENT_3D('',#7675,#6266,#6267);
#5095=AXIS2_PLACEMENT_3D('',#7676,#6268,#6269);
#5096=AXIS2_PLACEMENT_3D('',#7685,#6274,#6275);
#5097=AXIS2_PLACEMENT_3D('',#7691,#6279,#6280);
#5098=AXIS2_PLACEMENT_3D('',#7697,#6284,#6285);
#5099=AXIS2_PLACEMENT_3D('',#7700,#6288,#6289);
#5100=AXIS2_PLACEMENT_3D('',#7701,#6290,#6291);
#5101=AXIS2_PLACEMENT_3D('',#7702,#6292,#6293);
#5102=AXIS2_PLACEMENT_3D('',#7711,#6298,#6299);
#5103=AXIS2_PLACEMENT_3D('',#7717,#6303,#6304);
#5104=AXIS2_PLACEMENT_3D('',#7723,#6308,#6309);
#5105=AXIS2_PLACEMENT_3D('',#7726,#6312,#6313);
#5106=AXIS2_PLACEMENT_3D('',#7727,#6314,#6315);
#5107=DIRECTION('axis',(0.,0.,1.));
#5108=DIRECTION('refdir',(1.,0.,0.));
#5109=DIRECTION('center_axis',(0.707106781186548,0.,0.707106781186547));
#5110=DIRECTION('ref_axis',(0.707106781186547,0.,-0.707106781186548));
#5111=DIRECTION('',(-0.707106781186547,0.,0.707106781186548));
#5112=DIRECTION('',(0.,-1.,0.));
#5113=DIRECTION('',(0.707106781186547,0.,-0.707106781186548));
#5114=DIRECTION('',(0.,1.,0.));
#5115=DIRECTION('center_axis',(0.,0.,1.));
#5116=DIRECTION('ref_axis',(-0.707106781186547,0.707106781186547,0.));
#5117=DIRECTION('',(-0.570969565550588,0.417125586862005,0.707106781186548));
#5118=DIRECTION('center_axis',(0.,0.,1.));
#5119=DIRECTION('ref_axis',(-0.707106781186548,0.707106781186548,0.));
#5120=DIRECTION('center_axis',(0.,0.,-1.));
#5121=DIRECTION('ref_axis',(-0.707106781186547,0.707106781186547,0.));
#5122=DIRECTION('center_axis',(0.,-0.707106781186548,0.707106781186547));
#5123=DIRECTION('ref_axis',(1.,0.,0.));
#5124=DIRECTION('',(0.,-0.707106781186547,-0.707106781186548));
#5125=DIRECTION('',(1.,0.,0.));
#5126=DIRECTION('',(0.,0.707106781186547,0.707106781186548));
#5127=DIRECTION('',(-1.,0.,0.));
#5128=DIRECTION('center_axis',(0.,0.,1.));
#5129=DIRECTION('ref_axis',(0.707106781186548,0.707106781186548,0.));
#5130=DIRECTION('center_axis',(0.,0.,-1.));
#5131=DIRECTION('ref_axis',(0.707106781186548,0.707106781186548,0.));
#5132=DIRECTION('',(0.707106781186548,0.,0.707106781186548));
#5133=DIRECTION('center_axis',(0.,0.,1.));
#5134=DIRECTION('ref_axis',(0.707106781186548,0.707106781186548,0.));
#5135=DIRECTION('center_axis',(-0.707106781186545,2.63881085493071E-16,
0.70710678118655));
#5136=DIRECTION('ref_axis',(0.70710678118655,0.,0.707106781186545));
#5137=DIRECTION('',(0.70710678118655,-2.61682076447295E-16,0.707106781186545));
#5138=DIRECTION('',(3.73184209958036E-16,1.,0.));
#5139=DIRECTION('',(-3.73184209958036E-16,-1.,0.));
#5140=DIRECTION('center_axis',(0.,0.,1.));
#5141=DIRECTION('ref_axis',(0.70710678118655,-0.707106781186545,0.));
#5142=DIRECTION('center_axis',(0.,0.,-1.));
#5143=DIRECTION('ref_axis',(0.70710678118655,-0.707106781186545,0.));
#5144=DIRECTION('',(0.,-0.707106781186548,0.707106781186548));
#5145=DIRECTION('center_axis',(0.,0.,1.));
#5146=DIRECTION('ref_axis',(0.70710678118655,-0.707106781186545,0.));
#5147=DIRECTION('center_axis',(-2.03643639258596E-16,0.707106781186548,
0.707106781186548));
#5148=DIRECTION('ref_axis',(1.,0.,2.8799559653052E-16));
#5149=DIRECTION('',(0.,-0.707106781186548,0.707106781186547));
#5150=DIRECTION('',(1.,2.8799559653052E-16,0.));
#5151=DIRECTION('',(-1.,-2.8799559653052E-16,0.));
#5152=DIRECTION('center_axis',(0.,0.,1.));
#5153=DIRECTION('ref_axis',(-0.707106781186548,-0.707106781186548,0.));
#5154=DIRECTION('center_axis',(0.,0.,-1.));
#5155=DIRECTION('ref_axis',(-0.707106781186547,-0.707106781186547,0.));
#5156=DIRECTION('center_axis',(0.,0.,1.));
#5157=DIRECTION('ref_axis',(-0.707106781186548,-0.707106781186548,0.));
#5158=DIRECTION('',(1.04672830578918E-15,0.707106781186548,0.707106781186547));
#5159=DIRECTION('center_axis',(2.8799559653052E-16,-1.,0.));
#5160=DIRECTION('ref_axis',(1.,2.8799559653052E-16,0.));
#5161=DIRECTION('',(0.,0.,1.));
#5162=DIRECTION('',(1.,2.8799559653052E-16,0.));
#5163=DIRECTION('',(0.,0.,-1.));
#5164=DIRECTION('center_axis',(0.,0.,1.));
#5165=DIRECTION('ref_axis',(0.70710678118655,-0.707106781186545,0.));
#5166=DIRECTION('',(0.,0.,-1.));
#5167=DIRECTION('center_axis',(0.,0.,-1.));
#5168=DIRECTION('ref_axis',(0.70710678118655,-0.707106781186545,0.));
#5169=DIRECTION('center_axis',(1.,-3.73184209958036E-16,0.));
#5170=DIRECTION('ref_axis',(3.73184209958036E-16,1.,0.));
#5171=DIRECTION('',(0.,0.,1.));
#5172=DIRECTION('',(-3.5527136788005E-16,1.,0.));
#5173=DIRECTION('center_axis',(0.,0.,1.));
#5174=DIRECTION('ref_axis',(0.707106781186548,0.707106781186548,0.));
#5175=DIRECTION('',(0.,0.,-1.));
#5176=DIRECTION('center_axis',(0.,0.,-1.));
#5177=DIRECTION('ref_axis',(0.707106781186548,0.707106781186548,0.));
#5178=DIRECTION('center_axis',(0.,0.,-1.));
#5179=DIRECTION('ref_axis',(-1.,0.,0.));
#5180=DIRECTION('center_axis',(0.,0.,-1.));
#5181=DIRECTION('ref_axis',(-1.,0.,0.));
#5182=DIRECTION('',(0.,0.,-1.));
#5183=DIRECTION('center_axis',(0.,0.,-1.));
#5184=DIRECTION('ref_axis',(-1.,0.,0.));
#5185=DIRECTION('center_axis',(0.,0.,-1.));
#5186=DIRECTION('ref_axis',(-1.,0.,0.));
#5187=DIRECTION('center_axis',(0.,0.,1.));
#5188=DIRECTION('ref_axis',(-0.707106781186547,-0.707106781186547,0.));
#5189=DIRECTION('center_axis',(0.,0.,-1.));
#5190=DIRECTION('ref_axis',(-0.707106781186547,-0.707106781186547,0.));
#5191=DIRECTION('',(0.,0.,1.));
#5192=DIRECTION('center_axis',(-1.,0.,0.));
#5193=DIRECTION('ref_axis',(0.,-1.,0.));
#5194=DIRECTION('',(0.,-1.,0.));
#5195=DIRECTION('',(0.,0.,-1.));
#5196=DIRECTION('center_axis',(0.,0.,1.));
#5197=DIRECTION('ref_axis',(-0.707106781186547,0.707106781186547,0.));
#5198=DIRECTION('center_axis',(0.,0.,-1.));
#5199=DIRECTION('ref_axis',(-0.707106781186547,0.707106781186547,0.));
#5200=DIRECTION('',(0.,0.,1.));
#5201=DIRECTION('center_axis',(0.,1.,0.));
#5202=DIRECTION('ref_axis',(-1.,0.,0.));
#5203=DIRECTION('',(-1.,0.,0.));
#5204=DIRECTION('center_axis',(0.,0.,1.));
#5205=DIRECTION('ref_axis',(-1.,0.,0.));
#5206=DIRECTION('',(-1.,0.,0.));
#5207=DIRECTION('center_axis',(0.,0.,1.));
#5208=DIRECTION('ref_axis',(1.,6.66133814775094E-16,0.));
#5209=DIRECTION('',(3.73184209958036E-16,1.,0.));
#5210=DIRECTION('center_axis',(0.,0.,1.));
#5211=DIRECTION('ref_axis',(-2.22044604925031E-16,-1.,0.));
#5212=DIRECTION('',(1.,1.2491960895923E-16,0.));
#5213=DIRECTION('center_axis',(0.,0.,1.));
#5214=DIRECTION('ref_axis',(-1.,-4.44089209850063E-16,0.));
#5215=DIRECTION('',(0.,-1.,0.));
#5216=DIRECTION('center_axis',(0.,0.,1.));
#5217=DIRECTION('ref_axis',(-6.66133814775094E-16,1.,0.));
#5218=DIRECTION('center_axis',(0.,0.,1.));
#5219=DIRECTION('ref_axis',(1.,0.,0.));
#5220=DIRECTION('center_axis',(0.,0.,1.));
#5221=DIRECTION('ref_axis',(-1.,0.,0.));
#5222=DIRECTION('center_axis',(0.,0.,1.));
#5223=DIRECTION('ref_axis',(1.,0.,0.));
#5224=DIRECTION('center_axis',(0.,0.,1.));
#5225=DIRECTION('ref_axis',(1.,0.,0.));
#5226=DIRECTION('center_axis',(0.,0.,1.));
#5227=DIRECTION('ref_axis',(1.,0.,0.));
#5228=DIRECTION('',(0.707106781186548,8.65956056235493E-17,-0.707106781186547));
#5229=DIRECTION('center_axis',(0.,0.,1.));
#5230=DIRECTION('ref_axis',(-1.,0.,0.));
#5231=DIRECTION('',(1.,0.,0.));
#5232=DIRECTION('center_axis',(0.,0.,-1.));
#5233=DIRECTION('ref_axis',(-6.66133814775094E-16,1.,0.));
#5234=DIRECTION('',(0.,1.,0.));
#5235=DIRECTION('center_axis',(0.,0.,-1.));
#5236=DIRECTION('ref_axis',(-1.,-4.44089209850063E-16,0.));
#5237=DIRECTION('',(-1.,-1.2491960895923E-16,0.));
#5238=DIRECTION('center_axis',(0.,0.,-1.));
#5239=DIRECTION('ref_axis',(-2.22044604925031E-16,-1.,0.));
#5240=DIRECTION('',(-3.73184209958036E-16,-1.,0.));
#5241=DIRECTION('center_axis',(0.,0.,-1.));
#5242=DIRECTION('ref_axis',(1.,6.66133814775094E-16,0.));
#5243=DIRECTION('center_axis',(0.,0.,-1.));
#5244=DIRECTION('ref_axis',(-1.,0.,0.));
#5245=DIRECTION('',(1.3987061727561E-15,-1.,0.));
#5246=DIRECTION('',(-1.,1.8649415636748E-15,0.));
#5247=DIRECTION('',(-1.39870617275611E-15,1.,0.));
#5248=DIRECTION('',(1.,0.,0.));
#5249=DIRECTION('',(0.,-1.,0.));
#5250=DIRECTION('',(-1.,-2.79741234551221E-15,0.));
#5251=DIRECTION('',(0.,1.,0.));
#5252=DIRECTION('',(1.,0.,0.));
#5253=DIRECTION('',(5.59482469102443E-15,-1.,0.));
#5254=DIRECTION('',(-1.,3.99630335073172E-16,0.));
#5255=DIRECTION('',(-5.59482469102446E-15,1.,0.));
#5256=DIRECTION('',(1.,-1.99815167536586E-16,0.));
#5257=DIRECTION('',(-5.59482469102443E-15,-1.,0.));
#5258=DIRECTION('',(-1.,-5.59482469102441E-15,0.));
#5259=DIRECTION('',(5.59482469102437E-15,1.,0.));
#5260=DIRECTION('',(1.,0.,0.));
#5261=DIRECTION('',(3.49676543189027E-15,-1.,0.));
#5262=DIRECTION('',(-1.,0.,0.));
#5263=DIRECTION('',(-2.79741234551221E-15,1.,0.));
#5264=DIRECTION('',(1.,0.,0.));
#5265=DIRECTION('',(0.,-1.,0.));
#5266=DIRECTION('',(-1.,-1.3987061727561E-15,0.));
#5267=DIRECTION('',(0.,1.,0.));
#5268=DIRECTION('',(1.,0.,0.));
#5269=DIRECTION('',(-1.,0.,0.));
#5270=DIRECTION('',(0.,-1.,0.));
#5271=DIRECTION('',(-1.,-2.79741234551219E-15,0.));
#5272=DIRECTION('',(-1.8649415636748E-15,-1.,0.));
#5273=DIRECTION('',(-1.,5.59482469102442E-15,0.));
#5274=DIRECTION('',(0.,-1.,0.));
#5275=DIRECTION('',(-1.,-2.79741234551221E-15,0.));
#5276=DIRECTION('',(0.,-1.,0.));
#5277=DIRECTION('',(1.,0.,0.));
#5278=DIRECTION('',(0.,-1.,0.));
#5279=DIRECTION('',(-1.,0.,0.));
#5280=DIRECTION('',(0.,1.,0.));
#5281=DIRECTION('',(-1.,-2.81961403079405E-15,0.));
#5282=DIRECTION('',(0.,-1.,0.));
#5283=DIRECTION('',(-1.,0.,0.));
#5284=DIRECTION('',(0.,1.,0.));
#5285=DIRECTION('',(-1.,2.79741234551221E-15,0.));
#5286=DIRECTION('',(0.,1.,0.));
#5287=DIRECTION('',(-1.,-2.79741234551221E-15,0.));
#5288=DIRECTION('',(0.,1.,0.));
#5289=DIRECTION('',(-1.,2.79741234551221E-15,0.));
#5290=DIRECTION('',(0.,1.,0.));
#5291=DIRECTION('',(-1.,2.79741234551221E-15,0.));
#5292=DIRECTION('',(-2.79741234551222E-15,1.,0.));
#5293=DIRECTION('',(-1.,-2.7974123455122E-15,0.));
#5294=DIRECTION('',(3.99181312224775E-16,1.,0.));
#5295=DIRECTION('',(1.,2.089831575765E-15,0.));
#5296=DIRECTION('',(0.,-1.,0.));
#5297=DIRECTION('',(1.,-2.79741234551222E-15,0.));
#5298=DIRECTION('',(2.79741234551222E-15,-1.,0.));
#5299=DIRECTION('',(1.,2.7974123455122E-15,0.));
#5300=DIRECTION('',(0.,-1.,0.));
#5301=DIRECTION('',(1.,-2.81961403079405E-15,0.));
#5302=DIRECTION('',(2.79741234551221E-15,1.,0.));
#5303=DIRECTION('',(1.,2.79741234551222E-15,0.));
#5304=DIRECTION('',(-2.7974123455122E-15,1.,0.));
#5305=DIRECTION('',(1.,-1.8649415636748E-15,0.));
#5306=DIRECTION('',(0.,1.,0.));
#5307=DIRECTION('',(1.,1.8649415636748E-15,0.));
#5308=DIRECTION('',(5.59482469102441E-15,1.,0.));
#5309=DIRECTION('',(1.,0.,0.));
#5310=DIRECTION('',(0.,1.,0.));
#5311=DIRECTION('',(1.,0.,0.));
#5312=DIRECTION('',(0.,1.,0.));
#5313=DIRECTION('',(1.,-7.76379737500109E-17,0.));
#5314=DIRECTION('',(-2.09805925913415E-15,-1.,0.));
#5315=DIRECTION('',(1.,0.,0.));
#5316=DIRECTION('',(2.53946653238063E-16,-1.,0.));
#5317=DIRECTION('',(-1.,0.,0.));
#5318=DIRECTION('',(-1.3987061727561E-15,-1.,0.));
#5319=DIRECTION('',(-1.,0.,0.));
#5320=DIRECTION('',(1.40980701539702E-15,-1.,0.));
#5321=DIRECTION('',(1.,0.,0.));
#5322=DIRECTION('',(-9.30029758848299E-16,-1.,0.));
#5323=DIRECTION('',(-1.11896493820488E-14,-1.,0.));
#5324=DIRECTION('',(-1.,3.49676543189026E-16,0.));
#5325=DIRECTION('',(1.11896493820489E-14,1.,0.));
#5326=DIRECTION('',(1.,0.,0.));
#5327=DIRECTION('',(2.79741234551221E-15,-1.,0.));
#5328=DIRECTION('',(-1.,-1.11896493820488E-14,0.));
#5329=DIRECTION('',(-2.79741234551218E-15,1.,0.));
#5330=DIRECTION('',(1.,0.,0.));
#5331=DIRECTION('center_axis',(1.,2.79741234551221E-15,0.));
#5332=DIRECTION('ref_axis',(2.79741234551221E-15,-1.,0.));
#5333=DIRECTION('',(0.,0.,-1.));
#5334=DIRECTION('',(2.79741234551221E-15,-1.,0.));
#5335=DIRECTION('',(0.,0.,-1.));
#5336=DIRECTION('center_axis',(0.,1.,0.));
#5337=DIRECTION('ref_axis',(1.,0.,0.));
#5338=DIRECTION('',(0.,0.,-1.));
#5339=DIRECTION('',(1.,0.,0.));
#5340=DIRECTION('center_axis',(-1.,-2.79741234551218E-15,0.));
#5341=DIRECTION('ref_axis',(-2.79741234551218E-15,1.,0.));
#5342=DIRECTION('',(0.,0.,-1.));
#5343=DIRECTION('',(-2.79741234551218E-15,1.,0.));
#5344=DIRECTION('center_axis',(1.11896493820488E-14,-1.,0.));
#5345=DIRECTION('ref_axis',(-1.,-1.11896493820488E-14,0.));
#5346=DIRECTION('',(-1.,-1.11896493820488E-14,0.));
#5347=DIRECTION('center_axis',(0.,0.,-1.));
#5348=DIRECTION('ref_axis',(-1.,0.,0.));
#5349=DIRECTION('center_axis',(1.,-1.11896493820488E-14,0.));
#5350=DIRECTION('ref_axis',(-1.11896493820488E-14,-1.,0.));
#5351=DIRECTION('',(0.,0.,-1.));
#5352=DIRECTION('',(-1.11896493820488E-14,-1.,0.));
#5353=DIRECTION('',(0.,0.,-1.));
#5354=DIRECTION('center_axis',(0.,1.,0.));
#5355=DIRECTION('ref_axis',(1.,0.,0.));
#5356=DIRECTION('',(0.,0.,-1.));
#5357=DIRECTION('',(1.,0.,0.));
#5358=DIRECTION('center_axis',(-1.,1.11896493820489E-14,0.));
#5359=DIRECTION('ref_axis',(1.11896493820489E-14,1.,0.));
#5360=DIRECTION('',(0.,0.,-1.));
#5361=DIRECTION('',(1.11896493820489E-14,1.,0.));
#5362=DIRECTION('center_axis',(-3.49676543189026E-16,-1.,0.));
#5363=DIRECTION('ref_axis',(-1.,3.49676543189026E-16,0.));
#5364=DIRECTION('',(-1.,3.49676543189026E-16,0.));
#5365=DIRECTION('center_axis',(0.,0.,-1.));
#5366=DIRECTION('ref_axis',(-1.,0.,0.));
#5367=DIRECTION('center_axis',(0.,-1.,0.));
#5368=DIRECTION('ref_axis',(-1.,0.,0.));
#5369=DIRECTION('',(0.,0.,-1.));
#5370=DIRECTION('',(-1.,0.,0.));
#5371=DIRECTION('',(0.,0.,-1.));
#5372=DIRECTION('center_axis',(1.,-9.30029758848299E-16,0.));
#5373=DIRECTION('ref_axis',(-9.30029758848299E-16,-1.,0.));
#5374=DIRECTION('',(0.,0.,-1.));
#5375=DIRECTION('',(-9.30029758848299E-16,-1.,0.));
#5376=DIRECTION('center_axis',(0.,1.,0.));
#5377=DIRECTION('ref_axis',(1.,0.,0.));
#5378=DIRECTION('',(0.,0.,-1.));
#5379=DIRECTION('',(1.,0.,0.));
#5380=DIRECTION('center_axis',(1.,1.40980701539702E-15,0.));
#5381=DIRECTION('ref_axis',(1.40980701539702E-15,-1.,0.));
#5382=DIRECTION('',(0.,0.,-1.));
#5383=DIRECTION('',(1.40980701539702E-15,-1.,0.));
#5384=DIRECTION('center_axis',(0.,-1.,0.));
#5385=DIRECTION('ref_axis',(-1.,0.,0.));
#5386=DIRECTION('',(0.,0.,-1.));
#5387=DIRECTION('',(-1.,0.,0.));
#5388=DIRECTION('center_axis',(1.,-1.3987061727561E-15,0.));
#5389=DIRECTION('ref_axis',(-1.3987061727561E-15,-1.,0.));
#5390=DIRECTION('',(0.,0.,-1.));
#5391=DIRECTION('',(-1.3987061727561E-15,-1.,0.));
#5392=DIRECTION('center_axis',(0.,-1.,0.));
#5393=DIRECTION('ref_axis',(-1.,0.,0.));
#5394=DIRECTION('',(0.,0.,-1.));
#5395=DIRECTION('',(-1.,0.,0.));
#5396=DIRECTION('center_axis',(1.,2.53946653238063E-16,0.));
#5397=DIRECTION('ref_axis',(2.53946653238063E-16,-1.,0.));
#5398=DIRECTION('',(0.,0.,-1.));
#5399=DIRECTION('',(2.53946653238063E-16,-1.,0.));
#5400=DIRECTION('center_axis',(0.,1.,0.));
#5401=DIRECTION('ref_axis',(1.,0.,0.));
#5402=DIRECTION('',(0.,0.,-1.));
#5403=DIRECTION('',(1.,0.,0.));
#5404=DIRECTION('center_axis',(1.,-2.09805925913415E-15,0.));
#5405=DIRECTION('ref_axis',(-2.09805925913415E-15,-1.,0.));
#5406=DIRECTION('',(0.,0.,-1.));
#5407=DIRECTION('',(-2.09805925913415E-15,-1.,0.));
#5408=DIRECTION('center_axis',(7.76379737500109E-17,1.,0.));
#5409=DIRECTION('ref_axis',(1.,-7.76379737500109E-17,0.));
#5410=DIRECTION('',(0.,0.,-1.));
#5411=DIRECTION('',(1.,-7.76379737500109E-17,0.));
#5412=DIRECTION('center_axis',(-1.,0.,0.));
#5413=DIRECTION('ref_axis',(0.,1.,0.));
#5414=DIRECTION('',(0.,0.,-1.));
#5415=DIRECTION('',(0.,1.,0.));
#5416=DIRECTION('center_axis',(0.,1.,0.));
#5417=DIRECTION('ref_axis',(1.,0.,0.));
#5418=DIRECTION('',(0.,0.,-1.));
#5419=DIRECTION('',(1.,0.,0.));
#5420=DIRECTION('center_axis',(-1.,0.,0.));
#5421=DIRECTION('ref_axis',(0.,1.,0.));
#5422=DIRECTION('',(0.,0.,-1.));
#5423=DIRECTION('',(0.,1.,0.));
#5424=DIRECTION('center_axis',(0.,1.,0.));
#5425=DIRECTION('ref_axis',(1.,0.,0.));
#5426=DIRECTION('',(0.,0.,-1.));
#5427=DIRECTION('',(1.,0.,0.));
#5428=DIRECTION('center_axis',(-1.,5.59482469102441E-15,0.));
#5429=DIRECTION('ref_axis',(5.59482469102441E-15,1.,0.));
#5430=DIRECTION('',(0.,0.,-1.));
#5431=DIRECTION('',(5.59482469102441E-15,1.,0.));
#5432=DIRECTION('center_axis',(-1.8649415636748E-15,1.,0.));
#5433=DIRECTION('ref_axis',(1.,1.8649415636748E-15,0.));
#5434=DIRECTION('',(0.,0.,-1.));
#5435=DIRECTION('',(1.,1.8649415636748E-15,0.));
#5436=DIRECTION('center_axis',(-1.,0.,0.));
#5437=DIRECTION('ref_axis',(0.,1.,0.));
#5438=DIRECTION('',(0.,0.,-1.));
#5439=DIRECTION('',(0.,1.,0.));
#5440=DIRECTION('center_axis',(1.8649415636748E-15,1.,0.));
#5441=DIRECTION('ref_axis',(1.,-1.8649415636748E-15,0.));
#5442=DIRECTION('',(0.,0.,-1.));
#5443=DIRECTION('',(1.,-1.8649415636748E-15,0.));
#5444=DIRECTION('center_axis',(-1.,-2.7974123455122E-15,0.));
#5445=DIRECTION('ref_axis',(-2.7974123455122E-15,1.,0.));
#5446=DIRECTION('',(0.,0.,-1.));
#5447=DIRECTION('',(-2.7974123455122E-15,1.,0.));
#5448=DIRECTION('center_axis',(-2.79741234551222E-15,1.,0.));
#5449=DIRECTION('ref_axis',(1.,2.79741234551222E-15,0.));
#5450=DIRECTION('',(0.,0.,-1.));
#5451=DIRECTION('',(1.,2.79741234551222E-15,0.));
#5452=DIRECTION('center_axis',(-1.,2.79741234551221E-15,0.));
#5453=DIRECTION('ref_axis',(2.79741234551221E-15,1.,0.));
#5454=DIRECTION('',(0.,0.,-1.));
#5455=DIRECTION('',(2.79741234551221E-15,1.,0.));
#5456=DIRECTION('center_axis',(2.81961403079405E-15,1.,0.));
#5457=DIRECTION('ref_axis',(1.,-2.81961403079405E-15,0.));
#5458=DIRECTION('',(0.,0.,-1.));
#5459=DIRECTION('',(1.,-2.81961403079405E-15,0.));
#5460=DIRECTION('center_axis',(1.,0.,0.));
#5461=DIRECTION('ref_axis',(0.,-1.,0.));
#5462=DIRECTION('',(0.,0.,-1.));
#5463=DIRECTION('',(0.,-1.,0.));
#5464=DIRECTION('center_axis',(-2.7974123455122E-15,1.,0.));
#5465=DIRECTION('ref_axis',(1.,2.7974123455122E-15,0.));
#5466=DIRECTION('',(0.,0.,-1.));
#5467=DIRECTION('',(1.,2.7974123455122E-15,0.));
#5468=DIRECTION('center_axis',(1.,2.79741234551222E-15,0.));
#5469=DIRECTION('ref_axis',(2.79741234551222E-15,-1.,0.));
#5470=DIRECTION('',(0.,0.,-1.));
#5471=DIRECTION('',(2.79741234551222E-15,-1.,0.));
#5472=DIRECTION('center_axis',(2.79741234551222E-15,1.,0.));
#5473=DIRECTION('ref_axis',(1.,-2.79741234551222E-15,0.));
#5474=DIRECTION('',(0.,0.,-1.));
#5475=DIRECTION('',(1.,-2.79741234551222E-15,0.));
#5476=DIRECTION('center_axis',(1.,0.,0.));
#5477=DIRECTION('ref_axis',(0.,-1.,0.));
#5478=DIRECTION('',(0.,0.,-1.));
#5479=DIRECTION('',(0.,-1.,0.));
#5480=DIRECTION('center_axis',(-2.089831575765E-15,1.,0.));
#5481=DIRECTION('ref_axis',(1.,2.089831575765E-15,0.));
#5482=DIRECTION('',(0.,0.,-1.));
#5483=DIRECTION('',(1.,2.089831575765E-15,0.));
#5484=DIRECTION('center_axis',(-1.,3.99181312224775E-16,0.));
#5485=DIRECTION('ref_axis',(3.99181312224775E-16,1.,0.));
#5486=DIRECTION('',(0.,0.,-1.));
#5487=DIRECTION('',(3.99181312224775E-16,1.,0.));
#5488=DIRECTION('center_axis',(2.7974123455122E-15,-1.,0.));
#5489=DIRECTION('ref_axis',(-1.,-2.7974123455122E-15,0.));
#5490=DIRECTION('',(0.,0.,-1.));
#5491=DIRECTION('',(-1.,-2.7974123455122E-15,0.));
#5492=DIRECTION('center_axis',(-1.,-2.79741234551222E-15,0.));
#5493=DIRECTION('ref_axis',(-2.79741234551222E-15,1.,0.));
#5494=DIRECTION('',(0.,0.,-1.));
#5495=DIRECTION('',(-2.79741234551222E-15,1.,0.));
#5496=DIRECTION('center_axis',(-2.79741234551221E-15,-1.,0.));
#5497=DIRECTION('ref_axis',(-1.,2.79741234551221E-15,0.));
#5498=DIRECTION('',(0.,0.,-1.));
#5499=DIRECTION('',(-1.,2.79741234551221E-15,0.));
#5500=DIRECTION('center_axis',(-1.,0.,0.));
#5501=DIRECTION('ref_axis',(0.,1.,0.));
#5502=DIRECTION('',(0.,0.,-1.));
#5503=DIRECTION('',(0.,1.,0.));
#5504=DIRECTION('center_axis',(-2.79741234551221E-15,-1.,0.));
#5505=DIRECTION('ref_axis',(-1.,2.79741234551221E-15,0.));
#5506=DIRECTION('',(0.,0.,-1.));
#5507=DIRECTION('',(-1.,2.79741234551221E-15,0.));
#5508=DIRECTION('center_axis',(-1.,0.,0.));
#5509=DIRECTION('ref_axis',(0.,1.,0.));
#5510=DIRECTION('',(0.,0.,-1.));
#5511=DIRECTION('',(0.,1.,0.));
#5512=DIRECTION('center_axis',(2.79741234551221E-15,-1.,0.));
#5513=DIRECTION('ref_axis',(-1.,-2.79741234551221E-15,0.));
#5514=DIRECTION('',(0.,0.,-1.));
#5515=DIRECTION('',(-1.,-2.79741234551221E-15,0.));
#5516=DIRECTION('center_axis',(-1.,0.,0.));
#5517=DIRECTION('ref_axis',(0.,1.,0.));
#5518=DIRECTION('',(0.,0.,-1.));
#5519=DIRECTION('',(0.,1.,0.));
#5520=DIRECTION('center_axis',(-2.79741234551221E-15,-1.,0.));
#5521=DIRECTION('ref_axis',(-1.,2.79741234551221E-15,0.));
#5522=DIRECTION('',(0.,0.,-1.));
#5523=DIRECTION('',(-1.,2.79741234551221E-15,0.));
#5524=DIRECTION('center_axis',(-1.,0.,0.));
#5525=DIRECTION('ref_axis',(0.,1.,0.));
#5526=DIRECTION('',(0.,0.,-1.));
#5527=DIRECTION('',(0.,1.,0.));
#5528=DIRECTION('center_axis',(0.,-1.,0.));
#5529=DIRECTION('ref_axis',(-1.,0.,0.));
#5530=DIRECTION('',(0.,0.,-1.));
#5531=DIRECTION('',(-1.,0.,0.));
#5532=DIRECTION('center_axis',(1.,0.,0.));
#5533=DIRECTION('ref_axis',(0.,-1.,0.));
#5534=DIRECTION('',(0.,0.,-1.));
#5535=DIRECTION('',(0.,-1.,0.));
#5536=DIRECTION('center_axis',(2.81961403079405E-15,-1.,0.));
#5537=DIRECTION('ref_axis',(-1.,-2.81961403079405E-15,0.));
#5538=DIRECTION('',(0.,0.,-1.));
#5539=DIRECTION('',(-1.,-2.81961403079405E-15,0.));
#5540=DIRECTION('center_axis',(-1.,0.,0.));
#5541=DIRECTION('ref_axis',(0.,1.,0.));
#5542=DIRECTION('',(0.,0.,-1.));
#5543=DIRECTION('',(0.,1.,0.));
#5544=DIRECTION('center_axis',(0.,-1.,0.));
#5545=DIRECTION('ref_axis',(-1.,0.,0.));
#5546=DIRECTION('',(0.,0.,-1.));
#5547=DIRECTION('',(-1.,0.,0.));
#5548=DIRECTION('center_axis',(1.,0.,0.));
#5549=DIRECTION('ref_axis',(0.,-1.,0.));
#5550=DIRECTION('',(0.,0.,-1.));
#5551=DIRECTION('',(0.,-1.,0.));
#5552=DIRECTION('center_axis',(0.,1.,0.));
#5553=DIRECTION('ref_axis',(1.,0.,0.));
#5554=DIRECTION('',(0.,0.,-1.));
#5555=DIRECTION('',(1.,0.,0.));
#5556=DIRECTION('center_axis',(1.,0.,0.));
#5557=DIRECTION('ref_axis',(0.,-1.,0.));
#5558=DIRECTION('',(0.,0.,-1.));
#5559=DIRECTION('',(0.,-1.,0.));
#5560=DIRECTION('center_axis',(2.79741234551221E-15,-1.,0.));
#5561=DIRECTION('ref_axis',(-1.,-2.79741234551221E-15,0.));
#5562=DIRECTION('',(0.,0.,-1.));
#5563=DIRECTION('',(-1.,-2.79741234551221E-15,0.));
#5564=DIRECTION('center_axis',(1.,0.,0.));
#5565=DIRECTION('ref_axis',(0.,-1.,0.));
#5566=DIRECTION('',(0.,0.,-1.));
#5567=DIRECTION('',(0.,-1.,0.));
#5568=DIRECTION('center_axis',(-5.59482469102442E-15,-1.,0.));
#5569=DIRECTION('ref_axis',(-1.,5.59482469102442E-15,0.));
#5570=DIRECTION('',(0.,0.,-1.));
#5571=DIRECTION('',(-1.,5.59482469102442E-15,0.));
#5572=DIRECTION('center_axis',(1.,-1.8649415636748E-15,0.));
#5573=DIRECTION('ref_axis',(-1.8649415636748E-15,-1.,0.));
#5574=DIRECTION('',(0.,0.,-1.));
#5575=DIRECTION('',(-1.8649415636748E-15,-1.,0.));
#5576=DIRECTION('center_axis',(2.79741234551219E-15,-1.,0.));
#5577=DIRECTION('ref_axis',(-1.,-2.79741234551219E-15,0.));
#5578=DIRECTION('',(0.,0.,-1.));
#5579=DIRECTION('',(-1.,-2.79741234551219E-15,0.));
#5580=DIRECTION('center_axis',(1.,0.,0.));
#5581=DIRECTION('ref_axis',(0.,-1.,0.));
#5582=DIRECTION('',(0.,-1.,0.));
#5583=DIRECTION('center_axis',(1.,0.,0.));
#5584=DIRECTION('ref_axis',(0.,-1.,0.));
#5585=DIRECTION('',(0.,0.,-1.));
#5586=DIRECTION('',(0.,-1.,0.));
#5587=DIRECTION('',(0.,0.,-1.));
#5588=DIRECTION('center_axis',(0.,1.,0.));
#5589=DIRECTION('ref_axis',(1.,0.,0.));
#5590=DIRECTION('',(0.,0.,-1.));
#5591=DIRECTION('',(1.,0.,0.));
#5592=DIRECTION('center_axis',(-1.,0.,0.));
#5593=DIRECTION('ref_axis',(0.,1.,0.));
#5594=DIRECTION('',(0.,0.,-1.));
#5595=DIRECTION('',(0.,1.,0.));
#5596=DIRECTION('center_axis',(1.3987061727561E-15,-1.,0.));
#5597=DIRECTION('ref_axis',(-1.,-1.3987061727561E-15,0.));
#5598=DIRECTION('',(-1.,-1.3987061727561E-15,0.));
#5599=DIRECTION('center_axis',(0.,0.,-1.));
#5600=DIRECTION('ref_axis',(-1.,0.,0.));
#5601=DIRECTION('center_axis',(1.,3.49676543189027E-15,0.));
#5602=DIRECTION('ref_axis',(3.49676543189027E-15,-1.,0.));
#5603=DIRECTION('',(0.,0.,-1.));
#5604=DIRECTION('',(3.49676543189027E-15,-1.,0.));
#5605=DIRECTION('',(0.,0.,-1.));
#5606=DIRECTION('center_axis',(0.,1.,0.));
#5607=DIRECTION('ref_axis',(1.,0.,0.));
#5608=DIRECTION('',(0.,0.,-1.));
#5609=DIRECTION('',(1.,0.,0.));
#5610=DIRECTION('center_axis',(-1.,-2.79741234551221E-15,0.));
#5611=DIRECTION('ref_axis',(-2.79741234551221E-15,1.,0.));
#5612=DIRECTION('',(0.,0.,-1.));
#5613=DIRECTION('',(-2.79741234551221E-15,1.,0.));
#5614=DIRECTION('center_axis',(0.,-1.,0.));
#5615=DIRECTION('ref_axis',(-1.,0.,0.));
#5616=DIRECTION('',(-1.,0.,0.));
#5617=DIRECTION('center_axis',(0.,0.,-1.));
#5618=DIRECTION('ref_axis',(-1.,0.,0.));
#5619=DIRECTION('center_axis',(1.,-5.59482469102443E-15,0.));
#5620=DIRECTION('ref_axis',(-5.59482469102443E-15,-1.,0.));
#5621=DIRECTION('',(0.,0.,-1.));
#5622=DIRECTION('',(-5.59482469102443E-15,-1.,0.));
#5623=DIRECTION('',(0.,0.,-1.));
#5624=DIRECTION('center_axis',(0.,1.,0.));
#5625=DIRECTION('ref_axis',(1.,0.,0.));
#5626=DIRECTION('',(0.,0.,-1.));
#5627=DIRECTION('',(1.,0.,0.));
#5628=DIRECTION('center_axis',(-1.,5.59482469102437E-15,0.));
#5629=DIRECTION('ref_axis',(5.59482469102437E-15,1.,0.));
#5630=DIRECTION('',(0.,0.,-1.));
#5631=DIRECTION('',(5.59482469102437E-15,1.,0.));
#5632=DIRECTION('center_axis',(5.59482469102441E-15,-1.,0.));
#5633=DIRECTION('ref_axis',(-1.,-5.59482469102441E-15,0.));
#5634=DIRECTION('',(-1.,-5.59482469102441E-15,0.));
#5635=DIRECTION('center_axis',(0.,0.,-1.));
#5636=DIRECTION('ref_axis',(-1.,0.,0.));
#5637=DIRECTION('center_axis',(1.,5.59482469102443E-15,0.));
#5638=DIRECTION('ref_axis',(5.59482469102443E-15,-1.,0.));
#5639=DIRECTION('',(0.,0.,-1.));
#5640=DIRECTION('',(5.59482469102443E-15,-1.,0.));
#5641=DIRECTION('',(0.,0.,-1.));
#5642=DIRECTION('center_axis',(1.99815167536586E-16,1.,0.));
#5643=DIRECTION('ref_axis',(1.,-1.99815167536586E-16,0.));
#5644=DIRECTION('',(0.,0.,-1.));
#5645=DIRECTION('',(1.,-1.99815167536586E-16,0.));
#5646=DIRECTION('center_axis',(-1.,-5.59482469102446E-15,0.));
#5647=DIRECTION('ref_axis',(-5.59482469102446E-15,1.,0.));
#5648=DIRECTION('',(0.,0.,-1.));
#5649=DIRECTION('',(-5.59482469102446E-15,1.,0.));
#5650=DIRECTION('center_axis',(-3.99630335073172E-16,-1.,0.));
#5651=DIRECTION('ref_axis',(-1.,3.99630335073172E-16,0.));
#5652=DIRECTION('',(-1.,3.99630335073172E-16,0.));
#5653=DIRECTION('center_axis',(0.,0.,-1.));
#5654=DIRECTION('ref_axis',(-1.,0.,0.));
#5655=DIRECTION('center_axis',(1.,0.,0.));
#5656=DIRECTION('ref_axis',(0.,-1.,0.));
#5657=DIRECTION('',(0.,-1.,0.));
#5658=DIRECTION('',(0.,0.,-1.));
#5659=DIRECTION('',(0.,1.,0.));
#5660=DIRECTION('',(0.,0.,-1.));
#5661=DIRECTION('center_axis',(0.,-1.,0.));
#5662=DIRECTION('ref_axis',(-1.,0.,0.));
#5663=DIRECTION('',(-1.,0.,0.));
#5664=DIRECTION('',(0.,0.,1.));
#5665=DIRECTION('',(1.,0.,0.));
#5666=DIRECTION('center_axis',(-1.,0.,0.));
#5667=DIRECTION('ref_axis',(0.,1.,0.));
#5668=DIRECTION('',(0.,1.,0.));
#5669=DIRECTION('',(0.,0.,-1.));
#5670=DIRECTION('',(0.,-1.,0.));
#5671=DIRECTION('center_axis',(0.,1.,0.));
#5672=DIRECTION('ref_axis',(1.,0.,0.));
#5673=DIRECTION('',(1.,0.,0.));
#5674=DIRECTION('',(-1.,0.,0.));
#5675=DIRECTION('center_axis',(0.,0.,-1.));
#5676=DIRECTION('ref_axis',(-1.,0.,0.));
#5677=DIRECTION('center_axis',(1.,0.,0.));
#5678=DIRECTION('ref_axis',(0.,-1.,0.));
#5679=DIRECTION('',(0.,0.,-1.));
#5680=DIRECTION('',(0.,-1.,0.));
#5681=DIRECTION('',(0.,0.,-1.));
#5682=DIRECTION('center_axis',(0.,1.,0.));
#5683=DIRECTION('ref_axis',(1.,0.,0.));
#5684=DIRECTION('',(0.,0.,-1.));
#5685=DIRECTION('',(1.,0.,0.));
#5686=DIRECTION('center_axis',(-1.,0.,0.));
#5687=DIRECTION('ref_axis',(0.,1.,0.));
#5688=DIRECTION('',(0.,0.,-1.));
#5689=DIRECTION('',(0.,1.,0.));
#5690=DIRECTION('center_axis',(2.79741234551221E-15,-1.,0.));
#5691=DIRECTION('ref_axis',(-1.,-2.79741234551221E-15,0.));
#5692=DIRECTION('',(-1.,-2.79741234551221E-15,0.));
#5693=DIRECTION('center_axis',(0.,0.,-1.));
#5694=DIRECTION('ref_axis',(-1.,0.,0.));
#5695=DIRECTION('center_axis',(1.,1.3987061727561E-15,0.));
#5696=DIRECTION('ref_axis',(1.3987061727561E-15,-1.,0.));
#5697=DIRECTION('',(0.,0.,-1.));
#5698=DIRECTION('',(1.3987061727561E-15,-1.,0.));
#5699=DIRECTION('',(0.,0.,-1.));
#5700=DIRECTION('center_axis',(0.,1.,0.));
#5701=DIRECTION('ref_axis',(1.,0.,0.));
#5702=DIRECTION('',(0.,0.,-1.));
#5703=DIRECTION('',(1.,0.,0.));
#5704=DIRECTION('center_axis',(-1.,-1.39870617275611E-15,0.));
#5705=DIRECTION('ref_axis',(-1.39870617275611E-15,1.,0.));
#5706=DIRECTION('',(0.,0.,-1.));
#5707=DIRECTION('',(-1.39870617275611E-15,1.,0.));
#5708=DIRECTION('center_axis',(-1.8649415636748E-15,-1.,0.));
#5709=DIRECTION('ref_axis',(-1.,1.8649415636748E-15,0.));
#5710=DIRECTION('',(-1.,1.8649415636748E-15,0.));
#5711=DIRECTION('center_axis',(0.,0.,-1.));
#5712=DIRECTION('ref_axis',(-1.,0.,0.));
#5713=DIRECTION('center_axis',(0.,0.,1.));
#5714=DIRECTION('ref_axis',(-1.,0.,0.));
#5715=DIRECTION('center_axis',(0.,0.707106781186547,-0.707106781186548));
#5716=DIRECTION('ref_axis',(-1.,0.,0.));
#5717=DIRECTION('',(1.57009245868377E-15,0.707106781186548,0.707106781186547));
#5718=DIRECTION('',(1.,0.,0.));
#5719=DIRECTION('',(0.,-0.707106781186548,-0.707106781186547));
#5720=DIRECTION('center_axis',(0.,0.,1.));
#5721=DIRECTION('ref_axis',(-6.66133814775094E-16,1.,0.));
#5722=DIRECTION('',(-0.707106781186546,1.57009245868378E-15,0.707106781186549));
#5723=DIRECTION('center_axis',(0.,0.,-1.));
#5724=DIRECTION('ref_axis',(-6.66133814775093E-16,1.,0.));
#5725=DIRECTION('center_axis',(-0.707106781186547,0.,-0.707106781186548));
#5726=DIRECTION('ref_axis',(-0.707106781186548,0.,0.707106781186547));
#5727=DIRECTION('',(-0.707106781186548,-1.57009245868377E-15,0.707106781186547));
#5728=DIRECTION('',(0.,1.,0.));
#5729=DIRECTION('center_axis',(0.,0.,1.));
#5730=DIRECTION('ref_axis',(-1.,-4.44089209850062E-16,0.));
#5731=DIRECTION('',(0.,-0.707106781186546,0.707106781186549));
#5732=DIRECTION('center_axis',(0.,0.,-1.));
#5733=DIRECTION('ref_axis',(-1.,-4.44089209850063E-16,0.));
#5734=DIRECTION('center_axis',(8.83315025982431E-17,-0.707106781186546,
-0.707106781186549));
#5735=DIRECTION('ref_axis',(-1.,0.,-1.24919608959229E-16));
#5736=DIRECTION('',(-1.57009245868377E-15,-0.707106781186549,0.707106781186546));
#5737=DIRECTION('',(-1.,-1.2491960895923E-16,0.));
#5738=DIRECTION('center_axis',(0.,0.,1.));
#5739=DIRECTION('ref_axis',(-2.22044604925031E-16,-1.,0.));
#5740=DIRECTION('',(0.707106781186548,0.,0.707106781186547));
#5741=DIRECTION('center_axis',(0.,0.,-1.));
#5742=DIRECTION('ref_axis',(-2.22044604925031E-16,-1.,0.));
#5743=DIRECTION('center_axis',(0.707106781186546,-2.63881085493071E-16,
-0.707106781186549));
#5744=DIRECTION('ref_axis',(-0.707106781186549,0.,-0.707106781186546));
#5745=DIRECTION('',(0.707106781186549,0.,0.707106781186546));
#5746=DIRECTION('',(-3.73184209958036E-16,-1.,0.));
#5747=DIRECTION('center_axis',(0.,0.,1.));
#5748=DIRECTION('ref_axis',(1.,6.66133814775093E-16,0.));
#5749=DIRECTION('center_axis',(0.,0.,-1.));
#5750=DIRECTION('ref_axis',(1.,6.66133814775093E-16,0.));
#5751=DIRECTION('center_axis',(0.,0.,1.));
#5752=DIRECTION('ref_axis',(-2.22044604925031E-16,-1.,0.));
#5753=DIRECTION('',(0.,0.,1.));
#5754=DIRECTION('center_axis',(0.,0.,1.));
#5755=DIRECTION('ref_axis',(-2.22044604925031E-16,-1.,0.));
#5756=DIRECTION('',(0.,0.,1.));
#5757=DIRECTION('center_axis',(1.,-3.73184209958036E-16,0.));
#5758=DIRECTION('ref_axis',(3.73184209958036E-16,1.,0.));
#5759=DIRECTION('',(0.,0.,1.));
#5760=DIRECTION('',(3.73184209958036E-16,1.,0.));
#5761=DIRECTION('center_axis',(0.,0.,1.));
#5762=DIRECTION('ref_axis',(1.,6.66133814775093E-16,0.));
#5763=DIRECTION('',(0.,0.,1.));
#5764=DIRECTION('center_axis',(0.,0.,1.));
#5765=DIRECTION('ref_axis',(1.,6.66133814775093E-16,0.));
#5766=DIRECTION('center_axis',(0.,1.,0.));
#5767=DIRECTION('ref_axis',(-1.,0.,0.));
#5768=DIRECTION('',(0.,0.,1.));
#5769=DIRECTION('',(-1.,0.,0.));
#5770=DIRECTION('center_axis',(0.,0.707106781186547,0.707106781186548));
#5771=DIRECTION('ref_axis',(1.,0.,0.));
#5772=DIRECTION('',(-1.57009245868377E-15,-0.707106781186548,0.707106781186547));
#5773=DIRECTION('',(0.,0.707106781186548,-0.707106781186547));
#5774=DIRECTION('center_axis',(0.,0.,-1.));
#5775=DIRECTION('ref_axis',(-6.66133814775094E-16,1.,0.));
#5776=DIRECTION('',(0.707106781186546,-1.57009245868378E-15,0.707106781186549));
#5777=DIRECTION('center_axis',(0.,0.,1.));
#5778=DIRECTION('ref_axis',(-6.66133814775093E-16,1.,0.));
#5779=DIRECTION('center_axis',(-0.707106781186547,0.,0.707106781186548));
#5780=DIRECTION('ref_axis',(0.707106781186548,0.,0.707106781186547));
#5781=DIRECTION('',(0.707106781186548,1.57009245868377E-15,0.707106781186547));
#5782=DIRECTION('',(0.,-1.,0.));
#5783=DIRECTION('center_axis',(0.,0.,-1.));
#5784=DIRECTION('ref_axis',(-1.,-4.44089209850062E-16,0.));
#5785=DIRECTION('',(0.,0.707106781186546,0.707106781186549));
#5786=DIRECTION('center_axis',(0.,0.,1.));
#5787=DIRECTION('ref_axis',(-1.,-4.44089209850063E-16,0.));
#5788=DIRECTION('center_axis',(8.83315025982431E-17,-0.707106781186546,
0.707106781186549));
#5789=DIRECTION('ref_axis',(1.,0.,-1.24919608959229E-16));
#5790=DIRECTION('',(1.57009245868377E-15,0.707106781186549,0.707106781186546));
#5791=DIRECTION('',(1.,1.2491960895923E-16,0.));
#5792=DIRECTION('center_axis',(0.,0.,-1.));
#5793=DIRECTION('ref_axis',(-2.22044604925031E-16,-1.,0.));
#5794=DIRECTION('',(-0.707106781186548,0.,0.707106781186547));
#5795=DIRECTION('center_axis',(0.707106781186546,-2.63881085493071E-16,
0.707106781186549));
#5796=DIRECTION('ref_axis',(0.707106781186549,0.,-0.707106781186546));
#5797=DIRECTION('',(-0.707106781186549,0.,0.707106781186546));
#5798=DIRECTION('center_axis',(0.,0.,-1.));
#5799=DIRECTION('ref_axis',(1.,6.66133814775093E-16,0.));
#5800=DIRECTION('center_axis',(0.,0.,1.));
#5801=DIRECTION('ref_axis',(-1.,-4.44089209850063E-16,0.));
#5802=DIRECTION('',(0.,0.,1.));
#5803=DIRECTION('',(0.,0.,1.));
#5804=DIRECTION('center_axis',(-1.,0.,0.));
#5805=DIRECTION('ref_axis',(0.,-1.,0.));
#5806=DIRECTION('',(0.,0.,1.));
#5807=DIRECTION('center_axis',(0.,0.,1.));
#5808=DIRECTION('ref_axis',(-6.66133814775093E-16,1.,0.));
#5809=DIRECTION('center_axis',(0.,0.,1.));
#5810=DIRECTION('ref_axis',(1.,0.,0.));
#5811=DIRECTION('',(0.,0.,1.));
#5812=DIRECTION('center_axis',(0.,0.,-1.));
#5813=DIRECTION('ref_axis',(1.,0.,0.));
#5814=DIRECTION('center_axis',(0.,0.,-1.));
#5815=DIRECTION('ref_axis',(-1.,0.,0.));
#5816=DIRECTION('center_axis',(0.,0.,-1.));
#5817=DIRECTION('ref_axis',(-1.,0.,0.));
#5818=DIRECTION('',(0.,0.,-1.));
#5819=DIRECTION('center_axis',(0.,0.,1.));
#5820=DIRECTION('ref_axis',(-1.,0.,0.));
#5821=DIRECTION('center_axis',(0.,0.,-1.));
#5822=DIRECTION('ref_axis',(1.,0.,0.));
#5823=DIRECTION('center_axis',(0.,0.,-1.));
#5824=DIRECTION('ref_axis',(-1.,0.,0.));
#5825=DIRECTION('center_axis',(0.,0.,1.));
#5826=DIRECTION('ref_axis',(-1.,0.,0.));
#5827=DIRECTION('',(0.,0.,1.));
#5828=DIRECTION('center_axis',(1.2491960895923E-16,-1.,0.));
#5829=DIRECTION('ref_axis',(1.,1.2491960895923E-16,0.));
#5830=DIRECTION('center_axis',(-1.,0.,0.));
#5831=DIRECTION('ref_axis',(0.,-1.,0.));
#5832=DIRECTION('',(0.,1.,0.));
#5833=DIRECTION('',(0.,0.,1.));
#5834=DIRECTION('',(0.,-1.,0.));
#5835=DIRECTION('',(0.,0.,1.));
#5836=DIRECTION('center_axis',(0.,1.,0.));
#5837=DIRECTION('ref_axis',(-1.,0.,0.));
#5838=DIRECTION('',(1.,0.,0.));
#5839=DIRECTION('',(-1.,0.,0.));
#5840=DIRECTION('',(0.,0.,1.));
#5841=DIRECTION('center_axis',(1.,0.,0.));
#5842=DIRECTION('ref_axis',(0.,1.,0.));
#5843=DIRECTION('',(0.,-1.,0.));
#5844=DIRECTION('',(0.,1.,0.));
#5845=DIRECTION('',(0.,0.,1.));
#5846=DIRECTION('center_axis',(2.79741234551221E-15,-1.,0.));
#5847=DIRECTION('ref_axis',(1.,2.79741234551221E-15,0.));
#5848=DIRECTION('',(-1.,-2.79741234551221E-15,0.));
#5849=DIRECTION('',(1.,2.79741234551221E-15,0.));
#5850=DIRECTION('center_axis',(0.,0.,1.));
#5851=DIRECTION('ref_axis',(1.,0.,0.));
#5852=DIRECTION('center_axis',(0.,0.,-1.));
#5853=DIRECTION('ref_axis',(-1.,0.,0.));
#5854=DIRECTION('center_axis',(-1.,5.59482469102437E-15,0.));
#5855=DIRECTION('ref_axis',(-5.59482469102437E-15,-1.,0.));
#5856=DIRECTION('',(5.59482469102437E-15,1.,0.));
#5857=DIRECTION('',(0.,0.,1.));
#5858=DIRECTION('',(-5.59482469102437E-15,-1.,0.));
#5859=DIRECTION('',(0.,0.,1.));
#5860=DIRECTION('center_axis',(0.,1.,0.));
#5861=DIRECTION('ref_axis',(-1.,0.,0.));
#5862=DIRECTION('',(1.,0.,0.));
#5863=DIRECTION('',(-1.,0.,0.));
#5864=DIRECTION('',(0.,0.,1.));
#5865=DIRECTION('center_axis',(1.,-5.59482469102443E-15,0.));
#5866=DIRECTION('ref_axis',(5.59482469102443E-15,1.,0.));
#5867=DIRECTION('',(-5.59482469102443E-15,-1.,0.));
#5868=DIRECTION('',(5.59482469102443E-15,1.,0.));
#5869=DIRECTION('',(0.,0.,1.));
#5870=DIRECTION('center_axis',(5.59482469102441E-15,-1.,0.));
#5871=DIRECTION('ref_axis',(1.,5.59482469102441E-15,0.));
#5872=DIRECTION('',(-1.,-5.59482469102441E-15,0.));
#5873=DIRECTION('',(1.,5.59482469102441E-15,0.));
#5874=DIRECTION('center_axis',(0.,0.,1.));
#5875=DIRECTION('ref_axis',(1.,0.,0.));
#5876=DIRECTION('center_axis',(0.,0.,-1.));
#5877=DIRECTION('ref_axis',(-1.,0.,0.));
#5878=DIRECTION('center_axis',(-1.,-2.79741234551221E-15,0.));
#5879=DIRECTION('ref_axis',(2.79741234551221E-15,-1.,0.));
#5880=DIRECTION('',(-2.79741234551221E-15,1.,0.));
#5881=DIRECTION('',(0.,0.,1.));
#5882=DIRECTION('',(2.79741234551221E-15,-1.,0.));
#5883=DIRECTION('',(0.,0.,1.));
#5884=DIRECTION('center_axis',(0.,1.,0.));
#5885=DIRECTION('ref_axis',(-1.,0.,0.));
#5886=DIRECTION('',(1.,0.,0.));
#5887=DIRECTION('',(-1.,0.,0.));
#5888=DIRECTION('',(0.,0.,1.));
#5889=DIRECTION('center_axis',(1.,3.49676543189027E-15,0.));
#5890=DIRECTION('ref_axis',(-3.49676543189027E-15,1.,0.));
#5891=DIRECTION('',(3.49676543189027E-15,-1.,0.));
#5892=DIRECTION('',(-3.49676543189027E-15,1.,0.));
#5893=DIRECTION('',(0.,0.,1.));
#5894=DIRECTION('center_axis',(0.,-1.,0.));
#5895=DIRECTION('ref_axis',(1.,0.,0.));
#5896=DIRECTION('',(-1.,0.,0.));
#5897=DIRECTION('',(1.,0.,0.));
#5898=DIRECTION('center_axis',(0.,0.,1.));
#5899=DIRECTION('ref_axis',(1.,0.,0.));
#5900=DIRECTION('center_axis',(0.,0.,-1.));
#5901=DIRECTION('ref_axis',(-1.,0.,0.));
#5902=DIRECTION('center_axis',(-1.,-5.59482469102446E-15,0.));
#5903=DIRECTION('ref_axis',(5.59482469102446E-15,-1.,0.));
#5904=DIRECTION('',(-5.59482469102446E-15,1.,0.));
#5905=DIRECTION('',(0.,0.,1.));
#5906=DIRECTION('',(5.59482469102446E-15,-1.,0.));
#5907=DIRECTION('',(0.,0.,1.));
#5908=DIRECTION('center_axis',(1.99815167536586E-16,1.,0.));
#5909=DIRECTION('ref_axis',(-1.,1.99815167536586E-16,0.));
#5910=DIRECTION('',(1.,-1.99815167536586E-16,0.));
#5911=DIRECTION('',(-1.,1.99815167536586E-16,0.));
#5912=DIRECTION('',(0.,0.,1.));
#5913=DIRECTION('center_axis',(1.,5.59482469102443E-15,0.));
#5914=DIRECTION('ref_axis',(-5.59482469102443E-15,1.,0.));
#5915=DIRECTION('',(5.59482469102443E-15,-1.,0.));
#5916=DIRECTION('',(-5.59482469102443E-15,1.,0.));
#5917=DIRECTION('',(0.,0.,1.));
#5918=DIRECTION('center_axis',(-3.99630335073172E-16,-1.,0.));
#5919=DIRECTION('ref_axis',(1.,-3.99630335073172E-16,0.));
#5920=DIRECTION('',(-1.,3.99630335073172E-16,0.));
#5921=DIRECTION('',(1.,-3.99630335073172E-16,0.));
#5922=DIRECTION('center_axis',(0.,0.,1.));
#5923=DIRECTION('ref_axis',(1.,0.,0.));
#5924=DIRECTION('center_axis',(0.,0.,-1.));
#5925=DIRECTION('ref_axis',(-1.,0.,0.));
#5926=DIRECTION('center_axis',(-1.,0.,0.));
#5927=DIRECTION('ref_axis',(0.,-1.,0.));
#5928=DIRECTION('',(0.,-1.,0.));
#5929=DIRECTION('',(0.,0.,1.));
#5930=DIRECTION('',(0.,1.,0.));
#5931=DIRECTION('',(0.,0.,-1.));
#5932=DIRECTION('center_axis',(0.,-1.,0.));
#5933=DIRECTION('ref_axis',(1.,0.,0.));
#5934=DIRECTION('',(1.,0.,0.));
#5935=DIRECTION('',(-1.,0.,0.));
#5936=DIRECTION('',(0.,0.,1.));
#5937=DIRECTION('center_axis',(1.,0.,0.));
#5938=DIRECTION('ref_axis',(0.,1.,0.));
#5939=DIRECTION('',(0.,1.,0.));
#5940=DIRECTION('',(0.,-1.,0.));
#5941=DIRECTION('',(0.,0.,1.));
#5942=DIRECTION('center_axis',(0.,1.,0.));
#5943=DIRECTION('ref_axis',(-1.,0.,0.));
#5944=DIRECTION('',(-1.,0.,0.));
#5945=DIRECTION('',(1.,0.,0.));
#5946=DIRECTION('center_axis',(2.79741234551219E-15,-1.,0.));
#5947=DIRECTION('ref_axis',(1.,2.79741234551219E-15,0.));
#5948=DIRECTION('',(-1.,-2.79741234551219E-15,0.));
#5949=DIRECTION('',(0.,0.,1.));
#5950=DIRECTION('',(1.,2.79741234551219E-15,0.));
#5951=DIRECTION('',(0.,0.,1.));
#5952=DIRECTION('center_axis',(1.,-1.8649415636748E-15,0.));
#5953=DIRECTION('ref_axis',(1.8649415636748E-15,1.,0.));
#5954=DIRECTION('',(-1.8649415636748E-15,-1.,0.));
#5955=DIRECTION('',(1.8649415636748E-15,1.,0.));
#5956=DIRECTION('',(0.,0.,1.));
#5957=DIRECTION('center_axis',(-5.59482469102442E-15,-1.,0.));
#5958=DIRECTION('ref_axis',(1.,-5.59482469102442E-15,0.));
#5959=DIRECTION('',(-1.,5.59482469102442E-15,0.));
#5960=DIRECTION('',(1.,-5.59482469102442E-15,0.));
#5961=DIRECTION('',(0.,0.,1.));
#5962=DIRECTION('center_axis',(1.,0.,0.));
#5963=DIRECTION('ref_axis',(0.,1.,0.));
#5964=DIRECTION('',(0.,-1.,0.));
#5965=DIRECTION('',(0.,1.,0.));
#5966=DIRECTION('',(0.,0.,1.));
#5967=DIRECTION('center_axis',(2.79741234551221E-15,-1.,0.));
#5968=DIRECTION('ref_axis',(1.,2.79741234551221E-15,0.));
#5969=DIRECTION('',(-1.,-2.79741234551221E-15,0.));
#5970=DIRECTION('',(1.,2.79741234551221E-15,0.));
#5971=DIRECTION('',(0.,0.,1.));
#5972=DIRECTION('center_axis',(1.,0.,0.));
#5973=DIRECTION('ref_axis',(0.,1.,0.));
#5974=DIRECTION('',(0.,-1.,0.));
#5975=DIRECTION('',(0.,1.,0.));
#5976=DIRECTION('',(0.,0.,1.));
#5977=DIRECTION('center_axis',(0.,1.,0.));
#5978=DIRECTION('ref_axis',(-1.,0.,0.));
#5979=DIRECTION('',(1.,0.,0.));
#5980=DIRECTION('',(-1.,0.,0.));
#5981=DIRECTION('',(0.,0.,1.));
#5982=DIRECTION('center_axis',(1.,0.,0.));
#5983=DIRECTION('ref_axis',(0.,1.,0.));
#5984=DIRECTION('',(0.,-1.,0.));
#5985=DIRECTION('',(0.,1.,0.));
#5986=DIRECTION('',(0.,0.,1.));
#5987=DIRECTION('center_axis',(0.,-1.,0.));
#5988=DIRECTION('ref_axis',(1.,0.,0.));
#5989=DIRECTION('',(-1.,0.,0.));
#5990=DIRECTION('',(1.,0.,0.));
#5991=DIRECTION('',(0.,0.,1.));
#5992=DIRECTION('center_axis',(-1.,0.,0.));
#5993=DIRECTION('ref_axis',(0.,-1.,0.));
#5994=DIRECTION('',(0.,1.,0.));
#5995=DIRECTION('',(0.,-1.,0.));
#5996=DIRECTION('',(0.,0.,1.));
#5997=DIRECTION('center_axis',(2.81961403079405E-15,-1.,0.));
#5998=DIRECTION('ref_axis',(1.,2.81961403079405E-15,0.));
#5999=DIRECTION('',(-1.,-2.81961403079405E-15,0.));
#6000=DIRECTION('',(1.,2.81961403079405E-15,0.));
#6001=DIRECTION('',(0.,0.,1.));
#6002=DIRECTION('center_axis',(1.,0.,0.));
#6003=DIRECTION('ref_axis',(0.,1.,0.));
#6004=DIRECTION('',(0.,-1.,0.));
#6005=DIRECTION('',(0.,1.,0.));
#6006=DIRECTION('',(0.,0.,1.));
#6007=DIRECTION('center_axis',(0.,-1.,0.));
#6008=DIRECTION('ref_axis',(1.,0.,0.));
#6009=DIRECTION('',(-1.,0.,0.));
#6010=DIRECTION('',(1.,0.,0.));
#6011=DIRECTION('',(0.,0.,1.));
#6012=DIRECTION('center_axis',(-1.,0.,0.));
#6013=DIRECTION('ref_axis',(0.,-1.,0.));
#6014=DIRECTION('',(0.,1.,0.));
#6015=DIRECTION('',(0.,-1.,0.));
#6016=DIRECTION('',(0.,0.,1.));
#6017=DIRECTION('center_axis',(-2.79741234551221E-15,-1.,0.));
#6018=DIRECTION('ref_axis',(1.,-2.79741234551221E-15,0.));
#6019=DIRECTION('',(-1.,2.79741234551221E-15,0.));
#6020=DIRECTION('',(1.,-2.79741234551221E-15,0.));
#6021=DIRECTION('',(0.,0.,1.));
#6022=DIRECTION('center_axis',(-1.,0.,0.));
#6023=DIRECTION('ref_axis',(0.,-1.,0.));
#6024=DIRECTION('',(0.,1.,0.));
#6025=DIRECTION('',(0.,-1.,0.));
#6026=DIRECTION('',(0.,0.,1.));
#6027=DIRECTION('center_axis',(2.79741234551221E-15,-1.,0.));
#6028=DIRECTION('ref_axis',(1.,2.79741234551221E-15,0.));
#6029=DIRECTION('',(-1.,-2.79741234551221E-15,0.));
#6030=DIRECTION('',(1.,2.79741234551221E-15,0.));
#6031=DIRECTION('',(0.,0.,1.));
#6032=DIRECTION('center_axis',(-1.,0.,0.));
#6033=DIRECTION('ref_axis',(0.,-1.,0.));
#6034=DIRECTION('',(0.,1.,0.));
#6035=DIRECTION('',(0.,-1.,0.));
#6036=DIRECTION('',(0.,0.,1.));
#6037=DIRECTION('center_axis',(-2.79741234551221E-15,-1.,0.));
#6038=DIRECTION('ref_axis',(1.,-2.79741234551221E-15,0.));
#6039=DIRECTION('',(-1.,2.79741234551221E-15,0.));
#6040=DIRECTION('',(1.,-2.79741234551221E-15,0.));
#6041=DIRECTION('',(0.,0.,1.));
#6042=DIRECTION('center_axis',(-1.,0.,0.));
#6043=DIRECTION('ref_axis',(0.,-1.,0.));
#6044=DIRECTION('',(0.,1.,0.));
#6045=DIRECTION('',(0.,-1.,0.));
#6046=DIRECTION('',(0.,0.,1.));
#6047=DIRECTION('center_axis',(-2.79741234551221E-15,-1.,0.));
#6048=DIRECTION('ref_axis',(1.,-2.79741234551221E-15,0.));
#6049=DIRECTION('',(-1.,2.79741234551221E-15,0.));
#6050=DIRECTION('',(1.,-2.79741234551221E-15,0.));
#6051=DIRECTION('',(0.,0.,1.));
#6052=DIRECTION('center_axis',(-1.,-2.79741234551222E-15,0.));
#6053=DIRECTION('ref_axis',(2.79741234551222E-15,-1.,0.));
#6054=DIRECTION('',(-2.79741234551222E-15,1.,0.));
#6055=DIRECTION('',(2.79741234551222E-15,-1.,0.));
#6056=DIRECTION('',(0.,0.,1.));
#6057=DIRECTION('center_axis',(2.7974123455122E-15,-1.,0.));
#6058=DIRECTION('ref_axis',(1.,2.7974123455122E-15,0.));
#6059=DIRECTION('',(-1.,-2.7974123455122E-15,0.));
#6060=DIRECTION('',(1.,2.7974123455122E-15,0.));
#6061=DIRECTION('',(0.,0.,1.));
#6062=DIRECTION('center_axis',(-1.,3.99181312224775E-16,0.));
#6063=DIRECTION('ref_axis',(-3.99181312224775E-16,-1.,0.));
#6064=DIRECTION('',(3.99181312224775E-16,1.,0.));
#6065=DIRECTION('',(-3.99181312224775E-16,-1.,0.));
#6066=DIRECTION('',(0.,0.,1.));
#6067=DIRECTION('center_axis',(-2.089831575765E-15,1.,0.));
#6068=DIRECTION('ref_axis',(-1.,-2.089831575765E-15,0.));
#6069=DIRECTION('',(1.,2.089831575765E-15,0.));
#6070=DIRECTION('',(-1.,-2.089831575765E-15,0.));
#6071=DIRECTION('',(0.,0.,1.));
#6072=DIRECTION('center_axis',(1.,0.,0.));
#6073=DIRECTION('ref_axis',(0.,1.,0.));
#6074=DIRECTION('',(0.,-1.,0.));
#6075=DIRECTION('',(0.,1.,0.));
#6076=DIRECTION('',(0.,0.,1.));
#6077=DIRECTION('center_axis',(2.79741234551222E-15,1.,0.));
#6078=DIRECTION('ref_axis',(-1.,2.79741234551222E-15,0.));
#6079=DIRECTION('',(1.,-2.79741234551222E-15,0.));
#6080=DIRECTION('',(-1.,2.79741234551222E-15,0.));
#6081=DIRECTION('',(0.,0.,1.));
#6082=DIRECTION('center_axis',(1.,2.79741234551222E-15,0.));
#6083=DIRECTION('ref_axis',(-2.79741234551222E-15,1.,0.));
#6084=DIRECTION('',(2.79741234551222E-15,-1.,0.));
#6085=DIRECTION('',(-2.79741234551222E-15,1.,0.));
#6086=DIRECTION('',(0.,0.,1.));
#6087=DIRECTION('center_axis',(-2.7974123455122E-15,1.,0.));
#6088=DIRECTION('ref_axis',(-1.,-2.7974123455122E-15,0.));
#6089=DIRECTION('',(1.,2.7974123455122E-15,0.));
#6090=DIRECTION('',(-1.,-2.7974123455122E-15,0.));
#6091=DIRECTION('',(0.,0.,1.));
#6092=DIRECTION('center_axis',(1.,0.,0.));
#6093=DIRECTION('ref_axis',(0.,1.,0.));
#6094=DIRECTION('',(0.,-1.,0.));
#6095=DIRECTION('',(0.,1.,0.));
#6096=DIRECTION('',(0.,0.,1.));
#6097=DIRECTION('center_axis',(2.81961403079405E-15,1.,0.));
#6098=DIRECTION('ref_axis',(-1.,2.81961403079405E-15,0.));
#6099=DIRECTION('',(1.,-2.81961403079405E-15,0.));
#6100=DIRECTION('',(-1.,2.81961403079405E-15,0.));
#6101=DIRECTION('',(0.,0.,1.));
#6102=DIRECTION('center_axis',(-1.,2.79741234551221E-15,0.));
#6103=DIRECTION('ref_axis',(-2.79741234551221E-15,-1.,0.));
#6104=DIRECTION('',(2.79741234551221E-15,1.,0.));
#6105=DIRECTION('',(-2.79741234551221E-15,-1.,0.));
#6106=DIRECTION('',(0.,0.,1.));
#6107=DIRECTION('center_axis',(-2.79741234551222E-15,1.,0.));
#6108=DIRECTION('ref_axis',(-1.,-2.79741234551222E-15,0.));
#6109=DIRECTION('',(1.,2.79741234551222E-15,0.));
#6110=DIRECTION('',(-1.,-2.79741234551222E-15,0.));
#6111=DIRECTION('',(0.,0.,1.));
#6112=DIRECTION('center_axis',(-1.,-2.7974123455122E-15,0.));
#6113=DIRECTION('ref_axis',(2.7974123455122E-15,-1.,0.));
#6114=DIRECTION('',(-2.7974123455122E-15,1.,0.));
#6115=DIRECTION('',(2.7974123455122E-15,-1.,0.));
#6116=DIRECTION('',(0.,0.,1.));
#6117=DIRECTION('center_axis',(1.8649415636748E-15,1.,0.));
#6118=DIRECTION('ref_axis',(-1.,1.8649415636748E-15,0.));
#6119=DIRECTION('',(1.,-1.8649415636748E-15,0.));
#6120=DIRECTION('',(-1.,1.8649415636748E-15,0.));
#6121=DIRECTION('',(0.,0.,1.));
#6122=DIRECTION('center_axis',(-1.,0.,0.));
#6123=DIRECTION('ref_axis',(0.,-1.,0.));
#6124=DIRECTION('',(0.,1.,0.));
#6125=DIRECTION('',(0.,-1.,0.));
#6126=DIRECTION('',(0.,0.,1.));
#6127=DIRECTION('center_axis',(-1.8649415636748E-15,1.,0.));
#6128=DIRECTION('ref_axis',(-1.,-1.8649415636748E-15,0.));
#6129=DIRECTION('',(1.,1.8649415636748E-15,0.));
#6130=DIRECTION('',(-1.,-1.8649415636748E-15,0.));
#6131=DIRECTION('',(0.,0.,1.));
#6132=DIRECTION('center_axis',(-1.,5.59482469102441E-15,0.));
#6133=DIRECTION('ref_axis',(-5.59482469102441E-15,-1.,0.));
#6134=DIRECTION('',(5.59482469102441E-15,1.,0.));
#6135=DIRECTION('',(-5.59482469102441E-15,-1.,0.));
#6136=DIRECTION('',(0.,0.,1.));
#6137=DIRECTION('center_axis',(0.,1.,0.));
#6138=DIRECTION('ref_axis',(-1.,0.,0.));
#6139=DIRECTION('',(1.,0.,0.));
#6140=DIRECTION('',(-1.,0.,0.));
#6141=DIRECTION('',(0.,0.,1.));
#6142=DIRECTION('center_axis',(-1.,0.,0.));
#6143=DIRECTION('ref_axis',(0.,-1.,0.));
#6144=DIRECTION('',(0.,1.,0.));
#6145=DIRECTION('',(0.,-1.,0.));
#6146=DIRECTION('',(0.,0.,1.));
#6147=DIRECTION('center_axis',(0.,1.,0.));
#6148=DIRECTION('ref_axis',(-1.,0.,0.));
#6149=DIRECTION('',(1.,0.,0.));
#6150=DIRECTION('',(-1.,0.,0.));
#6151=DIRECTION('',(0.,0.,1.));
#6152=DIRECTION('center_axis',(-1.,0.,0.));
#6153=DIRECTION('ref_axis',(0.,-1.,0.));
#6154=DIRECTION('',(0.,1.,0.));
#6155=DIRECTION('',(0.,-1.,0.));
#6156=DIRECTION('',(0.,0.,1.));
#6157=DIRECTION('center_axis',(7.76379737500109E-17,1.,0.));
#6158=DIRECTION('ref_axis',(-1.,7.76379737500109E-17,0.));
#6159=DIRECTION('',(1.,-7.76379737500109E-17,0.));
#6160=DIRECTION('',(-1.,7.76379737500109E-17,0.));
#6161=DIRECTION('',(0.,0.,1.));
#6162=DIRECTION('center_axis',(1.,-2.09805925913415E-15,0.));
#6163=DIRECTION('ref_axis',(2.09805925913415E-15,1.,0.));
#6164=DIRECTION('',(-2.09805925913415E-15,-1.,0.));
#6165=DIRECTION('',(2.09805925913415E-15,1.,0.));
#6166=DIRECTION('',(0.,0.,1.));
#6167=DIRECTION('center_axis',(0.,1.,0.));
#6168=DIRECTION('ref_axis',(-1.,0.,0.));
#6169=DIRECTION('',(1.,0.,0.));
#6170=DIRECTION('',(-1.,0.,0.));
#6171=DIRECTION('',(0.,0.,1.));
#6172=DIRECTION('center_axis',(1.,2.53946653238063E-16,0.));
#6173=DIRECTION('ref_axis',(-2.53946653238063E-16,1.,0.));
#6174=DIRECTION('',(2.53946653238063E-16,-1.,0.));
#6175=DIRECTION('',(-2.53946653238063E-16,1.,0.));
#6176=DIRECTION('',(0.,0.,1.));
#6177=DIRECTION('center_axis',(0.,-1.,0.));
#6178=DIRECTION('ref_axis',(1.,0.,0.));
#6179=DIRECTION('',(-1.,0.,0.));
#6180=DIRECTION('',(1.,0.,0.));
#6181=DIRECTION('',(0.,0.,1.));
#6182=DIRECTION('center_axis',(1.,-1.3987061727561E-15,0.));
#6183=DIRECTION('ref_axis',(1.3987061727561E-15,1.,0.));
#6184=DIRECTION('',(-1.3987061727561E-15,-1.,0.));
#6185=DIRECTION('',(1.3987061727561E-15,1.,0.));
#6186=DIRECTION('',(0.,0.,1.));
#6187=DIRECTION('center_axis',(0.,-1.,0.));
#6188=DIRECTION('ref_axis',(1.,0.,0.));
#6189=DIRECTION('',(-1.,0.,0.));
#6190=DIRECTION('',(1.,0.,0.));
#6191=DIRECTION('',(0.,0.,1.));
#6192=DIRECTION('center_axis',(1.,1.40980701539702E-15,0.));
#6193=DIRECTION('ref_axis',(-1.40980701539702E-15,1.,0.));
#6194=DIRECTION('',(1.40980701539702E-15,-1.,0.));
#6195=DIRECTION('',(-1.40980701539702E-15,1.,0.));
#6196=DIRECTION('',(0.,0.,1.));
#6197=DIRECTION('center_axis',(0.,1.,0.));
#6198=DIRECTION('ref_axis',(-1.,0.,0.));
#6199=DIRECTION('',(1.,0.,0.));
#6200=DIRECTION('',(-1.,0.,0.));
#6201=DIRECTION('',(0.,0.,1.));
#6202=DIRECTION('center_axis',(1.,-9.30029758848299E-16,0.));
#6203=DIRECTION('ref_axis',(9.30029758848299E-16,1.,0.));
#6204=DIRECTION('',(-9.30029758848299E-16,-1.,0.));
#6205=DIRECTION('',(9.30029758848299E-16,1.,0.));
#6206=DIRECTION('',(0.,0.,1.));
#6207=DIRECTION('center_axis',(0.,-1.,0.));
#6208=DIRECTION('ref_axis',(1.,0.,0.));
#6209=DIRECTION('',(-1.,0.,0.));
#6210=DIRECTION('',(1.,0.,0.));
#6211=DIRECTION('',(0.,0.,1.));
#6212=DIRECTION('center_axis',(1.,0.,0.));
#6213=DIRECTION('ref_axis',(0.,1.,0.));
#6214=DIRECTION('',(0.,-1.,0.));
#6215=DIRECTION('',(0.,1.,0.));
#6216=DIRECTION('center_axis',(0.,0.,1.));
#6217=DIRECTION('ref_axis',(1.,0.,0.));
#6218=DIRECTION('center_axis',(0.,0.,-1.));
#6219=DIRECTION('ref_axis',(-1.,0.,0.));
#6220=DIRECTION('center_axis',(-1.,-2.79741234551218E-15,0.));
#6221=DIRECTION('ref_axis',(2.79741234551218E-15,-1.,0.));
#6222=DIRECTION('',(-2.79741234551218E-15,1.,0.));
#6223=DIRECTION('',(0.,0.,1.));
#6224=DIRECTION('',(2.79741234551218E-15,-1.,0.));
#6225=DIRECTION('',(0.,0.,1.));
#6226=DIRECTION('center_axis',(0.,1.,0.));
#6227=DIRECTION('ref_axis',(-1.,0.,0.));
#6228=DIRECTION('',(1.,0.,0.));
#6229=DIRECTION('',(-1.,0.,0.));
#6230=DIRECTION('',(0.,0.,1.));
#6231=DIRECTION('center_axis',(1.,2.79741234551221E-15,0.));
#6232=DIRECTION('ref_axis',(-2.79741234551221E-15,1.,0.));
#6233=DIRECTION('',(2.79741234551221E-15,-1.,0.));
#6234=DIRECTION('',(-2.79741234551221E-15,1.,0.));
#6235=DIRECTION('',(0.,0.,1.));
#6236=DIRECTION('center_axis',(1.11896493820488E-14,-1.,0.));
#6237=DIRECTION('ref_axis',(1.,1.11896493820488E-14,0.));
#6238=DIRECTION('',(-1.,-1.11896493820488E-14,0.));
#6239=DIRECTION('',(1.,1.11896493820488E-14,0.));
#6240=DIRECTION('center_axis',(0.,0.,1.));
#6241=DIRECTION('ref_axis',(1.,0.,0.));
#6242=DIRECTION('center_axis',(0.,0.,-1.));
#6243=DIRECTION('ref_axis',(-1.,0.,0.));
#6244=DIRECTION('center_axis',(-1.,-1.39870617275611E-15,0.));
#6245=DIRECTION('ref_axis',(1.39870617275611E-15,-1.,0.));
#6246=DIRECTION('',(-1.39870617275611E-15,1.,0.));
#6247=DIRECTION('',(0.,0.,1.));
#6248=DIRECTION('',(1.39870617275611E-15,-1.,0.));
#6249=DIRECTION('',(0.,0.,1.));
#6250=DIRECTION('center_axis',(0.,1.,0.));
#6251=DIRECTION('ref_axis',(-1.,0.,0.));
#6252=DIRECTION('',(1.,0.,0.));
#6253=DIRECTION('',(-1.,0.,0.));
#6254=DIRECTION('',(0.,0.,1.));
#6255=DIRECTION('center_axis',(1.,1.3987061727561E-15,0.));
#6256=DIRECTION('ref_axis',(-1.3987061727561E-15,1.,0.));
#6257=DIRECTION('',(1.3987061727561E-15,-1.,0.));
#6258=DIRECTION('',(-1.3987061727561E-15,1.,0.));
#6259=DIRECTION('',(0.,0.,1.));
#6260=DIRECTION('center_axis',(-1.8649415636748E-15,-1.,0.));
#6261=DIRECTION('ref_axis',(1.,-1.8649415636748E-15,0.));
#6262=DIRECTION('',(-1.,1.8649415636748E-15,0.));
#6263=DIRECTION('',(1.,-1.8649415636748E-15,0.));
#6264=DIRECTION('center_axis',(0.,0.,1.));
#6265=DIRECTION('ref_axis',(1.,0.,0.));
#6266=DIRECTION('center_axis',(0.,0.,-1.));
#6267=DIRECTION('ref_axis',(-1.,0.,0.));
#6268=DIRECTION('center_axis',(-1.,0.,0.));
#6269=DIRECTION('ref_axis',(0.,-1.,0.));
#6270=DIRECTION('',(0.,1.,0.));
#6271=DIRECTION('',(0.,0.,1.));
#6272=DIRECTION('',(0.,-1.,0.));
#6273=DIRECTION('',(0.,0.,1.));
#6274=DIRECTION('center_axis',(0.,1.,0.));
#6275=DIRECTION('ref_axis',(-1.,0.,0.));
#6276=DIRECTION('',(1.,0.,0.));
#6277=DIRECTION('',(-1.,0.,0.));
#6278=DIRECTION('',(0.,0.,1.));
#6279=DIRECTION('center_axis',(1.,0.,0.));
#6280=DIRECTION('ref_axis',(0.,1.,0.));
#6281=DIRECTION('',(0.,-1.,0.));
#6282=DIRECTION('',(0.,1.,0.));
#6283=DIRECTION('',(0.,0.,1.));
#6284=DIRECTION('center_axis',(1.3987061727561E-15,-1.,0.));
#6285=DIRECTION('ref_axis',(1.,1.3987061727561E-15,0.));
#6286=DIRECTION('',(-1.,-1.3987061727561E-15,0.));
#6287=DIRECTION('',(1.,1.3987061727561E-15,0.));
#6288=DIRECTION('center_axis',(0.,0.,1.));
#6289=DIRECTION('ref_axis',(1.,0.,0.));
#6290=DIRECTION('center_axis',(0.,0.,-1.));
#6291=DIRECTION('ref_axis',(-1.,0.,0.));
#6292=DIRECTION('center_axis',(-1.,1.11896493820489E-14,0.));
#6293=DIRECTION('ref_axis',(-1.11896493820489E-14,-1.,0.));
#6294=DIRECTION('',(1.11896493820489E-14,1.,0.));
#6295=DIRECTION('',(0.,0.,1.));
#6296=DIRECTION('',(-1.11896493820489E-14,-1.,0.));
#6297=DIRECTION('',(0.,0.,1.));
#6298=DIRECTION('center_axis',(0.,1.,0.));
#6299=DIRECTION('ref_axis',(-1.,0.,0.));
#6300=DIRECTION('',(1.,0.,0.));
#6301=DIRECTION('',(-1.,0.,0.));
#6302=DIRECTION('',(0.,0.,1.));
#6303=DIRECTION('center_axis',(1.,-1.11896493820488E-14,0.));
#6304=DIRECTION('ref_axis',(1.11896493820488E-14,1.,0.));
#6305=DIRECTION('',(-1.11896493820488E-14,-1.,0.));
#6306=DIRECTION('',(1.11896493820488E-14,1.,0.));
#6307=DIRECTION('',(0.,0.,1.));
#6308=DIRECTION('center_axis',(-3.49676543189026E-16,-1.,0.));
#6309=DIRECTION('ref_axis',(1.,-3.49676543189026E-16,0.));
#6310=DIRECTION('',(-1.,3.49676543189026E-16,0.));
#6311=DIRECTION('',(1.,-3.49676543189026E-16,0.));
#6312=DIRECTION('center_axis',(0.,0.,1.));
#6313=DIRECTION('ref_axis',(1.,0.,0.));
#6314=DIRECTION('center_axis',(0.,0.,-1.));
#6315=DIRECTION('ref_axis',(-1.,0.,0.));
#6316=CARTESIAN_POINT('',(0.,0.,0.));
#6317=CARTESIAN_POINT('Origin',(-22.275,8.925,7.));
#6318=CARTESIAN_POINT('',(-20.775,15.35,5.5));
#6319=CARTESIAN_POINT('',(-23.775,15.35,8.5));
#6320=CARTESIAN_POINT('',(-20.775,15.35,5.5));
#6321=CARTESIAN_POINT('',(-23.775,7.85000000000001,8.5));
#6322=CARTESIAN_POINT('',(-23.775,8.925,8.5));
#6323=CARTESIAN_POINT('',(-20.775,7.85000000000001,5.5));
#6324=CARTESIAN_POINT('',(-23.775,7.85000000000001,8.5));
#6325=CARTESIAN_POINT('',(-20.775,8.925,5.5));
#6326=CARTESIAN_POINT('Origin',(-18.275,15.35,7.));
#6327=CARTESIAN_POINT('',(-20.2936822582598,16.8247616553827,5.5));
#6328=CARTESIAN_POINT('',(-22.7161009681715,18.594475641842,8.5));
#6329=CARTESIAN_POINT('',(-20.2936822582598,16.8247616553827,5.5));
#6330=CARTESIAN_POINT('Origin',(-18.275,15.35,8.5));
#6331=CARTESIAN_POINT('Origin',(-18.275,15.35,5.5));
#6332=CARTESIAN_POINT('Origin',(8.88750000000001,19.35,7.));
#6333=CARTESIAN_POINT('',(-18.2317633013575,20.85,8.5));
#6334=CARTESIAN_POINT('',(-18.2317633013575,17.85,5.5));
#6335=CARTESIAN_POINT('',(-18.2317633013575,20.85,8.5));
#6336=CARTESIAN_POINT('',(16.775,17.85,5.5));
#6337=CARTESIAN_POINT('',(8.88750000000001,17.85,5.5));
#6338=CARTESIAN_POINT('',(16.775,20.85,8.5));
#6339=CARTESIAN_POINT('',(16.775,17.85,5.5));
#6340=CARTESIAN_POINT('',(8.88750000000001,20.85,8.5));
#6341=CARTESIAN_POINT('Origin',(16.775,16.85,7.));
#6342=CARTESIAN_POINT('',(17.775,16.85,5.5));
#6343=CARTESIAN_POINT('Origin',(16.775,16.85,5.5));
#6344=CARTESIAN_POINT('',(20.775,16.85,8.5));
#6345=CARTESIAN_POINT('',(17.775,16.85,5.5));
#6346=CARTESIAN_POINT('Origin',(16.775,16.85,8.5));
#6347=CARTESIAN_POINT('Origin',(19.275,2.825,7.));
#6348=CARTESIAN_POINT('',(17.775,6.35000000000002,5.5));
#6349=CARTESIAN_POINT('',(20.775,6.35000000000002,8.5));
#6350=CARTESIAN_POINT('',(17.775,6.35000000000002,5.5));
#6351=CARTESIAN_POINT('',(20.775,2.825,8.5));
#6352=CARTESIAN_POINT('',(17.775,2.825,5.5));
#6353=CARTESIAN_POINT('Origin',(16.775,6.35000000000002,7.));
#6354=CARTESIAN_POINT('',(16.775,5.35000000000002,5.5));
#6355=CARTESIAN_POINT('Origin',(16.775,6.35000000000002,5.5));
#6356=CARTESIAN_POINT('',(16.775,2.35000000000002,8.5));
#6357=CARTESIAN_POINT('',(16.775,5.35000000000002,5.5));
#6358=CARTESIAN_POINT('Origin',(16.775,6.35000000000002,8.5));
#6359=CARTESIAN_POINT('Origin',(-10.3875,3.85000000000001,7.));
#6360=CARTESIAN_POINT('',(-18.275,5.35000000000001,5.5));
#6361=CARTESIAN_POINT('',(-18.275,2.35,8.5));
#6362=CARTESIAN_POINT('',(-18.275,5.35000000000001,5.5));
#6363=CARTESIAN_POINT('',(-10.3875,2.35000000000001,8.5));
#6364=CARTESIAN_POINT('',(-10.3875,5.35000000000001,5.5));
#6365=CARTESIAN_POINT('Origin',(-18.275,7.85000000000001,7.));
#6366=CARTESIAN_POINT('Origin',(-18.275,7.85000000000001,5.5));
#6367=CARTESIAN_POINT('Origin',(-18.275,7.85000000000001,8.5));
#6368=CARTESIAN_POINT('Ctrl Pts',(-22.7161009681715,18.594475641842,8.5));
#6369=CARTESIAN_POINT('Ctrl Pts',(-22.280481186169,19.190760419159,8.5));
#6370=CARTESIAN_POINT('Ctrl Pts',(-20.9802741923739,20.3754380060118,8.5));
#6371=CARTESIAN_POINT('Ctrl Pts',(-19.2596105857378,20.8500000003252,8.5));
#6372=CARTESIAN_POINT('Ctrl Pts',(-18.2749999981838,20.85,8.5));
#6373=CARTESIAN_POINT('Ctrl Pts',(-21.9086280648676,18.0045709796889,7.5));
#6374=CARTESIAN_POINT('Ctrl Pts',(-21.5522118795928,18.4924403429483,7.5));
#6375=CARTESIAN_POINT('Ctrl Pts',(-20.4884061573968,19.4617220049187,7.5));
#6376=CARTESIAN_POINT('Ctrl Pts',(-19.08059047924,19.850000000266,7.5));
#6377=CARTESIAN_POINT('Ctrl Pts',(-18.274999998514,19.85,7.5));
#6378=CARTESIAN_POINT('Ctrl Pts',(-21.1011551615637,17.4146663175358,6.5));
#6379=CARTESIAN_POINT('Ctrl Pts',(-20.8239425730166,17.7941202667375,6.5));
#6380=CARTESIAN_POINT('Ctrl Pts',(-19.9965381224197,18.5480060038257,6.5));
#6381=CARTESIAN_POINT('Ctrl Pts',(-18.9015703727422,18.8500000002069,6.5));
#6382=CARTESIAN_POINT('Ctrl Pts',(-18.2749999988442,18.85,6.5));
#6383=CARTESIAN_POINT('Ctrl Pts',(-20.2936822582598,16.8247616553827,5.5));
#6384=CARTESIAN_POINT('Ctrl Pts',(-20.0956732664404,17.0958001905268,5.5));
#6385=CARTESIAN_POINT('Ctrl Pts',(-19.5046700874427,17.6342900027326,5.5));
#6386=CARTESIAN_POINT('Ctrl Pts',(-18.7225502662444,17.8500000001478,5.5));
#6387=CARTESIAN_POINT('Ctrl Pts',(-18.2749999991744,17.85,5.5));
#6388=CARTESIAN_POINT('',(-18.275,20.6431331341573,8.29313313415731));
#6389=CARTESIAN_POINT('Ctrl Pts',(-18.275,20.6431331341573,8.29313313415731));
#6390=CARTESIAN_POINT('Ctrl Pts',(-18.3603153935574,20.2942949059559,7.94429490595585));
#6391=CARTESIAN_POINT('Ctrl Pts',(-18.5019521693295,19.9763963586479,7.62753860500292));
#6392=CARTESIAN_POINT('Ctrl Pts',(-18.7993909122736,19.5122372313033,7.19290941323775));
#6393=CARTESIAN_POINT('Ctrl Pts',(-18.9481042666317,19.324693453491,7.02566711180124));
#6394=CARTESIAN_POINT('Ctrl Pts',(-19.2552907581009,19.0246487457005,6.80009406634843));
#6395=CARTESIAN_POINT('Ctrl Pts',(-19.4011098823826,18.9038525834409,6.72304669038328));
#6396=CARTESIAN_POINT('Ctrl Pts',(-19.7113808532249,18.6949016941361,6.63621636270284));
#6397=CARTESIAN_POINT('Ctrl Pts',(-19.8666751792323,18.6082075966166,6.62172934507901));
#6398=CARTESIAN_POINT('Ctrl Pts',(-20.2026165283993,18.4575131221542,6.65204326415131));
#6399=CARTESIAN_POINT('Ctrl Pts',(-20.3742214438134,18.398954224254,6.69821177503539));
#6400=CARTESIAN_POINT('Ctrl Pts',(-20.7543805759454,18.3027826068839,6.85049474062649));
#6401=CARTESIAN_POINT('Ctrl Pts',(-20.9597390368942,18.2742508451503,6.96713865479542));
#6402=CARTESIAN_POINT('Ctrl Pts',(-21.4493016838167,18.2495683840021,7.29357232789874));
#6403=CARTESIAN_POINT('Ctrl Pts',(-21.7534491330865,18.2763995679178,7.54384540712239));
#6404=CARTESIAN_POINT('Ctrl Pts',(-22.288771552503,18.4079548160673,8.04494781363108));
#6405=CARTESIAN_POINT('Ctrl Pts',(-22.5099032687242,18.4906352102819,8.27224499027537));
#6406=CARTESIAN_POINT('Ctrl Pts',(-22.7161009681715,18.594475641842,8.49999999999999));
#6407=CARTESIAN_POINT('',(-18.275,17.85,5.5));
#6408=CARTESIAN_POINT('Ctrl Pts',(-20.2936822582598,16.8247616553827,5.5));
#6409=CARTESIAN_POINT('Ctrl Pts',(-20.0956732664404,17.0958001905268,5.5));
#6410=CARTESIAN_POINT('Ctrl Pts',(-19.5046700876503,17.6342900025434,5.5));
#6411=CARTESIAN_POINT('Ctrl Pts',(-18.722550266794,17.8499999999962,5.5));
#6412=CARTESIAN_POINT('Ctrl Pts',(-18.275,17.85,5.5));
#6413=CARTESIAN_POINT('',(-18.275,17.85,5.5));
#6414=CARTESIAN_POINT('Ctrl Pts',(-18.275,20.85,8.5));
#6415=CARTESIAN_POINT('Ctrl Pts',(-18.2605877671192,20.85,8.5));
#6416=CARTESIAN_POINT('Ctrl Pts',(-18.2461755342383,20.85,8.5));
#6417=CARTESIAN_POINT('Ctrl Pts',(-18.2317633013575,20.85,8.5));
#6418=CARTESIAN_POINT('Ctrl Pts',(-18.275,19.85,7.5));
#6419=CARTESIAN_POINT('Ctrl Pts',(-18.2605877671192,19.85,7.5));
#6420=CARTESIAN_POINT('Ctrl Pts',(-18.2461755342383,19.85,7.5));
#6421=CARTESIAN_POINT('Ctrl Pts',(-18.2317633013575,19.85,7.5));
#6422=CARTESIAN_POINT('Ctrl Pts',(-18.275,18.85,6.5));
#6423=CARTESIAN_POINT('Ctrl Pts',(-18.2605877671192,18.85,6.5));
#6424=CARTESIAN_POINT('Ctrl Pts',(-18.2461755342383,18.85,6.5));
#6425=CARTESIAN_POINT('Ctrl Pts',(-18.2317633013575,18.85,6.5));
#6426=CARTESIAN_POINT('Ctrl Pts',(-18.275,17.85,5.5));
#6427=CARTESIAN_POINT('Ctrl Pts',(-18.2605877671192,17.85,5.5));
#6428=CARTESIAN_POINT('Ctrl Pts',(-18.2461755342383,17.85,5.5));
#6429=CARTESIAN_POINT('Ctrl Pts',(-18.2317633013575,17.85,5.5));
#6430=CARTESIAN_POINT('Ctrl Pts',(-18.2317633013575,20.85,8.5));
#6431=CARTESIAN_POINT('Ctrl Pts',(-18.2382380660972,20.8127767446071,8.46277674460706));
#6432=CARTESIAN_POINT('Ctrl Pts',(-18.2453985154736,20.7756098335032,8.42560983350315));
#6433=CARTESIAN_POINT('Ctrl Pts',(-18.2532480396379,20.7385191211296,8.38851912112959));
#6434=CARTESIAN_POINT('Ctrl Pts',(-18.2599887610778,20.7066677432772,8.35666774327716));
#6435=CARTESIAN_POINT('Ctrl Pts',(-18.2672385803871,20.6748680855324,8.32486808553234));
#6436=CARTESIAN_POINT('Ctrl Pts',(-18.275,20.6431331341573,8.29313313415729));
#6437=CARTESIAN_POINT('Ctrl Pts',(-18.275,17.85,5.5));
#6438=CARTESIAN_POINT('Ctrl Pts',(-18.2605877671192,17.85,5.5));
#6439=CARTESIAN_POINT('Ctrl Pts',(-18.2461755342383,17.85,5.5));
#6440=CARTESIAN_POINT('Ctrl Pts',(-18.2317633013575,17.85,5.5));
#6441=CARTESIAN_POINT('Origin',(-20.775,5.35000000000001,0.));
#6442=CARTESIAN_POINT('',(16.775,5.35000000000002,4.5));
#6443=CARTESIAN_POINT('',(16.775,5.35000000000002,2.25));
#6444=CARTESIAN_POINT('',(-18.275,5.35000000000001,4.5));
#6445=CARTESIAN_POINT('',(-10.3875,5.35000000000001,4.5));
#6446=CARTESIAN_POINT('',(-18.275,5.35000000000001,0.));
#6447=CARTESIAN_POINT('Origin',(16.775,6.35000000000002,2.25));
#6448=CARTESIAN_POINT('',(17.775,6.35000000000002,4.5));
#6449=CARTESIAN_POINT('',(17.775,6.35000000000002,2.25));
#6450=CARTESIAN_POINT('Origin',(16.775,6.35000000000002,4.5));
#6451=CARTESIAN_POINT('Origin',(17.775,5.65,4.5));
#6452=CARTESIAN_POINT('',(17.775,16.85,4.5));
#6453=CARTESIAN_POINT('',(17.775,16.85,2.25));
#6454=CARTESIAN_POINT('',(17.775,2.67500000000001,4.5));
#6455=CARTESIAN_POINT('Origin',(16.775,16.85,2.25));
#6456=CARTESIAN_POINT('',(16.775,17.85,4.5));
#6457=CARTESIAN_POINT('',(16.775,17.85,2.25));
#6458=CARTESIAN_POINT('Origin',(16.775,16.85,4.5));
#6459=CARTESIAN_POINT('Origin',(-21.3105339059327,21.3855339059327,8.5));
#6460=CARTESIAN_POINT('',(-18.1855339059327,21.3855339059327,8.5));
#6461=CARTESIAN_POINT('Origin',(-21.3105339059327,21.3855339059327,8.5));
#6462=CARTESIAN_POINT('',(-18.1855339059327,21.3855339059327,5.5));
#6463=CARTESIAN_POINT('',(-18.1855339059327,21.3855339059327,8.5));
#6464=CARTESIAN_POINT('Origin',(-21.3105339059327,21.3855339059327,5.5));
#6465=CARTESIAN_POINT('Origin',(-21.3105339059327,21.3855339059327,8.5));
#6466=CARTESIAN_POINT('Origin',(-18.275,7.85000000000001,0.));
#6467=CARTESIAN_POINT('',(-20.775,7.85000000000001,4.5));
#6468=CARTESIAN_POINT('Origin',(-18.275,7.85000000000001,4.5));
#6469=CARTESIAN_POINT('',(-20.775,7.85000000000001,0.));
#6470=CARTESIAN_POINT('Origin',(-20.775,17.85,0.));
#6471=CARTESIAN_POINT('',(-20.775,15.35,4.5));
#6472=CARTESIAN_POINT('',(-20.775,8.925,4.5));
#6473=CARTESIAN_POINT('',(-20.775,15.35,0.));
#6474=CARTESIAN_POINT('Origin',(-18.275,15.35,0.));
#6475=CARTESIAN_POINT('',(-18.275,17.85,4.5));
#6476=CARTESIAN_POINT('Origin',(-18.275,15.35,4.5));
#6477=CARTESIAN_POINT('',(-18.275,17.85,0.));
#6478=CARTESIAN_POINT('Origin',(17.775,17.85,0.));
#6479=CARTESIAN_POINT('',(8.88750000000001,17.85,4.5));
#6480=CARTESIAN_POINT('Origin',(4.44089209850063E-15,0.,4.5));
#6481=CARTESIAN_POINT('',(17.775,26.85,4.5));
#6482=CARTESIAN_POINT('',(-17.775,26.85,4.5));
#6483=CARTESIAN_POINT('',(8.8875,26.85,4.5));
#6484=CARTESIAN_POINT('',(26.775,17.85,4.5));
#6485=CARTESIAN_POINT('Origin',(17.775,17.85,4.5));
#6486=CARTESIAN_POINT('',(26.775,-17.85,4.5));
#6487=CARTESIAN_POINT('',(26.775,-8.92500000000001,4.5));
#6488=CARTESIAN_POINT('',(17.775,-26.85,4.5));
#6489=CARTESIAN_POINT('Origin',(17.775,-17.85,4.5));
#6490=CARTESIAN_POINT('',(-17.775,-26.85,4.5));
#6491=CARTESIAN_POINT('',(-8.88749999999999,-26.85,4.5));
#6492=CARTESIAN_POINT('',(-26.775,-17.85,4.5));
#6493=CARTESIAN_POINT('Origin',(-17.775,-17.85,4.5));
#6494=CARTESIAN_POINT('',(-26.775,17.85,4.5));
#6495=CARTESIAN_POINT('',(-26.775,8.92500000000001,4.5));
#6496=CARTESIAN_POINT('Origin',(-17.775,17.85,4.5));
#6497=CARTESIAN_POINT('',(19.875,-8.75,4.5));
#6498=CARTESIAN_POINT('Origin',(21.225,-8.75,4.5));
#6499=CARTESIAN_POINT('',(-19.9605339059327,21.3855339059327,4.5));
#6500=CARTESIAN_POINT('Origin',(-21.3105339059327,21.3855339059327,4.5));
#6501=CARTESIAN_POINT('',(4.07500000000001,-8.75,4.5));
#6502=CARTESIAN_POINT('Origin',(7.67500000000001,-8.75,4.5));
#6503=CARTESIAN_POINT('Origin',(7.67500000000001,-8.75,6.5));
#6504=CARTESIAN_POINT('',(0.0750000000000073,-8.75,8.5));
#6505=CARTESIAN_POINT('Origin',(7.67500000000001,-8.75,8.5));
#6506=CARTESIAN_POINT('',(2.07500000000001,-8.75,6.5));
#6507=CARTESIAN_POINT('Origin',(4.44089209850063E-15,0.,8.5));
#6508=CARTESIAN_POINT('',(-17.775,26.85,8.5));
#6509=CARTESIAN_POINT('',(17.775,26.85,8.5));
#6510=CARTESIAN_POINT('',(8.8875,26.85,8.5));
#6511=CARTESIAN_POINT('',(-26.775,17.85,8.5));
#6512=CARTESIAN_POINT('Origin',(-17.775,17.85,8.5));
#6513=CARTESIAN_POINT('',(-26.775,-17.85,8.5));
#6514=CARTESIAN_POINT('',(-26.775,8.92500000000001,8.5));
#6515=CARTESIAN_POINT('',(-17.775,-26.85,8.5));
#6516=CARTESIAN_POINT('Origin',(-17.775,-17.85,8.5));
#6517=CARTESIAN_POINT('',(17.775,-26.85,8.5));
#6518=CARTESIAN_POINT('',(-8.88749999999999,-26.85,8.5));
#6519=CARTESIAN_POINT('',(26.775,-17.85,8.5));
#6520=CARTESIAN_POINT('Origin',(17.775,-17.85,8.5));
#6521=CARTESIAN_POINT('',(26.775,17.85,8.5));
#6522=CARTESIAN_POINT('',(26.775,-8.92500000000001,8.5));
#6523=CARTESIAN_POINT('Origin',(17.775,17.85,8.5));
#6524=CARTESIAN_POINT('',(24.35,-8.75,8.5));
#6525=CARTESIAN_POINT('Origin',(21.225,-8.75,8.5));
#6526=CARTESIAN_POINT('',(1.01875,-19.08125,8.5));
#6527=CARTESIAN_POINT('',(1.01875,-19.478125,8.5));
#6528=CARTESIAN_POINT('',(1.01874999999999,-9.540625,8.5));
#6529=CARTESIAN_POINT('',(-0.171874999999999,-19.478125,8.5));
#6530=CARTESIAN_POINT('',(0.509374999999985,-19.478125,8.5));
#6531=CARTESIAN_POINT('',(-0.171874999999999,-19.08125,8.5));
#6532=CARTESIAN_POINT('',(-0.171875000000012,-9.7390625,8.5));
#6533=CARTESIAN_POINT('',(-0.0859374999999973,-19.08125,8.5));
#6534=CARTESIAN_POINT('',(-20.4125,-20.66875,8.5));
#6535=CARTESIAN_POINT('',(-20.4125,-21.065625,8.5));
#6536=CARTESIAN_POINT('',(-20.4125,-10.334375,8.5));
#6537=CARTESIAN_POINT('',(-22.,-21.065625,8.5));
#6538=CARTESIAN_POINT('',(-10.20625,-21.065625,8.5));
#6539=CARTESIAN_POINT('',(-22.,-20.66875,8.5));
#6540=CARTESIAN_POINT('',(-22.,-10.5328125,8.5));
#6541=CARTESIAN_POINT('',(-11.,-20.66875,8.5));
#6542=CARTESIAN_POINT('',(3.4,-17.890625,8.5));
#6543=CARTESIAN_POINT('',(3.4,-18.2875,8.5));
#6544=CARTESIAN_POINT('',(3.39999999999995,-8.94531249999999,8.5));
#6545=CARTESIAN_POINT('',(-7.7125,-18.2875,8.5));
#6546=CARTESIAN_POINT('',(1.7,-18.2875,8.5));
#6547=CARTESIAN_POINT('',(-7.7125,-17.890625,8.5));
#6548=CARTESIAN_POINT('',(-7.71250000000005,-9.14375000000002,8.5));
#6549=CARTESIAN_POINT('',(-3.85625,-17.890625,8.5));
#6550=CARTESIAN_POINT('',(-15.65,-20.66875,8.5));
#6551=CARTESIAN_POINT('',(-15.65,-21.065625,8.5));
#6552=CARTESIAN_POINT('',(-15.6499999999999,-10.334375,8.5));
#6553=CARTESIAN_POINT('',(-16.44375,-21.065625,8.5));
#6554=CARTESIAN_POINT('',(-7.82499999999994,-21.065625,8.5));
#6555=CARTESIAN_POINT('',(-16.44375,-20.66875,8.5));
#6556=CARTESIAN_POINT('',(-16.4437499999999,-10.5328125,8.5));
#6557=CARTESIAN_POINT('',(-8.221875,-20.66875,8.5));
#6558=CARTESIAN_POINT('',(-1.3625,-20.66875,8.5));
#6559=CARTESIAN_POINT('',(-1.3625,-21.065625,8.5));
#6560=CARTESIAN_POINT('',(-1.36250000000004,-10.334375,8.5));
#6561=CARTESIAN_POINT('',(-2.95,-21.065625,8.5));
#6562=CARTESIAN_POINT('',(-0.681249999999998,-21.065625,8.5));
#6563=CARTESIAN_POINT('',(-2.95,-20.66875,8.5));
#6564=CARTESIAN_POINT('',(-2.95000000000003,-10.5328125,8.5));
#6565=CARTESIAN_POINT('',(-1.475,-20.66875,8.5));
#6566=CARTESIAN_POINT('',(-18.03125,-19.478125,8.5));
#6567=CARTESIAN_POINT('',(-18.03125,-19.875,8.5));
#6568=CARTESIAN_POINT('',(-18.03125,-9.7390625,8.5));
#6569=CARTESIAN_POINT('',(-19.61875,-19.875,8.5));
#6570=CARTESIAN_POINT('',(-9.01562499999999,-19.875,8.5));
#6571=CARTESIAN_POINT('',(-19.61875,-19.478125,8.5));
#6572=CARTESIAN_POINT('',(-19.61875,-9.9375,8.5));
#6573=CARTESIAN_POINT('',(-9.809375,-19.478125,8.5));
#6574=CARTESIAN_POINT('',(-4.93125,-13.528125,8.5));
#6575=CARTESIAN_POINT('',(-6.51875,-13.528125,8.5));
#6576=CARTESIAN_POINT('',(-2.465625,-13.528125,8.5));
#6577=CARTESIAN_POINT('',(-6.51875,-15.5125,8.5));
#6578=CARTESIAN_POINT('',(-6.51875,-6.7640625,8.5));
#6579=CARTESIAN_POINT('',(-7.3125,-15.5125,8.5));
#6580=CARTESIAN_POINT('',(-3.25937499999998,-15.5125,8.5));
#6581=CARTESIAN_POINT('',(-7.3125,-16.703125,8.5));
#6582=CARTESIAN_POINT('',(-7.31249999999999,-7.75624999999999,8.5));
#6583=CARTESIAN_POINT('',(-8.10625,-16.703125,8.5));
#6584=CARTESIAN_POINT('',(-3.65625000000005,-16.703125,8.5));
#6585=CARTESIAN_POINT('',(-8.10625,-17.496875,8.5));
#6586=CARTESIAN_POINT('',(-8.10625,-8.3515625,8.5));
#6587=CARTESIAN_POINT('',(-8.9,-17.496875,8.5));
#6588=CARTESIAN_POINT('',(-4.05312499999997,-17.496875,8.5));
#6589=CARTESIAN_POINT('',(-8.9,-19.871875,8.5));
#6590=CARTESIAN_POINT('',(-8.9,-8.7484375,8.5));
#6591=CARTESIAN_POINT('',(-8.10625,-19.871875,8.5));
#6592=CARTESIAN_POINT('',(-4.45,-19.871875,8.5));
#6593=CARTESIAN_POINT('',(-8.10625,-21.465625,8.5));
#6594=CARTESIAN_POINT('',(-8.10625,-9.9359375,8.5));
#6595=CARTESIAN_POINT('',(-10.49375,-21.465625,8.5));
#6596=CARTESIAN_POINT('',(-4.053125,-21.465625,8.5));
#6597=CARTESIAN_POINT('',(-10.49375,-19.084375,8.5));
#6598=CARTESIAN_POINT('',(-10.49375,-10.7328125,8.5));
#6599=CARTESIAN_POINT('',(-12.075,-19.084375,8.5));
#6600=CARTESIAN_POINT('',(-5.24687499999997,-19.084375,8.5));
#6601=CARTESIAN_POINT('',(-12.075,-21.465625,8.5));
#6602=CARTESIAN_POINT('',(-12.075,-9.5421875,8.5));
#6603=CARTESIAN_POINT('',(-14.4625,-21.465625,8.5));
#6604=CARTESIAN_POINT('',(-6.0375,-21.465625,8.5));
#6605=CARTESIAN_POINT('',(-14.4625,-18.290625,8.5));
#6606=CARTESIAN_POINT('',(-14.4625,-10.7328125,8.5));
#6607=CARTESIAN_POINT('',(-15.25625,-18.290625,8.5));
#6608=CARTESIAN_POINT('',(-7.23125000000002,-18.290625,8.5));
#6609=CARTESIAN_POINT('',(-15.25625,-17.496875,8.5));
#6610=CARTESIAN_POINT('',(-15.25625,-9.1453125,8.5));
#6611=CARTESIAN_POINT('',(-16.05,-17.496875,8.5));
#6612=CARTESIAN_POINT('',(-7.62812499999997,-17.496875,8.5));
#6613=CARTESIAN_POINT('',(-16.05,-16.703125,8.5));
#6614=CARTESIAN_POINT('',(-16.05,-8.7484375,8.5));
#6615=CARTESIAN_POINT('',(-16.84375,-16.703125,8.5));
#6616=CARTESIAN_POINT('',(-8.02500000000002,-16.703125,8.5));
#6617=CARTESIAN_POINT('',(-16.84375,-15.909375,8.5));
#6618=CARTESIAN_POINT('',(-16.84375,-8.3515625,8.5));
#6619=CARTESIAN_POINT('',(-17.6375,-15.909375,8.5));
#6620=CARTESIAN_POINT('',(-8.42187500000002,-15.909375,8.5));
#6621=CARTESIAN_POINT('',(-17.6375,-15.115625,8.5));
#6622=CARTESIAN_POINT('',(-17.6375,-7.95468750000002,8.5));
#6623=CARTESIAN_POINT('',(-18.43125,-15.115625,8.5));
#6624=CARTESIAN_POINT('',(-8.81874999999998,-15.115625,8.5));
#6625=CARTESIAN_POINT('',(-18.43125,-9.553125,8.5));
#6626=CARTESIAN_POINT('',(-18.43125,-7.5578125,8.5));
#6627=CARTESIAN_POINT('',(-16.8375,-9.553125,8.5));
#6628=CARTESIAN_POINT('',(-9.21562499999999,-9.55312499999998,8.5));
#6629=CARTESIAN_POINT('',(-16.8375,-11.140625,8.5));
#6630=CARTESIAN_POINT('',(-16.8375,-4.7765625,8.5));
#6631=CARTESIAN_POINT('',(-16.04375,-11.140625,8.5));
#6632=CARTESIAN_POINT('',(-8.41875000000001,-11.140625,8.5));
#6633=CARTESIAN_POINT('',(-16.04375,-11.934375,8.5));
#6634=CARTESIAN_POINT('',(-16.04375,-5.57031250000002,8.5));
#6635=CARTESIAN_POINT('',(-15.25,-11.934375,8.5));
#6636=CARTESIAN_POINT('',(-8.02187499999998,-11.934375,8.5));
#6637=CARTESIAN_POINT('',(-15.25,-12.728125,8.5));
#6638=CARTESIAN_POINT('',(-15.25,-5.9671875,8.5));
#6639=CARTESIAN_POINT('',(-14.4625,-12.728125,8.5));
#6640=CARTESIAN_POINT('',(-7.62500000000002,-12.728125,8.5));
#6641=CARTESIAN_POINT('',(-14.4625,-11.934375,8.5));
#6642=CARTESIAN_POINT('',(-14.4625,-6.36406249999998,8.5));
#6643=CARTESIAN_POINT('',(-13.66875,-11.934375,8.5));
#6644=CARTESIAN_POINT('',(-7.23124999999998,-11.934375,8.5));
#6645=CARTESIAN_POINT('',(-13.66875,-11.140625,8.5));
#6646=CARTESIAN_POINT('',(-13.66875,-5.96718750000002,8.5));
#6647=CARTESIAN_POINT('',(-12.478125,-11.140625,8.5));
#6648=CARTESIAN_POINT('',(-6.83437500000001,-11.140625,8.5));
#6649=CARTESIAN_POINT('',(-12.478125,-10.346875,8.5));
#6650=CARTESIAN_POINT('',(-12.478125,-5.5703125,8.5));
#6651=CARTESIAN_POINT('',(-11.2875,-10.346875,8.5));
#6652=CARTESIAN_POINT('',(-6.23906249999999,-10.346875,8.5));
#6653=CARTESIAN_POINT('',(-11.2875,-9.553125,8.5));
#6654=CARTESIAN_POINT('',(-11.2875,-5.17343749999997,8.5));
#6655=CARTESIAN_POINT('',(-10.49375,-9.553125,8.5));
#6656=CARTESIAN_POINT('',(-5.64375,-9.553125,8.5));
#6657=CARTESIAN_POINT('',(-10.49375,-4.39375,8.5));
#6658=CARTESIAN_POINT('',(-10.49375,-4.7765625,8.5));
#6659=CARTESIAN_POINT('',(-9.7,-4.39375,8.5));
#6660=CARTESIAN_POINT('',(-5.246875,-4.39375,8.5));
#6661=CARTESIAN_POINT('',(-9.7,-3.6,8.5));
#6662=CARTESIAN_POINT('',(-9.7,-2.196875,8.5));
#6663=CARTESIAN_POINT('',(-2.55,-3.6,8.5));
#6664=CARTESIAN_POINT('',(-4.85,-3.6,8.5));
#6665=CARTESIAN_POINT('',(-2.55,-4.39375,8.5));
#6666=CARTESIAN_POINT('',(-2.54999999999999,-1.8,8.5));
#6667=CARTESIAN_POINT('',(-1.75625,-4.39375,8.5));
#6668=CARTESIAN_POINT('',(-1.275,-4.39375,8.5));
#6669=CARTESIAN_POINT('',(-1.75625,-8.765625,8.5));
#6670=CARTESIAN_POINT('',(-1.75625,-2.196875,8.5));
#6671=CARTESIAN_POINT('',(-3.34375,-8.765625,8.5));
#6672=CARTESIAN_POINT('',(-0.878124999999997,-8.765625,8.5));
#6673=CARTESIAN_POINT('',(-3.34375,-10.353125,8.5));
#6674=CARTESIAN_POINT('',(-3.34374999999999,-4.3828125,8.5));
#6675=CARTESIAN_POINT('',(-6.51875,-10.353125,8.5));
#6676=CARTESIAN_POINT('',(-1.671875,-10.353125,8.5));
#6677=CARTESIAN_POINT('',(-6.51875,-11.140625,8.5));
#6678=CARTESIAN_POINT('',(-6.51875000000001,-5.1765625,8.5));
#6679=CARTESIAN_POINT('',(-4.93125,-11.140625,8.5));
#6680=CARTESIAN_POINT('',(-3.259375,-11.140625,8.5));
#6681=CARTESIAN_POINT('',(-4.93124999999999,-5.5703125,8.5));
#6682=CARTESIAN_POINT('',(-15.65,-17.890625,8.5));
#6683=CARTESIAN_POINT('',(-15.65,-18.2875,8.5));
#6684=CARTESIAN_POINT('',(-15.6499999999999,-8.94531249999991,8.5));
#6685=CARTESIAN_POINT('',(-22.,-18.2875,8.5));
#6686=CARTESIAN_POINT('',(-7.825,-18.2875,8.5));
#6687=CARTESIAN_POINT('',(-22.,-17.890625,8.5));
#6688=CARTESIAN_POINT('',(-21.9999999999999,-9.14374999999988,8.5));
#6689=CARTESIAN_POINT('',(-11.,-17.890625,8.5));
#6690=CARTESIAN_POINT('',(-5.33125,-20.271875,8.5));
#6691=CARTESIAN_POINT('',(-5.33125,-20.66875,8.5));
#6692=CARTESIAN_POINT('',(-5.33125000000003,-10.1359375,8.5));
#6693=CARTESIAN_POINT('',(-5.728125,-20.66875,8.5));
#6694=CARTESIAN_POINT('',(-2.66562499999988,-20.66875,8.5));
#6695=CARTESIAN_POINT('',(-5.728125,-20.271875,8.5));
#6696=CARTESIAN_POINT('',(-5.72812500000003,-10.334375,8.5));
#6697=CARTESIAN_POINT('',(-2.8640625,-20.271875,8.5));
#6698=CARTESIAN_POINT('Origin',(-5.33125,-20.271875,8.5));
#6699=CARTESIAN_POINT('',(-5.33125,-20.271875,8.1));
#6700=CARTESIAN_POINT('',(-5.33125,-20.271875,8.5));
#6701=CARTESIAN_POINT('',(-5.33125,-20.66875,8.1));
#6702=CARTESIAN_POINT('',(-5.33125,-20.271875,8.1));
#6703=CARTESIAN_POINT('',(-5.33125,-20.66875,8.5));
#6704=CARTESIAN_POINT('Origin',(-5.728125,-20.271875,8.5));
#6705=CARTESIAN_POINT('',(-5.728125,-20.271875,8.1));
#6706=CARTESIAN_POINT('',(-5.728125,-20.271875,8.5));
#6707=CARTESIAN_POINT('',(-5.728125,-20.271875,8.1));
#6708=CARTESIAN_POINT('Origin',(-5.728125,-20.66875,8.5));
#6709=CARTESIAN_POINT('',(-5.728125,-20.66875,8.1));
#6710=CARTESIAN_POINT('',(-5.728125,-20.66875,8.5));
#6711=CARTESIAN_POINT('',(-5.728125,-20.66875,8.1));
#6712=CARTESIAN_POINT('Origin',(-5.33125,-20.66875,8.5));
#6713=CARTESIAN_POINT('',(-5.33125,-20.66875,8.1));
#6714=CARTESIAN_POINT('Origin',(-5.5296875,-20.4703125,8.1));
#6715=CARTESIAN_POINT('Origin',(-15.65,-17.890625,8.5));
#6716=CARTESIAN_POINT('',(-15.65,-17.890625,8.1));
#6717=CARTESIAN_POINT('',(-15.65,-17.890625,8.5));
#6718=CARTESIAN_POINT('',(-15.65,-18.2875,8.1));
#6719=CARTESIAN_POINT('',(-15.65,-17.890625,8.1));
#6720=CARTESIAN_POINT('',(-15.65,-18.2875,8.5));
#6721=CARTESIAN_POINT('Origin',(-22.,-17.890625,8.5));
#6722=CARTESIAN_POINT('',(-22.,-17.890625,8.1));
#6723=CARTESIAN_POINT('',(-22.,-17.890625,8.5));
#6724=CARTESIAN_POINT('',(-22.,-17.890625,8.1));
#6725=CARTESIAN_POINT('Origin',(-22.,-18.2875,8.5));
#6726=CARTESIAN_POINT('',(-22.,-18.2875,8.1));
#6727=CARTESIAN_POINT('',(-22.,-18.2875,8.5));
#6728=CARTESIAN_POINT('',(-22.,-18.2875,8.1));
#6729=CARTESIAN_POINT('Origin',(-15.65,-18.2875,8.5));
#6730=CARTESIAN_POINT('',(-15.65,-18.2875,8.1));
#6731=CARTESIAN_POINT('Origin',(-18.825,-18.0890625,8.1));
#6732=CARTESIAN_POINT('Origin',(-4.93125,-13.528125,8.5));
#6733=CARTESIAN_POINT('',(-4.93125,-13.528125,8.1));
#6734=CARTESIAN_POINT('',(-4.93125,-13.528125,8.5));
#6735=CARTESIAN_POINT('',(-6.51875,-13.528125,8.1));
#6736=CARTESIAN_POINT('',(-4.93125,-13.528125,8.1));
#6737=CARTESIAN_POINT('',(-6.51875,-13.528125,8.5));
#6738=CARTESIAN_POINT('Origin',(-4.93125,-11.140625,8.5));
#6739=CARTESIAN_POINT('',(-4.93125,-11.140625,8.1));
#6740=CARTESIAN_POINT('',(-4.93125,-11.140625,8.5));
#6741=CARTESIAN_POINT('',(-4.93125,-11.140625,8.1));
#6742=CARTESIAN_POINT('Origin',(-6.51875,-11.140625,8.5));
#6743=CARTESIAN_POINT('',(-6.51875,-11.140625,8.1));
#6744=CARTESIAN_POINT('',(-6.51875,-11.140625,8.5));
#6745=CARTESIAN_POINT('',(-6.51875,-11.140625,8.1));
#6746=CARTESIAN_POINT('Origin',(-6.51875,-10.353125,8.5));
#6747=CARTESIAN_POINT('',(-6.51875,-10.353125,8.1));
#6748=CARTESIAN_POINT('',(-6.51875,-10.353125,8.5));
#6749=CARTESIAN_POINT('',(-6.51875,-10.353125,8.1));
#6750=CARTESIAN_POINT('Origin',(-3.34375,-10.353125,8.5));
#6751=CARTESIAN_POINT('',(-3.34375,-10.353125,8.1));
#6752=CARTESIAN_POINT('',(-3.34375,-10.353125,8.5));
#6753=CARTESIAN_POINT('',(-3.34375,-10.353125,8.1));
#6754=CARTESIAN_POINT('Origin',(-3.34375,-8.765625,8.5));
#6755=CARTESIAN_POINT('',(-3.34375,-8.765625,8.1));
#6756=CARTESIAN_POINT('',(-3.34375,-8.765625,8.5));
#6757=CARTESIAN_POINT('',(-3.34375,-8.765625,8.1));
#6758=CARTESIAN_POINT('Origin',(-1.75625,-8.765625,8.5));
#6759=CARTESIAN_POINT('',(-1.75625,-8.765625,8.1));
#6760=CARTESIAN_POINT('',(-1.75625,-8.765625,8.5));
#6761=CARTESIAN_POINT('',(-1.75625,-8.765625,8.1));
#6762=CARTESIAN_POINT('Origin',(-1.75625,-4.39375,8.5));
#6763=CARTESIAN_POINT('',(-1.75625,-4.39375,8.1));
#6764=CARTESIAN_POINT('',(-1.75625,-4.39375,8.5));
#6765=CARTESIAN_POINT('',(-1.75625,-4.39375,8.1));
#6766=CARTESIAN_POINT('Origin',(-2.55,-4.39375,8.5));
#6767=CARTESIAN_POINT('',(-2.55,-4.39375,8.1));
#6768=CARTESIAN_POINT('',(-2.55,-4.39375,8.5));
#6769=CARTESIAN_POINT('',(-2.55,-4.39375,8.1));
#6770=CARTESIAN_POINT('Origin',(-2.55,-3.6,8.5));
#6771=CARTESIAN_POINT('',(-2.55,-3.6,8.1));
#6772=CARTESIAN_POINT('',(-2.55,-3.6,8.5));
#6773=CARTESIAN_POINT('',(-2.55,-3.6,8.1));
#6774=CARTESIAN_POINT('Origin',(-9.7,-3.6,8.5));
#6775=CARTESIAN_POINT('',(-9.7,-3.6,8.1));
#6776=CARTESIAN_POINT('',(-9.7,-3.6,8.5));
#6777=CARTESIAN_POINT('',(-9.7,-3.6,8.1));
#6778=CARTESIAN_POINT('Origin',(-9.7,-4.39375,8.5));
#6779=CARTESIAN_POINT('',(-9.7,-4.39375,8.1));
#6780=CARTESIAN_POINT('',(-9.7,-4.39375,8.5));
#6781=CARTESIAN_POINT('',(-9.7,-4.39375,8.1));
#6782=CARTESIAN_POINT('Origin',(-10.49375,-4.39375,8.5));
#6783=CARTESIAN_POINT('',(-10.49375,-4.39375,8.1));
#6784=CARTESIAN_POINT('',(-10.49375,-4.39375,8.5));
#6785=CARTESIAN_POINT('',(-10.49375,-4.39375,8.1));
#6786=CARTESIAN_POINT('Origin',(-10.49375,-9.553125,8.5));
#6787=CARTESIAN_POINT('',(-10.49375,-9.553125,8.1));
#6788=CARTESIAN_POINT('',(-10.49375,-9.553125,8.5));
#6789=CARTESIAN_POINT('',(-10.49375,-9.553125,8.1));
#6790=CARTESIAN_POINT('Origin',(-11.2875,-9.553125,8.5));
#6791=CARTESIAN_POINT('',(-11.2875,-9.553125,8.1));
#6792=CARTESIAN_POINT('',(-11.2875,-9.553125,8.5));
#6793=CARTESIAN_POINT('',(-11.2875,-9.553125,8.1));
#6794=CARTESIAN_POINT('Origin',(-11.2875,-10.346875,8.5));
#6795=CARTESIAN_POINT('',(-11.2875,-10.346875,8.1));
#6796=CARTESIAN_POINT('',(-11.2875,-10.346875,8.5));
#6797=CARTESIAN_POINT('',(-11.2875,-10.346875,8.1));
#6798=CARTESIAN_POINT('Origin',(-12.478125,-10.346875,8.5));
#6799=CARTESIAN_POINT('',(-12.478125,-10.346875,8.1));
#6800=CARTESIAN_POINT('',(-12.478125,-10.346875,8.5));
#6801=CARTESIAN_POINT('',(-12.478125,-10.346875,8.1));
#6802=CARTESIAN_POINT('Origin',(-12.478125,-11.140625,8.5));
#6803=CARTESIAN_POINT('',(-12.478125,-11.140625,8.1));
#6804=CARTESIAN_POINT('',(-12.478125,-11.140625,8.5));
#6805=CARTESIAN_POINT('',(-12.478125,-11.140625,8.1));
#6806=CARTESIAN_POINT('Origin',(-13.66875,-11.140625,8.5));
#6807=CARTESIAN_POINT('',(-13.66875,-11.140625,8.1));
#6808=CARTESIAN_POINT('',(-13.66875,-11.140625,8.5));
#6809=CARTESIAN_POINT('',(-13.66875,-11.140625,8.1));
#6810=CARTESIAN_POINT('Origin',(-13.66875,-11.934375,8.5));
#6811=CARTESIAN_POINT('',(-13.66875,-11.934375,8.1));
#6812=CARTESIAN_POINT('',(-13.66875,-11.934375,8.5));
#6813=CARTESIAN_POINT('',(-13.66875,-11.934375,8.1));
#6814=CARTESIAN_POINT('Origin',(-14.4625,-11.934375,8.5));
#6815=CARTESIAN_POINT('',(-14.4625,-11.934375,8.1));
#6816=CARTESIAN_POINT('',(-14.4625,-11.934375,8.5));
#6817=CARTESIAN_POINT('',(-14.4625,-11.934375,8.1));
#6818=CARTESIAN_POINT('Origin',(-14.4625,-12.728125,8.5));
#6819=CARTESIAN_POINT('',(-14.4625,-12.728125,8.1));
#6820=CARTESIAN_POINT('',(-14.4625,-12.728125,8.5));
#6821=CARTESIAN_POINT('',(-14.4625,-12.728125,8.1));
#6822=CARTESIAN_POINT('Origin',(-15.25,-12.728125,8.5));
#6823=CARTESIAN_POINT('',(-15.25,-12.728125,8.1));
#6824=CARTESIAN_POINT('',(-15.25,-12.728125,8.5));
#6825=CARTESIAN_POINT('',(-15.25,-12.728125,8.1));
#6826=CARTESIAN_POINT('Origin',(-15.25,-11.934375,8.5));
#6827=CARTESIAN_POINT('',(-15.25,-11.934375,8.1));
#6828=CARTESIAN_POINT('',(-15.25,-11.934375,8.5));
#6829=CARTESIAN_POINT('',(-15.25,-11.934375,8.1));
#6830=CARTESIAN_POINT('Origin',(-16.04375,-11.934375,8.5));
#6831=CARTESIAN_POINT('',(-16.04375,-11.934375,8.1));
#6832=CARTESIAN_POINT('',(-16.04375,-11.934375,8.5));
#6833=CARTESIAN_POINT('',(-16.04375,-11.934375,8.1));
#6834=CARTESIAN_POINT('Origin',(-16.04375,-11.140625,8.5));
#6835=CARTESIAN_POINT('',(-16.04375,-11.140625,8.1));
#6836=CARTESIAN_POINT('',(-16.04375,-11.140625,8.5));
#6837=CARTESIAN_POINT('',(-16.04375,-11.140625,8.1));
#6838=CARTESIAN_POINT('Origin',(-16.8375,-11.140625,8.5));
#6839=CARTESIAN_POINT('',(-16.8375,-11.140625,8.1));
#6840=CARTESIAN_POINT('',(-16.8375,-11.140625,8.5));
#6841=CARTESIAN_POINT('',(-16.8375,-11.140625,8.1));
#6842=CARTESIAN_POINT('Origin',(-16.8375,-9.553125,8.5));
#6843=CARTESIAN_POINT('',(-16.8375,-9.553125,8.1));
#6844=CARTESIAN_POINT('',(-16.8375,-9.553125,8.5));
#6845=CARTESIAN_POINT('',(-16.8375,-9.553125,8.1));
#6846=CARTESIAN_POINT('Origin',(-18.43125,-9.553125,8.5));
#6847=CARTESIAN_POINT('',(-18.43125,-9.553125,8.1));
#6848=CARTESIAN_POINT('',(-18.43125,-9.553125,8.5));
#6849=CARTESIAN_POINT('',(-18.43125,-9.553125,8.1));
#6850=CARTESIAN_POINT('Origin',(-18.43125,-15.115625,8.5));
#6851=CARTESIAN_POINT('',(-18.43125,-15.115625,8.1));
#6852=CARTESIAN_POINT('',(-18.43125,-15.115625,8.5));
#6853=CARTESIAN_POINT('',(-18.43125,-15.115625,8.1));
#6854=CARTESIAN_POINT('Origin',(-17.6375,-15.115625,8.5));
#6855=CARTESIAN_POINT('',(-17.6375,-15.115625,8.1));
#6856=CARTESIAN_POINT('',(-17.6375,-15.115625,8.5));
#6857=CARTESIAN_POINT('',(-17.6375,-15.115625,8.1));
#6858=CARTESIAN_POINT('Origin',(-17.6375,-15.909375,8.5));
#6859=CARTESIAN_POINT('',(-17.6375,-15.909375,8.1));
#6860=CARTESIAN_POINT('',(-17.6375,-15.909375,8.5));
#6861=CARTESIAN_POINT('',(-17.6375,-15.909375,8.1));
#6862=CARTESIAN_POINT('Origin',(-16.84375,-15.909375,8.5));
#6863=CARTESIAN_POINT('',(-16.84375,-15.909375,8.1));
#6864=CARTESIAN_POINT('',(-16.84375,-15.909375,8.5));
#6865=CARTESIAN_POINT('',(-16.84375,-15.909375,8.1));
#6866=CARTESIAN_POINT('Origin',(-16.84375,-16.703125,8.5));
#6867=CARTESIAN_POINT('',(-16.84375,-16.703125,8.1));
#6868=CARTESIAN_POINT('',(-16.84375,-16.703125,8.5));
#6869=CARTESIAN_POINT('',(-16.84375,-16.703125,8.1));
#6870=CARTESIAN_POINT('Origin',(-16.05,-16.703125,8.5));
#6871=CARTESIAN_POINT('',(-16.05,-16.703125,8.1));
#6872=CARTESIAN_POINT('',(-16.05,-16.703125,8.5));
#6873=CARTESIAN_POINT('',(-16.05,-16.703125,8.1));
#6874=CARTESIAN_POINT('Origin',(-16.05,-17.496875,8.5));
#6875=CARTESIAN_POINT('',(-16.05,-17.496875,8.1));
#6876=CARTESIAN_POINT('',(-16.05,-17.496875,8.5));
#6877=CARTESIAN_POINT('',(-16.05,-17.496875,8.1));
#6878=CARTESIAN_POINT('Origin',(-15.25625,-17.496875,8.5));
#6879=CARTESIAN_POINT('',(-15.25625,-17.496875,8.1));
#6880=CARTESIAN_POINT('',(-15.25625,-17.496875,8.5));
#6881=CARTESIAN_POINT('',(-15.25625,-17.496875,8.1));
#6882=CARTESIAN_POINT('Origin',(-15.25625,-18.290625,8.5));
#6883=CARTESIAN_POINT('',(-15.25625,-18.290625,8.1));
#6884=CARTESIAN_POINT('',(-15.25625,-18.290625,8.5));
#6885=CARTESIAN_POINT('',(-15.25625,-18.290625,8.1));
#6886=CARTESIAN_POINT('Origin',(-14.4625,-18.290625,8.5));
#6887=CARTESIAN_POINT('',(-14.4625,-18.290625,8.1));
#6888=CARTESIAN_POINT('',(-14.4625,-18.290625,8.5));
#6889=CARTESIAN_POINT('',(-14.4625,-18.290625,8.1));
#6890=CARTESIAN_POINT('Origin',(-14.4625,-21.465625,8.5));
#6891=CARTESIAN_POINT('',(-14.4625,-21.465625,8.1));
#6892=CARTESIAN_POINT('',(-14.4625,-21.465625,8.5));
#6893=CARTESIAN_POINT('',(-14.4625,-21.465625,8.1));
#6894=CARTESIAN_POINT('Origin',(-12.075,-21.465625,8.5));
#6895=CARTESIAN_POINT('',(-12.075,-21.465625,8.1));
#6896=CARTESIAN_POINT('',(-12.075,-21.465625,8.5));
#6897=CARTESIAN_POINT('',(-12.075,-21.465625,8.1));
#6898=CARTESIAN_POINT('Origin',(-12.075,-19.084375,8.5));
#6899=CARTESIAN_POINT('',(-12.075,-19.084375,8.1));
#6900=CARTESIAN_POINT('',(-12.075,-19.084375,8.5));
#6901=CARTESIAN_POINT('',(-12.075,-19.878125,8.1));
#6902=CARTESIAN_POINT('Origin',(-10.49375,-19.084375,8.5));
#6903=CARTESIAN_POINT('',(-10.49375,-19.084375,8.1));
#6904=CARTESIAN_POINT('',(-10.49375,-19.084375,8.5));
#6905=CARTESIAN_POINT('',(-11.2875,-19.084375,8.1));
#6906=CARTESIAN_POINT('Origin',(-10.49375,-21.465625,8.5));
#6907=CARTESIAN_POINT('',(-10.49375,-21.465625,8.1));
#6908=CARTESIAN_POINT('',(-10.49375,-21.465625,8.5));
#6909=CARTESIAN_POINT('',(-10.49375,-21.465625,8.1));
#6910=CARTESIAN_POINT('Origin',(-8.10625,-21.465625,8.5));
#6911=CARTESIAN_POINT('',(-8.10625,-21.465625,8.1));
#6912=CARTESIAN_POINT('',(-8.10625,-21.465625,8.5));
#6913=CARTESIAN_POINT('',(-8.10625,-21.465625,8.1));
#6914=CARTESIAN_POINT('Origin',(-8.10625,-19.871875,8.5));
#6915=CARTESIAN_POINT('',(-8.10625,-19.871875,8.1));
#6916=CARTESIAN_POINT('',(-8.10625,-19.871875,8.5));
#6917=CARTESIAN_POINT('',(-8.10625,-19.871875,8.1));
#6918=CARTESIAN_POINT('Origin',(-8.9,-19.871875,8.5));
#6919=CARTESIAN_POINT('',(-8.9,-19.871875,8.1));
#6920=CARTESIAN_POINT('',(-8.9,-19.871875,8.5));
#6921=CARTESIAN_POINT('',(-8.9,-19.871875,8.1));
#6922=CARTESIAN_POINT('Origin',(-8.9,-17.496875,8.5));
#6923=CARTESIAN_POINT('',(-8.9,-17.496875,8.1));
#6924=CARTESIAN_POINT('',(-8.9,-17.496875,8.5));
#6925=CARTESIAN_POINT('',(-8.9,-17.496875,8.1));
#6926=CARTESIAN_POINT('Origin',(-8.10625,-17.496875,8.5));
#6927=CARTESIAN_POINT('',(-8.10625,-17.496875,8.1));
#6928=CARTESIAN_POINT('',(-8.10625,-17.496875,8.5));
#6929=CARTESIAN_POINT('',(-8.10625,-17.496875,8.1));
#6930=CARTESIAN_POINT('Origin',(-8.10625,-16.703125,8.5));
#6931=CARTESIAN_POINT('',(-8.10625,-16.703125,8.1));
#6932=CARTESIAN_POINT('',(-8.10625,-16.703125,8.5));
#6933=CARTESIAN_POINT('',(-8.10625,-16.703125,8.1));
#6934=CARTESIAN_POINT('Origin',(-7.3125,-16.703125,8.5));
#6935=CARTESIAN_POINT('',(-7.3125,-16.703125,8.1));
#6936=CARTESIAN_POINT('',(-7.3125,-16.703125,8.5));
#6937=CARTESIAN_POINT('',(-7.3125,-16.703125,8.1));
#6938=CARTESIAN_POINT('Origin',(-7.3125,-15.5125,8.5));
#6939=CARTESIAN_POINT('',(-7.3125,-15.5125,8.1));
#6940=CARTESIAN_POINT('',(-7.3125,-15.5125,8.5));
#6941=CARTESIAN_POINT('',(-7.3125,-15.5125,8.1));
#6942=CARTESIAN_POINT('Origin',(-6.51875,-15.5125,8.5));
#6943=CARTESIAN_POINT('',(-6.51875,-15.5125,8.1));
#6944=CARTESIAN_POINT('',(-6.51875,-15.5125,8.5));
#6945=CARTESIAN_POINT('',(-6.51875,-15.5125,8.1));
#6946=CARTESIAN_POINT('Origin',(-6.51875,-13.528125,8.5));
#6947=CARTESIAN_POINT('',(-6.51875,-13.528125,8.1));
#6948=CARTESIAN_POINT('Origin',(-18.03125,-19.478125,8.5));
#6949=CARTESIAN_POINT('',(-18.03125,-19.478125,8.1));
#6950=CARTESIAN_POINT('',(-18.03125,-19.478125,8.5));
#6951=CARTESIAN_POINT('',(-18.03125,-19.875,8.1));
#6952=CARTESIAN_POINT('',(-18.03125,-19.478125,8.1));
#6953=CARTESIAN_POINT('',(-18.03125,-19.875,8.5));
#6954=CARTESIAN_POINT('Origin',(-19.61875,-19.478125,8.5));
#6955=CARTESIAN_POINT('',(-19.61875,-19.478125,8.1));
#6956=CARTESIAN_POINT('',(-19.61875,-19.478125,8.5));
#6957=CARTESIAN_POINT('',(-19.61875,-19.478125,8.1));
#6958=CARTESIAN_POINT('Origin',(-19.61875,-19.875,8.5));
#6959=CARTESIAN_POINT('',(-19.61875,-19.875,8.1));
#6960=CARTESIAN_POINT('',(-19.61875,-19.875,8.5));
#6961=CARTESIAN_POINT('',(-19.61875,-19.875,8.1));
#6962=CARTESIAN_POINT('Origin',(-18.03125,-19.875,8.5));
#6963=CARTESIAN_POINT('',(-18.03125,-19.875,8.1));
#6964=CARTESIAN_POINT('Origin',(-18.825,-19.6765625,8.1));
#6965=CARTESIAN_POINT('Origin',(-1.3625,-20.66875,8.5));
#6966=CARTESIAN_POINT('',(-1.3625,-20.66875,8.1));
#6967=CARTESIAN_POINT('',(-1.3625,-20.66875,8.5));
#6968=CARTESIAN_POINT('',(-1.3625,-21.065625,8.1));
#6969=CARTESIAN_POINT('',(-1.3625,-20.66875,8.1));
#6970=CARTESIAN_POINT('',(-1.3625,-21.065625,8.5));
#6971=CARTESIAN_POINT('Origin',(-2.95,-20.66875,8.5));
#6972=CARTESIAN_POINT('',(-2.95,-20.66875,8.1));
#6973=CARTESIAN_POINT('',(-2.95,-20.66875,8.5));
#6974=CARTESIAN_POINT('',(-2.95,-20.66875,8.1));
#6975=CARTESIAN_POINT('Origin',(-2.95,-21.065625,8.5));
#6976=CARTESIAN_POINT('',(-2.95,-21.065625,8.1));
#6977=CARTESIAN_POINT('',(-2.95,-21.065625,8.5));
#6978=CARTESIAN_POINT('',(-2.95,-21.065625,8.1));
#6979=CARTESIAN_POINT('Origin',(-1.3625,-21.065625,8.5));
#6980=CARTESIAN_POINT('',(-1.3625,-21.065625,8.1));
#6981=CARTESIAN_POINT('Origin',(-2.15625,-20.8671875,8.1));
#6982=CARTESIAN_POINT('Origin',(-15.65,-20.66875,8.5));
#6983=CARTESIAN_POINT('',(-15.65,-20.66875,8.1));
#6984=CARTESIAN_POINT('',(-15.65,-20.66875,8.5));
#6985=CARTESIAN_POINT('',(-15.65,-21.065625,8.1));
#6986=CARTESIAN_POINT('',(-15.65,-20.66875,8.1));
#6987=CARTESIAN_POINT('',(-15.65,-21.065625,8.5));
#6988=CARTESIAN_POINT('Origin',(-16.44375,-20.66875,8.5));
#6989=CARTESIAN_POINT('',(-16.44375,-20.66875,8.1));
#6990=CARTESIAN_POINT('',(-16.44375,-20.66875,8.5));
#6991=CARTESIAN_POINT('',(-16.44375,-20.66875,8.1));
#6992=CARTESIAN_POINT('Origin',(-16.44375,-21.065625,8.5));
#6993=CARTESIAN_POINT('',(-16.44375,-21.065625,8.1));
#6994=CARTESIAN_POINT('',(-16.44375,-21.065625,8.5));
#6995=CARTESIAN_POINT('',(-16.44375,-21.065625,8.1));
#6996=CARTESIAN_POINT('Origin',(-15.65,-21.065625,8.5));
#6997=CARTESIAN_POINT('',(-15.65,-21.065625,8.1));
#6998=CARTESIAN_POINT('Origin',(-16.046875,-20.8671875,8.1));
#6999=CARTESIAN_POINT('Origin',(3.4,-17.890625,8.5));
#7000=CARTESIAN_POINT('',(3.4,-17.890625,8.1));
#7001=CARTESIAN_POINT('',(3.4,-17.890625,8.5));
#7002=CARTESIAN_POINT('',(3.4,-18.2875,8.1));
#7003=CARTESIAN_POINT('',(3.4,-17.890625,8.1));
#7004=CARTESIAN_POINT('',(3.4,-18.2875,8.5));
#7005=CARTESIAN_POINT('Origin',(-7.7125,-17.890625,8.5));
#7006=CARTESIAN_POINT('',(-7.7125,-17.890625,8.1));
#7007=CARTESIAN_POINT('',(-7.7125,-17.890625,8.5));
#7008=CARTESIAN_POINT('',(-7.7125,-17.890625,8.1));
#7009=CARTESIAN_POINT('Origin',(-7.7125,-18.2875,8.5));
#7010=CARTESIAN_POINT('',(-7.7125,-18.2875,8.1));
#7011=CARTESIAN_POINT('',(-7.7125,-18.2875,8.5));
#7012=CARTESIAN_POINT('',(-7.7125,-18.2875,8.1));
#7013=CARTESIAN_POINT('Origin',(3.4,-18.2875,8.5));
#7014=CARTESIAN_POINT('',(3.4,-18.2875,8.1));
#7015=CARTESIAN_POINT('Origin',(-2.15625,-18.0890625,8.1));
#7016=CARTESIAN_POINT('Origin',(-8.75625,-5.190625,8.5));
#7017=CARTESIAN_POINT('',(-8.75625,-4.940625,8.5));
#7018=CARTESIAN_POINT('',(-8.75625,-6.234375,8.5));
#7019=CARTESIAN_POINT('',(-8.75625,-2.5953125,8.5));
#7020=CARTESIAN_POINT('',(-8.75625,-4.940625,8.1));
#7021=CARTESIAN_POINT('',(-8.75625,-4.940625,8.5));
#7022=CARTESIAN_POINT('',(-8.75625,-6.234375,8.1));
#7023=CARTESIAN_POINT('',(-8.75625,-5.3890625,8.1));
#7024=CARTESIAN_POINT('',(-8.75625,-6.234375,8.5));
#7025=CARTESIAN_POINT('Origin',(-7.7125,-4.940625,8.5));
#7026=CARTESIAN_POINT('',(-7.4625,-4.940625,8.5));
#7027=CARTESIAN_POINT('',(-3.85625,-4.940625,8.5));
#7028=CARTESIAN_POINT('',(-7.4625,-4.940625,8.1));
#7029=CARTESIAN_POINT('',(-7.4625,-4.940625,8.5));
#7030=CARTESIAN_POINT('',(-7.9109375,-4.940625,8.1));
#7031=CARTESIAN_POINT('Origin',(-7.4625,-5.984375,8.5));
#7032=CARTESIAN_POINT('',(-7.4625,-6.234375,8.5));
#7033=CARTESIAN_POINT('',(-7.4625,-2.9921875,8.5));
#7034=CARTESIAN_POINT('',(-7.4625,-6.234375,8.1));
#7035=CARTESIAN_POINT('',(-7.4625,-6.234375,8.5));
#7036=CARTESIAN_POINT('',(-7.4625,-5.7859375,8.1));
#7037=CARTESIAN_POINT('Origin',(-8.50625,-6.234375,8.5));
#7038=CARTESIAN_POINT('',(-4.253125,-6.234375,8.5));
#7039=CARTESIAN_POINT('',(-8.3078125,-6.234375,8.1));
#7040=CARTESIAN_POINT('Origin',(-8.109375,-5.5875,8.1));
#7041=CARTESIAN_POINT('Origin',(-20.4125,-20.66875,8.5));
#7042=CARTESIAN_POINT('',(-20.4125,-20.66875,8.1));
#7043=CARTESIAN_POINT('',(-20.4125,-20.66875,8.5));
#7044=CARTESIAN_POINT('',(-20.4125,-21.065625,8.1));
#7045=CARTESIAN_POINT('',(-20.4125,-20.66875,8.1));
#7046=CARTESIAN_POINT('',(-20.4125,-21.065625,8.5));
#7047=CARTESIAN_POINT('Origin',(-22.,-20.66875,8.5));
#7048=CARTESIAN_POINT('',(-22.,-20.66875,8.1));
#7049=CARTESIAN_POINT('',(-22.,-20.66875,8.5));
#7050=CARTESIAN_POINT('',(-22.,-20.66875,8.1));
#7051=CARTESIAN_POINT('Origin',(-22.,-21.065625,8.5));
#7052=CARTESIAN_POINT('',(-22.,-21.065625,8.1));
#7053=CARTESIAN_POINT('',(-22.,-21.065625,8.5));
#7054=CARTESIAN_POINT('',(-22.,-21.065625,8.1));
#7055=CARTESIAN_POINT('Origin',(-20.4125,-21.065625,8.5));
#7056=CARTESIAN_POINT('',(-20.4125,-21.065625,8.1));
#7057=CARTESIAN_POINT('Origin',(-21.20625,-20.8671875,8.1));
#7058=CARTESIAN_POINT('Origin',(1.01875,-19.08125,8.5));
#7059=CARTESIAN_POINT('',(1.01875,-19.08125,8.1));
#7060=CARTESIAN_POINT('',(1.01875,-19.08125,8.5));
#7061=CARTESIAN_POINT('',(1.01875,-19.478125,8.1));
#7062=CARTESIAN_POINT('',(1.01875,-19.08125,8.1));
#7063=CARTESIAN_POINT('',(1.01875,-19.478125,8.5));
#7064=CARTESIAN_POINT('Origin',(-0.171874999999999,-19.08125,8.5));
#7065=CARTESIAN_POINT('',(-0.171874999999999,-19.08125,8.1));
#7066=CARTESIAN_POINT('',(-0.171874999999999,-19.08125,8.5));
#7067=CARTESIAN_POINT('',(-0.171874999999999,-19.08125,8.1));
#7068=CARTESIAN_POINT('Origin',(-0.171874999999999,-19.478125,8.5));
#7069=CARTESIAN_POINT('',(-0.171874999999999,-19.478125,8.1));
#7070=CARTESIAN_POINT('',(-0.171874999999999,-19.478125,8.5));
#7071=CARTESIAN_POINT('',(-0.171874999999999,-19.478125,8.1));
#7072=CARTESIAN_POINT('Origin',(1.01875,-19.478125,8.5));
#7073=CARTESIAN_POINT('',(1.01875,-19.478125,8.1));
#7074=CARTESIAN_POINT('Origin',(0.423437500000001,-19.2796875,8.1));
#7075=CARTESIAN_POINT('Origin',(4.44089209850063E-15,0.,8.5));
#7076=CARTESIAN_POINT('Origin',(8.8875,27.35,5.));
#7077=CARTESIAN_POINT('',(-17.775,27.85,5.5));
#7078=CARTESIAN_POINT('',(-17.775,26.85,4.5));
#7079=CARTESIAN_POINT('',(17.775,27.85,5.5));
#7080=CARTESIAN_POINT('',(8.8875,27.85,5.5));
#7081=CARTESIAN_POINT('',(17.775,27.85,5.5));
#7082=CARTESIAN_POINT('Origin',(-17.775,17.85,5.));
#7083=CARTESIAN_POINT('',(-27.775,17.85,5.5));
#7084=CARTESIAN_POINT('',(-26.775,17.85,4.5));
#7085=CARTESIAN_POINT('Origin',(-17.775,17.85,5.5));
#7086=CARTESIAN_POINT('Origin',(-27.275,8.92500000000001,5.));
#7087=CARTESIAN_POINT('',(-27.775,-17.85,5.5));
#7088=CARTESIAN_POINT('',(-26.775,-17.85,4.5));
#7089=CARTESIAN_POINT('',(-27.775,8.92500000000001,5.5));
#7090=CARTESIAN_POINT('Origin',(-17.775,-17.85,5.));
#7091=CARTESIAN_POINT('',(-17.775,-27.85,5.5));
#7092=CARTESIAN_POINT('',(-17.775,-26.85,4.5));
#7093=CARTESIAN_POINT('Origin',(-17.775,-17.85,5.5));
#7094=CARTESIAN_POINT('Origin',(-8.88749999999999,-27.35,5.));
#7095=CARTESIAN_POINT('',(17.775,-27.85,5.5));
#7096=CARTESIAN_POINT('',(17.775,-26.85,4.5));
#7097=CARTESIAN_POINT('',(-8.88749999999999,-27.85,5.5));
#7098=CARTESIAN_POINT('Origin',(17.775,-17.85,5.));
#7099=CARTESIAN_POINT('',(27.775,-17.85,5.5));
#7100=CARTESIAN_POINT('',(26.775,-17.85,4.5));
#7101=CARTESIAN_POINT('Origin',(17.775,-17.85,5.5));
#7102=CARTESIAN_POINT('Origin',(27.275,-8.92500000000001,5.));
#7103=CARTESIAN_POINT('',(27.775,17.85,5.5));
#7104=CARTESIAN_POINT('',(26.775,17.85,4.5));
#7105=CARTESIAN_POINT('',(27.775,-8.92500000000001,5.5));
#7106=CARTESIAN_POINT('Origin',(17.775,17.85,5.));
#7107=CARTESIAN_POINT('Origin',(17.775,17.85,5.5));
#7108=CARTESIAN_POINT('Origin',(17.775,-17.85,4.5));
#7109=CARTESIAN_POINT('',(27.775,-17.85,7.5));
#7110=CARTESIAN_POINT('',(27.775,-17.85,4.5));
#7111=CARTESIAN_POINT('',(17.775,-27.85,7.5));
#7112=CARTESIAN_POINT('Origin',(17.775,-17.85,7.5));
#7113=CARTESIAN_POINT('',(17.775,-27.85,4.5));
#7114=CARTESIAN_POINT('Origin',(27.775,-17.85,4.5));
#7115=CARTESIAN_POINT('',(27.775,17.85,7.5));
#7116=CARTESIAN_POINT('',(27.775,17.85,4.5));
#7117=CARTESIAN_POINT('',(27.775,-8.92500000000001,7.5));
#7118=CARTESIAN_POINT('Origin',(17.775,17.85,4.5));
#7119=CARTESIAN_POINT('',(17.775,27.85,7.5));
#7120=CARTESIAN_POINT('',(17.775,27.85,4.5));
#7121=CARTESIAN_POINT('Origin',(17.775,17.85,7.5));
#7122=CARTESIAN_POINT('Origin',(17.775,27.85,4.5));
#7123=CARTESIAN_POINT('',(-17.775,27.85,7.5));
#7124=CARTESIAN_POINT('',(-17.775,27.85,4.5));
#7125=CARTESIAN_POINT('',(8.8875,27.85,7.5));
#7126=CARTESIAN_POINT('Origin',(8.8875,27.35,8.));
#7127=CARTESIAN_POINT('',(-17.775,27.85,7.5));
#7128=CARTESIAN_POINT('',(17.775,26.85,8.5));
#7129=CARTESIAN_POINT('Origin',(-17.775,17.85,8.));
#7130=CARTESIAN_POINT('',(-27.775,17.85,7.5));
#7131=CARTESIAN_POINT('',(-27.775,17.85,7.5));
#7132=CARTESIAN_POINT('Origin',(-17.775,17.85,7.5));
#7133=CARTESIAN_POINT('Origin',(-27.275,8.92500000000001,8.));
#7134=CARTESIAN_POINT('',(-27.775,-17.85,7.5));
#7135=CARTESIAN_POINT('',(-27.775,-17.85,7.5));
#7136=CARTESIAN_POINT('',(-27.775,8.92500000000001,7.5));
#7137=CARTESIAN_POINT('Origin',(-17.775,-17.85,8.));
#7138=CARTESIAN_POINT('',(-17.775,-27.85,7.5));
#7139=CARTESIAN_POINT('',(-17.775,-27.85,7.5));
#7140=CARTESIAN_POINT('Origin',(-17.775,-17.85,7.5));
#7141=CARTESIAN_POINT('Origin',(-8.88749999999999,-27.35,8.));
#7142=CARTESIAN_POINT('',(17.775,-27.85,7.5));
#7143=CARTESIAN_POINT('',(-8.88749999999999,-27.85,7.5));
#7144=CARTESIAN_POINT('Origin',(17.775,-17.85,8.));
#7145=CARTESIAN_POINT('',(27.775,-17.85,7.5));
#7146=CARTESIAN_POINT('Origin',(27.275,-8.92500000000001,8.));
#7147=CARTESIAN_POINT('',(27.775,17.85,7.5));
#7148=CARTESIAN_POINT('Origin',(17.775,17.85,8.));
#7149=CARTESIAN_POINT('Origin',(-17.775,-17.85,4.5));
#7150=CARTESIAN_POINT('',(-17.775,-27.85,4.5));
#7151=CARTESIAN_POINT('',(-27.775,-17.85,4.5));
#7152=CARTESIAN_POINT('Origin',(-27.775,17.85,4.5));
#7153=CARTESIAN_POINT('',(-27.775,17.85,4.5));
#7154=CARTESIAN_POINT('Origin',(-17.775,17.85,4.5));
#7155=CARTESIAN_POINT('Origin',(21.225,-8.75,-11.5));
#7156=CARTESIAN_POINT('',(19.875,-8.75,5.5));
#7157=CARTESIAN_POINT('',(19.875,-8.75,-11.5));
#7158=CARTESIAN_POINT('Origin',(21.225,-8.75,5.5));
#7159=CARTESIAN_POINT('Origin',(-21.3105339059327,21.3855339059327,5.5));
#7160=CARTESIAN_POINT('',(-19.9605339059327,21.3855339059327,5.5));
#7161=CARTESIAN_POINT('Origin',(-21.3105339059327,21.3855339059327,5.5));
#7162=CARTESIAN_POINT('',(-19.9605339059327,21.3855339059327,5.5));
#7163=CARTESIAN_POINT('Origin',(-21.3105339059327,21.3855339059327,5.5));
#7164=CARTESIAN_POINT('Origin',(21.225,-8.75,5.5));
#7165=CARTESIAN_POINT('',(24.35,-8.75,5.5));
#7166=CARTESIAN_POINT('Origin',(21.225,-8.75,5.5));
#7167=CARTESIAN_POINT('Origin',(21.225,-8.75,1.5));
#7168=CARTESIAN_POINT('',(24.35,-8.75,1.5));
#7169=CARTESIAN_POINT('Origin',(-17.775,-27.85,4.5));
#7170=CARTESIAN_POINT('Origin',(-22.,-20.66875,8.1));
#7171=CARTESIAN_POINT('',(-22.,-21.065625,8.1));
#7172=CARTESIAN_POINT('',(-22.,-20.66875,8.1));
#7173=CARTESIAN_POINT('',(-22.,-21.065625,8.1));
#7174=CARTESIAN_POINT('',(-22.,-21.065625,8.5));
#7175=CARTESIAN_POINT('',(-22.,-21.065625,8.1));
#7176=CARTESIAN_POINT('',(-22.,-20.66875,8.5));
#7177=CARTESIAN_POINT('',(-22.,-21.065625,8.5));
#7178=CARTESIAN_POINT('',(-22.,-20.66875,8.1));
#7179=CARTESIAN_POINT('Origin',(-20.4125,-20.66875,8.1));
#7180=CARTESIAN_POINT('',(-20.4125,-20.66875,8.1));
#7181=CARTESIAN_POINT('',(-22.,-20.66875,8.1));
#7182=CARTESIAN_POINT('',(-20.4125,-20.66875,8.5));
#7183=CARTESIAN_POINT('',(-22.,-20.66875,8.5));
#7184=CARTESIAN_POINT('',(-20.4125,-20.66875,8.1));
#7185=CARTESIAN_POINT('Origin',(-20.4125,-21.065625,8.1));
#7186=CARTESIAN_POINT('',(-20.4125,-21.065625,8.1));
#7187=CARTESIAN_POINT('',(-20.4125,-20.66875,8.1));
#7188=CARTESIAN_POINT('',(-20.4125,-21.065625,8.5));
#7189=CARTESIAN_POINT('',(-20.4125,-20.66875,8.5));
#7190=CARTESIAN_POINT('',(-20.4125,-21.065625,8.1));
#7191=CARTESIAN_POINT('Origin',(-22.,-21.065625,8.1));
#7192=CARTESIAN_POINT('',(-20.4125,-21.065625,8.1));
#7193=CARTESIAN_POINT('',(-20.4125,-21.065625,8.5));
#7194=CARTESIAN_POINT('Origin',(-21.20625,-20.8671875,8.5));
#7195=CARTESIAN_POINT('Origin',(-21.20625,-20.8671875,8.1));
#7196=CARTESIAN_POINT('Origin',(-16.44375,-20.66875,8.1));
#7197=CARTESIAN_POINT('',(-16.44375,-21.065625,8.1));
#7198=CARTESIAN_POINT('',(-16.44375,-20.66875,8.1));
#7199=CARTESIAN_POINT('',(-16.44375,-21.065625,8.1));
#7200=CARTESIAN_POINT('',(-16.44375,-21.065625,8.5));
#7201=CARTESIAN_POINT('',(-16.44375,-21.065625,8.1));
#7202=CARTESIAN_POINT('',(-16.44375,-20.66875,8.5));
#7203=CARTESIAN_POINT('',(-16.44375,-21.065625,8.5));
#7204=CARTESIAN_POINT('',(-16.44375,-20.66875,8.1));
#7205=CARTESIAN_POINT('Origin',(-15.65,-20.66875,8.1));
#7206=CARTESIAN_POINT('',(-15.65,-20.66875,8.1));
#7207=CARTESIAN_POINT('',(-16.44375,-20.66875,8.1));
#7208=CARTESIAN_POINT('',(-15.65,-20.66875,8.5));
#7209=CARTESIAN_POINT('',(-16.44375,-20.66875,8.5));
#7210=CARTESIAN_POINT('',(-15.65,-20.66875,8.1));
#7211=CARTESIAN_POINT('Origin',(-15.65,-21.065625,8.1));
#7212=CARTESIAN_POINT('',(-15.65,-21.065625,8.1));
#7213=CARTESIAN_POINT('',(-15.65,-20.66875,8.1));
#7214=CARTESIAN_POINT('',(-15.65,-21.065625,8.5));
#7215=CARTESIAN_POINT('',(-15.65,-20.66875,8.5));
#7216=CARTESIAN_POINT('',(-15.65,-21.065625,8.1));
#7217=CARTESIAN_POINT('Origin',(-16.44375,-21.065625,8.1));
#7218=CARTESIAN_POINT('',(-15.65,-21.065625,8.1));
#7219=CARTESIAN_POINT('',(-15.65,-21.065625,8.5));
#7220=CARTESIAN_POINT('Origin',(-16.046875,-20.8671875,8.5));
#7221=CARTESIAN_POINT('Origin',(-16.046875,-20.8671875,8.1));
#7222=CARTESIAN_POINT('Origin',(-2.95,-20.66875,8.1));
#7223=CARTESIAN_POINT('',(-2.95,-21.065625,8.1));
#7224=CARTESIAN_POINT('',(-2.95,-20.66875,8.1));
#7225=CARTESIAN_POINT('',(-2.95,-21.065625,8.1));
#7226=CARTESIAN_POINT('',(-2.95,-21.065625,8.5));
#7227=CARTESIAN_POINT('',(-2.95,-21.065625,8.1));
#7228=CARTESIAN_POINT('',(-2.95,-20.66875,8.5));
#7229=CARTESIAN_POINT('',(-2.95,-21.065625,8.5));
#7230=CARTESIAN_POINT('',(-2.95,-20.66875,8.1));
#7231=CARTESIAN_POINT('Origin',(-1.3625,-20.66875,8.1));
#7232=CARTESIAN_POINT('',(-1.3625,-20.66875,8.1));
#7233=CARTESIAN_POINT('',(-2.95,-20.66875,8.1));
#7234=CARTESIAN_POINT('',(-1.3625,-20.66875,8.5));
#7235=CARTESIAN_POINT('',(-2.95,-20.66875,8.5));
#7236=CARTESIAN_POINT('',(-1.3625,-20.66875,8.1));
#7237=CARTESIAN_POINT('Origin',(-1.3625,-21.065625,8.1));
#7238=CARTESIAN_POINT('',(-1.3625,-21.065625,8.1));
#7239=CARTESIAN_POINT('',(-1.3625,-20.66875,8.1));
#7240=CARTESIAN_POINT('',(-1.3625,-21.065625,8.5));
#7241=CARTESIAN_POINT('',(-1.3625,-20.66875,8.5));
#7242=CARTESIAN_POINT('',(-1.3625,-21.065625,8.1));
#7243=CARTESIAN_POINT('Origin',(-2.95,-21.065625,8.1));
#7244=CARTESIAN_POINT('',(-1.3625,-21.065625,8.1));
#7245=CARTESIAN_POINT('',(-1.3625,-21.065625,8.5));
#7246=CARTESIAN_POINT('Origin',(-2.15625,-20.8671875,8.5));
#7247=CARTESIAN_POINT('Origin',(-2.15625,-20.8671875,8.1));
#7248=CARTESIAN_POINT('Origin',(-7.7125,-17.890625,8.1));
#7249=CARTESIAN_POINT('',(-7.7125,-18.2875,8.1));
#7250=CARTESIAN_POINT('',(-7.7125,-17.890625,8.1));
#7251=CARTESIAN_POINT('',(-7.7125,-18.2875,8.1));
#7252=CARTESIAN_POINT('',(-7.7125,-18.2875,8.5));
#7253=CARTESIAN_POINT('',(-7.7125,-18.2875,8.1));
#7254=CARTESIAN_POINT('',(-7.7125,-17.890625,8.5));
#7255=CARTESIAN_POINT('',(-7.7125,-18.2875,8.5));
#7256=CARTESIAN_POINT('',(-7.7125,-17.890625,8.1));
#7257=CARTESIAN_POINT('Origin',(3.4,-17.890625,8.1));
#7258=CARTESIAN_POINT('',(3.4,-17.890625,8.1));
#7259=CARTESIAN_POINT('',(-7.7125,-17.890625,8.1));
#7260=CARTESIAN_POINT('',(3.4,-17.890625,8.5));
#7261=CARTESIAN_POINT('',(-7.7125,-17.890625,8.5));
#7262=CARTESIAN_POINT('',(3.4,-17.890625,8.1));
#7263=CARTESIAN_POINT('Origin',(3.4,-18.2875,8.1));
#7264=CARTESIAN_POINT('',(3.4,-18.2875,8.1));
#7265=CARTESIAN_POINT('',(3.4,-17.890625,8.1));
#7266=CARTESIAN_POINT('',(3.4,-18.2875,8.5));
#7267=CARTESIAN_POINT('',(3.4,-17.890625,8.5));
#7268=CARTESIAN_POINT('',(3.4,-18.2875,8.1));
#7269=CARTESIAN_POINT('Origin',(-7.7125,-18.2875,8.1));
#7270=CARTESIAN_POINT('',(3.4,-18.2875,8.1));
#7271=CARTESIAN_POINT('',(3.4,-18.2875,8.5));
#7272=CARTESIAN_POINT('Origin',(-2.15625,-18.0890625,8.5));
#7273=CARTESIAN_POINT('Origin',(-2.15625,-18.0890625,8.1));
#7274=CARTESIAN_POINT('Origin',(-7.4625,-5.190625,8.1));
#7275=CARTESIAN_POINT('',(-7.4625,-6.234375,8.1));
#7276=CARTESIAN_POINT('',(-7.4625,-4.940625,8.1));
#7277=CARTESIAN_POINT('',(-7.4625,-8.86171875,8.1));
#7278=CARTESIAN_POINT('',(-7.4625,-6.234375,8.5));
#7279=CARTESIAN_POINT('',(-7.4625,-6.234375,8.1));
#7280=CARTESIAN_POINT('',(-7.4625,-4.940625,8.5));
#7281=CARTESIAN_POINT('',(-7.4625,-8.86171875,8.5));
#7282=CARTESIAN_POINT('',(-7.4625,-4.940625,8.1));
#7283=CARTESIAN_POINT('Origin',(-8.50625,-4.940625,8.1));
#7284=CARTESIAN_POINT('',(-8.75625,-4.940625,8.1));
#7285=CARTESIAN_POINT('',(-9.3,-4.940625,8.1));
#7286=CARTESIAN_POINT('',(-8.75625,-4.940625,8.5));
#7287=CARTESIAN_POINT('',(-9.3,-4.940625,8.5));
#7288=CARTESIAN_POINT('',(-8.75625,-4.940625,8.1));
#7289=CARTESIAN_POINT('Origin',(-8.75625,-5.984375,8.1));
#7290=CARTESIAN_POINT('',(-8.75625,-6.234375,8.1));
#7291=CARTESIAN_POINT('',(-8.75625,-9.25859375,8.1));
#7292=CARTESIAN_POINT('',(-8.75625,-6.234375,8.5));
#7293=CARTESIAN_POINT('',(-8.75625,-9.25859375,8.5));
#7294=CARTESIAN_POINT('',(-8.75625,-6.234375,8.1));
#7295=CARTESIAN_POINT('Origin',(-7.7125,-6.234375,8.1));
#7296=CARTESIAN_POINT('',(-8.903125,-6.234375,8.1));
#7297=CARTESIAN_POINT('',(-8.903125,-6.234375,8.5));
#7298=CARTESIAN_POINT('Origin',(-7.3125,-15.5125,8.1));
#7299=CARTESIAN_POINT('',(-6.51875,-15.5125,8.1));
#7300=CARTESIAN_POINT('',(-7.3125,-15.5125,8.1));
#7301=CARTESIAN_POINT('',(-6.51875,-15.5125,8.1));
#7302=CARTESIAN_POINT('',(-6.51875,-15.5125,8.5));
#7303=CARTESIAN_POINT('',(-6.51875,-15.5125,8.1));
#7304=CARTESIAN_POINT('',(-7.3125,-15.5125,8.5));
#7305=CARTESIAN_POINT('',(-6.51875,-15.5125,8.5));
#7306=CARTESIAN_POINT('',(-7.3125,-15.5125,8.1));
#7307=CARTESIAN_POINT('Origin',(-7.3125,-16.703125,8.1));
#7308=CARTESIAN_POINT('',(-7.3125,-16.703125,8.1));
#7309=CARTESIAN_POINT('',(-7.3125,-15.5125,8.1));
#7310=CARTESIAN_POINT('',(-7.3125,-16.703125,8.5));
#7311=CARTESIAN_POINT('',(-7.3125,-15.5125,8.5));
#7312=CARTESIAN_POINT('',(-7.3125,-16.703125,8.1));
#7313=CARTESIAN_POINT('Origin',(-8.10625,-16.703125,8.1));
#7314=CARTESIAN_POINT('',(-8.10625,-16.703125,8.1));
#7315=CARTESIAN_POINT('',(-7.3125,-16.703125,8.1));
#7316=CARTESIAN_POINT('',(-8.10625,-16.703125,8.5));
#7317=CARTESIAN_POINT('',(-7.3125,-16.703125,8.5));
#7318=CARTESIAN_POINT('',(-8.10625,-16.703125,8.1));
#7319=CARTESIAN_POINT('Origin',(-8.10625,-17.496875,8.1));
#7320=CARTESIAN_POINT('',(-8.10625,-17.496875,8.1));
#7321=CARTESIAN_POINT('',(-8.10625,-16.703125,8.1));
#7322=CARTESIAN_POINT('',(-8.10625,-17.496875,8.5));
#7323=CARTESIAN_POINT('',(-8.10625,-16.703125,8.5));
#7324=CARTESIAN_POINT('',(-8.10625,-17.496875,8.1));
#7325=CARTESIAN_POINT('Origin',(-8.9,-17.496875,8.1));
#7326=CARTESIAN_POINT('',(-8.9,-17.496875,8.1));
#7327=CARTESIAN_POINT('',(-8.10625,-17.496875,8.1));
#7328=CARTESIAN_POINT('',(-8.9,-17.496875,8.5));
#7329=CARTESIAN_POINT('',(-8.10625,-17.496875,8.5));
#7330=CARTESIAN_POINT('',(-8.9,-17.496875,8.1));
#7331=CARTESIAN_POINT('Origin',(-8.9,-19.871875,8.1));
#7332=CARTESIAN_POINT('',(-8.9,-19.871875,8.1));
#7333=CARTESIAN_POINT('',(-8.9,-17.496875,8.1));
#7334=CARTESIAN_POINT('',(-8.9,-19.871875,8.5));
#7335=CARTESIAN_POINT('',(-8.9,-17.496875,8.5));
#7336=CARTESIAN_POINT('',(-8.9,-19.871875,8.1));
#7337=CARTESIAN_POINT('Origin',(-8.10625,-19.871875,8.1));
#7338=CARTESIAN_POINT('',(-8.10625,-19.871875,8.1));
#7339=CARTESIAN_POINT('',(-8.9,-19.871875,8.1));
#7340=CARTESIAN_POINT('',(-8.10625,-19.871875,8.5));
#7341=CARTESIAN_POINT('',(-8.9,-19.871875,8.5));
#7342=CARTESIAN_POINT('',(-8.10625,-19.871875,8.1));
#7343=CARTESIAN_POINT('Origin',(-8.10625,-21.465625,8.1));
#7344=CARTESIAN_POINT('',(-8.10625,-21.465625,8.1));
#7345=CARTESIAN_POINT('',(-8.10625,-19.871875,8.1));
#7346=CARTESIAN_POINT('',(-8.10625,-21.465625,8.5));
#7347=CARTESIAN_POINT('',(-8.10625,-19.871875,8.5));
#7348=CARTESIAN_POINT('',(-8.10625,-21.465625,8.1));
#7349=CARTESIAN_POINT('Origin',(-10.49375,-21.465625,8.1));
#7350=CARTESIAN_POINT('',(-10.49375,-21.465625,8.1));
#7351=CARTESIAN_POINT('',(-8.10625,-21.465625,8.1));
#7352=CARTESIAN_POINT('',(-10.49375,-21.465625,8.5));
#7353=CARTESIAN_POINT('',(-8.10625,-21.465625,8.5));
#7354=CARTESIAN_POINT('',(-10.49375,-21.465625,8.1));
#7355=CARTESIAN_POINT('Origin',(-10.49375,-19.084375,8.1));
#7356=CARTESIAN_POINT('',(-10.49375,-19.084375,8.1));
#7357=CARTESIAN_POINT('',(-10.49375,-21.465625,8.1));
#7358=CARTESIAN_POINT('',(-10.49375,-19.084375,8.5));
#7359=CARTESIAN_POINT('',(-10.49375,-21.465625,8.5));
#7360=CARTESIAN_POINT('',(-10.49375,-19.084375,8.1));
#7361=CARTESIAN_POINT('Origin',(-12.075,-19.084375,8.1));
#7362=CARTESIAN_POINT('',(-12.075,-19.084375,8.1));
#7363=CARTESIAN_POINT('',(-11.2875,-19.084375,8.1));
#7364=CARTESIAN_POINT('',(-12.075,-19.084375,8.5));
#7365=CARTESIAN_POINT('',(-11.2875,-19.084375,8.5));
#7366=CARTESIAN_POINT('',(-12.075,-19.084375,8.1));
#7367=CARTESIAN_POINT('Origin',(-12.075,-21.465625,8.1));
#7368=CARTESIAN_POINT('',(-12.075,-21.465625,8.1));
#7369=CARTESIAN_POINT('',(-12.075,-19.878125,8.1));
#7370=CARTESIAN_POINT('',(-12.075,-21.465625,8.5));
#7371=CARTESIAN_POINT('',(-12.075,-19.878125,8.5));
#7372=CARTESIAN_POINT('',(-12.075,-21.465625,8.1));
#7373=CARTESIAN_POINT('Origin',(-14.4625,-21.465625,8.1));
#7374=CARTESIAN_POINT('',(-14.4625,-21.465625,8.1));
#7375=CARTESIAN_POINT('',(-12.075,-21.465625,8.1));
#7376=CARTESIAN_POINT('',(-14.4625,-21.465625,8.5));
#7377=CARTESIAN_POINT('',(-12.075,-21.465625,8.5));
#7378=CARTESIAN_POINT('',(-14.4625,-21.465625,8.1));
#7379=CARTESIAN_POINT('Origin',(-14.4625,-18.290625,8.1));
#7380=CARTESIAN_POINT('',(-14.4625,-18.290625,8.1));
#7381=CARTESIAN_POINT('',(-14.4625,-21.465625,8.1));
#7382=CARTESIAN_POINT('',(-14.4625,-18.290625,8.5));
#7383=CARTESIAN_POINT('',(-14.4625,-21.465625,8.5));
#7384=CARTESIAN_POINT('',(-14.4625,-18.290625,8.1));
#7385=CARTESIAN_POINT('Origin',(-15.25625,-18.290625,8.1));
#7386=CARTESIAN_POINT('',(-15.25625,-18.290625,8.1));
#7387=CARTESIAN_POINT('',(-14.4625,-18.290625,8.1));
#7388=CARTESIAN_POINT('',(-15.25625,-18.290625,8.5));
#7389=CARTESIAN_POINT('',(-14.4625,-18.290625,8.5));
#7390=CARTESIAN_POINT('',(-15.25625,-18.290625,8.1));
#7391=CARTESIAN_POINT('Origin',(-15.25625,-17.496875,8.1));
#7392=CARTESIAN_POINT('',(-15.25625,-17.496875,8.1));
#7393=CARTESIAN_POINT('',(-15.25625,-18.290625,8.1));
#7394=CARTESIAN_POINT('',(-15.25625,-17.496875,8.5));
#7395=CARTESIAN_POINT('',(-15.25625,-18.290625,8.5));
#7396=CARTESIAN_POINT('',(-15.25625,-17.496875,8.1));
#7397=CARTESIAN_POINT('Origin',(-16.05,-17.496875,8.1));
#7398=CARTESIAN_POINT('',(-16.05,-17.496875,8.1));
#7399=CARTESIAN_POINT('',(-15.25625,-17.496875,8.1));
#7400=CARTESIAN_POINT('',(-16.05,-17.496875,8.5));
#7401=CARTESIAN_POINT('',(-15.25625,-17.496875,8.5));
#7402=CARTESIAN_POINT('',(-16.05,-17.496875,8.1));
#7403=CARTESIAN_POINT('Origin',(-16.05,-16.703125,8.1));
#7404=CARTESIAN_POINT('',(-16.05,-16.703125,8.1));
#7405=CARTESIAN_POINT('',(-16.05,-17.496875,8.1));
#7406=CARTESIAN_POINT('',(-16.05,-16.703125,8.5));
#7407=CARTESIAN_POINT('',(-16.05,-17.496875,8.5));
#7408=CARTESIAN_POINT('',(-16.05,-16.703125,8.1));
#7409=CARTESIAN_POINT('Origin',(-16.84375,-16.703125,8.1));
#7410=CARTESIAN_POINT('',(-16.84375,-16.703125,8.1));
#7411=CARTESIAN_POINT('',(-16.05,-16.703125,8.1));
#7412=CARTESIAN_POINT('',(-16.84375,-16.703125,8.5));
#7413=CARTESIAN_POINT('',(-16.05,-16.703125,8.5));
#7414=CARTESIAN_POINT('',(-16.84375,-16.703125,8.1));
#7415=CARTESIAN_POINT('Origin',(-16.84375,-15.909375,8.1));
#7416=CARTESIAN_POINT('',(-16.84375,-15.909375,8.1));
#7417=CARTESIAN_POINT('',(-16.84375,-16.703125,8.1));
#7418=CARTESIAN_POINT('',(-16.84375,-15.909375,8.5));
#7419=CARTESIAN_POINT('',(-16.84375,-16.703125,8.5));
#7420=CARTESIAN_POINT('',(-16.84375,-15.909375,8.1));
#7421=CARTESIAN_POINT('Origin',(-17.6375,-15.909375,8.1));
#7422=CARTESIAN_POINT('',(-17.6375,-15.909375,8.1));
#7423=CARTESIAN_POINT('',(-16.84375,-15.909375,8.1));
#7424=CARTESIAN_POINT('',(-17.6375,-15.909375,8.5));
#7425=CARTESIAN_POINT('',(-16.84375,-15.909375,8.5));
#7426=CARTESIAN_POINT('',(-17.6375,-15.909375,8.1));
#7427=CARTESIAN_POINT('Origin',(-17.6375,-15.115625,8.1));
#7428=CARTESIAN_POINT('',(-17.6375,-15.115625,8.1));
#7429=CARTESIAN_POINT('',(-17.6375,-15.909375,8.1));
#7430=CARTESIAN_POINT('',(-17.6375,-15.115625,8.5));
#7431=CARTESIAN_POINT('',(-17.6375,-15.909375,8.5));
#7432=CARTESIAN_POINT('',(-17.6375,-15.115625,8.1));
#7433=CARTESIAN_POINT('Origin',(-18.43125,-15.115625,8.1));
#7434=CARTESIAN_POINT('',(-18.43125,-15.115625,8.1));
#7435=CARTESIAN_POINT('',(-17.6375,-15.115625,8.1));
#7436=CARTESIAN_POINT('',(-18.43125,-15.115625,8.5));
#7437=CARTESIAN_POINT('',(-17.6375,-15.115625,8.5));
#7438=CARTESIAN_POINT('',(-18.43125,-15.115625,8.1));
#7439=CARTESIAN_POINT('Origin',(-18.43125,-9.553125,8.1));
#7440=CARTESIAN_POINT('',(-18.43125,-9.553125,8.1));
#7441=CARTESIAN_POINT('',(-18.43125,-15.115625,8.1));
#7442=CARTESIAN_POINT('',(-18.43125,-9.553125,8.5));
#7443=CARTESIAN_POINT('',(-18.43125,-15.115625,8.5));
#7444=CARTESIAN_POINT('',(-18.43125,-9.553125,8.1));
#7445=CARTESIAN_POINT('Origin',(-16.8375,-9.553125,8.1));
#7446=CARTESIAN_POINT('',(-16.8375,-9.553125,8.1));
#7447=CARTESIAN_POINT('',(-18.43125,-9.553125,8.1));
#7448=CARTESIAN_POINT('',(-16.8375,-9.553125,8.5));
#7449=CARTESIAN_POINT('',(-18.43125,-9.553125,8.5));
#7450=CARTESIAN_POINT('',(-16.8375,-9.553125,8.1));
#7451=CARTESIAN_POINT('Origin',(-16.8375,-11.140625,8.1));
#7452=CARTESIAN_POINT('',(-16.8375,-11.140625,8.1));
#7453=CARTESIAN_POINT('',(-16.8375,-9.553125,8.1));
#7454=CARTESIAN_POINT('',(-16.8375,-11.140625,8.5));
#7455=CARTESIAN_POINT('',(-16.8375,-9.553125,8.5));
#7456=CARTESIAN_POINT('',(-16.8375,-11.140625,8.1));
#7457=CARTESIAN_POINT('Origin',(-16.04375,-11.140625,8.1));
#7458=CARTESIAN_POINT('',(-16.04375,-11.140625,8.1));
#7459=CARTESIAN_POINT('',(-16.8375,-11.140625,8.1));
#7460=CARTESIAN_POINT('',(-16.04375,-11.140625,8.5));
#7461=CARTESIAN_POINT('',(-16.8375,-11.140625,8.5));
#7462=CARTESIAN_POINT('',(-16.04375,-11.140625,8.1));
#7463=CARTESIAN_POINT('Origin',(-16.04375,-11.934375,8.1));
#7464=CARTESIAN_POINT('',(-16.04375,-11.934375,8.1));
#7465=CARTESIAN_POINT('',(-16.04375,-11.140625,8.1));
#7466=CARTESIAN_POINT('',(-16.04375,-11.934375,8.5));
#7467=CARTESIAN_POINT('',(-16.04375,-11.140625,8.5));
#7468=CARTESIAN_POINT('',(-16.04375,-11.934375,8.1));
#7469=CARTESIAN_POINT('Origin',(-15.25,-11.934375,8.1));
#7470=CARTESIAN_POINT('',(-15.25,-11.934375,8.1));
#7471=CARTESIAN_POINT('',(-16.04375,-11.934375,8.1));
#7472=CARTESIAN_POINT('',(-15.25,-11.934375,8.5));
#7473=CARTESIAN_POINT('',(-16.04375,-11.934375,8.5));
#7474=CARTESIAN_POINT('',(-15.25,-11.934375,8.1));
#7475=CARTESIAN_POINT('Origin',(-15.25,-12.728125,8.1));
#7476=CARTESIAN_POINT('',(-15.25,-12.728125,8.1));
#7477=CARTESIAN_POINT('',(-15.25,-11.934375,8.1));
#7478=CARTESIAN_POINT('',(-15.25,-12.728125,8.5));
#7479=CARTESIAN_POINT('',(-15.25,-11.934375,8.5));
#7480=CARTESIAN_POINT('',(-15.25,-12.728125,8.1));
#7481=CARTESIAN_POINT('Origin',(-14.4625,-12.728125,8.1));
#7482=CARTESIAN_POINT('',(-14.4625,-12.728125,8.1));
#7483=CARTESIAN_POINT('',(-15.25,-12.728125,8.1));
#7484=CARTESIAN_POINT('',(-14.4625,-12.728125,8.5));
#7485=CARTESIAN_POINT('',(-15.25,-12.728125,8.5));
#7486=CARTESIAN_POINT('',(-14.4625,-12.728125,8.1));
#7487=CARTESIAN_POINT('Origin',(-14.4625,-11.934375,8.1));
#7488=CARTESIAN_POINT('',(-14.4625,-11.934375,8.1));
#7489=CARTESIAN_POINT('',(-14.4625,-12.728125,8.1));
#7490=CARTESIAN_POINT('',(-14.4625,-11.934375,8.5));
#7491=CARTESIAN_POINT('',(-14.4625,-12.728125,8.5));
#7492=CARTESIAN_POINT('',(-14.4625,-11.934375,8.1));
#7493=CARTESIAN_POINT('Origin',(-13.66875,-11.934375,8.1));
#7494=CARTESIAN_POINT('',(-13.66875,-11.934375,8.1));
#7495=CARTESIAN_POINT('',(-14.4625,-11.934375,8.1));
#7496=CARTESIAN_POINT('',(-13.66875,-11.934375,8.5));
#7497=CARTESIAN_POINT('',(-14.4625,-11.934375,8.5));
#7498=CARTESIAN_POINT('',(-13.66875,-11.934375,8.1));
#7499=CARTESIAN_POINT('Origin',(-13.66875,-11.140625,8.1));
#7500=CARTESIAN_POINT('',(-13.66875,-11.140625,8.1));
#7501=CARTESIAN_POINT('',(-13.66875,-11.934375,8.1));
#7502=CARTESIAN_POINT('',(-13.66875,-11.140625,8.5));
#7503=CARTESIAN_POINT('',(-13.66875,-11.934375,8.5));
#7504=CARTESIAN_POINT('',(-13.66875,-11.140625,8.1));
#7505=CARTESIAN_POINT('Origin',(-12.478125,-11.140625,8.1));
#7506=CARTESIAN_POINT('',(-12.478125,-11.140625,8.1));
#7507=CARTESIAN_POINT('',(-13.66875,-11.140625,8.1));
#7508=CARTESIAN_POINT('',(-12.478125,-11.140625,8.5));
#7509=CARTESIAN_POINT('',(-13.66875,-11.140625,8.5));
#7510=CARTESIAN_POINT('',(-12.478125,-11.140625,8.1));
#7511=CARTESIAN_POINT('Origin',(-12.478125,-10.346875,8.1));
#7512=CARTESIAN_POINT('',(-12.478125,-10.346875,8.1));
#7513=CARTESIAN_POINT('',(-12.478125,-11.140625,8.1));
#7514=CARTESIAN_POINT('',(-12.478125,-10.346875,8.5));
#7515=CARTESIAN_POINT('',(-12.478125,-11.140625,8.5));
#7516=CARTESIAN_POINT('',(-12.478125,-10.346875,8.1));
#7517=CARTESIAN_POINT('Origin',(-11.2875,-10.346875,8.1));
#7518=CARTESIAN_POINT('',(-11.2875,-10.346875,8.1));
#7519=CARTESIAN_POINT('',(-12.478125,-10.346875,8.1));
#7520=CARTESIAN_POINT('',(-11.2875,-10.346875,8.5));
#7521=CARTESIAN_POINT('',(-12.478125,-10.346875,8.5));
#7522=CARTESIAN_POINT('',(-11.2875,-10.346875,8.1));
#7523=CARTESIAN_POINT('Origin',(-11.2875,-9.553125,8.1));
#7524=CARTESIAN_POINT('',(-11.2875,-9.553125,8.1));
#7525=CARTESIAN_POINT('',(-11.2875,-10.346875,8.1));
#7526=CARTESIAN_POINT('',(-11.2875,-9.553125,8.5));
#7527=CARTESIAN_POINT('',(-11.2875,-10.346875,8.5));
#7528=CARTESIAN_POINT('',(-11.2875,-9.553125,8.1));
#7529=CARTESIAN_POINT('Origin',(-10.49375,-9.553125,8.1));
#7530=CARTESIAN_POINT('',(-10.49375,-9.553125,8.1));
#7531=CARTESIAN_POINT('',(-11.2875,-9.553125,8.1));
#7532=CARTESIAN_POINT('',(-10.49375,-9.553125,8.5));
#7533=CARTESIAN_POINT('',(-11.2875,-9.553125,8.5));
#7534=CARTESIAN_POINT('',(-10.49375,-9.553125,8.1));
#7535=CARTESIAN_POINT('Origin',(-10.49375,-4.39375,8.1));
#7536=CARTESIAN_POINT('',(-10.49375,-4.39375,8.1));
#7537=CARTESIAN_POINT('',(-10.49375,-9.553125,8.1));
#7538=CARTESIAN_POINT('',(-10.49375,-4.39375,8.5));
#7539=CARTESIAN_POINT('',(-10.49375,-9.553125,8.5));
#7540=CARTESIAN_POINT('',(-10.49375,-4.39375,8.1));
#7541=CARTESIAN_POINT('Origin',(-9.7,-4.39375,8.1));
#7542=CARTESIAN_POINT('',(-9.7,-4.39375,8.1));
#7543=CARTESIAN_POINT('',(-10.49375,-4.39375,8.1));
#7544=CARTESIAN_POINT('',(-9.7,-4.39375,8.5));
#7545=CARTESIAN_POINT('',(-10.49375,-4.39375,8.5));
#7546=CARTESIAN_POINT('',(-9.7,-4.39375,8.1));
#7547=CARTESIAN_POINT('Origin',(-9.7,-3.6,8.1));
#7548=CARTESIAN_POINT('',(-9.7,-3.6,8.1));
#7549=CARTESIAN_POINT('',(-9.7,-4.39375,8.1));
#7550=CARTESIAN_POINT('',(-9.7,-3.6,8.5));
#7551=CARTESIAN_POINT('',(-9.7,-4.39375,8.5));
#7552=CARTESIAN_POINT('',(-9.7,-3.6,8.1));
#7553=CARTESIAN_POINT('Origin',(-2.55,-3.6,8.1));
#7554=CARTESIAN_POINT('',(-2.55,-3.6,8.1));
#7555=CARTESIAN_POINT('',(-9.7,-3.6,8.1));
#7556=CARTESIAN_POINT('',(-2.55,-3.6,8.5));
#7557=CARTESIAN_POINT('',(-9.7,-3.6,8.5));
#7558=CARTESIAN_POINT('',(-2.55,-3.6,8.1));
#7559=CARTESIAN_POINT('Origin',(-2.55,-4.39375,8.1));
#7560=CARTESIAN_POINT('',(-2.55,-4.39375,8.1));
#7561=CARTESIAN_POINT('',(-2.55,-3.6,8.1));
#7562=CARTESIAN_POINT('',(-2.55,-4.39375,8.5));
#7563=CARTESIAN_POINT('',(-2.55,-3.6,8.5));
#7564=CARTESIAN_POINT('',(-2.55,-4.39375,8.1));
#7565=CARTESIAN_POINT('Origin',(-1.75625,-4.39375,8.1));
#7566=CARTESIAN_POINT('',(-1.75625,-4.39375,8.1));
#7567=CARTESIAN_POINT('',(-2.55,-4.39375,8.1));
#7568=CARTESIAN_POINT('',(-1.75625,-4.39375,8.5));
#7569=CARTESIAN_POINT('',(-2.55,-4.39375,8.5));
#7570=CARTESIAN_POINT('',(-1.75625,-4.39375,8.1));
#7571=CARTESIAN_POINT('Origin',(-1.75625,-8.765625,8.1));
#7572=CARTESIAN_POINT('',(-1.75625,-8.765625,8.1));
#7573=CARTESIAN_POINT('',(-1.75625,-4.39375,8.1));
#7574=CARTESIAN_POINT('',(-1.75625,-8.765625,8.5));
#7575=CARTESIAN_POINT('',(-1.75625,-4.39375,8.5));
#7576=CARTESIAN_POINT('',(-1.75625,-8.765625,8.1));
#7577=CARTESIAN_POINT('Origin',(-3.34375,-8.765625,8.1));
#7578=CARTESIAN_POINT('',(-3.34375,-8.765625,8.1));
#7579=CARTESIAN_POINT('',(-1.75625,-8.765625,8.1));
#7580=CARTESIAN_POINT('',(-3.34375,-8.765625,8.5));
#7581=CARTESIAN_POINT('',(-1.75625,-8.765625,8.5));
#7582=CARTESIAN_POINT('',(-3.34375,-8.765625,8.1));
#7583=CARTESIAN_POINT('Origin',(-3.34375,-10.353125,8.1));
#7584=CARTESIAN_POINT('',(-3.34375,-10.353125,8.1));
#7585=CARTESIAN_POINT('',(-3.34375,-8.765625,8.1));
#7586=CARTESIAN_POINT('',(-3.34375,-10.353125,8.5));
#7587=CARTESIAN_POINT('',(-3.34375,-8.765625,8.5));
#7588=CARTESIAN_POINT('',(-3.34375,-10.353125,8.1));
#7589=CARTESIAN_POINT('Origin',(-6.51875,-10.353125,8.1));
#7590=CARTESIAN_POINT('',(-6.51875,-10.353125,8.1));
#7591=CARTESIAN_POINT('',(-3.34375,-10.353125,8.1));
#7592=CARTESIAN_POINT('',(-6.51875,-10.353125,8.5));
#7593=CARTESIAN_POINT('',(-3.34375,-10.353125,8.5));
#7594=CARTESIAN_POINT('',(-6.51875,-10.353125,8.1));
#7595=CARTESIAN_POINT('Origin',(-6.51875,-11.140625,8.1));
#7596=CARTESIAN_POINT('',(-6.51875,-11.140625,8.1));
#7597=CARTESIAN_POINT('',(-6.51875,-10.353125,8.1));
#7598=CARTESIAN_POINT('',(-6.51875,-11.140625,8.5));
#7599=CARTESIAN_POINT('',(-6.51875,-10.353125,8.5));
#7600=CARTESIAN_POINT('',(-6.51875,-11.140625,8.1));
#7601=CARTESIAN_POINT('Origin',(-4.93125,-11.140625,8.1));
#7602=CARTESIAN_POINT('',(-4.93125,-11.140625,8.1));
#7603=CARTESIAN_POINT('',(-6.51875,-11.140625,8.1));
#7604=CARTESIAN_POINT('',(-4.93125,-11.140625,8.5));
#7605=CARTESIAN_POINT('',(-6.51875,-11.140625,8.5));
#7606=CARTESIAN_POINT('',(-4.93125,-11.140625,8.1));
#7607=CARTESIAN_POINT('Origin',(-4.93125,-13.528125,8.1));
#7608=CARTESIAN_POINT('',(-4.93125,-13.528125,8.1));
#7609=CARTESIAN_POINT('',(-4.93125,-11.140625,8.1));
#7610=CARTESIAN_POINT('',(-4.93125,-13.528125,8.5));
#7611=CARTESIAN_POINT('',(-4.93125,-11.140625,8.5));
#7612=CARTESIAN_POINT('',(-4.93125,-13.528125,8.1));
#7613=CARTESIAN_POINT('Origin',(-6.51875,-13.528125,8.1));
#7614=CARTESIAN_POINT('',(-6.51875,-13.528125,8.1));
#7615=CARTESIAN_POINT('',(-4.93125,-13.528125,8.1));
#7616=CARTESIAN_POINT('',(-6.51875,-13.528125,8.5));
#7617=CARTESIAN_POINT('',(-4.93125,-13.528125,8.5));
#7618=CARTESIAN_POINT('',(-6.51875,-13.528125,8.1));
#7619=CARTESIAN_POINT('Origin',(-6.51875,-15.5125,8.1));
#7620=CARTESIAN_POINT('',(-6.51875,-13.528125,8.1));
#7621=CARTESIAN_POINT('',(-6.51875,-13.528125,8.5));
#7622=CARTESIAN_POINT('Origin',(-10.09375,-12.5328125,8.5));
#7623=CARTESIAN_POINT('Origin',(-10.09375,-12.5328125,8.1));
#7624=CARTESIAN_POINT('Origin',(-5.728125,-20.271875,8.1));
#7625=CARTESIAN_POINT('',(-5.728125,-20.66875,8.1));
#7626=CARTESIAN_POINT('',(-5.728125,-20.271875,8.1));
#7627=CARTESIAN_POINT('',(-5.728125,-20.66875,8.1));
#7628=CARTESIAN_POINT('',(-5.728125,-20.66875,8.5));
#7629=CARTESIAN_POINT('',(-5.728125,-20.66875,8.1));
#7630=CARTESIAN_POINT('',(-5.728125,-20.271875,8.5));
#7631=CARTESIAN_POINT('',(-5.728125,-20.66875,8.5));
#7632=CARTESIAN_POINT('',(-5.728125,-20.271875,8.1));
#7633=CARTESIAN_POINT('Origin',(-5.33125,-20.271875,8.1));
#7634=CARTESIAN_POINT('',(-5.33125,-20.271875,8.1));
#7635=CARTESIAN_POINT('',(-5.728125,-20.271875,8.1));
#7636=CARTESIAN_POINT('',(-5.33125,-20.271875,8.5));
#7637=CARTESIAN_POINT('',(-5.728125,-20.271875,8.5));
#7638=CARTESIAN_POINT('',(-5.33125,-20.271875,8.1));
#7639=CARTESIAN_POINT('Origin',(-5.33125,-20.66875,8.1));
#7640=CARTESIAN_POINT('',(-5.33125,-20.66875,8.1));
#7641=CARTESIAN_POINT('',(-5.33125,-20.271875,8.1));
#7642=CARTESIAN_POINT('',(-5.33125,-20.66875,8.5));
#7643=CARTESIAN_POINT('',(-5.33125,-20.271875,8.5));
#7644=CARTESIAN_POINT('',(-5.33125,-20.66875,8.1));
#7645=CARTESIAN_POINT('Origin',(-5.728125,-20.66875,8.1));
#7646=CARTESIAN_POINT('',(-5.33125,-20.66875,8.1));
#7647=CARTESIAN_POINT('',(-5.33125,-20.66875,8.5));
#7648=CARTESIAN_POINT('Origin',(-5.5296875,-20.4703125,8.5));
#7649=CARTESIAN_POINT('Origin',(-5.5296875,-20.4703125,8.1));
#7650=CARTESIAN_POINT('Origin',(-0.171874999999999,-19.08125,8.1));
#7651=CARTESIAN_POINT('',(-0.171874999999999,-19.478125,8.1));
#7652=CARTESIAN_POINT('',(-0.171874999999999,-19.08125,8.1));
#7653=CARTESIAN_POINT('',(-0.171874999999999,-19.478125,8.1));
#7654=CARTESIAN_POINT('',(-0.171874999999999,-19.478125,8.5));
#7655=CARTESIAN_POINT('',(-0.171874999999999,-19.478125,8.1));
#7656=CARTESIAN_POINT('',(-0.171874999999999,-19.08125,8.5));
#7657=CARTESIAN_POINT('',(-0.171874999999999,-19.478125,8.5));
#7658=CARTESIAN_POINT('',(-0.171874999999999,-19.08125,8.1));
#7659=CARTESIAN_POINT('Origin',(1.01875,-19.08125,8.1));
#7660=CARTESIAN_POINT('',(1.01875,-19.08125,8.1));
#7661=CARTESIAN_POINT('',(-0.171874999999999,-19.08125,8.1));
#7662=CARTESIAN_POINT('',(1.01875,-19.08125,8.5));
#7663=CARTESIAN_POINT('',(-0.171874999999999,-19.08125,8.5));
#7664=CARTESIAN_POINT('',(1.01875,-19.08125,8.1));
#7665=CARTESIAN_POINT('Origin',(1.01875,-19.478125,8.1));
#7666=CARTESIAN_POINT('',(1.01875,-19.478125,8.1));
#7667=CARTESIAN_POINT('',(1.01875,-19.08125,8.1));
#7668=CARTESIAN_POINT('',(1.01875,-19.478125,8.5));
#7669=CARTESIAN_POINT('',(1.01875,-19.08125,8.5));
#7670=CARTESIAN_POINT('',(1.01875,-19.478125,8.1));
#7671=CARTESIAN_POINT('Origin',(-0.171874999999999,-19.478125,8.1));
#7672=CARTESIAN_POINT('',(1.01875,-19.478125,8.1));
#7673=CARTESIAN_POINT('',(1.01875,-19.478125,8.5));
#7674=CARTESIAN_POINT('Origin',(0.423437500000001,-19.2796875,8.5));
#7675=CARTESIAN_POINT('Origin',(0.423437500000001,-19.2796875,8.1));
#7676=CARTESIAN_POINT('Origin',(-19.61875,-19.478125,8.1));
#7677=CARTESIAN_POINT('',(-19.61875,-19.875,8.1));
#7678=CARTESIAN_POINT('',(-19.61875,-19.478125,8.1));
#7679=CARTESIAN_POINT('',(-19.61875,-19.875,8.1));
#7680=CARTESIAN_POINT('',(-19.61875,-19.875,8.5));
#7681=CARTESIAN_POINT('',(-19.61875,-19.875,8.1));
#7682=CARTESIAN_POINT('',(-19.61875,-19.478125,8.5));
#7683=CARTESIAN_POINT('',(-19.61875,-19.875,8.5));
#7684=CARTESIAN_POINT('',(-19.61875,-19.478125,8.1));
#7685=CARTESIAN_POINT('Origin',(-18.03125,-19.478125,8.1));
#7686=CARTESIAN_POINT('',(-18.03125,-19.478125,8.1));
#7687=CARTESIAN_POINT('',(-19.61875,-19.478125,8.1));
#7688=CARTESIAN_POINT('',(-18.03125,-19.478125,8.5));
#7689=CARTESIAN_POINT('',(-19.61875,-19.478125,8.5));
#7690=CARTESIAN_POINT('',(-18.03125,-19.478125,8.1));
#7691=CARTESIAN_POINT('Origin',(-18.03125,-19.875,8.1));
#7692=CARTESIAN_POINT('',(-18.03125,-19.875,8.1));
#7693=CARTESIAN_POINT('',(-18.03125,-19.478125,8.1));
#7694=CARTESIAN_POINT('',(-18.03125,-19.875,8.5));
#7695=CARTESIAN_POINT('',(-18.03125,-19.478125,8.5));
#7696=CARTESIAN_POINT('',(-18.03125,-19.875,8.1));
#7697=CARTESIAN_POINT('Origin',(-19.61875,-19.875,8.1));
#7698=CARTESIAN_POINT('',(-18.03125,-19.875,8.1));
#7699=CARTESIAN_POINT('',(-18.03125,-19.875,8.5));
#7700=CARTESIAN_POINT('Origin',(-18.825,-19.6765625,8.5));
#7701=CARTESIAN_POINT('Origin',(-18.825,-19.6765625,8.1));
#7702=CARTESIAN_POINT('Origin',(-22.,-17.890625,8.1));
#7703=CARTESIAN_POINT('',(-22.,-18.2875,8.1));
#7704=CARTESIAN_POINT('',(-22.,-17.890625,8.1));
#7705=CARTESIAN_POINT('',(-22.,-18.2875,8.1));
#7706=CARTESIAN_POINT('',(-22.,-18.2875,8.5));
#7707=CARTESIAN_POINT('',(-22.,-18.2875,8.1));
#7708=CARTESIAN_POINT('',(-22.,-17.890625,8.5));
#7709=CARTESIAN_POINT('',(-22.,-18.2875,8.5));
#7710=CARTESIAN_POINT('',(-22.,-17.890625,8.1));
#7711=CARTESIAN_POINT('Origin',(-15.65,-17.890625,8.1));
#7712=CARTESIAN_POINT('',(-15.65,-17.890625,8.1));
#7713=CARTESIAN_POINT('',(-22.,-17.890625,8.1));
#7714=CARTESIAN_POINT('',(-15.65,-17.890625,8.5));
#7715=CARTESIAN_POINT('',(-22.,-17.890625,8.5));
#7716=CARTESIAN_POINT('',(-15.65,-17.890625,8.1));
#7717=CARTESIAN_POINT('Origin',(-15.65,-18.2875,8.1));
#7718=CARTESIAN_POINT('',(-15.65,-18.2875,8.1));
#7719=CARTESIAN_POINT('',(-15.65,-17.890625,8.1));
#7720=CARTESIAN_POINT('',(-15.65,-18.2875,8.5));
#7721=CARTESIAN_POINT('',(-15.65,-17.890625,8.5));
#7722=CARTESIAN_POINT('',(-15.65,-18.2875,8.1));
#7723=CARTESIAN_POINT('Origin',(-22.,-18.2875,8.1));
#7724=CARTESIAN_POINT('',(-15.65,-18.2875,8.1));
#7725=CARTESIAN_POINT('',(-15.65,-18.2875,8.5));
#7726=CARTESIAN_POINT('Origin',(-18.825,-18.0890625,8.5));
#7727=CARTESIAN_POINT('Origin',(-18.825,-18.0890625,8.1));
#7728=UNCERTAINTY_MEASURE_WITH_UNIT(LENGTH_MEASURE(0.01),#7732,
'DISTANCE_ACCURACY_VALUE',
'Maximum model space distance between geometric entities at asserted c
onnectivities');
#7729=UNCERTAINTY_MEASURE_WITH_UNIT(LENGTH_MEASURE(0.01),#7732,
'DISTANCE_ACCURACY_VALUE',
'Maximum model space distance between geometric entities at asserted c
onnectivities');
#7730=(
GEOMETRIC_REPRESENTATION_CONTEXT(3)
GLOBAL_UNCERTAINTY_ASSIGNED_CONTEXT((#7728))
GLOBAL_UNIT_ASSIGNED_CONTEXT((#7732,#7734,#7735))
REPRESENTATION_CONTEXT('','3D')
);
#7731=(
GEOMETRIC_REPRESENTATION_CONTEXT(3)
GLOBAL_UNCERTAINTY_ASSIGNED_CONTEXT((#7729))
GLOBAL_UNIT_ASSIGNED_CONTEXT((#7732,#7734,#7735))
REPRESENTATION_CONTEXT('','3D')
);
#7732=(
LENGTH_UNIT()
NAMED_UNIT(*)
SI_UNIT(.MILLI.,.METRE.)
);
#7733=(
LENGTH_UNIT()
NAMED_UNIT(*)
SI_UNIT($,.METRE.)
);
#7734=(
NAMED_UNIT(*)
PLANE_ANGLE_UNIT()
SI_UNIT($,.RADIAN.)
);
#7735=(
NAMED_UNIT(*)
SI_UNIT($,.STERADIAN.)
SOLID_ANGLE_UNIT()
);
#7736=SHAPE_DEFINITION_REPRESENTATION(#7737,#7738);
#7737=PRODUCT_DEFINITION_SHAPE('',$,#7740);
#7738=SHAPE_REPRESENTATION('',(#4810),#7730);
#7739=PRODUCT_DEFINITION_CONTEXT('part definition',#7744,'design');
#7740=PRODUCT_DEFINITION('PlayDate','PlayDate v12',#7741,#7739);
#7741=PRODUCT_DEFINITION_FORMATION('',$,#7746);
#7742=PRODUCT_RELATED_PRODUCT_CATEGORY('PlayDate v12','PlayDate v12',(#7746));
#7743=APPLICATION_PROTOCOL_DEFINITION('international standard',
'automotive_design',2009,#7744);
#7744=APPLICATION_CONTEXT(
'Core Data for Automotive Mechanical Design Process');
#7745=PRODUCT_CONTEXT('part definition',#7744,'mechanical');
#7746=PRODUCT('PlayDate','PlayDate v12',$,(#7745));
#7747=PRESENTATION_STYLE_ASSIGNMENT((#7752));
#7748=PRESENTATION_STYLE_ASSIGNMENT((#7753));
#7749=PRESENTATION_STYLE_ASSIGNMENT((#7754));
#7750=PRESENTATION_STYLE_ASSIGNMENT((#7755));
#7751=PRESENTATION_STYLE_ASSIGNMENT((#7756));
#7752=SURFACE_STYLE_USAGE(.BOTH.,#7757);
#7753=SURFACE_STYLE_USAGE(.BOTH.,#7758);
#7754=SURFACE_STYLE_USAGE(.BOTH.,#7759);
#7755=SURFACE_STYLE_USAGE(.BOTH.,#7760);
#7756=SURFACE_STYLE_USAGE(.BOTH.,#7761);
#7757=SURFACE_SIDE_STYLE('',(#7762));
#7758=SURFACE_SIDE_STYLE('',(#7763));
#7759=SURFACE_SIDE_STYLE('',(#7764));
#7760=SURFACE_SIDE_STYLE('',(#7765));
#7761=SURFACE_SIDE_STYLE('',(#7766));
#7762=SURFACE_STYLE_FILL_AREA(#7767);
#7763=SURFACE_STYLE_FILL_AREA(#7768);
#7764=SURFACE_STYLE_FILL_AREA(#7769);
#7765=SURFACE_STYLE_FILL_AREA(#7770);
#7766=SURFACE_STYLE_FILL_AREA(#7771);
#7767=FILL_AREA_STYLE('Steel - Satin',(#7772));
#7768=FILL_AREA_STYLE('ABS (White)',(#7773));
#7769=FILL_AREA_STYLE('ABS (White)',(#7774));
#7770=FILL_AREA_STYLE('ABS (White)',(#7775));
#7771=FILL_AREA_STYLE('ABS (White)',(#7776));
#7772=FILL_AREA_STYLE_COLOUR('Steel - Satin',#7777);
#7773=FILL_AREA_STYLE_COLOUR('ABS (White)',#7778);
#7774=FILL_AREA_STYLE_COLOUR('ABS (White)',#7779);
#7775=FILL_AREA_STYLE_COLOUR('ABS (White)',#7780);
#7776=FILL_AREA_STYLE_COLOUR('ABS (White)',#7781);
#7777=COLOUR_RGB('Steel - Satin',0.627450980392157,0.627450980392157,0.627450980392157);
#7778=COLOUR_RGB('ABS (White)',0.886274509803922,0.549019607843137,0.235294117647059);
#7779=COLOUR_RGB('ABS (White)',0.913725490196078,0.913725490196078,0.913725490196078);
#7780=COLOUR_RGB('ABS (White)',0.850980392156863,0.76078431372549,0.36078431372549);
#7781=COLOUR_RGB('ABS (White)',0.529411764705882,0.333333333333333,0.152941176470588);
ENDSEC;
END-ISO-10303-21;
