solid ASCII
  facet normal 9.974521e-01 7.133918e-02 0.000000e+00
    outer loop
      vertex   -7.500000e-02 -2.285000e+01 -3.000000e+00
      vertex   -7.500000e-02 -2.285000e+01 -4.000000e+00
      vertex   -1.258928e-01 -2.213843e+01 -3.000000e+00
    endloop
  endfacet
  facet normal 9.974521e-01 7.133918e-02 0.000000e+00
    outer loop
      vertex   -1.258928e-01 -2.213843e+01 -3.000000e+00
      vertex   -7.500000e-02 -2.285000e+01 -4.000000e+00
      vertex   -1.258928e-01 -2.213843e+01 -4.000000e+00
    endloop
  endfacet
  facet normal 9.771469e-01 2.125653e-01 0.000000e+00
    outer loop
      vertex   -1.258928e-01 -2.213843e+01 -3.000000e+00
      vertex   -1.258928e-01 -2.213843e+01 -4.000000e+00
      vertex   -2.775351e-01 -2.144134e+01 -3.000000e+00
    endloop
  endfacet
  facet normal 9.771469e-01 2.125653e-01 2.712127e-16
    outer loop
      vertex   -2.775351e-01 -2.144134e+01 -3.000000e+00
      vertex   -1.258928e-01 -2.213843e+01 -4.000000e+00
      vertex   -2.775351e-01 -2.144134e+01 -4.000000e+00
    endloop
  endfacet
  facet normal 9.369497e-01 3.494642e-01 2.600558e-16
    outer loop
      vertex   -2.775351e-01 -2.144134e+01 -3.000000e+00
      vertex   -2.775351e-01 -2.144134e+01 -4.000000e+00
      vertex   -5.268400e-01 -2.077292e+01 -3.000000e+00
    endloop
  endfacet
  facet normal 9.369497e-01 3.494642e-01 -1.137524e-15
    outer loop
      vertex   -5.268400e-01 -2.077292e+01 -3.000000e+00
      vertex   -2.775351e-01 -2.144134e+01 -4.000000e+00
      vertex   -5.268400e-01 -2.077292e+01 -4.000000e+00
    endloop
  endfacet
  facet normal 8.776790e-01 4.792490e-01 -1.605192e-15
    outer loop
      vertex   -5.268400e-01 -2.077292e+01 -3.000000e+00
      vertex   -5.268400e-01 -2.077292e+01 -4.000000e+00
      vertex   -8.687323e-01 -2.014680e+01 -3.000000e+00
    endloop
  endfacet
  facet normal 8.776790e-01 4.792490e-01 -2.923258e-16
    outer loop
      vertex   -8.687323e-01 -2.014680e+01 -3.000000e+00
      vertex   -5.268400e-01 -2.077292e+01 -4.000000e+00
      vertex   -8.687323e-01 -2.014680e+01 -4.000000e+00
    endloop
  endfacet
  facet normal 8.005412e-01 5.992777e-01 -2.666338e-16
    outer loop
      vertex   -8.687323e-01 -2.014680e+01 -3.000000e+00
      vertex   -8.687323e-01 -2.014680e+01 -4.000000e+00
      vertex   -1.296252e+00 -1.957570e+01 -3.000000e+00
    endloop
  endfacet
  facet normal 8.005412e-01 5.992777e-01 1.773550e-15
    outer loop
      vertex   -1.296252e+00 -1.957570e+01 -3.000000e+00
      vertex   -8.687323e-01 -2.014680e+01 -4.000000e+00
      vertex   -1.296252e+00 -1.957570e+01 -4.000000e+00
    endloop
  endfacet
  facet normal 7.071068e-01 7.071068e-01 2.198129e-15
    outer loop
      vertex   -1.296252e+00 -1.957570e+01 -3.000000e+00
      vertex   -1.296252e+00 -1.957570e+01 -4.000000e+00
      vertex   -1.800696e+00 -1.907125e+01 -3.000000e+00
    endloop
  endfacet
  facet normal 7.071068e-01 7.071068e-01 -9.420555e-16
    outer loop
      vertex   -1.800696e+00 -1.907125e+01 -3.000000e+00
      vertex   -1.296252e+00 -1.957570e+01 -4.000000e+00
      vertex   -1.800696e+00 -1.907125e+01 -4.000000e+00
    endloop
  endfacet
  facet normal 5.992777e-01 8.005412e-01 -1.513430e-15
    outer loop
      vertex   -1.800696e+00 -1.907125e+01 -3.000000e+00
      vertex   -1.800696e+00 -1.907125e+01 -4.000000e+00
      vertex   -2.371796e+00 -1.864373e+01 -3.000000e+00
    endloop
  endfacet
  facet normal 5.992777e-01 8.005412e-01 -1.247297e-15
    outer loop
      vertex   -2.371796e+00 -1.864373e+01 -3.000000e+00
      vertex   -1.800696e+00 -1.907125e+01 -4.000000e+00
      vertex   -2.371796e+00 -1.864373e+01 -4.000000e+00
    endloop
  endfacet
  facet normal 4.792490e-01 8.776790e-01 -1.841166e-15
    outer loop
      vertex   -2.371796e+00 -1.864373e+01 -3.000000e+00
      vertex   -2.371796e+00 -1.864373e+01 -4.000000e+00
      vertex   -2.997925e+00 -1.830184e+01 -3.000000e+00
    endloop
  endfacet
  facet normal 4.792490e-01 8.776790e-01 6.384879e-16
    outer loop
      vertex   -2.997925e+00 -1.830184e+01 -3.000000e+00
      vertex   -2.371796e+00 -1.864373e+01 -4.000000e+00
      vertex   -2.997925e+00 -1.830184e+01 -4.000000e+00
    endloop
  endfacet
  facet normal 3.494642e-01 9.369497e-01 4.655798e-16
    outer loop
      vertex   -2.997925e+00 -1.830184e+01 -3.000000e+00
      vertex   -2.997925e+00 -1.830184e+01 -4.000000e+00
      vertex   -3.666337e+00 -1.805254e+01 -3.000000e+00
    endloop
  endfacet
  facet normal 3.494642e-01 9.369497e-01 7.759664e-16
    outer loop
      vertex   -3.666337e+00 -1.805254e+01 -3.000000e+00
      vertex   -2.997925e+00 -1.830184e+01 -4.000000e+00
      vertex   -3.666337e+00 -1.805254e+01 -4.000000e+00
    endloop
  endfacet
  facet normal 2.125653e-01 9.771469e-01 4.719898e-16
    outer loop
      vertex   -3.666337e+00 -1.805254e+01 -3.000000e+00
      vertex   -3.666337e+00 -1.805254e+01 -4.000000e+00
      vertex   -4.363426e+00 -1.790089e+01 -3.000000e+00
    endloop
  endfacet
  facet normal 2.125653e-01 9.771469e-01 1.887959e-16
    outer loop
      vertex   -4.363426e+00 -1.790089e+01 -3.000000e+00
      vertex   -3.666337e+00 -1.805254e+01 -4.000000e+00
      vertex   -4.363426e+00 -1.790089e+01 -4.000000e+00
    endloop
  endfacet
  facet normal 7.133918e-02 9.974521e-01 6.336192e-17
    outer loop
      vertex   -4.363426e+00 -1.790089e+01 -3.000000e+00
      vertex   -4.363426e+00 -1.790089e+01 -4.000000e+00
      vertex   -5.075000e+00 -1.785000e+01 -3.000000e+00
    endloop
  endfacet
  facet normal 7.133918e-02 9.974521e-01 0.000000e+00
    outer loop
      vertex   -5.075000e+00 -1.785000e+01 -3.000000e+00
      vertex   -4.363426e+00 -1.790089e+01 -4.000000e+00
      vertex   -5.075000e+00 -1.785000e+01 -4.000000e+00
    endloop
  endfacet
  facet normal 2.262875e-16 1.000000e+00 -0.000000e+00
    outer loop
      vertex   -5.075000e+00 -1.785000e+01 -4.000000e+00
      vertex   -2.077500e+01 -1.785000e+01 -4.000000e+00
      vertex   -5.075000e+00 -1.785000e+01 -3.000000e+00
    endloop
  endfacet
  facet normal 0.000000e+00 1.000000e+00 3.552714e-15
    outer loop
      vertex   -5.075000e+00 -1.785000e+01 -3.000000e+00
      vertex   -2.077500e+01 -1.785000e+01 -4.000000e+00
      vertex   -2.077500e+01 -1.785000e+01 -3.000000e+00
    endloop
  endfacet
  facet normal 0.000000e+00 -0.000000e+00 -1.000000e+00
    outer loop
      vertex   -1.512500e+01 1.785000e+01 -4.000000e+00
      vertex   1.467500e+01 3.500000e-01 -4.000000e+00
      vertex   -1.512500e+01 5.350000e+00 -4.000000e+00
    endloop
  endfacet
  facet normal 0.000000e+00 -0.000000e+00 -1.000000e+00
    outer loop
      vertex   -1.512500e+01 5.350000e+00 -4.000000e+00
      vertex   1.467500e+01 3.500000e-01 -4.000000e+00
      vertex   -2.077500e+01 3.500000e-01 -4.000000e+00
    endloop
  endfacet
  facet normal -0.000000e+00 0.000000e+00 -1.000000e+00
    outer loop
      vertex   -1.512500e+01 5.350000e+00 -4.000000e+00
      vertex   -2.077500e+01 3.500000e-01 -4.000000e+00
      vertex   -2.077500e+01 5.350000e+00 -4.000000e+00
    endloop
  endfacet
  facet normal -1.480297e-16 -0.000000e+00 -1.000000e+00
    outer loop
      vertex   -2.077500e+01 5.350000e+00 -4.000000e+00
      vertex   -2.077500e+01 3.500000e-01 -4.000000e+00
      vertex   -2.677500e+01 1.785000e+01 -4.000000e+00
    endloop
  endfacet
  facet normal -1.480297e-16 0.000000e+00 -1.000000e+00
    outer loop
      vertex   -2.077500e+01 5.350000e+00 -4.000000e+00
      vertex   -2.677500e+01 1.785000e+01 -4.000000e+00
      vertex   -2.077500e+01 1.785000e+01 -4.000000e+00
    endloop
  endfacet
  facet normal -1.480297e-16 2.996043e-16 -1.000000e+00
    outer loop
      vertex   -2.077500e+01 1.785000e+01 -4.000000e+00
      vertex   -2.677500e+01 1.785000e+01 -4.000000e+00
      vertex   -2.198553e+01 2.021640e+01 -4.000000e+00
    endloop
  endfacet
  facet normal 1.972651e-16 4.762402e-16 -1.000000e+00
    outer loop
      vertex   -2.077500e+01 1.785000e+01 -4.000000e+00
      vertex   -2.198553e+01 2.021640e+01 -4.000000e+00
      vertex   -2.165994e+01 2.008153e+01 -4.000000e+00
    endloop
  endfacet
  facet normal 0.000000e+00 3.441299e-16 -1.000000e+00
    outer loop
      vertex   -2.077500e+01 1.785000e+01 -4.000000e+00
      vertex   -2.035594e+01 2.043094e+01 -4.000000e+00
      vertex   -1.512500e+01 1.785000e+01 -4.000000e+00
    endloop
  endfacet
  facet normal -1.231637e-16 9.450684e-17 -1.000000e+00
    outer loop
      vertex   -1.512500e+01 1.785000e+01 -4.000000e+00
      vertex   -2.035594e+01 2.043094e+01 -4.000000e+00
      vertex   -2.014140e+01 2.071053e+01 -4.000000e+00
    endloop
  endfacet
  facet normal -1.432252e-16 5.932582e-17 -1.000000e+00
    outer loop
      vertex   -1.512500e+01 1.785000e+01 -4.000000e+00
      vertex   -2.014140e+01 2.071053e+01 -4.000000e+00
      vertex   -2.000653e+01 2.103613e+01 -4.000000e+00
    endloop
  endfacet
  facet normal 1.330654e-15 1.153018e-15 -1.000000e+00
    outer loop
      vertex   -4.363426e+00 -1.790089e+01 -4.000000e+00
      vertex   -7.500000e-02 -2.285000e+01 -4.000000e+00
      vertex   -5.075000e+00 -1.785000e+01 -4.000000e+00
    endloop
  endfacet
  facet normal 1.776357e-16 0.000000e+00 -1.000000e+00
    outer loop
      vertex   -5.075000e+00 -1.785000e+01 -4.000000e+00
      vertex   -7.500000e-02 -2.285000e+01 -4.000000e+00
      vertex   -7.500000e-02 -2.685000e+01 -4.000000e+00
    endloop
  endfacet
  facet normal 7.923273e-32 -9.868649e-17 -1.000000e+00
    outer loop
      vertex   -5.075000e+00 -1.785000e+01 -4.000000e+00
      vertex   -7.500000e-02 -2.685000e+01 -4.000000e+00
      vertex   -1.777500e+01 -2.685000e+01 -4.000000e+00
    endloop
  endfacet
  facet normal 0.000000e+00 0.000000e+00 -1.000000e+00
    outer loop
      vertex   -4.363426e+00 -1.790089e+01 -4.000000e+00
      vertex   -3.666337e+00 -1.805254e+01 -4.000000e+00
      vertex   -7.500000e-02 -2.285000e+01 -4.000000e+00
    endloop
  endfacet
  facet normal 0.000000e+00 0.000000e+00 -1.000000e+00
    outer loop
      vertex   -7.500000e-02 -2.285000e+01 -4.000000e+00
      vertex   -3.666337e+00 -1.805254e+01 -4.000000e+00
      vertex   -2.997925e+00 -1.830184e+01 -4.000000e+00
    endloop
  endfacet
  facet normal 0.000000e+00 0.000000e+00 -1.000000e+00
    outer loop
      vertex   -7.500000e-02 -2.285000e+01 -4.000000e+00
      vertex   -2.997925e+00 -1.830184e+01 -4.000000e+00
      vertex   -2.371796e+00 -1.864373e+01 -4.000000e+00
    endloop
  endfacet
  facet normal 0.000000e+00 0.000000e+00 -1.000000e+00
    outer loop
      vertex   -2.371796e+00 -1.864373e+01 -4.000000e+00
      vertex   -1.800696e+00 -1.907125e+01 -4.000000e+00
      vertex   -7.500000e-02 -2.285000e+01 -4.000000e+00
    endloop
  endfacet
  facet normal 0.000000e+00 0.000000e+00 -1.000000e+00
    outer loop
      vertex   -7.500000e-02 -2.285000e+01 -4.000000e+00
      vertex   -1.800696e+00 -1.907125e+01 -4.000000e+00
      vertex   -1.296252e+00 -1.957570e+01 -4.000000e+00
    endloop
  endfacet
  facet normal 0.000000e+00 0.000000e+00 -1.000000e+00
    outer loop
      vertex   -7.500000e-02 -2.285000e+01 -4.000000e+00
      vertex   -1.296252e+00 -1.957570e+01 -4.000000e+00
      vertex   -8.687323e-01 -2.014680e+01 -4.000000e+00
    endloop
  endfacet
  facet normal 0.000000e+00 0.000000e+00 -1.000000e+00
    outer loop
      vertex   -8.687323e-01 -2.014680e+01 -4.000000e+00
      vertex   -5.268400e-01 -2.077292e+01 -4.000000e+00
      vertex   -7.500000e-02 -2.285000e+01 -4.000000e+00
    endloop
  endfacet
  facet normal 0.000000e+00 0.000000e+00 -1.000000e+00
    outer loop
      vertex   -7.500000e-02 -2.285000e+01 -4.000000e+00
      vertex   -5.268400e-01 -2.077292e+01 -4.000000e+00
      vertex   -2.775351e-01 -2.144134e+01 -4.000000e+00
    endloop
  endfacet
  facet normal 0.000000e+00 0.000000e+00 -1.000000e+00
    outer loop
      vertex   -7.500000e-02 -2.285000e+01 -4.000000e+00
      vertex   -2.775351e-01 -2.144134e+01 -4.000000e+00
      vertex   -1.258928e-01 -2.213843e+01 -4.000000e+00
    endloop
  endfacet
  facet normal -2.233152e-32 -9.868649e-17 -1.000000e+00
    outer loop
      vertex   -5.075000e+00 -1.785000e+01 -4.000000e+00
      vertex   -1.777500e+01 -2.685000e+01 -4.000000e+00
      vertex   -2.077500e+01 -1.785000e+01 -4.000000e+00
    endloop
  endfacet
  facet normal -5.263896e-18 -1.004411e-16 -1.000000e+00
    outer loop
      vertex   -2.077500e+01 -1.785000e+01 -4.000000e+00
      vertex   -1.777500e+01 -2.685000e+01 -4.000000e+00
      vertex   -1.871576e+01 -2.680070e+01 -4.000000e+00
    endloop
  endfacet
  facet normal -1.631085e-17 -1.029826e-16 -1.000000e+00
    outer loop
      vertex   -2.077500e+01 -1.785000e+01 -4.000000e+00
      vertex   -1.871576e+01 -2.680070e+01 -4.000000e+00
      vertex   -1.964621e+01 -2.665333e+01 -4.000000e+00
    endloop
  endfacet
  facet normal -2.799557e-17 -1.044809e-16 -1.000000e+00
    outer loop
      vertex   -1.964621e+01 -2.665333e+01 -4.000000e+00
      vertex   -2.055615e+01 -2.640951e+01 -4.000000e+00
      vertex   -2.077500e+01 -1.785000e+01 -4.000000e+00
    endloop
  endfacet
  facet normal -4.022650e-17 -1.047936e-16 -1.000000e+00
    outer loop
      vertex   -2.077500e+01 -1.785000e+01 -4.000000e+00
      vertex   -2.055615e+01 -2.640951e+01 -4.000000e+00
      vertex   -2.143563e+01 -2.607191e+01 -4.000000e+00
    endloop
  endfacet
  facet normal -5.287710e-17 -1.037771e-16 -1.000000e+00
    outer loop
      vertex   -2.077500e+01 -1.785000e+01 -4.000000e+00
      vertex   -2.143563e+01 -2.607191e+01 -4.000000e+00
      vertex   -2.227500e+01 -2.564423e+01 -4.000000e+00
    endloop
  endfacet
  facet normal -6.578096e-17 -1.012938e-16 -1.000000e+00
    outer loop
      vertex   -2.227500e+01 -2.564423e+01 -4.000000e+00
      vertex   -2.306507e+01 -2.513115e+01 -4.000000e+00
      vertex   -2.077500e+01 -1.785000e+01 -4.000000e+00
    endloop
  endfacet
  facet normal -7.872846e-17 -9.722155e-17 -1.000000e+00
    outer loop
      vertex   -2.077500e+01 -1.785000e+01 -4.000000e+00
      vertex   -2.306507e+01 -2.513115e+01 -4.000000e+00
      vertex   -2.379718e+01 -2.453830e+01 -4.000000e+00
    endloop
  endfacet
  facet normal -9.146598e-17 -9.146598e-17 -1.000000e+00
    outer loop
      vertex   -2.077500e+01 -1.785000e+01 -4.000000e+00
      vertex   -2.379718e+01 -2.453830e+01 -4.000000e+00
      vertex   -2.446330e+01 -2.387218e+01 -4.000000e+00
    endloop
  endfacet
  facet normal -1.036990e-16 -8.397381e-17 -1.000000e+00
    outer loop
      vertex   -2.446330e+01 -2.387218e+01 -4.000000e+00
      vertex   -2.505615e+01 -2.314007e+01 -4.000000e+00
      vertex   -2.077500e+01 -1.785000e+01 -4.000000e+00
    endloop
  endfacet
  facet normal -1.151003e-16 -7.474699e-17 -1.000000e+00
    outer loop
      vertex   -2.077500e+01 -1.785000e+01 -4.000000e+00
      vertex   -2.505615e+01 -2.314007e+01 -4.000000e+00
      vertex   -2.556923e+01 -2.235000e+01 -4.000000e+00
    endloop
  endfacet
  facet normal -1.253234e-16 -6.385545e-17 -1.000000e+00
    outer loop
      vertex   -2.077500e+01 -1.785000e+01 -4.000000e+00
      vertex   -2.556923e+01 -2.235000e+01 -4.000000e+00
      vertex   -2.599691e+01 -2.151063e+01 -4.000000e+00
    endloop
  endfacet
  facet normal -1.340223e-16 -5.144635e-17 -1.000000e+00
    outer loop
      vertex   -2.599691e+01 -2.151063e+01 -4.000000e+00
      vertex   -2.633451e+01 -2.063115e+01 -4.000000e+00
      vertex   -2.077500e+01 -1.785000e+01 -4.000000e+00
    endloop
  endfacet
  facet normal -1.408752e-16 -3.774741e-17 -1.000000e+00
    outer loop
      vertex   -2.077500e+01 -1.785000e+01 -4.000000e+00
      vertex   -2.633451e+01 -2.063115e+01 -4.000000e+00
      vertex   -2.657833e+01 -1.972121e+01 -4.000000e+00
    endloop
  endfacet
  facet normal -1.456102e-16 -2.306239e-17 -1.000000e+00
    outer loop
      vertex   -2.077500e+01 -1.785000e+01 -4.000000e+00
      vertex   -2.657833e+01 -1.972121e+01 -4.000000e+00
      vertex   -2.672570e+01 -1.879076e+01 -4.000000e+00
    endloop
  endfacet
  facet normal -1.480297e-16 -7.757910e-18 -1.000000e+00
    outer loop
      vertex   -2.672570e+01 -1.879076e+01 -4.000000e+00
      vertex   -2.677500e+01 -1.785000e+01 -4.000000e+00
      vertex   -2.077500e+01 -1.785000e+01 -4.000000e+00
    endloop
  endfacet
  facet normal -1.480297e-16 0.000000e+00 -1.000000e+00
    outer loop
      vertex   -2.077500e+01 -1.785000e+01 -4.000000e+00
      vertex   -2.677500e+01 -1.785000e+01 -4.000000e+00
      vertex   -2.077500e+01 -1.425000e+01 -4.000000e+00
    endloop
  endfacet
  facet normal -1.480297e-16 0.000000e+00 -1.000000e+00
    outer loop
      vertex   -2.077500e+01 -1.425000e+01 -4.000000e+00
      vertex   -2.677500e+01 -1.785000e+01 -4.000000e+00
      vertex   -2.077500e+01 -3.250000e+00 -4.000000e+00
    endloop
  endfacet
  facet normal 8.881784e-16 0.000000e+00 -1.000000e+00
    outer loop
      vertex   -2.077500e+01 -1.425000e+01 -4.000000e+00
      vertex   -2.077500e+01 -3.250000e+00 -4.000000e+00
      vertex   -1.977500e+01 -1.325000e+01 -4.000000e+00
    endloop
  endfacet
  facet normal 8.881784e-16 0.000000e+00 -1.000000e+00
    outer loop
      vertex   -1.977500e+01 -1.325000e+01 -4.000000e+00
      vertex   -2.077500e+01 -3.250000e+00 -4.000000e+00
      vertex   -1.977500e+01 -4.250000e+00 -4.000000e+00
    endloop
  endfacet
  facet normal 0.000000e+00 -8.881784e-16 -1.000000e+00
    outer loop
      vertex   -1.977500e+01 -4.250000e+00 -4.000000e+00
      vertex   -2.077500e+01 -3.250000e+00 -4.000000e+00
      vertex   2.250000e-01 -4.250000e+00 -4.000000e+00
    endloop
  endfacet
  facet normal 0.000000e+00 -8.881784e-16 -1.000000e+00
    outer loop
      vertex   2.250000e-01 -4.250000e+00 -4.000000e+00
      vertex   -2.077500e+01 -3.250000e+00 -4.000000e+00
      vertex   1.467500e+01 -3.250000e+00 -4.000000e+00
    endloop
  endfacet
  facet normal -6.146563e-17 1.137343e-32 -1.000000e+00
    outer loop
      vertex   2.250000e-01 -4.250000e+00 -4.000000e+00
      vertex   1.467500e+01 -3.250000e+00 -4.000000e+00
      vertex   2.250000e-01 -1.325000e+01 -4.000000e+00
    endloop
  endfacet
  facet normal 2.691169e-17 -1.277052e-16 -1.000000e+00
    outer loop
      vertex   2.250000e-01 -1.325000e+01 -4.000000e+00
      vertex   1.467500e+01 -3.250000e+00 -4.000000e+00
      vertex   1.992100e+01 -9.099406e+00 -4.000000e+00
    endloop
  endfacet
  facet normal 0.000000e+00 0.000000e+00 -1.000000e+00
    outer loop
      vertex   2.250000e-01 -1.325000e+01 -4.000000e+00
      vertex   1.992100e+01 -9.099406e+00 -4.000000e+00
      vertex   1.992500e+01 -1.425000e+01 -4.000000e+00
    endloop
  endfacet
  facet normal 0.000000e+00 0.000000e+00 -1.000000e+00
    outer loop
      vertex   1.992500e+01 -1.425000e+01 -4.000000e+00
      vertex   1.992100e+01 -9.099406e+00 -4.000000e+00
      vertex   2.005587e+01 -9.425000e+00 -4.000000e+00
    endloop
  endfacet
  facet normal 0.000000e+00 0.000000e+00 -1.000000e+00
    outer loop
      vertex   1.992500e+01 -1.425000e+01 -4.000000e+00
      vertex   2.005587e+01 -9.425000e+00 -4.000000e+00
      vertex   2.027041e+01 -9.704594e+00 -4.000000e+00
    endloop
  endfacet
  facet normal -1.480297e-16 0.000000e+00 -1.000000e+00
    outer loop
      vertex   -2.077500e+01 -3.250000e+00 -4.000000e+00
      vertex   -2.677500e+01 -1.785000e+01 -4.000000e+00
      vertex   -2.077500e+01 3.500000e-01 -4.000000e+00
    endloop
  endfacet
  facet normal -1.480297e-16 -1.473130e-32 -1.000000e+00
    outer loop
      vertex   -2.077500e+01 3.500000e-01 -4.000000e+00
      vertex   -2.677500e+01 -1.785000e+01 -4.000000e+00
      vertex   -2.677500e+01 1.785000e+01 -4.000000e+00
    endloop
  endfacet
  facet normal -0.000000e+00 0.000000e+00 -1.000000e+00
    outer loop
      vertex   -2.198553e+01 2.021640e+01 -4.000000e+00
      vertex   -2.677500e+01 1.785000e+01 -4.000000e+00
      vertex   -2.226513e+01 2.043094e+01 -4.000000e+00
    endloop
  endfacet
  facet normal 0.000000e+00 0.000000e+00 -1.000000e+00
    outer loop
      vertex   -2.226513e+01 2.043094e+01 -4.000000e+00
      vertex   -2.677500e+01 1.785000e+01 -4.000000e+00
      vertex   -2.672570e+01 1.879076e+01 -4.000000e+00
    endloop
  endfacet
  facet normal 0.000000e+00 0.000000e+00 -1.000000e+00
    outer loop
      vertex   -2.226513e+01 2.043094e+01 -4.000000e+00
      vertex   -2.672570e+01 1.879076e+01 -4.000000e+00
      vertex   -2.657833e+01 1.972121e+01 -4.000000e+00
    endloop
  endfacet
  facet normal -0.000000e+00 0.000000e+00 -1.000000e+00
    outer loop
      vertex   -2.226513e+01 2.043094e+01 -4.000000e+00
      vertex   -2.657833e+01 1.972121e+01 -4.000000e+00
      vertex   -2.247967e+01 2.071053e+01 -4.000000e+00
    endloop
  endfacet
  facet normal 0.000000e+00 0.000000e+00 -1.000000e+00
    outer loop
      vertex   -2.247967e+01 2.071053e+01 -4.000000e+00
      vertex   -2.657833e+01 1.972121e+01 -4.000000e+00
      vertex   -2.633451e+01 2.063115e+01 -4.000000e+00
    endloop
  endfacet
  facet normal -0.000000e+00 0.000000e+00 -1.000000e+00
    outer loop
      vertex   -2.247967e+01 2.071053e+01 -4.000000e+00
      vertex   -2.633451e+01 2.063115e+01 -4.000000e+00
      vertex   -2.261453e+01 2.103613e+01 -4.000000e+00
    endloop
  endfacet
  facet normal -0.000000e+00 0.000000e+00 -1.000000e+00
    outer loop
      vertex   -2.261453e+01 2.103613e+01 -4.000000e+00
      vertex   -2.633451e+01 2.063115e+01 -4.000000e+00
      vertex   -2.599691e+01 2.151063e+01 -4.000000e+00
    endloop
  endfacet
  facet normal 0.000000e+00 0.000000e+00 -1.000000e+00
    outer loop
      vertex   -2.261453e+01 2.103613e+01 -4.000000e+00
      vertex   -2.599691e+01 2.151063e+01 -4.000000e+00
      vertex   -2.266053e+01 2.138553e+01 -4.000000e+00
    endloop
  endfacet
  facet normal 0.000000e+00 0.000000e+00 -1.000000e+00
    outer loop
      vertex   -2.266053e+01 2.138553e+01 -4.000000e+00
      vertex   -2.599691e+01 2.151063e+01 -4.000000e+00
      vertex   -2.556923e+01 2.235000e+01 -4.000000e+00
    endloop
  endfacet
  facet normal 0.000000e+00 0.000000e+00 -1.000000e+00
    outer loop
      vertex   -2.266053e+01 2.138553e+01 -4.000000e+00
      vertex   -2.556923e+01 2.235000e+01 -4.000000e+00
      vertex   -2.261453e+01 2.173494e+01 -4.000000e+00
    endloop
  endfacet
  facet normal 0.000000e+00 0.000000e+00 -1.000000e+00
    outer loop
      vertex   -2.261453e+01 2.173494e+01 -4.000000e+00
      vertex   -2.556923e+01 2.235000e+01 -4.000000e+00
      vertex   -2.505615e+01 2.314007e+01 -4.000000e+00
    endloop
  endfacet
  facet normal 0.000000e+00 0.000000e+00 -1.000000e+00
    outer loop
      vertex   -2.261453e+01 2.173494e+01 -4.000000e+00
      vertex   -2.505615e+01 2.314007e+01 -4.000000e+00
      vertex   -2.247967e+01 2.206053e+01 -4.000000e+00
    endloop
  endfacet
  facet normal 0.000000e+00 0.000000e+00 -1.000000e+00
    outer loop
      vertex   -2.247967e+01 2.206053e+01 -4.000000e+00
      vertex   -2.505615e+01 2.314007e+01 -4.000000e+00
      vertex   -2.446330e+01 2.387218e+01 -4.000000e+00
    endloop
  endfacet
  facet normal 0.000000e+00 0.000000e+00 -1.000000e+00
    outer loop
      vertex   -2.247967e+01 2.206053e+01 -4.000000e+00
      vertex   -2.446330e+01 2.387218e+01 -4.000000e+00
      vertex   -2.226513e+01 2.234013e+01 -4.000000e+00
    endloop
  endfacet
  facet normal 0.000000e+00 0.000000e+00 -1.000000e+00
    outer loop
      vertex   -2.226513e+01 2.234013e+01 -4.000000e+00
      vertex   -2.446330e+01 2.387218e+01 -4.000000e+00
      vertex   -2.379718e+01 2.453830e+01 -4.000000e+00
    endloop
  endfacet
  facet normal 0.000000e+00 0.000000e+00 -1.000000e+00
    outer loop
      vertex   -2.226513e+01 2.234013e+01 -4.000000e+00
      vertex   -2.379718e+01 2.453830e+01 -4.000000e+00
      vertex   -2.198553e+01 2.255467e+01 -4.000000e+00
    endloop
  endfacet
  facet normal 0.000000e+00 0.000000e+00 -1.000000e+00
    outer loop
      vertex   -2.198553e+01 2.255467e+01 -4.000000e+00
      vertex   -2.379718e+01 2.453830e+01 -4.000000e+00
      vertex   -2.306507e+01 2.513115e+01 -4.000000e+00
    endloop
  endfacet
  facet normal 0.000000e+00 0.000000e+00 -1.000000e+00
    outer loop
      vertex   -2.198553e+01 2.255467e+01 -4.000000e+00
      vertex   -2.306507e+01 2.513115e+01 -4.000000e+00
      vertex   -2.165994e+01 2.268953e+01 -4.000000e+00
    endloop
  endfacet
  facet normal 0.000000e+00 0.000000e+00 -1.000000e+00
    outer loop
      vertex   -2.165994e+01 2.268953e+01 -4.000000e+00
      vertex   -2.306507e+01 2.513115e+01 -4.000000e+00
      vertex   -2.227500e+01 2.564423e+01 -4.000000e+00
    endloop
  endfacet
  facet normal 0.000000e+00 0.000000e+00 -1.000000e+00
    outer loop
      vertex   -2.165994e+01 2.268953e+01 -4.000000e+00
      vertex   -2.227500e+01 2.564423e+01 -4.000000e+00
      vertex   -2.131053e+01 2.273553e+01 -4.000000e+00
    endloop
  endfacet
  facet normal 0.000000e+00 0.000000e+00 -1.000000e+00
    outer loop
      vertex   -2.131053e+01 2.273553e+01 -4.000000e+00
      vertex   -2.227500e+01 2.564423e+01 -4.000000e+00
      vertex   -2.143563e+01 2.607191e+01 -4.000000e+00
    endloop
  endfacet
  facet normal 0.000000e+00 0.000000e+00 -1.000000e+00
    outer loop
      vertex   -2.131053e+01 2.273553e+01 -4.000000e+00
      vertex   -2.143563e+01 2.607191e+01 -4.000000e+00
      vertex   -2.096113e+01 2.268953e+01 -4.000000e+00
    endloop
  endfacet
  facet normal 0.000000e+00 0.000000e+00 -1.000000e+00
    outer loop
      vertex   -2.096113e+01 2.268953e+01 -4.000000e+00
      vertex   -2.143563e+01 2.607191e+01 -4.000000e+00
      vertex   -2.055615e+01 2.640951e+01 -4.000000e+00
    endloop
  endfacet
  facet normal 0.000000e+00 0.000000e+00 -1.000000e+00
    outer loop
      vertex   -2.096113e+01 2.268953e+01 -4.000000e+00
      vertex   -2.055615e+01 2.640951e+01 -4.000000e+00
      vertex   -2.063553e+01 2.255467e+01 -4.000000e+00
    endloop
  endfacet
  facet normal 0.000000e+00 0.000000e+00 -1.000000e+00
    outer loop
      vertex   -2.063553e+01 2.255467e+01 -4.000000e+00
      vertex   -2.055615e+01 2.640951e+01 -4.000000e+00
      vertex   -1.964621e+01 2.665333e+01 -4.000000e+00
    endloop
  endfacet
  facet normal 0.000000e+00 0.000000e+00 -1.000000e+00
    outer loop
      vertex   -2.063553e+01 2.255467e+01 -4.000000e+00
      vertex   -1.964621e+01 2.665333e+01 -4.000000e+00
      vertex   -2.035594e+01 2.234013e+01 -4.000000e+00
    endloop
  endfacet
  facet normal 0.000000e+00 0.000000e+00 -1.000000e+00
    outer loop
      vertex   -2.035594e+01 2.234013e+01 -4.000000e+00
      vertex   -1.964621e+01 2.665333e+01 -4.000000e+00
      vertex   -1.871576e+01 2.680070e+01 -4.000000e+00
    endloop
  endfacet
  facet normal 0.000000e+00 0.000000e+00 -1.000000e+00
    outer loop
      vertex   -2.035594e+01 2.234013e+01 -4.000000e+00
      vertex   -1.871576e+01 2.680070e+01 -4.000000e+00
      vertex   -1.777500e+01 2.685000e+01 -4.000000e+00
    endloop
  endfacet
  facet normal 0.000000e+00 9.868649e-17 -1.000000e+00
    outer loop
      vertex   1.777500e+01 2.685000e+01 -4.000000e+00
      vertex   -1.512500e+01 1.785000e+01 -4.000000e+00
      vertex   -1.777500e+01 2.685000e+01 -4.000000e+00
    endloop
  endfacet
  facet normal -1.350553e-16 5.892021e-17 -1.000000e+00
    outer loop
      vertex   -1.777500e+01 2.685000e+01 -4.000000e+00
      vertex   -1.512500e+01 1.785000e+01 -4.000000e+00
      vertex   -2.000653e+01 2.173494e+01 -4.000000e+00
    endloop
  endfacet
  facet normal 0.000000e+00 0.000000e+00 -1.000000e+00
    outer loop
      vertex   -1.777500e+01 2.685000e+01 -4.000000e+00
      vertex   -2.000653e+01 2.173494e+01 -4.000000e+00
      vertex   -2.014140e+01 2.206053e+01 -4.000000e+00
    endloop
  endfacet
  facet normal -0.000000e+00 -0.000000e+00 -1.000000e+00
    outer loop
      vertex   1.871576e+01 2.680070e+01 -4.000000e+00
      vertex   2.677500e+01 1.785000e+01 -4.000000e+00
      vertex   1.777500e+01 2.685000e+01 -4.000000e+00
    endloop
  endfacet
  facet normal 3.000603e-17 3.000603e-17 -1.000000e+00
    outer loop
      vertex   1.777500e+01 2.685000e+01 -4.000000e+00
      vertex   2.677500e+01 1.785000e+01 -4.000000e+00
      vertex   1.467500e+01 3.500000e-01 -4.000000e+00
    endloop
  endfacet
  facet normal 1.841711e-17 3.136171e-17 -1.000000e+00
    outer loop
      vertex   1.777500e+01 2.685000e+01 -4.000000e+00
      vertex   1.467500e+01 3.500000e-01 -4.000000e+00
      vertex   -1.512500e+01 1.785000e+01 -4.000000e+00
    endloop
  endfacet
  facet normal 0.000000e+00 0.000000e+00 -1.000000e+00
    outer loop
      vertex   1.871576e+01 2.680070e+01 -4.000000e+00
      vertex   1.964621e+01 2.665333e+01 -4.000000e+00
      vertex   2.677500e+01 1.785000e+01 -4.000000e+00
    endloop
  endfacet
  facet normal 0.000000e+00 0.000000e+00 -1.000000e+00
    outer loop
      vertex   2.677500e+01 1.785000e+01 -4.000000e+00
      vertex   1.964621e+01 2.665333e+01 -4.000000e+00
      vertex   2.055615e+01 2.640951e+01 -4.000000e+00
    endloop
  endfacet
  facet normal 0.000000e+00 0.000000e+00 -1.000000e+00
    outer loop
      vertex   2.677500e+01 1.785000e+01 -4.000000e+00
      vertex   2.055615e+01 2.640951e+01 -4.000000e+00
      vertex   2.143563e+01 2.607191e+01 -4.000000e+00
    endloop
  endfacet
  facet normal 0.000000e+00 0.000000e+00 -1.000000e+00
    outer loop
      vertex   2.143563e+01 2.607191e+01 -4.000000e+00
      vertex   2.227500e+01 2.564423e+01 -4.000000e+00
      vertex   2.677500e+01 1.785000e+01 -4.000000e+00
    endloop
  endfacet
  facet normal 0.000000e+00 0.000000e+00 -1.000000e+00
    outer loop
      vertex   2.677500e+01 1.785000e+01 -4.000000e+00
      vertex   2.227500e+01 2.564423e+01 -4.000000e+00
      vertex   2.306507e+01 2.513115e+01 -4.000000e+00
    endloop
  endfacet
  facet normal 0.000000e+00 0.000000e+00 -1.000000e+00
    outer loop
      vertex   2.677500e+01 1.785000e+01 -4.000000e+00
      vertex   2.306507e+01 2.513115e+01 -4.000000e+00
      vertex   2.379718e+01 2.453830e+01 -4.000000e+00
    endloop
  endfacet
  facet normal 0.000000e+00 0.000000e+00 -1.000000e+00
    outer loop
      vertex   2.379718e+01 2.453830e+01 -4.000000e+00
      vertex   2.446330e+01 2.387218e+01 -4.000000e+00
      vertex   2.677500e+01 1.785000e+01 -4.000000e+00
    endloop
  endfacet
  facet normal 0.000000e+00 0.000000e+00 -1.000000e+00
    outer loop
      vertex   2.677500e+01 1.785000e+01 -4.000000e+00
      vertex   2.446330e+01 2.387218e+01 -4.000000e+00
      vertex   2.505615e+01 2.314007e+01 -4.000000e+00
    endloop
  endfacet
  facet normal 0.000000e+00 0.000000e+00 -1.000000e+00
    outer loop
      vertex   2.677500e+01 1.785000e+01 -4.000000e+00
      vertex   2.505615e+01 2.314007e+01 -4.000000e+00
      vertex   2.556923e+01 2.235000e+01 -4.000000e+00
    endloop
  endfacet
  facet normal 0.000000e+00 0.000000e+00 -1.000000e+00
    outer loop
      vertex   2.556923e+01 2.235000e+01 -4.000000e+00
      vertex   2.599691e+01 2.151063e+01 -4.000000e+00
      vertex   2.677500e+01 1.785000e+01 -4.000000e+00
    endloop
  endfacet
  facet normal 0.000000e+00 0.000000e+00 -1.000000e+00
    outer loop
      vertex   2.677500e+01 1.785000e+01 -4.000000e+00
      vertex   2.599691e+01 2.151063e+01 -4.000000e+00
      vertex   2.633451e+01 2.063115e+01 -4.000000e+00
    endloop
  endfacet
  facet normal 0.000000e+00 0.000000e+00 -1.000000e+00
    outer loop
      vertex   2.677500e+01 1.785000e+01 -4.000000e+00
      vertex   2.633451e+01 2.063115e+01 -4.000000e+00
      vertex   2.657833e+01 1.972121e+01 -4.000000e+00
    endloop
  endfacet
  facet normal 0.000000e+00 0.000000e+00 -1.000000e+00
    outer loop
      vertex   2.657833e+01 1.972121e+01 -4.000000e+00
      vertex   2.672570e+01 1.879076e+01 -4.000000e+00
      vertex   2.677500e+01 1.785000e+01 -4.000000e+00
    endloop
  endfacet
  facet normal 0.000000e+00 0.000000e+00 -1.000000e+00
    outer loop
      vertex   2.677500e+01 -1.785000e+01 -4.000000e+00
      vertex   2.252900e+01 -8.400594e+00 -4.000000e+00
      vertex   2.677500e+01 1.785000e+01 -4.000000e+00
    endloop
  endfacet
  facet normal 0.000000e+00 0.000000e+00 -1.000000e+00
    outer loop
      vertex   2.677500e+01 1.785000e+01 -4.000000e+00
      vertex   2.252900e+01 -8.400594e+00 -4.000000e+00
      vertex   2.239413e+01 -8.075000e+00 -4.000000e+00
    endloop
  endfacet
  facet normal 0.000000e+00 0.000000e+00 -1.000000e+00
    outer loop
      vertex   2.677500e+01 1.785000e+01 -4.000000e+00
      vertex   2.239413e+01 -8.075000e+00 -4.000000e+00
      vertex   2.217959e+01 -7.795406e+00 -4.000000e+00
    endloop
  endfacet
  facet normal 0.000000e+00 0.000000e+00 -1.000000e+00
    outer loop
      vertex   2.672797e+01 -1.876887e+01 -4.000000e+00
      vertex   1.992500e+01 -1.425000e+01 -4.000000e+00
      vertex   2.677500e+01 -1.785000e+01 -4.000000e+00
    endloop
  endfacet
  facet normal 0.000000e+00 0.000000e+00 -1.000000e+00
    outer loop
      vertex   2.677500e+01 -1.785000e+01 -4.000000e+00
      vertex   1.992500e+01 -1.425000e+01 -4.000000e+00
      vertex   2.190000e+01 -9.919134e+00 -4.000000e+00
    endloop
  endfacet
  facet normal 0.000000e+00 0.000000e+00 -1.000000e+00
    outer loop
      vertex   2.677500e+01 -1.785000e+01 -4.000000e+00
      vertex   2.190000e+01 -9.919134e+00 -4.000000e+00
      vertex   2.217959e+01 -9.704594e+00 -4.000000e+00
    endloop
  endfacet
  facet normal -0.000000e+00 0.000000e+00 -1.000000e+00
    outer loop
      vertex   2.672797e+01 -1.876887e+01 -4.000000e+00
      vertex   2.658737e+01 -1.967814e+01 -4.000000e+00
      vertex   1.992500e+01 -1.425000e+01 -4.000000e+00
    endloop
  endfacet
  facet normal 0.000000e+00 0.000000e+00 -1.000000e+00
    outer loop
      vertex   1.992500e+01 -1.425000e+01 -4.000000e+00
      vertex   2.658737e+01 -1.967814e+01 -4.000000e+00
      vertex   2.635468e+01 -2.056830e+01 -4.000000e+00
    endloop
  endfacet
  facet normal 0.000000e+00 0.000000e+00 -1.000000e+00
    outer loop
      vertex   1.992500e+01 -1.425000e+01 -4.000000e+00
      vertex   2.635468e+01 -2.056830e+01 -4.000000e+00
      vertex   2.603231e+01 -2.143005e+01 -4.000000e+00
    endloop
  endfacet
  facet normal -0.000000e+00 0.000000e+00 -1.000000e+00
    outer loop
      vertex   2.603231e+01 -2.143005e+01 -4.000000e+00
      vertex   2.562365e+01 -2.225439e+01 -4.000000e+00
      vertex   1.992500e+01 -1.425000e+01 -4.000000e+00
    endloop
  endfacet
  facet normal 0.000000e+00 0.000000e+00 -1.000000e+00
    outer loop
      vertex   1.992500e+01 -1.425000e+01 -4.000000e+00
      vertex   2.562365e+01 -2.225439e+01 -4.000000e+00
      vertex   2.513296e+01 -2.303270e+01 -4.000000e+00
    endloop
  endfacet
  facet normal 0.000000e+00 0.000000e+00 -1.000000e+00
    outer loop
      vertex   1.992500e+01 -1.425000e+01 -4.000000e+00
      vertex   2.513296e+01 -2.303270e+01 -4.000000e+00
      vertex   2.456538e+01 -2.375684e+01 -4.000000e+00
    endloop
  endfacet
  facet normal -0.000000e+00 0.000000e+00 -1.000000e+00
    outer loop
      vertex   2.456538e+01 -2.375684e+01 -4.000000e+00
      vertex   2.392683e+01 -2.441925e+01 -4.000000e+00
      vertex   1.992500e+01 -1.425000e+01 -4.000000e+00
    endloop
  endfacet
  facet normal 0.000000e+00 0.000000e+00 -1.000000e+00
    outer loop
      vertex   1.992500e+01 -1.425000e+01 -4.000000e+00
      vertex   2.392683e+01 -2.441925e+01 -4.000000e+00
      vertex   2.322398e+01 -2.501300e+01 -4.000000e+00
    endloop
  endfacet
  facet normal 0.000000e+00 0.000000e+00 -1.000000e+00
    outer loop
      vertex   1.992500e+01 -1.425000e+01 -4.000000e+00
      vertex   2.322398e+01 -2.501300e+01 -4.000000e+00
      vertex   2.246419e+01 -2.553190e+01 -4.000000e+00
    endloop
  endfacet
  facet normal -0.000000e+00 0.000000e+00 -1.000000e+00
    outer loop
      vertex   2.246419e+01 -2.553190e+01 -4.000000e+00
      vertex   2.165539e+01 -2.597050e+01 -4.000000e+00
      vertex   1.992500e+01 -1.425000e+01 -4.000000e+00
    endloop
  endfacet
  facet normal 0.000000e+00 0.000000e+00 -1.000000e+00
    outer loop
      vertex   1.992500e+01 -1.425000e+01 -4.000000e+00
      vertex   2.165539e+01 -2.597050e+01 -4.000000e+00
      vertex   2.080603e+01 -2.632425e+01 -4.000000e+00
    endloop
  endfacet
  facet normal 0.000000e+00 0.000000e+00 -1.000000e+00
    outer loop
      vertex   1.992500e+01 -1.425000e+01 -4.000000e+00
      vertex   2.080603e+01 -2.632425e+01 -4.000000e+00
      vertex   1.992500e+01 -2.658942e+01 -4.000000e+00
    endloop
  endfacet
  facet normal 2.182257e-17 4.299045e-16 -1.000000e+00
    outer loop
      vertex   1.992500e+01 -1.425000e+01 -4.000000e+00
      vertex   -2.077500e+01 -1.425000e+01 -4.000000e+00
      vertex   2.250000e-01 -1.325000e+01 -4.000000e+00
    endloop
  endfacet
  facet normal 0.000000e+00 8.881784e-16 -1.000000e+00
    outer loop
      vertex   2.250000e-01 -1.325000e+01 -4.000000e+00
      vertex   -2.077500e+01 -1.425000e+01 -4.000000e+00
      vertex   -1.977500e+01 -1.325000e+01 -4.000000e+00
    endloop
  endfacet
  facet normal 1.355998e-16 0.000000e+00 -1.000000e+00
    outer loop
      vertex   1.467500e+01 3.500000e-01 -4.000000e+00
      vertex   2.122500e+01 -7.400000e+00 -4.000000e+00
      vertex   1.467500e+01 -3.250000e+00 -4.000000e+00
    endloop
  endfacet
  facet normal 2.332868e-17 -1.771989e-16 -1.000000e+00
    outer loop
      vertex   1.467500e+01 -3.250000e+00 -4.000000e+00
      vertex   2.122500e+01 -7.400000e+00 -4.000000e+00
      vertex   2.087559e+01 -7.446000e+00 -4.000000e+00
    endloop
  endfacet
  facet normal 5.438726e-17 -1.313025e-16 -1.000000e+00
    outer loop
      vertex   1.467500e+01 -3.250000e+00 -4.000000e+00
      vertex   2.087559e+01 -7.446000e+00 -4.000000e+00
      vertex   2.055000e+01 -7.580866e+00 -4.000000e+00
    endloop
  endfacet
  facet normal 5.528571e-17 4.199367e-16 -1.000000e+00
    outer loop
      vertex   -2.165994e+01 2.008153e+01 -4.000000e+00
      vertex   -2.131053e+01 2.003553e+01 -4.000000e+00
      vertex   -2.077500e+01 1.785000e+01 -4.000000e+00
    endloop
  endfacet
  facet normal -5.183020e-17 3.936894e-16 -1.000000e+00
    outer loop
      vertex   -2.077500e+01 1.785000e+01 -4.000000e+00
      vertex   -2.131053e+01 2.003553e+01 -4.000000e+00
      vertex   -2.096113e+01 2.008153e+01 -4.000000e+00
    endloop
  endfacet
  facet normal -1.593566e-16 3.847208e-16 -1.000000e+00
    outer loop
      vertex   -2.077500e+01 1.785000e+01 -4.000000e+00
      vertex   -2.096113e+01 2.008153e+01 -4.000000e+00
      vertex   -2.063553e+01 2.021640e+01 -4.000000e+00
    endloop
  endfacet
  facet normal -3.016413e-16 3.931065e-16 -1.000000e+00
    outer loop
      vertex   -2.063553e+01 2.021640e+01 -4.000000e+00
      vertex   -2.035594e+01 2.043094e+01 -4.000000e+00
      vertex   -2.077500e+01 1.785000e+01 -4.000000e+00
    endloop
  endfacet
  facet normal -1.675494e-16 2.205829e-17 -1.000000e+00
    outer loop
      vertex   -2.000653e+01 2.103613e+01 -4.000000e+00
      vertex   -1.996053e+01 2.138553e+01 -4.000000e+00
      vertex   -1.512500e+01 1.785000e+01 -4.000000e+00
    endloop
  endfacet
  facet normal -2.032411e-16 -2.675720e-17 -1.000000e+00
    outer loop
      vertex   -1.512500e+01 1.785000e+01 -4.000000e+00
      vertex   -1.996053e+01 2.138553e+01 -4.000000e+00
      vertex   -2.000653e+01 2.173494e+01 -4.000000e+00
    endloop
  endfacet
  facet normal 0.000000e+00 0.000000e+00 -1.000000e+00
    outer loop
      vertex   -2.014140e+01 2.206053e+01 -4.000000e+00
      vertex   -2.035594e+01 2.234013e+01 -4.000000e+00
      vertex   -1.777500e+01 2.685000e+01 -4.000000e+00
    endloop
  endfacet
  facet normal 1.499266e-16 -1.973821e-17 -1.000000e+00
    outer loop
      vertex   1.992100e+01 -8.400594e+00 -4.000000e+00
      vertex   1.987500e+01 -8.750000e+00 -4.000000e+00
      vertex   1.467500e+01 -3.250000e+00 -4.000000e+00
    endloop
  endfacet
  facet normal 1.984352e-16 2.612449e-17 -1.000000e+00
    outer loop
      vertex   1.467500e+01 -3.250000e+00 -4.000000e+00
      vertex   1.987500e+01 -8.750000e+00 -4.000000e+00
      vertex   1.992100e+01 -9.099406e+00 -4.000000e+00
    endloop
  endfacet
  facet normal 0.000000e+00 -0.000000e+00 -1.000000e+00
    outer loop
      vertex   2.027041e+01 -9.704594e+00 -4.000000e+00
      vertex   2.055000e+01 -9.919134e+00 -4.000000e+00
      vertex   1.992500e+01 -1.425000e+01 -4.000000e+00
    endloop
  endfacet
  facet normal 0.000000e+00 0.000000e+00 -1.000000e+00
    outer loop
      vertex   1.992500e+01 -1.425000e+01 -4.000000e+00
      vertex   2.055000e+01 -9.919134e+00 -4.000000e+00
      vertex   2.087559e+01 -1.005400e+01 -4.000000e+00
    endloop
  endfacet
  facet normal 0.000000e+00 0.000000e+00 -1.000000e+00
    outer loop
      vertex   1.992500e+01 -1.425000e+01 -4.000000e+00
      vertex   2.087559e+01 -1.005400e+01 -4.000000e+00
      vertex   2.122500e+01 -1.010000e+01 -4.000000e+00
    endloop
  endfacet
  facet normal 0.000000e+00 -0.000000e+00 -1.000000e+00
    outer loop
      vertex   2.122500e+01 -1.010000e+01 -4.000000e+00
      vertex   2.157441e+01 -1.005400e+01 -4.000000e+00
      vertex   1.992500e+01 -1.425000e+01 -4.000000e+00
    endloop
  endfacet
  facet normal 0.000000e+00 0.000000e+00 -1.000000e+00
    outer loop
      vertex   1.992500e+01 -1.425000e+01 -4.000000e+00
      vertex   2.157441e+01 -1.005400e+01 -4.000000e+00
      vertex   2.190000e+01 -9.919134e+00 -4.000000e+00
    endloop
  endfacet
  facet normal 0.000000e+00 0.000000e+00 -1.000000e+00
    outer loop
      vertex   2.217959e+01 -9.704594e+00 -4.000000e+00
      vertex   2.239413e+01 -9.425000e+00 -4.000000e+00
      vertex   2.677500e+01 -1.785000e+01 -4.000000e+00
    endloop
  endfacet
  facet normal 0.000000e+00 0.000000e+00 -1.000000e+00
    outer loop
      vertex   2.677500e+01 -1.785000e+01 -4.000000e+00
      vertex   2.239413e+01 -9.425000e+00 -4.000000e+00
      vertex   2.252900e+01 -9.099406e+00 -4.000000e+00
    endloop
  endfacet
  facet normal 0.000000e+00 0.000000e+00 -1.000000e+00
    outer loop
      vertex   2.677500e+01 -1.785000e+01 -4.000000e+00
      vertex   2.252900e+01 -9.099406e+00 -4.000000e+00
      vertex   2.257500e+01 -8.750000e+00 -4.000000e+00
    endloop
  endfacet
  facet normal 0.000000e+00 0.000000e+00 -1.000000e+00
    outer loop
      vertex   2.257500e+01 -8.750000e+00 -4.000000e+00
      vertex   2.252900e+01 -8.400594e+00 -4.000000e+00
      vertex   2.677500e+01 -1.785000e+01 -4.000000e+00
    endloop
  endfacet
  facet normal 0.000000e+00 0.000000e+00 -1.000000e+00
    outer loop
      vertex   2.217959e+01 -7.795406e+00 -4.000000e+00
      vertex   2.190000e+01 -7.580866e+00 -4.000000e+00
      vertex   2.677500e+01 1.785000e+01 -4.000000e+00
    endloop
  endfacet
  facet normal 1.015605e-16 -1.946875e-17 -1.000000e+00
    outer loop
      vertex   2.677500e+01 1.785000e+01 -4.000000e+00
      vertex   2.190000e+01 -7.580866e+00 -4.000000e+00
      vertex   1.467500e+01 3.500000e-01 -4.000000e+00
    endloop
  endfacet
  facet normal -7.450034e-17 -1.798597e-16 -1.000000e+00
    outer loop
      vertex   2.190000e+01 -7.580866e+00 -4.000000e+00
      vertex   2.157441e+01 -7.446000e+00 -4.000000e+00
      vertex   1.467500e+01 3.500000e-01 -4.000000e+00
    endloop
  endfacet
  facet normal -1.697683e-17 -1.289518e-16 -1.000000e+00
    outer loop
      vertex   1.467500e+01 3.500000e-01 -4.000000e+00
      vertex   2.157441e+01 -7.446000e+00 -4.000000e+00
      vertex   2.122500e+01 -7.400000e+00 -4.000000e+00
    endloop
  endfacet
  facet normal 7.710488e-17 -1.004850e-16 -1.000000e+00
    outer loop
      vertex   2.055000e+01 -7.580866e+00 -4.000000e+00
      vertex   2.027041e+01 -7.795406e+00 -4.000000e+00
      vertex   1.467500e+01 -3.250000e+00 -4.000000e+00
    endloop
  endfacet
  facet normal 9.778235e-17 -7.503103e-17 -1.000000e+00
    outer loop
      vertex   1.467500e+01 -3.250000e+00 -4.000000e+00
      vertex   2.027041e+01 -7.795406e+00 -4.000000e+00
      vertex   2.005587e+01 -8.075000e+00 -4.000000e+00
    endloop
  endfacet
  facet normal 1.203584e-16 -4.985409e-17 -1.000000e+00
    outer loop
      vertex   1.467500e+01 -3.250000e+00 -4.000000e+00
      vertex   2.005587e+01 -8.075000e+00 -4.000000e+00
      vertex   1.992100e+01 -8.400594e+00 -4.000000e+00
    endloop
  endfacet
  facet normal -1.000000e+00 1.850372e-16 0.000000e+00
    outer loop
      vertex   2.250000e-01 -1.325000e+01 -4.000000e+00
      vertex   2.250000e-01 -1.325000e+01 -3.000000e+00
      vertex   2.250000e-01 -4.250000e+00 -4.000000e+00
    endloop
  endfacet
  facet normal -1.000000e+00 1.850372e-16 0.000000e+00
    outer loop
      vertex   2.250000e-01 -4.250000e+00 -4.000000e+00
      vertex   2.250000e-01 -1.325000e+01 -3.000000e+00
      vertex   2.250000e-01 -4.250000e+00 -3.000000e+00
    endloop
  endfacet
  facet normal 1.243947e-17 -1.143630e-16 -1.000000e+00
    outer loop
      vertex   -7.500000e-02 -2.785000e+01 5.000000e-01
      vertex   1.992500e+01 -2.761614e+01 5.000000e-01
      vertex   1.777500e+01 -2.785000e+01 5.000000e-01
    endloop
  endfacet
  facet normal 0.000000e+00 0.000000e+00 -1.000000e+00
    outer loop
      vertex   1.777500e+01 -2.785000e+01 5.000000e-01
      vertex   1.992500e+01 -2.761614e+01 5.000000e-01
      vertex   1.921459e+01 -2.774584e+01 5.000000e-01
    endloop
  endfacet
  facet normal 0.000000e+00 0.000000e+00 -1.000000e+00
    outer loop
      vertex   1.777500e+01 -2.785000e+01 5.000000e-01
      vertex   1.921459e+01 -2.774584e+01 5.000000e-01
      vertex   1.849668e+01 -2.782393e+01 5.000000e-01
    endloop
  endfacet
  facet normal 1.243947e-17 0.000000e+00 -1.000000e+00
    outer loop
      vertex   -7.500000e-02 -2.685000e+01 5.000000e-01
      vertex   1.777500e+01 -2.685000e+01 5.000000e-01
      vertex   -7.500000e-02 -2.785000e+01 5.000000e-01
    endloop
  endfacet
  facet normal 1.074950e-17 3.016604e-17 -1.000000e+00
    outer loop
      vertex   -7.500000e-02 -2.785000e+01 5.000000e-01
      vertex   1.777500e+01 -2.685000e+01 5.000000e-01
      vertex   1.992500e+01 -2.761614e+01 5.000000e-01
    endloop
  endfacet
  facet normal 0.000000e+00 0.000000e+00 -1.000000e+00
    outer loop
      vertex   1.777500e+01 -2.685000e+01 5.000000e-01
      vertex   1.849788e+01 -2.682092e+01 5.000000e-01
      vertex   1.992500e+01 -2.761614e+01 5.000000e-01
    endloop
  endfacet
  facet normal 0.000000e+00 0.000000e+00 -1.000000e+00
    outer loop
      vertex   1.992500e+01 -2.761614e+01 5.000000e-01
      vertex   1.849788e+01 -2.682092e+01 5.000000e-01
      vertex   1.921610e+01 -2.673388e+01 5.000000e-01
    endloop
  endfacet
  facet normal 2.691549e-15 2.162663e-15 -1.000000e+00
    outer loop
      vertex   1.992500e+01 -2.761614e+01 5.000000e-01
      vertex   1.921610e+01 -2.673388e+01 5.000000e-01
      vertex   1.992500e+01 -2.658942e+01 5.000000e-01
    endloop
  endfacet
  facet normal -1.000000e+00 0.000000e+00 0.000000e+00
    outer loop
      vertex   1.992500e+01 -2.708926e+01 -3.513881e+00
      vertex   1.992500e+01 -2.761614e+01 -3.000000e+00
      vertex   1.992500e+01 -2.658942e+01 -3.000000e+00
    endloop
  endfacet
  facet normal -1.000000e+00 0.000000e+00 0.000000e+00
    outer loop
      vertex   1.992500e+01 -2.658942e+01 -3.000000e+00
      vertex   1.992500e+01 -2.761614e+01 -3.000000e+00
      vertex   1.992500e+01 -2.761614e+01 5.000000e-01
    endloop
  endfacet
  facet normal -1.000000e+00 0.000000e+00 0.000000e+00
    outer loop
      vertex   1.992500e+01 -2.658942e+01 -3.000000e+00
      vertex   1.992500e+01 -2.761614e+01 5.000000e-01
      vertex   1.992500e+01 -2.658942e+01 5.000000e-01
    endloop
  endfacet
  facet normal -1.000000e+00 -0.000000e+00 -0.000000e+00
    outer loop
      vertex   1.992500e+01 -1.425000e+01 -3.000000e+00
      vertex   1.992500e+01 -1.425000e+01 -4.000000e+00
      vertex   1.992500e+01 -2.658942e+01 -3.000000e+00
    endloop
  endfacet
  facet normal -1.000000e+00 0.000000e+00 -0.000000e+00
    outer loop
      vertex   1.992500e+01 -2.658942e+01 -3.000000e+00
      vertex   1.992500e+01 -1.425000e+01 -4.000000e+00
      vertex   1.992500e+01 -2.658942e+01 -4.000000e+00
    endloop
  endfacet
  facet normal -1.000000e+00 0.000000e+00 0.000000e+00
    outer loop
      vertex   1.992500e+01 -2.658942e+01 -3.000000e+00
      vertex   1.992500e+01 -2.658942e+01 -4.000000e+00
      vertex   1.992500e+01 -2.708926e+01 -3.513881e+00
    endloop
  endfacet
  facet normal 1.000000e+00 0.000000e+00 -0.000000e+00
    outer loop
      vertex   -7.500000e-02 -2.285000e+01 -4.000000e+00
      vertex   -7.500000e-02 -2.285000e+01 -3.000000e+00
      vertex   -7.500000e-02 -2.685000e+01 -4.000000e+00
    endloop
  endfacet
  facet normal 1.000000e+00 0.000000e+00 -0.000000e+00
    outer loop
      vertex   -7.500000e-02 -2.685000e+01 -4.000000e+00
      vertex   -7.500000e-02 -2.285000e+01 -3.000000e+00
      vertex   -7.500000e-02 -2.685000e+01 -3.000000e+00
    endloop
  endfacet
  facet normal 1.000000e+00 0.000000e+00 0.000000e+00
    outer loop
      vertex   -7.500000e-02 -2.685000e+01 -4.000000e+00
      vertex   -7.500000e-02 -2.685000e+01 -3.000000e+00
      vertex   -7.500000e-02 -2.785000e+01 -3.000000e+00
    endloop
  endfacet
  facet normal 1.000000e+00 -0.000000e+00 0.000000e+00
    outer loop
      vertex   -7.500000e-02 -2.785000e+01 -3.000000e+00
      vertex   -7.500000e-02 -2.685000e+01 -3.000000e+00
      vertex   -7.500000e-02 -2.685000e+01 5.000000e-01
    endloop
  endfacet
  facet normal 1.000000e+00 0.000000e+00 0.000000e+00
    outer loop
      vertex   -7.500000e-02 -2.785000e+01 -3.000000e+00
      vertex   -7.500000e-02 -2.685000e+01 5.000000e-01
      vertex   -7.500000e-02 -2.785000e+01 5.000000e-01
    endloop
  endfacet
  facet normal -3.548232e-17 -7.071068e-01 -7.071068e-01
    outer loop
      vertex   -7.500000e-02 -2.785000e+01 -3.000000e+00
      vertex   -1.777500e+01 -2.785000e+01 -3.000000e+00
      vertex   -7.500000e-02 -2.685000e+01 -4.000000e+00
    endloop
  endfacet
  facet normal 5.677170e-16 -7.071068e-01 -7.071068e-01
    outer loop
      vertex   -7.500000e-02 -2.685000e+01 -4.000000e+00
      vertex   -1.777500e+01 -2.785000e+01 -3.000000e+00
      vertex   -1.777500e+01 -2.685000e+01 -4.000000e+00
    endloop
  endfacet
  facet normal 0.000000e+00 -1.000000e+00 0.000000e+00
    outer loop
      vertex   -7.500000e-02 -2.785000e+01 -3.000000e+00
      vertex   -7.500000e-02 -2.785000e+01 5.000000e-01
      vertex   -1.777500e+01 -2.785000e+01 -3.000000e+00
    endloop
  endfacet
  facet normal 0.000000e+00 -1.000000e+00 0.000000e+00
    outer loop
      vertex   -1.777500e+01 -2.785000e+01 -3.000000e+00
      vertex   -7.500000e-02 -2.785000e+01 5.000000e-01
      vertex   -1.777500e+01 -2.785000e+01 3.500000e+00
    endloop
  endfacet
  facet normal 9.993569e-17 -1.000000e+00 5.896206e-16
    outer loop
      vertex   -1.777500e+01 -2.785000e+01 3.500000e+00
      vertex   -7.500000e-02 -2.785000e+01 5.000000e-01
      vertex   1.777500e+01 -2.785000e+01 3.500000e+00
    endloop
  endfacet
  facet normal 1.990316e-16 -1.000000e+00 0.000000e+00
    outer loop
      vertex   1.777500e+01 -2.785000e+01 3.500000e+00
      vertex   -7.500000e-02 -2.785000e+01 5.000000e-01
      vertex   1.777500e+01 -2.785000e+01 5.000000e-01
    endloop
  endfacet
  facet normal 3.610745e-02 -9.993479e-01 0.000000e+00
    outer loop
      vertex   1.777500e+01 -2.785000e+01 5.000000e-01
      vertex   1.849668e+01 -2.782393e+01 5.000000e-01
      vertex   1.777500e+01 -2.785000e+01 3.500000e+00
    endloop
  endfacet
  facet normal 4.906744e-02 -9.987906e-01 3.122489e-03
    outer loop
      vertex   1.777500e+01 -2.785000e+01 3.500000e+00
      vertex   1.849668e+01 -2.782393e+01 5.000000e-01
      vertex   1.875517e+01 -2.780185e+01 3.500000e+00
    endloop
  endfacet
  facet normal 1.081338e-01 -9.941343e-01 -2.001200e-03
    outer loop
      vertex   1.875517e+01 -2.780185e+01 3.500000e+00
      vertex   1.849668e+01 -2.782393e+01 5.000000e-01
      vertex   1.921459e+01 -2.774584e+01 5.000000e-01
    endloop
  endfacet
  facet normal 1.467293e-01 -9.891686e-01 4.002039e-03
    outer loop
      vertex   1.875517e+01 -2.780185e+01 3.500000e+00
      vertex   1.921459e+01 -2.774584e+01 5.000000e-01
      vertex   1.972590e+01 -2.765785e+01 3.500000e+00
    endloop
  endfacet
  facet normal 1.795965e-01 -9.837388e-01 -1.758982e-03
    outer loop
      vertex   1.972590e+01 -2.765785e+01 3.500000e+00
      vertex   1.921459e+01 -2.774584e+01 5.000000e-01
      vertex   1.992500e+01 -2.761614e+01 5.000000e-01
    endloop
  endfacet
  facet normal 2.429793e-01 -9.700279e-01 2.638097e-03
    outer loop
      vertex   1.972590e+01 -2.765785e+01 3.500000e+00
      vertex   1.992500e+01 -2.761614e+01 5.000000e-01
      vertex   2.067785e+01 -2.741940e+01 3.500000e+00
    endloop
  endfacet
  facet normal 2.528338e-01 -9.675097e-01 2.351349e-18
    outer loop
      vertex   2.067785e+01 -2.741940e+01 3.500000e+00
      vertex   1.992500e+01 -2.761614e+01 5.000000e-01
      vertex   1.992500e+01 -2.761614e+01 -3.000000e+00
    endloop
  endfacet
  facet normal 2.619600e-01 -9.650781e-01 -1.130619e-03
    outer loop
      vertex   2.067785e+01 -2.741940e+01 3.500000e+00
      vertex   1.992500e+01 -2.761614e+01 -3.000000e+00
      vertex   2.085808e+01 -2.736287e+01 -3.000000e+00
    endloop
  endfacet
  facet normal 3.368896e-01 -9.415434e-01 1.151715e-03
    outer loop
      vertex   2.067785e+01 -2.741940e+01 3.500000e+00
      vertex   2.085808e+01 -2.736287e+01 -3.000000e+00
      vertex   2.160183e+01 -2.708880e+01 3.500000e+00
    endloop
  endfacet
  facet normal 3.539342e-01 -9.352697e-01 -1.063124e-03
    outer loop
      vertex   2.160183e+01 -2.708880e+01 3.500000e+00
      vertex   2.085808e+01 -2.736287e+01 -3.000000e+00
      vertex   2.176233e+01 -2.702067e+01 -3.000000e+00
    endloop
  endfacet
  facet normal 4.275548e-01 -9.039888e-01 1.082597e-03
    outer loop
      vertex   2.160183e+01 -2.708880e+01 3.500000e+00
      vertex   2.176233e+01 -2.702067e+01 -3.000000e+00
      vertex   2.248897e+01 -2.666921e+01 3.500000e+00
    endloop
  endfacet
  facet normal 4.425999e-01 -8.967186e-01 -9.923825e-04
    outer loop
      vertex   2.248897e+01 -2.666921e+01 3.500000e+00
      vertex   2.176233e+01 -2.702067e+01 -3.000000e+00
      vertex   2.262932e+01 -2.659274e+01 -3.000000e+00
    endloop
  endfacet
  facet normal 5.141025e-01 -8.577282e-01 1.010232e-03
    outer loop
      vertex   2.248897e+01 -2.666921e+01 3.500000e+00
      vertex   2.262932e+01 -2.659274e+01 -3.000000e+00
      vertex   2.333070e+01 -2.616470e+01 3.500000e+00
    endloop
  endfacet
  facet normal 5.271283e-01 -8.497852e-01 -9.183946e-04
    outer loop
      vertex   2.333070e+01 -2.616470e+01 3.500000e+00
      vertex   2.262932e+01 -2.659274e+01 -3.000000e+00
      vertex   2.345093e+01 -2.608310e+01 -3.000000e+00
    endloop
  endfacet
  facet normal 5.956990e-01 -8.032072e-01 9.346210e-04
    outer loop
      vertex   2.333070e+01 -2.616470e+01 3.500000e+00
      vertex   2.345093e+01 -2.608310e+01 -3.000000e+00
      vertex   2.411893e+01 -2.558010e+01 3.500000e+00
    endloop
  endfacet
  facet normal 6.067292e-01 -7.949081e-01 -8.411604e-04
    outer loop
      vertex   2.411893e+01 -2.558010e+01 3.500000e+00
      vertex   2.345093e+01 -2.608310e+01 -3.000000e+00
      vertex   2.421948e+01 -2.549649e+01 -3.000000e+00
    endloop
  endfacet
  facet normal 6.715587e-01 -7.409509e-01 8.557637e-04
    outer loop
      vertex   2.411893e+01 -2.558010e+01 3.500000e+00
      vertex   2.421948e+01 -2.549649e+01 -3.000000e+00
      vertex   2.484607e+01 -2.492107e+01 3.500000e+00
    endloop
  endfacet
  facet normal 6.806586e-01 -7.326004e-01 -7.606801e-04
    outer loop
      vertex   2.484607e+01 -2.492107e+01 3.500000e+00
      vertex   2.421948e+01 -2.549649e+01 -3.000000e+00
      vertex   2.492778e+01 -2.483840e+01 -3.000000e+00
    endloop
  endfacet
  facet normal 7.409509e-01 -6.715588e-01 7.736604e-04
    outer loop
      vertex   2.484607e+01 -2.492107e+01 3.500000e+00
      vertex   2.492778e+01 -2.483840e+01 -3.000000e+00
      vertex   2.550510e+01 -2.419393e+01 3.500000e+00
    endloop
  endfacet
  facet normal 7.482252e-01 -6.634445e-01 -6.769538e-04
    outer loop
      vertex   2.550510e+01 -2.419393e+01 3.500000e+00
      vertex   2.492778e+01 -2.483840e+01 -3.000000e+00
      vertex   2.556923e+01 -2.411498e+01 -3.000000e+00
    endloop
  endfacet
  facet normal 8.032073e-01 -5.956992e-01 6.883113e-04
    outer loop
      vertex   2.550510e+01 -2.419393e+01 3.500000e+00
      vertex   2.556923e+01 -2.411498e+01 -3.000000e+00
      vertex   2.608970e+01 -2.340570e+01 3.500000e+00
    endloop
  endfacet
  facet normal 8.087976e-01 -5.880867e-01 -5.899818e-04
    outer loop
      vertex   2.608970e+01 -2.340570e+01 3.500000e+00
      vertex   2.556923e+01 -2.411498e+01 -3.000000e+00
      vertex   2.613781e+01 -2.333300e+01 -3.000000e+00
    endloop
  endfacet
  facet normal 8.577285e-01 -5.141027e-01 5.997165e-04
    outer loop
      vertex   2.608970e+01 -2.340570e+01 3.500000e+00
      vertex   2.613781e+01 -2.333300e+01 -3.000000e+00
      vertex   2.659421e+01 -2.256397e+01 3.500000e+00
    endloop
  endfacet
  facet normal 8.618096e-01 -5.072317e-01 -4.997643e-04
    outer loop
      vertex   2.659421e+01 -2.256397e+01 3.500000e+00
      vertex   2.613781e+01 -2.333300e+01 -3.000000e+00
      vertex   2.662823e+01 -2.249977e+01 -3.000000e+00
    endloop
  endfacet
  facet normal 9.039892e-01 -4.275550e-01 5.078763e-04
    outer loop
      vertex   2.659421e+01 -2.256397e+01 3.500000e+00
      vertex   2.662823e+01 -2.249977e+01 -3.000000e+00
      vertex   2.701380e+01 -2.167683e+01 3.500000e+00
    endloop
  endfacet
  facet normal 9.067655e-01 -4.216351e-01 -4.063014e-04
    outer loop
      vertex   2.701380e+01 -2.167683e+01 3.500000e+00
      vertex   2.662823e+01 -2.249977e+01 -3.000000e+00
      vertex   2.703588e+01 -2.162307e+01 -3.000000e+00
    endloop
  endfacet
  facet normal 9.415440e-01 -3.368898e-01 4.127907e-04
    outer loop
      vertex   2.701380e+01 -2.167683e+01 3.500000e+00
      vertex   2.703588e+01 -2.162307e+01 -3.000000e+00
      vertex   2.734440e+01 -2.075285e+01 3.500000e+00
    endloop
  endfacet
  facet normal 9.432451e-01 -3.320972e-01 -3.095933e-04
    outer loop
      vertex   2.734440e+01 -2.075285e+01 3.500000e+00
      vertex   2.703588e+01 -2.162307e+01 -3.000000e+00
      vertex   2.735697e+01 -2.071111e+01 -3.000000e+00
    endloop
  endfacet
  facet normal 9.700312e-01 -2.429802e-01 3.144601e-04
    outer loop
      vertex   2.734440e+01 -2.075285e+01 3.500000e+00
      vertex   2.735697e+01 -2.071111e+01 -3.000000e+00
      vertex   2.758285e+01 -1.980090e+01 3.500000e+00
    endloop
  endfacet
  facet normal 9.709075e-01 -2.394549e-01 -2.096402e-04
    outer loop
      vertex   2.758285e+01 -1.980090e+01 3.500000e+00
      vertex   2.735697e+01 -2.071111e+01 -3.000000e+00
      vertex   2.758848e+01 -1.977239e+01 -3.000000e+00
    endloop
  endfacet
  facet normal 9.891765e-01 -1.467305e-01 2.128847e-04
    outer loop
      vertex   2.758285e+01 -1.980090e+01 3.500000e+00
      vertex   2.758848e+01 -1.977239e+01 -3.000000e+00
      vertex   2.772685e+01 -1.883017e+01 3.500000e+00
    endloop
  endfacet
  facet normal 9.894940e-01 -1.445742e-01 -1.064424e-04
    outer loop
      vertex   2.772685e+01 -1.883017e+01 3.500000e+00
      vertex   2.758848e+01 -1.977239e+01 -3.000000e+00
      vertex   2.772826e+01 -1.881571e+01 -3.000000e+00
    endloop
  endfacet
  facet normal 9.987955e-01 -4.906767e-02 1.080645e-04
    outer loop
      vertex   2.772685e+01 -1.883017e+01 3.500000e+00
      vertex   2.772826e+01 -1.881571e+01 -3.000000e+00
      vertex   2.777500e+01 -1.785000e+01 3.500000e+00
    endloop
  endfacet
  facet normal 9.988308e-01 -4.834203e-02 0.000000e+00
    outer loop
      vertex   2.777500e+01 -1.785000e+01 3.500000e+00
      vertex   2.772826e+01 -1.881571e+01 -3.000000e+00
      vertex   2.777500e+01 -1.785000e+01 -3.000000e+00
    endloop
  endfacet
  facet normal 1.000000e+00 -0.000000e+00 -0.000000e+00
    outer loop
      vertex   1.992500e+01 -2.708926e+01 -3.513881e+00
      vertex   1.992500e+01 -2.658942e+01 -4.000000e+00
      vertex   1.992500e+01 -2.761614e+01 -3.000000e+00
    endloop
  endfacet
  facet normal 1.860819e-01 -6.855381e-01 -7.038545e-01
    outer loop
      vertex   1.992500e+01 -2.761614e+01 -3.000000e+00
      vertex   1.992500e+01 -2.658942e+01 -4.000000e+00
      vertex   2.085808e+01 -2.736287e+01 -3.000000e+00
    endloop
  endfacet
  facet normal 2.028259e-01 -6.738769e-01 -7.104587e-01
    outer loop
      vertex   2.085808e+01 -2.736287e+01 -3.000000e+00
      vertex   1.992500e+01 -2.658942e+01 -4.000000e+00
      vertex   2.080603e+01 -2.632425e+01 -4.000000e+00
    endloop
  endfacet
  facet normal 2.515475e-01 -6.647134e-01 -7.034770e-01
    outer loop
      vertex   2.085808e+01 -2.736287e+01 -3.000000e+00
      vertex   2.080603e+01 -2.632425e+01 -4.000000e+00
      vertex   2.176233e+01 -2.702067e+01 -3.000000e+00
    endloop
  endfacet
  facet normal 2.704294e-01 -6.493181e-01 -7.108122e-01
    outer loop
      vertex   2.176233e+01 -2.702067e+01 -3.000000e+00
      vertex   2.080603e+01 -2.632425e+01 -4.000000e+00
      vertex   2.165539e+01 -2.597050e+01 -4.000000e+00
    endloop
  endfacet
  facet normal 3.146857e-01 -6.375613e-01 -7.031987e-01
    outer loop
      vertex   2.176233e+01 -2.702067e+01 -3.000000e+00
      vertex   2.165539e+01 -2.597050e+01 -4.000000e+00
      vertex   2.262932e+01 -2.659274e+01 -3.000000e+00
    endloop
  endfacet
  facet normal 3.351911e-01 -6.180967e-01 -7.110579e-01
    outer loop
      vertex   2.262932e+01 -2.659274e+01 -3.000000e+00
      vertex   2.165539e+01 -2.597050e+01 -4.000000e+00
      vertex   2.246419e+01 -2.553190e+01 -4.000000e+00
    endloop
  endfacet
  facet normal 3.748780e-01 -6.043421e-01 -7.030200e-01
    outer loop
      vertex   2.262932e+01 -2.659274e+01 -3.000000e+00
      vertex   2.246419e+01 -2.553190e+01 -4.000000e+00
      vertex   2.345093e+01 -2.608310e+01 -3.000000e+00
    endloop
  endfacet
  facet normal 3.964663e-01 -5.805293e-01 -7.111963e-01
    outer loop
      vertex   2.345093e+01 -2.608310e+01 -3.000000e+00
      vertex   2.246419e+01 -2.553190e+01 -4.000000e+00
      vertex   2.322398e+01 -2.501300e+01 -4.000000e+00
    endloop
  endfacet
  facet normal 4.315352e-01 -5.653772e-01 -7.029410e-01
    outer loop
      vertex   2.345093e+01 -2.608310e+01 -3.000000e+00
      vertex   2.322398e+01 -2.501300e+01 -4.000000e+00
      vertex   2.421948e+01 -2.549649e+01 -3.000000e+00
    endloop
  endfacet
  facet normal 4.536444e-01 -5.369936e-01 -7.112276e-01
    outer loop
      vertex   2.421948e+01 -2.549649e+01 -3.000000e+00
      vertex   2.322398e+01 -2.501300e+01 -4.000000e+00
      vertex   2.392683e+01 -2.441925e+01 -4.000000e+00
    endloop
  endfacet
  facet normal 4.841033e-01 -5.210458e-01 -7.029618e-01
    outer loop
      vertex   2.421948e+01 -2.549649e+01 -3.000000e+00
      vertex   2.392683e+01 -2.441925e+01 -4.000000e+00
      vertex   2.492778e+01 -2.483840e+01 -3.000000e+00
    endloop
  endfacet
  facet normal 5.061544e-01 -4.879252e-01 -7.111516e-01
    outer loop
      vertex   2.492778e+01 -2.483840e+01 -3.000000e+00
      vertex   2.392683e+01 -2.441925e+01 -4.000000e+00
      vertex   2.456538e+01 -2.375684e+01 -4.000000e+00
    endloop
  endfacet
  facet normal 5.320693e-01 -4.717810e-01 -7.030824e-01
    outer loop
      vertex   2.492778e+01 -2.483840e+01 -3.000000e+00
      vertex   2.456538e+01 -2.375684e+01 -4.000000e+00
      vertex   2.556923e+01 -2.411498e+01 -3.000000e+00
    endloop
  endfacet
  facet normal 5.534709e-01 -4.338131e-01 -7.109685e-01
    outer loop
      vertex   2.556923e+01 -2.411498e+01 -3.000000e+00
      vertex   2.456538e+01 -2.375684e+01 -4.000000e+00
      vertex   2.513296e+01 -2.303270e+01 -4.000000e+00
    endloop
  endfacet
  facet normal 5.749666e-01 -4.180653e-01 -7.033028e-01
    outer loop
      vertex   2.556923e+01 -2.411498e+01 -3.000000e+00
      vertex   2.513296e+01 -2.303270e+01 -4.000000e+00
      vertex   2.613781e+01 -2.333300e+01 -3.000000e+00
    endloop
  endfacet
  facet normal 5.951181e-01 -3.751952e-01 -7.106778e-01
    outer loop
      vertex   2.613781e+01 -2.333300e+01 -3.000000e+00
      vertex   2.513296e+01 -2.303270e+01 -4.000000e+00
      vertex   2.562365e+01 -2.225439e+01 -4.000000e+00
    endloop
  endfacet
  facet normal 6.123796e-01 -3.604257e-01 -7.036225e-01
    outer loop
      vertex   2.613781e+01 -2.333300e+01 -3.000000e+00
      vertex   2.562365e+01 -2.225439e+01 -4.000000e+00
      vertex   2.662823e+01 -2.249977e+01 -3.000000e+00
    endloop
  endfacet
  facet normal 6.306750e-01 -3.126537e-01 -7.102793e-01
    outer loop
      vertex   2.662823e+01 -2.249977e+01 -3.000000e+00
      vertex   2.562365e+01 -2.225439e+01 -4.000000e+00
      vertex   2.603231e+01 -2.143005e+01 -4.000000e+00
    endloop
  endfacet
  facet normal 6.439479e-01 -2.994281e-01 -7.040411e-01
    outer loop
      vertex   2.662823e+01 -2.249977e+01 -3.000000e+00
      vertex   2.603231e+01 -2.143005e+01 -4.000000e+00
      vertex   2.703588e+01 -2.162307e+01 -3.000000e+00
    endloop
  endfacet
  facet normal 6.597791e-01 -2.468091e-01 -7.097723e-01
    outer loop
      vertex   2.703588e+01 -2.162307e+01 -3.000000e+00
      vertex   2.603231e+01 -2.143005e+01 -4.000000e+00
      vertex   2.635468e+01 -2.056830e+01 -4.000000e+00
    endloop
  endfacet
  facet normal 6.693703e-01 -2.356715e-01 -7.045583e-01
    outer loop
      vertex   2.703588e+01 -2.162307e+01 -3.000000e+00
      vertex   2.635468e+01 -2.056830e+01 -4.000000e+00
      vertex   2.735697e+01 -2.071111e+01 -3.000000e+00
    endloop
  endfacet
  facet normal 6.821299e-01 -1.783150e-01 -7.091563e-01
    outer loop
      vertex   2.735697e+01 -2.071111e+01 -3.000000e+00
      vertex   2.635468e+01 -2.056830e+01 -4.000000e+00
      vertex   2.658737e+01 -1.967814e+01 -4.000000e+00
    endloop
  endfacet
  facet normal 6.884075e-01 -1.697819e-01 -7.051732e-01
    outer loop
      vertex   2.735697e+01 -2.071111e+01 -3.000000e+00
      vertex   2.658737e+01 -1.967814e+01 -4.000000e+00
      vertex   2.758848e+01 -1.977239e+01 -3.000000e+00
    endloop
  endfacet
  facet normal 6.974917e-01 -1.078514e-01 -7.084302e-01
    outer loop
      vertex   2.758848e+01 -1.977239e+01 -3.000000e+00
      vertex   2.658737e+01 -1.967814e+01 -4.000000e+00
      vertex   2.672797e+01 -1.876887e+01 -4.000000e+00
    endloop
  endfacet
  facet normal 7.008847e-01 -1.024057e-01 -7.058851e-01
    outer loop
      vertex   2.758848e+01 -1.977239e+01 -3.000000e+00
      vertex   2.672797e+01 -1.876887e+01 -4.000000e+00
      vertex   2.772826e+01 -1.881571e+01 -3.000000e+00
    endloop
  endfacet
  facet normal 7.056963e-01 -3.611903e-02 -7.075932e-01
    outer loop
      vertex   2.772826e+01 -1.881571e+01 -3.000000e+00
      vertex   2.672797e+01 -1.876887e+01 -4.000000e+00
      vertex   2.677500e+01 -1.785000e+01 -4.000000e+00
    endloop
  endfacet
  facet normal 7.066931e-01 -3.420296e-02 -7.066931e-01
    outer loop
      vertex   2.772826e+01 -1.881571e+01 -3.000000e+00
      vertex   2.677500e+01 -1.785000e+01 -4.000000e+00
      vertex   2.777500e+01 -1.785000e+01 -3.000000e+00
    endloop
  endfacet
  facet normal 0.000000e+00 -1.000000e+00 0.000000e+00
    outer loop
      vertex   -1.977500e+01 -4.250000e+00 -4.000000e+00
      vertex   2.250000e-01 -4.250000e+00 -4.000000e+00
      vertex   -1.977500e+01 -4.250000e+00 -3.000000e+00
    endloop
  endfacet
  facet normal 0.000000e+00 -1.000000e+00 0.000000e+00
    outer loop
      vertex   -1.977500e+01 -4.250000e+00 -3.000000e+00
      vertex   2.250000e-01 -4.250000e+00 -4.000000e+00
      vertex   2.250000e-01 -4.250000e+00 -3.000000e+00
    endloop
  endfacet
  facet normal 1.000000e+00 0.000000e+00 0.000000e+00
    outer loop
      vertex   -1.977500e+01 -1.325000e+01 -4.000000e+00
      vertex   -1.977500e+01 -4.250000e+00 -4.000000e+00
      vertex   -1.977500e+01 -1.325000e+01 -3.000000e+00
    endloop
  endfacet
  facet normal 1.000000e+00 -0.000000e+00 0.000000e+00
    outer loop
      vertex   -1.977500e+01 -1.325000e+01 -3.000000e+00
      vertex   -1.977500e+01 -4.250000e+00 -4.000000e+00
      vertex   -1.977500e+01 -4.250000e+00 -3.000000e+00
    endloop
  endfacet
  facet normal 0.000000e+00 1.000000e+00 -0.000000e+00
    outer loop
      vertex   2.250000e-01 -1.325000e+01 -4.000000e+00
      vertex   -1.977500e+01 -1.325000e+01 -4.000000e+00
      vertex   2.250000e-01 -1.325000e+01 -3.000000e+00
    endloop
  endfacet
  facet normal 0.000000e+00 1.000000e+00 0.000000e+00
    outer loop
      vertex   2.250000e-01 -1.325000e+01 -3.000000e+00
      vertex   -1.977500e+01 -1.325000e+01 -4.000000e+00
      vertex   -1.977500e+01 -1.325000e+01 -3.000000e+00
    endloop
  endfacet
  facet normal -0.000000e+00 7.071068e-01 7.071068e-01
    outer loop
      vertex   -1.777500e+01 2.685000e+01 4.500000e+00
      vertex   -1.318553e+01 2.685000e+01 4.500000e+00
      vertex   -1.777500e+01 2.785000e+01 3.500000e+00
    endloop
  endfacet
  facet normal -0.000000e+00 7.071068e-01 7.071068e-01
    outer loop
      vertex   -1.777500e+01 2.785000e+01 3.500000e+00
      vertex   -1.318553e+01 2.685000e+01 4.500000e+00
      vertex   1.777500e+01 2.785000e+01 3.500000e+00
    endloop
  endfacet
  facet normal -1.622807e-16 7.071068e-01 7.071068e-01
    outer loop
      vertex   1.777500e+01 2.785000e+01 3.500000e+00
      vertex   -1.318553e+01 2.685000e+01 4.500000e+00
      vertex   1.777500e+01 2.685000e+01 4.500000e+00
    endloop
  endfacet
  facet normal -7.066805e-01 3.471699e-02 7.066805e-01
    outer loop
      vertex   -2.777500e+01 1.785000e+01 3.500000e+00
      vertex   -2.677500e+01 1.785000e+01 4.500000e+00
      vertex   -2.772685e+01 1.883017e+01 3.500000e+00
    endloop
  endfacet
  facet normal -7.054880e-01 3.697306e-02 7.077568e-01
    outer loop
      vertex   -2.772685e+01 1.883017e+01 3.500000e+00
      vertex   -2.677500e+01 1.785000e+01 4.500000e+00
      vertex   -2.672570e+01 1.879076e+01 4.500000e+00
    endloop
  endfacet
  facet normal -7.008195e-01 1.039568e-01 7.057231e-01
    outer loop
      vertex   -2.772685e+01 1.883017e+01 3.500000e+00
      vertex   -2.672570e+01 1.879076e+01 4.500000e+00
      vertex   -2.758285e+01 1.980090e+01 3.500000e+00
    endloop
  endfacet
  facet normal -6.967881e-01 1.103604e-01 7.087361e-01
    outer loop
      vertex   -2.758285e+01 1.980090e+01 3.500000e+00
      vertex   -2.672570e+01 1.879076e+01 4.500000e+00
      vertex   -2.657833e+01 1.972121e+01 4.500000e+00
    endloop
  endfacet
  facet normal -6.880504e-01 1.723477e-01 7.048992e-01
    outer loop
      vertex   -2.758285e+01 1.980090e+01 3.500000e+00
      vertex   -2.657833e+01 1.972121e+01 4.500000e+00
      vertex   -2.734440e+01 2.075285e+01 3.500000e+00
    endloop
  endfacet
  facet normal -6.806331e-01 1.823751e-01 7.095617e-01
    outer loop
      vertex   -2.734440e+01 2.075285e+01 3.500000e+00
      vertex   -2.657833e+01 1.972121e+01 4.500000e+00
      vertex   -2.633451e+01 2.063115e+01 4.500000e+00
    endloop
  endfacet
  facet normal -6.684881e-01 2.391889e-01 7.042104e-01
    outer loop
      vertex   -2.734440e+01 2.075285e+01 3.500000e+00
      vertex   -2.633451e+01 2.063115e+01 4.500000e+00
      vertex   -2.701380e+01 2.167683e+01 3.500000e+00
    endloop
  endfacet
  facet normal -6.572075e-01 2.522783e-01 7.102351e-01
    outer loop
      vertex   -2.701380e+01 2.167683e+01 3.500000e+00
      vertex   -2.633451e+01 2.063115e+01 4.500000e+00
      vertex   -2.599691e+01 2.151063e+01 4.500000e+00
    endloop
  endfacet
  facet normal -6.423196e-01 3.037945e-01 7.036579e-01
    outer loop
      vertex   -2.701380e+01 2.167683e+01 3.500000e+00
      vertex   -2.599691e+01 2.151063e+01 4.500000e+00
      vertex   -2.659421e+01 2.256397e+01 3.500000e+00
    endloop
  endfacet
  facet normal -6.267671e-01 3.193538e-01 7.107575e-01
    outer loop
      vertex   -2.659421e+01 2.256397e+01 3.500000e+00
      vertex   -2.599691e+01 2.151063e+01 4.500000e+00
      vertex   -2.556923e+01 2.235000e+01 4.500000e+00
    endloop
  endfacet
  facet normal -6.098020e-01 3.655013e-01 7.032427e-01
    outer loop
      vertex   -2.659421e+01 2.256397e+01 3.500000e+00
      vertex   -2.556923e+01 2.235000e+01 4.500000e+00
      vertex   -2.608970e+01 2.340570e+01 3.500000e+00
    endloop
  endfacet
  facet normal -5.896362e-01 3.829142e-01 7.111299e-01
    outer loop
      vertex   -2.608970e+01 2.340570e+01 3.500000e+00
      vertex   -2.556923e+01 2.235000e+01 4.500000e+00
      vertex   -2.505615e+01 2.314007e+01 4.500000e+00
    endloop
  endfacet
  facet normal -5.712605e-01 4.236756e-01 7.029655e-01
    outer loop
      vertex   -2.608970e+01 2.340570e+01 3.500000e+00
      vertex   -2.505615e+01 2.314007e+01 4.500000e+00
      vertex   -2.550510e+01 2.419393e+01 3.500000e+00
    endloop
  endfacet
  facet normal -5.462052e-01 4.423083e-01 7.113531e-01
    outer loop
      vertex   -2.550510e+01 2.419393e+01 3.500000e+00
      vertex   -2.505615e+01 2.314007e+01 4.500000e+00
      vertex   -2.446330e+01 2.387218e+01 4.500000e+00
    endloop
  endfacet
  facet normal -5.270838e-01 4.777209e-01 7.028267e-01
    outer loop
      vertex   -2.550510e+01 2.419393e+01 3.500000e+00
      vertex   -2.446330e+01 2.387218e+01 4.500000e+00
      vertex   -2.484607e+01 2.492107e+01 3.500000e+00
    endloop
  endfacet
  facet normal -4.969260e-01 4.969260e-01 7.114275e-01
    outer loop
      vertex   -2.484607e+01 2.492107e+01 3.500000e+00
      vertex   -2.446330e+01 2.387218e+01 4.500000e+00
      vertex   -2.379718e+01 2.453830e+01 4.500000e+00
    endloop
  endfacet
  facet normal -4.777209e-01 5.270838e-01 7.028267e-01
    outer loop
      vertex   -2.484607e+01 2.492107e+01 3.500000e+00
      vertex   -2.379718e+01 2.453830e+01 4.500000e+00
      vertex   -2.411893e+01 2.558010e+01 3.500000e+00
    endloop
  endfacet
  facet normal -4.423083e-01 5.462052e-01 7.113531e-01
    outer loop
      vertex   -2.411893e+01 2.558010e+01 3.500000e+00
      vertex   -2.379718e+01 2.453830e+01 4.500000e+00
      vertex   -2.306507e+01 2.513115e+01 4.500000e+00
    endloop
  endfacet
  facet normal -4.236756e-01 5.712605e-01 7.029655e-01
    outer loop
      vertex   -2.411893e+01 2.558010e+01 3.500000e+00
      vertex   -2.306507e+01 2.513115e+01 4.500000e+00
      vertex   -2.333070e+01 2.616470e+01 3.500000e+00
    endloop
  endfacet
  facet normal -3.829142e-01 5.896362e-01 7.111299e-01
    outer loop
      vertex   -2.333070e+01 2.616470e+01 3.500000e+00
      vertex   -2.306507e+01 2.513115e+01 4.500000e+00
      vertex   -2.227500e+01 2.564423e+01 4.500000e+00
    endloop
  endfacet
  facet normal -3.655013e-01 6.098020e-01 7.032427e-01
    outer loop
      vertex   -2.333070e+01 2.616470e+01 3.500000e+00
      vertex   -2.227500e+01 2.564423e+01 4.500000e+00
      vertex   -2.248897e+01 2.666921e+01 3.500000e+00
    endloop
  endfacet
  facet normal -3.193538e-01 6.267671e-01 7.107575e-01
    outer loop
      vertex   -2.248897e+01 2.666921e+01 3.500000e+00
      vertex   -2.227500e+01 2.564423e+01 4.500000e+00
      vertex   -2.143563e+01 2.607191e+01 4.500000e+00
    endloop
  endfacet
  facet normal -3.037945e-01 6.423196e-01 7.036579e-01
    outer loop
      vertex   -2.248897e+01 2.666921e+01 3.500000e+00
      vertex   -2.143563e+01 2.607191e+01 4.500000e+00
      vertex   -2.160183e+01 2.708880e+01 3.500000e+00
    endloop
  endfacet
  facet normal -2.522783e-01 6.572075e-01 7.102351e-01
    outer loop
      vertex   -2.160183e+01 2.708880e+01 3.500000e+00
      vertex   -2.143563e+01 2.607191e+01 4.500000e+00
      vertex   -2.055615e+01 2.640951e+01 4.500000e+00
    endloop
  endfacet
  facet normal -2.391889e-01 6.684881e-01 7.042104e-01
    outer loop
      vertex   -2.160183e+01 2.708880e+01 3.500000e+00
      vertex   -2.055615e+01 2.640951e+01 4.500000e+00
      vertex   -2.067785e+01 2.741940e+01 3.500000e+00
    endloop
  endfacet
  facet normal -1.823751e-01 6.806331e-01 7.095617e-01
    outer loop
      vertex   -2.067785e+01 2.741940e+01 3.500000e+00
      vertex   -2.055615e+01 2.640951e+01 4.500000e+00
      vertex   -1.964621e+01 2.665333e+01 4.500000e+00
    endloop
  endfacet
  facet normal -1.723477e-01 6.880504e-01 7.048992e-01
    outer loop
      vertex   -2.067785e+01 2.741940e+01 3.500000e+00
      vertex   -1.964621e+01 2.665333e+01 4.500000e+00
      vertex   -1.972590e+01 2.765785e+01 3.500000e+00
    endloop
  endfacet
  facet normal -1.103604e-01 6.967881e-01 7.087361e-01
    outer loop
      vertex   -1.972590e+01 2.765785e+01 3.500000e+00
      vertex   -1.964621e+01 2.665333e+01 4.500000e+00
      vertex   -1.871576e+01 2.680070e+01 4.500000e+00
    endloop
  endfacet
  facet normal -1.039568e-01 7.008195e-01 7.057231e-01
    outer loop
      vertex   -1.972590e+01 2.765785e+01 3.500000e+00
      vertex   -1.871576e+01 2.680070e+01 4.500000e+00
      vertex   -1.875517e+01 2.780185e+01 3.500000e+00
    endloop
  endfacet
  facet normal -3.697306e-02 7.054880e-01 7.077568e-01
    outer loop
      vertex   -1.875517e+01 2.780185e+01 3.500000e+00
      vertex   -1.871576e+01 2.680070e+01 4.500000e+00
      vertex   -1.777500e+01 2.685000e+01 4.500000e+00
    endloop
  endfacet
  facet normal -3.471699e-02 7.066805e-01 7.066805e-01
    outer loop
      vertex   -1.875517e+01 2.780185e+01 3.500000e+00
      vertex   -1.777500e+01 2.685000e+01 4.500000e+00
      vertex   -1.777500e+01 2.785000e+01 3.500000e+00
    endloop
  endfacet
  facet normal -7.071068e-01 0.000000e+00 7.071068e-01
    outer loop
      vertex   -2.677500e+01 -1.785000e+01 4.500000e+00
      vertex   -2.677500e+01 1.326053e+01 4.500000e+00
      vertex   -2.777500e+01 -1.785000e+01 3.500000e+00
    endloop
  endfacet
  facet normal -7.071068e-01 0.000000e+00 7.071068e-01
    outer loop
      vertex   -2.777500e+01 -1.785000e+01 3.500000e+00
      vertex   -2.677500e+01 1.326053e+01 4.500000e+00
      vertex   -2.777500e+01 1.785000e+01 3.500000e+00
    endloop
  endfacet
  facet normal -7.071068e-01 -5.473726e-16 7.071068e-01
    outer loop
      vertex   -2.777500e+01 1.785000e+01 3.500000e+00
      vertex   -2.677500e+01 1.326053e+01 4.500000e+00
      vertex   -2.677500e+01 1.785000e+01 4.500000e+00
    endloop
  endfacet
  facet normal -3.471699e-02 -7.066805e-01 7.066805e-01
    outer loop
      vertex   -1.777500e+01 -2.785000e+01 3.500000e+00
      vertex   -1.777500e+01 -2.685000e+01 4.500000e+00
      vertex   -1.875517e+01 -2.780185e+01 3.500000e+00
    endloop
  endfacet
  facet normal -3.697306e-02 -7.054880e-01 7.077568e-01
    outer loop
      vertex   -1.875517e+01 -2.780185e+01 3.500000e+00
      vertex   -1.777500e+01 -2.685000e+01 4.500000e+00
      vertex   -1.871576e+01 -2.680070e+01 4.500000e+00
    endloop
  endfacet
  facet normal -1.039568e-01 -7.008195e-01 7.057231e-01
    outer loop
      vertex   -1.875517e+01 -2.780185e+01 3.500000e+00
      vertex   -1.871576e+01 -2.680070e+01 4.500000e+00
      vertex   -1.972590e+01 -2.765785e+01 3.500000e+00
    endloop
  endfacet
  facet normal -1.103604e-01 -6.967881e-01 7.087361e-01
    outer loop
      vertex   -1.972590e+01 -2.765785e+01 3.500000e+00
      vertex   -1.871576e+01 -2.680070e+01 4.500000e+00
      vertex   -1.964621e+01 -2.665333e+01 4.500000e+00
    endloop
  endfacet
  facet normal -1.723477e-01 -6.880504e-01 7.048992e-01
    outer loop
      vertex   -1.972590e+01 -2.765785e+01 3.500000e+00
      vertex   -1.964621e+01 -2.665333e+01 4.500000e+00
      vertex   -2.067785e+01 -2.741940e+01 3.500000e+00
    endloop
  endfacet
  facet normal -1.823751e-01 -6.806331e-01 7.095617e-01
    outer loop
      vertex   -2.067785e+01 -2.741940e+01 3.500000e+00
      vertex   -1.964621e+01 -2.665333e+01 4.500000e+00
      vertex   -2.055615e+01 -2.640951e+01 4.500000e+00
    endloop
  endfacet
  facet normal -2.391889e-01 -6.684881e-01 7.042104e-01
    outer loop
      vertex   -2.067785e+01 -2.741940e+01 3.500000e+00
      vertex   -2.055615e+01 -2.640951e+01 4.500000e+00
      vertex   -2.160183e+01 -2.708880e+01 3.500000e+00
    endloop
  endfacet
  facet normal -2.522783e-01 -6.572075e-01 7.102351e-01
    outer loop
      vertex   -2.160183e+01 -2.708880e+01 3.500000e+00
      vertex   -2.055615e+01 -2.640951e+01 4.500000e+00
      vertex   -2.143563e+01 -2.607191e+01 4.500000e+00
    endloop
  endfacet
  facet normal -3.037945e-01 -6.423196e-01 7.036579e-01
    outer loop
      vertex   -2.160183e+01 -2.708880e+01 3.500000e+00
      vertex   -2.143563e+01 -2.607191e+01 4.500000e+00
      vertex   -2.248897e+01 -2.666921e+01 3.500000e+00
    endloop
  endfacet
  facet normal -3.193538e-01 -6.267671e-01 7.107575e-01
    outer loop
      vertex   -2.248897e+01 -2.666921e+01 3.500000e+00
      vertex   -2.143563e+01 -2.607191e+01 4.500000e+00
      vertex   -2.227500e+01 -2.564423e+01 4.500000e+00
    endloop
  endfacet
  facet normal -3.655013e-01 -6.098020e-01 7.032427e-01
    outer loop
      vertex   -2.248897e+01 -2.666921e+01 3.500000e+00
      vertex   -2.227500e+01 -2.564423e+01 4.500000e+00
      vertex   -2.333070e+01 -2.616470e+01 3.500000e+00
    endloop
  endfacet
  facet normal -3.829142e-01 -5.896362e-01 7.111299e-01
    outer loop
      vertex   -2.333070e+01 -2.616470e+01 3.500000e+00
      vertex   -2.227500e+01 -2.564423e+01 4.500000e+00
      vertex   -2.306507e+01 -2.513115e+01 4.500000e+00
    endloop
  endfacet
  facet normal -4.236756e-01 -5.712605e-01 7.029655e-01
    outer loop
      vertex   -2.333070e+01 -2.616470e+01 3.500000e+00
      vertex   -2.306507e+01 -2.513115e+01 4.500000e+00
      vertex   -2.411893e+01 -2.558010e+01 3.500000e+00
    endloop
  endfacet
  facet normal -4.423083e-01 -5.462052e-01 7.113531e-01
    outer loop
      vertex   -2.411893e+01 -2.558010e+01 3.500000e+00
      vertex   -2.306507e+01 -2.513115e+01 4.500000e+00
      vertex   -2.379718e+01 -2.453830e+01 4.500000e+00
    endloop
  endfacet
  facet normal -4.777209e-01 -5.270838e-01 7.028267e-01
    outer loop
      vertex   -2.411893e+01 -2.558010e+01 3.500000e+00
      vertex   -2.379718e+01 -2.453830e+01 4.500000e+00
      vertex   -2.484607e+01 -2.492107e+01 3.500000e+00
    endloop
  endfacet
  facet normal -4.969260e-01 -4.969260e-01 7.114275e-01
    outer loop
      vertex   -2.484607e+01 -2.492107e+01 3.500000e+00
      vertex   -2.379718e+01 -2.453830e+01 4.500000e+00
      vertex   -2.446330e+01 -2.387218e+01 4.500000e+00
    endloop
  endfacet
  facet normal -5.270838e-01 -4.777209e-01 7.028267e-01
    outer loop
      vertex   -2.484607e+01 -2.492107e+01 3.500000e+00
      vertex   -2.446330e+01 -2.387218e+01 4.500000e+00
      vertex   -2.550510e+01 -2.419393e+01 3.500000e+00
    endloop
  endfacet
  facet normal -5.462052e-01 -4.423083e-01 7.113531e-01
    outer loop
      vertex   -2.550510e+01 -2.419393e+01 3.500000e+00
      vertex   -2.446330e+01 -2.387218e+01 4.500000e+00
      vertex   -2.505615e+01 -2.314007e+01 4.500000e+00
    endloop
  endfacet
  facet normal -5.712605e-01 -4.236756e-01 7.029655e-01
    outer loop
      vertex   -2.550510e+01 -2.419393e+01 3.500000e+00
      vertex   -2.505615e+01 -2.314007e+01 4.500000e+00
      vertex   -2.608970e+01 -2.340570e+01 3.500000e+00
    endloop
  endfacet
  facet normal -5.896362e-01 -3.829142e-01 7.111299e-01
    outer loop
      vertex   -2.608970e+01 -2.340570e+01 3.500000e+00
      vertex   -2.505615e+01 -2.314007e+01 4.500000e+00
      vertex   -2.556923e+01 -2.235000e+01 4.500000e+00
    endloop
  endfacet
  facet normal -6.098020e-01 -3.655013e-01 7.032427e-01
    outer loop
      vertex   -2.608970e+01 -2.340570e+01 3.500000e+00
      vertex   -2.556923e+01 -2.235000e+01 4.500000e+00
      vertex   -2.659421e+01 -2.256397e+01 3.500000e+00
    endloop
  endfacet
  facet normal -6.267671e-01 -3.193538e-01 7.107575e-01
    outer loop
      vertex   -2.659421e+01 -2.256397e+01 3.500000e+00
      vertex   -2.556923e+01 -2.235000e+01 4.500000e+00
      vertex   -2.599691e+01 -2.151063e+01 4.500000e+00
    endloop
  endfacet
  facet normal -6.423196e-01 -3.037945e-01 7.036579e-01
    outer loop
      vertex   -2.659421e+01 -2.256397e+01 3.500000e+00
      vertex   -2.599691e+01 -2.151063e+01 4.500000e+00
      vertex   -2.701380e+01 -2.167683e+01 3.500000e+00
    endloop
  endfacet
  facet normal -6.572075e-01 -2.522783e-01 7.102351e-01
    outer loop
      vertex   -2.701380e+01 -2.167683e+01 3.500000e+00
      vertex   -2.599691e+01 -2.151063e+01 4.500000e+00
      vertex   -2.633451e+01 -2.063115e+01 4.500000e+00
    endloop
  endfacet
  facet normal -6.684881e-01 -2.391889e-01 7.042104e-01
    outer loop
      vertex   -2.701380e+01 -2.167683e+01 3.500000e+00
      vertex   -2.633451e+01 -2.063115e+01 4.500000e+00
      vertex   -2.734440e+01 -2.075285e+01 3.500000e+00
    endloop
  endfacet
  facet normal -6.806331e-01 -1.823751e-01 7.095617e-01
    outer loop
      vertex   -2.734440e+01 -2.075285e+01 3.500000e+00
      vertex   -2.633451e+01 -2.063115e+01 4.500000e+00
      vertex   -2.657833e+01 -1.972121e+01 4.500000e+00
    endloop
  endfacet
  facet normal -6.880504e-01 -1.723477e-01 7.048992e-01
    outer loop
      vertex   -2.734440e+01 -2.075285e+01 3.500000e+00
      vertex   -2.657833e+01 -1.972121e+01 4.500000e+00
      vertex   -2.758285e+01 -1.980090e+01 3.500000e+00
    endloop
  endfacet
  facet normal -6.967881e-01 -1.103604e-01 7.087361e-01
    outer loop
      vertex   -2.758285e+01 -1.980090e+01 3.500000e+00
      vertex   -2.657833e+01 -1.972121e+01 4.500000e+00
      vertex   -2.672570e+01 -1.879076e+01 4.500000e+00
    endloop
  endfacet
  facet normal -7.008195e-01 -1.039568e-01 7.057231e-01
    outer loop
      vertex   -2.758285e+01 -1.980090e+01 3.500000e+00
      vertex   -2.672570e+01 -1.879076e+01 4.500000e+00
      vertex   -2.772685e+01 -1.883017e+01 3.500000e+00
    endloop
  endfacet
  facet normal -7.054880e-01 -3.697306e-02 7.077568e-01
    outer loop
      vertex   -2.772685e+01 -1.883017e+01 3.500000e+00
      vertex   -2.672570e+01 -1.879076e+01 4.500000e+00
      vertex   -2.677500e+01 -1.785000e+01 4.500000e+00
    endloop
  endfacet
  facet normal -7.066805e-01 -3.471699e-02 7.066805e-01
    outer loop
      vertex   -2.772685e+01 -1.883017e+01 3.500000e+00
      vertex   -2.677500e+01 -1.785000e+01 4.500000e+00
      vertex   -2.777500e+01 -1.785000e+01 3.500000e+00
    endloop
  endfacet
  facet normal 0.000000e+00 -7.071068e-01 7.071068e-01
    outer loop
      vertex   1.777500e+01 -2.685000e+01 4.500000e+00
      vertex   -1.777500e+01 -2.685000e+01 4.500000e+00
      vertex   1.777500e+01 -2.785000e+01 3.500000e+00
    endloop
  endfacet
  facet normal 7.066520e-17 -7.071068e-01 7.071068e-01
    outer loop
      vertex   1.777500e+01 -2.785000e+01 3.500000e+00
      vertex   -1.777500e+01 -2.685000e+01 4.500000e+00
      vertex   -1.777500e+01 -2.785000e+01 3.500000e+00
    endloop
  endfacet
  facet normal 7.066805e-01 -3.471699e-02 7.066805e-01
    outer loop
      vertex   2.777500e+01 -1.785000e+01 3.500000e+00
      vertex   2.677500e+01 -1.785000e+01 4.500000e+00
      vertex   2.772685e+01 -1.883017e+01 3.500000e+00
    endloop
  endfacet
  facet normal 7.054880e-01 -3.697306e-02 7.077568e-01
    outer loop
      vertex   2.772685e+01 -1.883017e+01 3.500000e+00
      vertex   2.677500e+01 -1.785000e+01 4.500000e+00
      vertex   2.672570e+01 -1.879076e+01 4.500000e+00
    endloop
  endfacet
  facet normal 7.008195e-01 -1.039568e-01 7.057231e-01
    outer loop
      vertex   2.772685e+01 -1.883017e+01 3.500000e+00
      vertex   2.672570e+01 -1.879076e+01 4.500000e+00
      vertex   2.758285e+01 -1.980090e+01 3.500000e+00
    endloop
  endfacet
  facet normal 6.967881e-01 -1.103604e-01 7.087361e-01
    outer loop
      vertex   2.758285e+01 -1.980090e+01 3.500000e+00
      vertex   2.672570e+01 -1.879076e+01 4.500000e+00
      vertex   2.657833e+01 -1.972121e+01 4.500000e+00
    endloop
  endfacet
  facet normal 6.880504e-01 -1.723477e-01 7.048992e-01
    outer loop
      vertex   2.758285e+01 -1.980090e+01 3.500000e+00
      vertex   2.657833e+01 -1.972121e+01 4.500000e+00
      vertex   2.734440e+01 -2.075285e+01 3.500000e+00
    endloop
  endfacet
  facet normal 6.806331e-01 -1.823751e-01 7.095617e-01
    outer loop
      vertex   2.734440e+01 -2.075285e+01 3.500000e+00
      vertex   2.657833e+01 -1.972121e+01 4.500000e+00
      vertex   2.633451e+01 -2.063115e+01 4.500000e+00
    endloop
  endfacet
  facet normal 6.684881e-01 -2.391889e-01 7.042104e-01
    outer loop
      vertex   2.734440e+01 -2.075285e+01 3.500000e+00
      vertex   2.633451e+01 -2.063115e+01 4.500000e+00
      vertex   2.701380e+01 -2.167683e+01 3.500000e+00
    endloop
  endfacet
  facet normal 6.572075e-01 -2.522783e-01 7.102351e-01
    outer loop
      vertex   2.701380e+01 -2.167683e+01 3.500000e+00
      vertex   2.633451e+01 -2.063115e+01 4.500000e+00
      vertex   2.599691e+01 -2.151063e+01 4.500000e+00
    endloop
  endfacet
  facet normal 6.423196e-01 -3.037945e-01 7.036579e-01
    outer loop
      vertex   2.701380e+01 -2.167683e+01 3.500000e+00
      vertex   2.599691e+01 -2.151063e+01 4.500000e+00
      vertex   2.659421e+01 -2.256397e+01 3.500000e+00
    endloop
  endfacet
  facet normal 6.267671e-01 -3.193538e-01 7.107575e-01
    outer loop
      vertex   2.659421e+01 -2.256397e+01 3.500000e+00
      vertex   2.599691e+01 -2.151063e+01 4.500000e+00
      vertex   2.556923e+01 -2.235000e+01 4.500000e+00
    endloop
  endfacet
  facet normal 6.098020e-01 -3.655013e-01 7.032427e-01
    outer loop
      vertex   2.659421e+01 -2.256397e+01 3.500000e+00
      vertex   2.556923e+01 -2.235000e+01 4.500000e+00
      vertex   2.608970e+01 -2.340570e+01 3.500000e+00
    endloop
  endfacet
  facet normal 5.896362e-01 -3.829142e-01 7.111299e-01
    outer loop
      vertex   2.608970e+01 -2.340570e+01 3.500000e+00
      vertex   2.556923e+01 -2.235000e+01 4.500000e+00
      vertex   2.505615e+01 -2.314007e+01 4.500000e+00
    endloop
  endfacet
  facet normal 5.712605e-01 -4.236756e-01 7.029655e-01
    outer loop
      vertex   2.608970e+01 -2.340570e+01 3.500000e+00
      vertex   2.505615e+01 -2.314007e+01 4.500000e+00
      vertex   2.550510e+01 -2.419393e+01 3.500000e+00
    endloop
  endfacet
  facet normal 5.462052e-01 -4.423083e-01 7.113531e-01
    outer loop
      vertex   2.550510e+01 -2.419393e+01 3.500000e+00
      vertex   2.505615e+01 -2.314007e+01 4.500000e+00
      vertex   2.446330e+01 -2.387218e+01 4.500000e+00
    endloop
  endfacet
  facet normal 5.270838e-01 -4.777209e-01 7.028267e-01
    outer loop
      vertex   2.550510e+01 -2.419393e+01 3.500000e+00
      vertex   2.446330e+01 -2.387218e+01 4.500000e+00
      vertex   2.484607e+01 -2.492107e+01 3.500000e+00
    endloop
  endfacet
  facet normal 4.969260e-01 -4.969260e-01 7.114275e-01
    outer loop
      vertex   2.484607e+01 -2.492107e+01 3.500000e+00
      vertex   2.446330e+01 -2.387218e+01 4.500000e+00
      vertex   2.379718e+01 -2.453830e+01 4.500000e+00
    endloop
  endfacet
  facet normal 4.777209e-01 -5.270838e-01 7.028267e-01
    outer loop
      vertex   2.484607e+01 -2.492107e+01 3.500000e+00
      vertex   2.379718e+01 -2.453830e+01 4.500000e+00
      vertex   2.411893e+01 -2.558010e+01 3.500000e+00
    endloop
  endfacet
  facet normal 4.423083e-01 -5.462052e-01 7.113531e-01
    outer loop
      vertex   2.411893e+01 -2.558010e+01 3.500000e+00
      vertex   2.379718e+01 -2.453830e+01 4.500000e+00
      vertex   2.306507e+01 -2.513115e+01 4.500000e+00
    endloop
  endfacet
  facet normal 4.236756e-01 -5.712605e-01 7.029655e-01
    outer loop
      vertex   2.411893e+01 -2.558010e+01 3.500000e+00
      vertex   2.306507e+01 -2.513115e+01 4.500000e+00
      vertex   2.333070e+01 -2.616470e+01 3.500000e+00
    endloop
  endfacet
  facet normal 3.829142e-01 -5.896362e-01 7.111299e-01
    outer loop
      vertex   2.333070e+01 -2.616470e+01 3.500000e+00
      vertex   2.306507e+01 -2.513115e+01 4.500000e+00
      vertex   2.227500e+01 -2.564423e+01 4.500000e+00
    endloop
  endfacet
  facet normal 3.655013e-01 -6.098020e-01 7.032427e-01
    outer loop
      vertex   2.333070e+01 -2.616470e+01 3.500000e+00
      vertex   2.227500e+01 -2.564423e+01 4.500000e+00
      vertex   2.248897e+01 -2.666921e+01 3.500000e+00
    endloop
  endfacet
  facet normal 3.193538e-01 -6.267671e-01 7.107575e-01
    outer loop
      vertex   2.248897e+01 -2.666921e+01 3.500000e+00
      vertex   2.227500e+01 -2.564423e+01 4.500000e+00
      vertex   2.143563e+01 -2.607191e+01 4.500000e+00
    endloop
  endfacet
  facet normal 3.037945e-01 -6.423196e-01 7.036579e-01
    outer loop
      vertex   2.248897e+01 -2.666921e+01 3.500000e+00
      vertex   2.143563e+01 -2.607191e+01 4.500000e+00
      vertex   2.160183e+01 -2.708880e+01 3.500000e+00
    endloop
  endfacet
  facet normal 2.522783e-01 -6.572075e-01 7.102351e-01
    outer loop
      vertex   2.160183e+01 -2.708880e+01 3.500000e+00
      vertex   2.143563e+01 -2.607191e+01 4.500000e+00
      vertex   2.055615e+01 -2.640951e+01 4.500000e+00
    endloop
  endfacet
  facet normal 2.391889e-01 -6.684881e-01 7.042104e-01
    outer loop
      vertex   2.160183e+01 -2.708880e+01 3.500000e+00
      vertex   2.055615e+01 -2.640951e+01 4.500000e+00
      vertex   2.067785e+01 -2.741940e+01 3.500000e+00
    endloop
  endfacet
  facet normal 1.823751e-01 -6.806331e-01 7.095617e-01
    outer loop
      vertex   2.067785e+01 -2.741940e+01 3.500000e+00
      vertex   2.055615e+01 -2.640951e+01 4.500000e+00
      vertex   1.964621e+01 -2.665333e+01 4.500000e+00
    endloop
  endfacet
  facet normal 1.723477e-01 -6.880504e-01 7.048992e-01
    outer loop
      vertex   2.067785e+01 -2.741940e+01 3.500000e+00
      vertex   1.964621e+01 -2.665333e+01 4.500000e+00
      vertex   1.972590e+01 -2.765785e+01 3.500000e+00
    endloop
  endfacet
  facet normal 1.103604e-01 -6.967881e-01 7.087361e-01
    outer loop
      vertex   1.972590e+01 -2.765785e+01 3.500000e+00
      vertex   1.964621e+01 -2.665333e+01 4.500000e+00
      vertex   1.871576e+01 -2.680070e+01 4.500000e+00
    endloop
  endfacet
  facet normal 1.039568e-01 -7.008195e-01 7.057231e-01
    outer loop
      vertex   1.972590e+01 -2.765785e+01 3.500000e+00
      vertex   1.871576e+01 -2.680070e+01 4.500000e+00
      vertex   1.875517e+01 -2.780185e+01 3.500000e+00
    endloop
  endfacet
  facet normal 3.697306e-02 -7.054880e-01 7.077568e-01
    outer loop
      vertex   1.875517e+01 -2.780185e+01 3.500000e+00
      vertex   1.871576e+01 -2.680070e+01 4.500000e+00
      vertex   1.777500e+01 -2.685000e+01 4.500000e+00
    endloop
  endfacet
  facet normal 3.471699e-02 -7.066805e-01 7.066805e-01
    outer loop
      vertex   1.875517e+01 -2.780185e+01 3.500000e+00
      vertex   1.777500e+01 -2.685000e+01 4.500000e+00
      vertex   1.777500e+01 -2.785000e+01 3.500000e+00
    endloop
  endfacet
  facet normal 7.071068e-01 0.000000e+00 7.071068e-01
    outer loop
      vertex   2.677500e+01 1.785000e+01 4.500000e+00
      vertex   2.677500e+01 -6.250000e-01 4.500000e+00
      vertex   2.777500e+01 1.785000e+01 3.500000e+00
    endloop
  endfacet
  facet normal 7.071068e-01 0.000000e+00 7.071068e-01
    outer loop
      vertex   2.777500e+01 1.785000e+01 3.500000e+00
      vertex   2.677500e+01 -6.250000e-01 4.500000e+00
      vertex   2.777500e+01 -1.785000e+01 3.500000e+00
    endloop
  endfacet
  facet normal 7.071068e-01 -1.373068e-31 7.071068e-01
    outer loop
      vertex   2.777500e+01 -1.785000e+01 3.500000e+00
      vertex   2.677500e+01 -6.250000e-01 4.500000e+00
      vertex   2.677500e+01 -1.687500e+01 4.500000e+00
    endloop
  endfacet
  facet normal 7.071068e-01 -2.288447e-30 7.071068e-01
    outer loop
      vertex   2.777500e+01 -1.785000e+01 3.500000e+00
      vertex   2.677500e+01 -1.687500e+01 4.500000e+00
      vertex   2.677500e+01 -1.785000e+01 4.500000e+00
    endloop
  endfacet
  facet normal 3.471699e-02 7.066805e-01 7.066805e-01
    outer loop
      vertex   1.777500e+01 2.785000e+01 3.500000e+00
      vertex   1.777500e+01 2.685000e+01 4.500000e+00
      vertex   1.875517e+01 2.780185e+01 3.500000e+00
    endloop
  endfacet
  facet normal 3.697306e-02 7.054880e-01 7.077568e-01
    outer loop
      vertex   1.875517e+01 2.780185e+01 3.500000e+00
      vertex   1.777500e+01 2.685000e+01 4.500000e+00
      vertex   1.871576e+01 2.680070e+01 4.500000e+00
    endloop
  endfacet
  facet normal 1.039568e-01 7.008195e-01 7.057231e-01
    outer loop
      vertex   1.875517e+01 2.780185e+01 3.500000e+00
      vertex   1.871576e+01 2.680070e+01 4.500000e+00
      vertex   1.972590e+01 2.765785e+01 3.500000e+00
    endloop
  endfacet
  facet normal 1.103604e-01 6.967881e-01 7.087361e-01
    outer loop
      vertex   1.972590e+01 2.765785e+01 3.500000e+00
      vertex   1.871576e+01 2.680070e+01 4.500000e+00
      vertex   1.964621e+01 2.665333e+01 4.500000e+00
    endloop
  endfacet
  facet normal 1.723477e-01 6.880504e-01 7.048992e-01
    outer loop
      vertex   1.972590e+01 2.765785e+01 3.500000e+00
      vertex   1.964621e+01 2.665333e+01 4.500000e+00
      vertex   2.067785e+01 2.741940e+01 3.500000e+00
    endloop
  endfacet
  facet normal 1.823751e-01 6.806331e-01 7.095617e-01
    outer loop
      vertex   2.067785e+01 2.741940e+01 3.500000e+00
      vertex   1.964621e+01 2.665333e+01 4.500000e+00
      vertex   2.055615e+01 2.640951e+01 4.500000e+00
    endloop
  endfacet
  facet normal 2.391889e-01 6.684881e-01 7.042104e-01
    outer loop
      vertex   2.067785e+01 2.741940e+01 3.500000e+00
      vertex   2.055615e+01 2.640951e+01 4.500000e+00
      vertex   2.160183e+01 2.708880e+01 3.500000e+00
    endloop
  endfacet
  facet normal 2.522783e-01 6.572075e-01 7.102351e-01
    outer loop
      vertex   2.160183e+01 2.708880e+01 3.500000e+00
      vertex   2.055615e+01 2.640951e+01 4.500000e+00
      vertex   2.143563e+01 2.607191e+01 4.500000e+00
    endloop
  endfacet
  facet normal 3.037945e-01 6.423196e-01 7.036579e-01
    outer loop
      vertex   2.160183e+01 2.708880e+01 3.500000e+00
      vertex   2.143563e+01 2.607191e+01 4.500000e+00
      vertex   2.248897e+01 2.666921e+01 3.500000e+00
    endloop
  endfacet
  facet normal 3.193538e-01 6.267671e-01 7.107575e-01
    outer loop
      vertex   2.248897e+01 2.666921e+01 3.500000e+00
      vertex   2.143563e+01 2.607191e+01 4.500000e+00
      vertex   2.227500e+01 2.564423e+01 4.500000e+00
    endloop
  endfacet
  facet normal 3.655013e-01 6.098020e-01 7.032427e-01
    outer loop
      vertex   2.248897e+01 2.666921e+01 3.500000e+00
      vertex   2.227500e+01 2.564423e+01 4.500000e+00
      vertex   2.333070e+01 2.616470e+01 3.500000e+00
    endloop
  endfacet
  facet normal 3.829142e-01 5.896362e-01 7.111299e-01
    outer loop
      vertex   2.333070e+01 2.616470e+01 3.500000e+00
      vertex   2.227500e+01 2.564423e+01 4.500000e+00
      vertex   2.306507e+01 2.513115e+01 4.500000e+00
    endloop
  endfacet
  facet normal 4.236756e-01 5.712605e-01 7.029655e-01
    outer loop
      vertex   2.333070e+01 2.616470e+01 3.500000e+00
      vertex   2.306507e+01 2.513115e+01 4.500000e+00
      vertex   2.411893e+01 2.558010e+01 3.500000e+00
    endloop
  endfacet
  facet normal 4.423083e-01 5.462052e-01 7.113531e-01
    outer loop
      vertex   2.411893e+01 2.558010e+01 3.500000e+00
      vertex   2.306507e+01 2.513115e+01 4.500000e+00
      vertex   2.379718e+01 2.453830e+01 4.500000e+00
    endloop
  endfacet
  facet normal 4.777209e-01 5.270838e-01 7.028267e-01
    outer loop
      vertex   2.411893e+01 2.558010e+01 3.500000e+00
      vertex   2.379718e+01 2.453830e+01 4.500000e+00
      vertex   2.484607e+01 2.492107e+01 3.500000e+00
    endloop
  endfacet
  facet normal 4.969260e-01 4.969260e-01 7.114275e-01
    outer loop
      vertex   2.484607e+01 2.492107e+01 3.500000e+00
      vertex   2.379718e+01 2.453830e+01 4.500000e+00
      vertex   2.446330e+01 2.387218e+01 4.500000e+00
    endloop
  endfacet
  facet normal 5.270838e-01 4.777209e-01 7.028267e-01
    outer loop
      vertex   2.484607e+01 2.492107e+01 3.500000e+00
      vertex   2.446330e+01 2.387218e+01 4.500000e+00
      vertex   2.550510e+01 2.419393e+01 3.500000e+00
    endloop
  endfacet
  facet normal 5.462052e-01 4.423083e-01 7.113531e-01
    outer loop
      vertex   2.550510e+01 2.419393e+01 3.500000e+00
      vertex   2.446330e+01 2.387218e+01 4.500000e+00
      vertex   2.505615e+01 2.314007e+01 4.500000e+00
    endloop
  endfacet
  facet normal 5.712605e-01 4.236756e-01 7.029655e-01
    outer loop
      vertex   2.550510e+01 2.419393e+01 3.500000e+00
      vertex   2.505615e+01 2.314007e+01 4.500000e+00
      vertex   2.608970e+01 2.340570e+01 3.500000e+00
    endloop
  endfacet
  facet normal 5.896362e-01 3.829142e-01 7.111299e-01
    outer loop
      vertex   2.608970e+01 2.340570e+01 3.500000e+00
      vertex   2.505615e+01 2.314007e+01 4.500000e+00
      vertex   2.556923e+01 2.235000e+01 4.500000e+00
    endloop
  endfacet
  facet normal 6.098020e-01 3.655013e-01 7.032427e-01
    outer loop
      vertex   2.608970e+01 2.340570e+01 3.500000e+00
      vertex   2.556923e+01 2.235000e+01 4.500000e+00
      vertex   2.659421e+01 2.256397e+01 3.500000e+00
    endloop
  endfacet
  facet normal 6.267671e-01 3.193538e-01 7.107575e-01
    outer loop
      vertex   2.659421e+01 2.256397e+01 3.500000e+00
      vertex   2.556923e+01 2.235000e+01 4.500000e+00
      vertex   2.599691e+01 2.151063e+01 4.500000e+00
    endloop
  endfacet
  facet normal 6.423196e-01 3.037945e-01 7.036579e-01
    outer loop
      vertex   2.659421e+01 2.256397e+01 3.500000e+00
      vertex   2.599691e+01 2.151063e+01 4.500000e+00
      vertex   2.701380e+01 2.167683e+01 3.500000e+00
    endloop
  endfacet
  facet normal 6.572075e-01 2.522783e-01 7.102351e-01
    outer loop
      vertex   2.701380e+01 2.167683e+01 3.500000e+00
      vertex   2.599691e+01 2.151063e+01 4.500000e+00
      vertex   2.633451e+01 2.063115e+01 4.500000e+00
    endloop
  endfacet
  facet normal 6.684881e-01 2.391889e-01 7.042104e-01
    outer loop
      vertex   2.701380e+01 2.167683e+01 3.500000e+00
      vertex   2.633451e+01 2.063115e+01 4.500000e+00
      vertex   2.734440e+01 2.075285e+01 3.500000e+00
    endloop
  endfacet
  facet normal 6.806331e-01 1.823751e-01 7.095617e-01
    outer loop
      vertex   2.734440e+01 2.075285e+01 3.500000e+00
      vertex   2.633451e+01 2.063115e+01 4.500000e+00
      vertex   2.657833e+01 1.972121e+01 4.500000e+00
    endloop
  endfacet
  facet normal 6.880504e-01 1.723477e-01 7.048992e-01
    outer loop
      vertex   2.734440e+01 2.075285e+01 3.500000e+00
      vertex   2.657833e+01 1.972121e+01 4.500000e+00
      vertex   2.758285e+01 1.980090e+01 3.500000e+00
    endloop
  endfacet
  facet normal 6.967881e-01 1.103604e-01 7.087361e-01
    outer loop
      vertex   2.758285e+01 1.980090e+01 3.500000e+00
      vertex   2.657833e+01 1.972121e+01 4.500000e+00
      vertex   2.672570e+01 1.879076e+01 4.500000e+00
    endloop
  endfacet
  facet normal 7.008195e-01 1.039568e-01 7.057231e-01
    outer loop
      vertex   2.758285e+01 1.980090e+01 3.500000e+00
      vertex   2.672570e+01 1.879076e+01 4.500000e+00
      vertex   2.772685e+01 1.883017e+01 3.500000e+00
    endloop
  endfacet
  facet normal 7.054880e-01 3.697306e-02 7.077568e-01
    outer loop
      vertex   2.772685e+01 1.883017e+01 3.500000e+00
      vertex   2.672570e+01 1.879076e+01 4.500000e+00
      vertex   2.677500e+01 1.785000e+01 4.500000e+00
    endloop
  endfacet
  facet normal 7.066805e-01 3.471699e-02 7.066805e-01
    outer loop
      vertex   2.772685e+01 1.883017e+01 3.500000e+00
      vertex   2.677500e+01 1.785000e+01 4.500000e+00
      vertex   2.777500e+01 1.785000e+01 3.500000e+00
    endloop
  endfacet
  facet normal -4.906767e-02 -9.987955e-01 0.000000e+00
    outer loop
      vertex   -1.777500e+01 -2.785000e+01 -3.000000e+00
      vertex   -1.777500e+01 -2.785000e+01 3.500000e+00
      vertex   -1.875517e+01 -2.780185e+01 -3.000000e+00
    endloop
  endfacet
  facet normal -4.906767e-02 -9.987955e-01 0.000000e+00
    outer loop
      vertex   -1.875517e+01 -2.780185e+01 -3.000000e+00
      vertex   -1.777500e+01 -2.785000e+01 3.500000e+00
      vertex   -1.875517e+01 -2.780185e+01 3.500000e+00
    endloop
  endfacet
  facet normal -1.467305e-01 -9.891765e-01 0.000000e+00
    outer loop
      vertex   -1.875517e+01 -2.780185e+01 -3.000000e+00
      vertex   -1.875517e+01 -2.780185e+01 3.500000e+00
      vertex   -1.972590e+01 -2.765785e+01 -3.000000e+00
    endloop
  endfacet
  facet normal -1.467305e-01 -9.891765e-01 -8.019867e-17
    outer loop
      vertex   -1.972590e+01 -2.765785e+01 -3.000000e+00
      vertex   -1.875517e+01 -2.780185e+01 3.500000e+00
      vertex   -1.972590e+01 -2.765785e+01 3.500000e+00
    endloop
  endfacet
  facet normal -2.429802e-01 -9.700313e-01 -1.328060e-16
    outer loop
      vertex   -1.972590e+01 -2.765785e+01 -3.000000e+00
      vertex   -1.972590e+01 -2.765785e+01 3.500000e+00
      vertex   -2.067785e+01 -2.741940e+01 -3.000000e+00
    endloop
  endfacet
  facet normal -2.429802e-01 -9.700313e-01 0.000000e+00
    outer loop
      vertex   -2.067785e+01 -2.741940e+01 -3.000000e+00
      vertex   -1.972590e+01 -2.765785e+01 3.500000e+00
      vertex   -2.067785e+01 -2.741940e+01 3.500000e+00
    endloop
  endfacet
  facet normal -3.368899e-01 -9.415441e-01 0.000000e+00
    outer loop
      vertex   -2.067785e+01 -2.741940e+01 -3.000000e+00
      vertex   -2.067785e+01 -2.741940e+01 3.500000e+00
      vertex   -2.160183e+01 -2.708880e+01 -3.000000e+00
    endloop
  endfacet
  facet normal -3.368899e-01 -9.415441e-01 0.000000e+00
    outer loop
      vertex   -2.160183e+01 -2.708880e+01 -3.000000e+00
      vertex   -2.067785e+01 -2.741940e+01 3.500000e+00
      vertex   -2.160183e+01 -2.708880e+01 3.500000e+00
    endloop
  endfacet
  facet normal -4.275551e-01 -9.039893e-01 0.000000e+00
    outer loop
      vertex   -2.160183e+01 -2.708880e+01 -3.000000e+00
      vertex   -2.160183e+01 -2.708880e+01 3.500000e+00
      vertex   -2.248897e+01 -2.666921e+01 -3.000000e+00
    endloop
  endfacet
  facet normal -4.275551e-01 -9.039893e-01 0.000000e+00
    outer loop
      vertex   -2.248897e+01 -2.666921e+01 -3.000000e+00
      vertex   -2.160183e+01 -2.708880e+01 3.500000e+00
      vertex   -2.248897e+01 -2.666921e+01 3.500000e+00
    endloop
  endfacet
  facet normal -5.141027e-01 -8.577286e-01 0.000000e+00
    outer loop
      vertex   -2.248897e+01 -2.666921e+01 -3.000000e+00
      vertex   -2.248897e+01 -2.666921e+01 3.500000e+00
      vertex   -2.333070e+01 -2.616470e+01 -3.000000e+00
    endloop
  endfacet
  facet normal -5.141027e-01 -8.577286e-01 0.000000e+00
    outer loop
      vertex   -2.333070e+01 -2.616470e+01 -3.000000e+00
      vertex   -2.248897e+01 -2.666921e+01 3.500000e+00
      vertex   -2.333070e+01 -2.616470e+01 3.500000e+00
    endloop
  endfacet
  facet normal -5.956993e-01 -8.032075e-01 0.000000e+00
    outer loop
      vertex   -2.333070e+01 -2.616470e+01 -3.000000e+00
      vertex   -2.333070e+01 -2.616470e+01 3.500000e+00
      vertex   -2.411893e+01 -2.558010e+01 -3.000000e+00
    endloop
  endfacet
  facet normal -5.956993e-01 -8.032075e-01 0.000000e+00
    outer loop
      vertex   -2.411893e+01 -2.558010e+01 -3.000000e+00
      vertex   -2.333070e+01 -2.616470e+01 3.500000e+00
      vertex   -2.411893e+01 -2.558010e+01 3.500000e+00
    endloop
  endfacet
  facet normal -6.715590e-01 -7.409511e-01 0.000000e+00
    outer loop
      vertex   -2.411893e+01 -2.558010e+01 -3.000000e+00
      vertex   -2.411893e+01 -2.558010e+01 3.500000e+00
      vertex   -2.484607e+01 -2.492107e+01 -3.000000e+00
    endloop
  endfacet
  facet normal -6.715590e-01 -7.409511e-01 0.000000e+00
    outer loop
      vertex   -2.484607e+01 -2.492107e+01 -3.000000e+00
      vertex   -2.411893e+01 -2.558010e+01 3.500000e+00
      vertex   -2.484607e+01 -2.492107e+01 3.500000e+00
    endloop
  endfacet
  facet normal -7.409511e-01 -6.715590e-01 0.000000e+00
    outer loop
      vertex   -2.484607e+01 -2.492107e+01 -3.000000e+00
      vertex   -2.484607e+01 -2.492107e+01 3.500000e+00
      vertex   -2.550510e+01 -2.419393e+01 -3.000000e+00
    endloop
  endfacet
  facet normal -7.409511e-01 -6.715590e-01 0.000000e+00
    outer loop
      vertex   -2.550510e+01 -2.419393e+01 -3.000000e+00
      vertex   -2.484607e+01 -2.492107e+01 3.500000e+00
      vertex   -2.550510e+01 -2.419393e+01 3.500000e+00
    endloop
  endfacet
  facet normal -8.032075e-01 -5.956993e-01 0.000000e+00
    outer loop
      vertex   -2.550510e+01 -2.419393e+01 -3.000000e+00
      vertex   -2.550510e+01 -2.419393e+01 3.500000e+00
      vertex   -2.608970e+01 -2.340570e+01 -3.000000e+00
    endloop
  endfacet
  facet normal -8.032075e-01 -5.956993e-01 0.000000e+00
    outer loop
      vertex   -2.608970e+01 -2.340570e+01 -3.000000e+00
      vertex   -2.550510e+01 -2.419393e+01 3.500000e+00
      vertex   -2.608970e+01 -2.340570e+01 3.500000e+00
    endloop
  endfacet
  facet normal -8.577286e-01 -5.141027e-01 0.000000e+00
    outer loop
      vertex   -2.608970e+01 -2.340570e+01 -3.000000e+00
      vertex   -2.608970e+01 -2.340570e+01 3.500000e+00
      vertex   -2.659421e+01 -2.256397e+01 -3.000000e+00
    endloop
  endfacet
  facet normal -8.577286e-01 -5.141027e-01 0.000000e+00
    outer loop
      vertex   -2.659421e+01 -2.256397e+01 -3.000000e+00
      vertex   -2.608970e+01 -2.340570e+01 3.500000e+00
      vertex   -2.659421e+01 -2.256397e+01 3.500000e+00
    endloop
  endfacet
  facet normal -9.039893e-01 -4.275551e-01 0.000000e+00
    outer loop
      vertex   -2.659421e+01 -2.256397e+01 -3.000000e+00
      vertex   -2.659421e+01 -2.256397e+01 3.500000e+00
      vertex   -2.701380e+01 -2.167683e+01 -3.000000e+00
    endloop
  endfacet
  facet normal -9.039893e-01 -4.275551e-01 0.000000e+00
    outer loop
      vertex   -2.701380e+01 -2.167683e+01 -3.000000e+00
      vertex   -2.659421e+01 -2.256397e+01 3.500000e+00
      vertex   -2.701380e+01 -2.167683e+01 3.500000e+00
    endloop
  endfacet
  facet normal -9.415441e-01 -3.368899e-01 0.000000e+00
    outer loop
      vertex   -2.701380e+01 -2.167683e+01 -3.000000e+00
      vertex   -2.701380e+01 -2.167683e+01 3.500000e+00
      vertex   -2.734440e+01 -2.075285e+01 -3.000000e+00
    endloop
  endfacet
  facet normal -9.415441e-01 -3.368899e-01 0.000000e+00
    outer loop
      vertex   -2.734440e+01 -2.075285e+01 -3.000000e+00
      vertex   -2.701380e+01 -2.167683e+01 3.500000e+00
      vertex   -2.734440e+01 -2.075285e+01 3.500000e+00
    endloop
  endfacet
  facet normal -9.700313e-01 -2.429802e-01 0.000000e+00
    outer loop
      vertex   -2.734440e+01 -2.075285e+01 -3.000000e+00
      vertex   -2.734440e+01 -2.075285e+01 3.500000e+00
      vertex   -2.758285e+01 -1.980090e+01 -3.000000e+00
    endloop
  endfacet
  facet normal -9.700313e-01 -2.429802e-01 0.000000e+00
    outer loop
      vertex   -2.758285e+01 -1.980090e+01 -3.000000e+00
      vertex   -2.734440e+01 -2.075285e+01 3.500000e+00
      vertex   -2.758285e+01 -1.980090e+01 3.500000e+00
    endloop
  endfacet
  facet normal -9.891765e-01 -1.467305e-01 0.000000e+00
    outer loop
      vertex   -2.758285e+01 -1.980090e+01 -3.000000e+00
      vertex   -2.758285e+01 -1.980090e+01 3.500000e+00
      vertex   -2.772685e+01 -1.883017e+01 -3.000000e+00
    endloop
  endfacet
  facet normal -9.891765e-01 -1.467305e-01 0.000000e+00
    outer loop
      vertex   -2.772685e+01 -1.883017e+01 -3.000000e+00
      vertex   -2.758285e+01 -1.980090e+01 3.500000e+00
      vertex   -2.772685e+01 -1.883017e+01 3.500000e+00
    endloop
  endfacet
  facet normal -9.987955e-01 -4.906767e-02 0.000000e+00
    outer loop
      vertex   -2.772685e+01 -1.883017e+01 -3.000000e+00
      vertex   -2.772685e+01 -1.883017e+01 3.500000e+00
      vertex   -2.777500e+01 -1.785000e+01 -3.000000e+00
    endloop
  endfacet
  facet normal -9.987955e-01 -4.906767e-02 0.000000e+00
    outer loop
      vertex   -2.777500e+01 -1.785000e+01 -3.000000e+00
      vertex   -2.772685e+01 -1.883017e+01 3.500000e+00
      vertex   -2.777500e+01 -1.785000e+01 3.500000e+00
    endloop
  endfacet
  facet normal -1.000000e+00 -0.000000e+00 0.000000e+00
    outer loop
      vertex   -2.777500e+01 1.785000e+01 3.500000e+00
      vertex   -2.777500e+01 -5.250000e+00 1.980000e+00
      vertex   -2.777500e+01 -1.785000e+01 3.500000e+00
    endloop
  endfacet
  facet normal -1.000000e+00 0.000000e+00 0.000000e+00
    outer loop
      vertex   -2.777500e+01 -1.785000e+01 3.500000e+00
      vertex   -2.777500e+01 -5.250000e+00 1.980000e+00
      vertex   -2.777500e+01 -1.225000e+01 1.980000e+00
    endloop
  endfacet
  facet normal -1.000000e+00 0.000000e+00 0.000000e+00
    outer loop
      vertex   -2.777500e+01 -1.785000e+01 3.500000e+00
      vertex   -2.777500e+01 -1.225000e+01 1.980000e+00
      vertex   -2.777500e+01 -1.269504e+01 1.929856e+00
    endloop
  endfacet
  facet normal -1.000000e+00 0.000000e+00 0.000000e+00
    outer loop
      vertex   -2.777500e+01 1.785000e+01 -3.000000e+00
      vertex   -2.777500e+01 -3.250000e+00 -2.000000e-02
      vertex   -2.777500e+01 1.785000e+01 3.500000e+00
    endloop
  endfacet
  facet normal -1.000000e+00 0.000000e+00 0.000000e+00
    outer loop
      vertex   -2.777500e+01 1.785000e+01 3.500000e+00
      vertex   -2.777500e+01 -3.250000e+00 -2.000000e-02
      vertex   -2.777500e+01 -3.300144e+00 4.250419e-01
    endloop
  endfacet
  facet normal -1.000000e+00 0.000000e+00 0.000000e+00
    outer loop
      vertex   -2.777500e+01 1.785000e+01 3.500000e+00
      vertex   -2.777500e+01 -3.300144e+00 4.250419e-01
      vertex   -2.777500e+01 -3.448062e+00 8.477675e-01
    endloop
  endfacet
  facet normal -1.000000e+00 0.000000e+00 0.000000e+00
    outer loop
      vertex   -2.777500e+01 -5.250000e+00 -3.000000e+00
      vertex   -2.777500e+01 -4.804958e+00 -2.949856e+00
      vertex   -2.777500e+01 1.785000e+01 -3.000000e+00
    endloop
  endfacet
  facet normal -1.000000e+00 0.000000e+00 0.000000e+00
    outer loop
      vertex   -2.777500e+01 1.785000e+01 -3.000000e+00
      vertex   -2.777500e+01 -4.804958e+00 -2.949856e+00
      vertex   -2.777500e+01 -4.382233e+00 -2.801938e+00
    endloop
  endfacet
  facet normal -1.000000e+00 0.000000e+00 0.000000e+00
    outer loop
      vertex   -2.777500e+01 1.785000e+01 -3.000000e+00
      vertex   -2.777500e+01 -4.382233e+00 -2.801938e+00
      vertex   -2.777500e+01 -4.003020e+00 -2.563663e+00
    endloop
  endfacet
  facet normal -1.000000e+00 0.000000e+00 0.000000e+00
    outer loop
      vertex   -2.777500e+01 -4.003020e+00 -2.563663e+00
      vertex   -2.777500e+01 -3.686337e+00 -2.246980e+00
      vertex   -2.777500e+01 1.785000e+01 -3.000000e+00
    endloop
  endfacet
  facet normal -1.000000e+00 0.000000e+00 0.000000e+00
    outer loop
      vertex   -2.777500e+01 1.785000e+01 -3.000000e+00
      vertex   -2.777500e+01 -3.686337e+00 -2.246980e+00
      vertex   -2.777500e+01 -3.448062e+00 -1.867767e+00
    endloop
  endfacet
  facet normal -1.000000e+00 0.000000e+00 0.000000e+00
    outer loop
      vertex   -2.777500e+01 1.785000e+01 -3.000000e+00
      vertex   -2.777500e+01 -3.448062e+00 -1.867767e+00
      vertex   -2.777500e+01 -3.300144e+00 -1.445042e+00
    endloop
  endfacet
  facet normal -1.000000e+00 0.000000e+00 0.000000e+00
    outer loop
      vertex   -2.777500e+01 -3.300144e+00 -1.445042e+00
      vertex   -2.777500e+01 -3.250000e+00 -1.000000e+00
      vertex   -2.777500e+01 1.785000e+01 -3.000000e+00
    endloop
  endfacet
  facet normal -1.000000e+00 0.000000e+00 0.000000e+00
    outer loop
      vertex   -2.777500e+01 1.785000e+01 -3.000000e+00
      vertex   -2.777500e+01 -3.250000e+00 -1.000000e+00
      vertex   -2.777500e+01 -3.250000e+00 -2.000000e-02
    endloop
  endfacet
  facet normal -1.000000e+00 0.000000e+00 0.000000e+00
    outer loop
      vertex   -2.777500e+01 -3.448062e+00 8.477675e-01
      vertex   -2.777500e+01 -3.686337e+00 1.226980e+00
      vertex   -2.777500e+01 1.785000e+01 3.500000e+00
    endloop
  endfacet
  facet normal -1.000000e+00 0.000000e+00 0.000000e+00
    outer loop
      vertex   -2.777500e+01 1.785000e+01 3.500000e+00
      vertex   -2.777500e+01 -3.686337e+00 1.226980e+00
      vertex   -2.777500e+01 -4.003020e+00 1.543663e+00
    endloop
  endfacet
  facet normal -1.000000e+00 0.000000e+00 0.000000e+00
    outer loop
      vertex   -2.777500e+01 1.785000e+01 3.500000e+00
      vertex   -2.777500e+01 -4.003020e+00 1.543663e+00
      vertex   -2.777500e+01 -4.382233e+00 1.781938e+00
    endloop
  endfacet
  facet normal -1.000000e+00 0.000000e+00 0.000000e+00
    outer loop
      vertex   -2.777500e+01 -4.382233e+00 1.781938e+00
      vertex   -2.777500e+01 -4.804958e+00 1.929856e+00
      vertex   -2.777500e+01 1.785000e+01 3.500000e+00
    endloop
  endfacet
  facet normal -1.000000e+00 0.000000e+00 0.000000e+00
    outer loop
      vertex   -2.777500e+01 1.785000e+01 3.500000e+00
      vertex   -2.777500e+01 -4.804958e+00 1.929856e+00
      vertex   -2.777500e+01 -5.250000e+00 1.980000e+00
    endloop
  endfacet
  facet normal -1.000000e+00 -0.000000e+00 0.000000e+00
    outer loop
      vertex   -2.777500e+01 -1.269504e+01 1.929856e+00
      vertex   -2.777500e+01 -1.311777e+01 1.781938e+00
      vertex   -2.777500e+01 -1.785000e+01 3.500000e+00
    endloop
  endfacet
  facet normal -1.000000e+00 0.000000e+00 0.000000e+00
    outer loop
      vertex   -2.777500e+01 -1.785000e+01 3.500000e+00
      vertex   -2.777500e+01 -1.311777e+01 1.781938e+00
      vertex   -2.777500e+01 -1.349698e+01 1.543663e+00
    endloop
  endfacet
  facet normal -1.000000e+00 0.000000e+00 0.000000e+00
    outer loop
      vertex   -2.777500e+01 -1.785000e+01 3.500000e+00
      vertex   -2.777500e+01 -1.349698e+01 1.543663e+00
      vertex   -2.777500e+01 -1.381366e+01 1.226980e+00
    endloop
  endfacet
  facet normal -1.000000e+00 -0.000000e+00 0.000000e+00
    outer loop
      vertex   -2.777500e+01 -1.381366e+01 1.226980e+00
      vertex   -2.777500e+01 -1.405194e+01 8.477675e-01
      vertex   -2.777500e+01 -1.785000e+01 3.500000e+00
    endloop
  endfacet
  facet normal -1.000000e+00 0.000000e+00 0.000000e+00
    outer loop
      vertex   -2.777500e+01 -1.785000e+01 3.500000e+00
      vertex   -2.777500e+01 -1.405194e+01 8.477675e-01
      vertex   -2.777500e+01 -1.419986e+01 4.250419e-01
    endloop
  endfacet
  facet normal -1.000000e+00 0.000000e+00 0.000000e+00
    outer loop
      vertex   -2.777500e+01 -1.785000e+01 3.500000e+00
      vertex   -2.777500e+01 -1.419986e+01 4.250419e-01
      vertex   -2.777500e+01 -1.425000e+01 -2.000000e-02
    endloop
  endfacet
  facet normal -1.000000e+00 0.000000e+00 0.000000e+00
    outer loop
      vertex   -2.777500e+01 -1.785000e+01 3.500000e+00
      vertex   -2.777500e+01 -1.425000e+01 -2.000000e-02
      vertex   -2.777500e+01 -1.785000e+01 -3.000000e+00
    endloop
  endfacet
  facet normal -1.000000e+00 0.000000e+00 0.000000e+00
    outer loop
      vertex   -2.777500e+01 -1.785000e+01 -3.000000e+00
      vertex   -2.777500e+01 -1.425000e+01 -2.000000e-02
      vertex   -2.777500e+01 -1.425000e+01 -1.000000e+00
    endloop
  endfacet
  facet normal -1.000000e+00 0.000000e+00 0.000000e+00
    outer loop
      vertex   -2.777500e+01 -1.785000e+01 -3.000000e+00
      vertex   -2.777500e+01 -1.425000e+01 -1.000000e+00
      vertex   -2.777500e+01 -1.419986e+01 -1.445042e+00
    endloop
  endfacet
  facet normal -1.000000e+00 0.000000e+00 -0.000000e+00
    outer loop
      vertex   -2.777500e+01 -1.419986e+01 -1.445042e+00
      vertex   -2.777500e+01 -1.405194e+01 -1.867767e+00
      vertex   -2.777500e+01 -1.785000e+01 -3.000000e+00
    endloop
  endfacet
  facet normal -1.000000e+00 0.000000e+00 0.000000e+00
    outer loop
      vertex   -2.777500e+01 -1.785000e+01 -3.000000e+00
      vertex   -2.777500e+01 -1.405194e+01 -1.867767e+00
      vertex   -2.777500e+01 -1.381366e+01 -2.246980e+00
    endloop
  endfacet
  facet normal -1.000000e+00 0.000000e+00 0.000000e+00
    outer loop
      vertex   -2.777500e+01 -1.785000e+01 -3.000000e+00
      vertex   -2.777500e+01 -1.381366e+01 -2.246980e+00
      vertex   -2.777500e+01 -1.349698e+01 -2.563663e+00
    endloop
  endfacet
  facet normal -1.000000e+00 0.000000e+00 -0.000000e+00
    outer loop
      vertex   -2.777500e+01 -1.349698e+01 -2.563663e+00
      vertex   -2.777500e+01 -1.311777e+01 -2.801938e+00
      vertex   -2.777500e+01 -1.785000e+01 -3.000000e+00
    endloop
  endfacet
  facet normal -1.000000e+00 0.000000e+00 0.000000e+00
    outer loop
      vertex   -2.777500e+01 -1.785000e+01 -3.000000e+00
      vertex   -2.777500e+01 -1.311777e+01 -2.801938e+00
      vertex   -2.777500e+01 -1.269504e+01 -2.949856e+00
    endloop
  endfacet
  facet normal -1.000000e+00 0.000000e+00 0.000000e+00
    outer loop
      vertex   -2.777500e+01 -1.785000e+01 -3.000000e+00
      vertex   -2.777500e+01 -1.269504e+01 -2.949856e+00
      vertex   -2.777500e+01 -1.225000e+01 -3.000000e+00
    endloop
  endfacet
  facet normal -9.987955e-01 4.906767e-02 0.000000e+00
    outer loop
      vertex   -2.777500e+01 1.785000e+01 -3.000000e+00
      vertex   -2.777500e+01 1.785000e+01 3.500000e+00
      vertex   -2.772685e+01 1.883017e+01 -3.000000e+00
    endloop
  endfacet
  facet normal -9.987955e-01 4.906767e-02 0.000000e+00
    outer loop
      vertex   -2.772685e+01 1.883017e+01 -3.000000e+00
      vertex   -2.777500e+01 1.785000e+01 3.500000e+00
      vertex   -2.772685e+01 1.883017e+01 3.500000e+00
    endloop
  endfacet
  facet normal -9.891765e-01 1.467305e-01 0.000000e+00
    outer loop
      vertex   -2.772685e+01 1.883017e+01 -3.000000e+00
      vertex   -2.772685e+01 1.883017e+01 3.500000e+00
      vertex   -2.758285e+01 1.980090e+01 -3.000000e+00
    endloop
  endfacet
  facet normal -9.891765e-01 1.467305e-01 0.000000e+00
    outer loop
      vertex   -2.758285e+01 1.980090e+01 -3.000000e+00
      vertex   -2.772685e+01 1.883017e+01 3.500000e+00
      vertex   -2.758285e+01 1.980090e+01 3.500000e+00
    endloop
  endfacet
  facet normal -9.700313e-01 2.429802e-01 0.000000e+00
    outer loop
      vertex   -2.758285e+01 1.980090e+01 -3.000000e+00
      vertex   -2.758285e+01 1.980090e+01 3.500000e+00
      vertex   -2.734440e+01 2.075285e+01 -3.000000e+00
    endloop
  endfacet
  facet normal -9.700313e-01 2.429802e-01 0.000000e+00
    outer loop
      vertex   -2.734440e+01 2.075285e+01 -3.000000e+00
      vertex   -2.758285e+01 1.980090e+01 3.500000e+00
      vertex   -2.734440e+01 2.075285e+01 3.500000e+00
    endloop
  endfacet
  facet normal -9.415441e-01 3.368899e-01 0.000000e+00
    outer loop
      vertex   -2.734440e+01 2.075285e+01 -3.000000e+00
      vertex   -2.734440e+01 2.075285e+01 3.500000e+00
      vertex   -2.701380e+01 2.167683e+01 -3.000000e+00
    endloop
  endfacet
  facet normal -9.415441e-01 3.368899e-01 -1.841343e-16
    outer loop
      vertex   -2.701380e+01 2.167683e+01 -3.000000e+00
      vertex   -2.734440e+01 2.075285e+01 3.500000e+00
      vertex   -2.701380e+01 2.167683e+01 3.500000e+00
    endloop
  endfacet
  facet normal -9.039893e-01 4.275551e-01 -2.336894e-16
    outer loop
      vertex   -2.701380e+01 2.167683e+01 -3.000000e+00
      vertex   -2.701380e+01 2.167683e+01 3.500000e+00
      vertex   -2.659421e+01 2.256397e+01 -3.000000e+00
    endloop
  endfacet
  facet normal -9.039893e-01 4.275551e-01 0.000000e+00
    outer loop
      vertex   -2.659421e+01 2.256397e+01 -3.000000e+00
      vertex   -2.701380e+01 2.167683e+01 3.500000e+00
      vertex   -2.659421e+01 2.256397e+01 3.500000e+00
    endloop
  endfacet
  facet normal -8.577286e-01 5.141027e-01 0.000000e+00
    outer loop
      vertex   -2.659421e+01 2.256397e+01 -3.000000e+00
      vertex   -2.659421e+01 2.256397e+01 3.500000e+00
      vertex   -2.608970e+01 2.340570e+01 -3.000000e+00
    endloop
  endfacet
  facet normal -8.577286e-01 5.141027e-01 0.000000e+00
    outer loop
      vertex   -2.608970e+01 2.340570e+01 -3.000000e+00
      vertex   -2.659421e+01 2.256397e+01 3.500000e+00
      vertex   -2.608970e+01 2.340570e+01 3.500000e+00
    endloop
  endfacet
  facet normal -8.032075e-01 5.956993e-01 0.000000e+00
    outer loop
      vertex   -2.608970e+01 2.340570e+01 -3.000000e+00
      vertex   -2.608970e+01 2.340570e+01 3.500000e+00
      vertex   -2.550510e+01 2.419393e+01 -3.000000e+00
    endloop
  endfacet
  facet normal -8.032075e-01 5.956993e-01 0.000000e+00
    outer loop
      vertex   -2.550510e+01 2.419393e+01 -3.000000e+00
      vertex   -2.608970e+01 2.340570e+01 3.500000e+00
      vertex   -2.550510e+01 2.419393e+01 3.500000e+00
    endloop
  endfacet
  facet normal -7.409511e-01 6.715590e-01 0.000000e+00
    outer loop
      vertex   -2.550510e+01 2.419393e+01 -3.000000e+00
      vertex   -2.550510e+01 2.419393e+01 3.500000e+00
      vertex   -2.484607e+01 2.492107e+01 -3.000000e+00
    endloop
  endfacet
  facet normal -7.409511e-01 6.715590e-01 0.000000e+00
    outer loop
      vertex   -2.484607e+01 2.492107e+01 -3.000000e+00
      vertex   -2.550510e+01 2.419393e+01 3.500000e+00
      vertex   -2.484607e+01 2.492107e+01 3.500000e+00
    endloop
  endfacet
  facet normal -6.715590e-01 7.409511e-01 0.000000e+00
    outer loop
      vertex   -2.484607e+01 2.492107e+01 -3.000000e+00
      vertex   -2.484607e+01 2.492107e+01 3.500000e+00
      vertex   -2.411893e+01 2.558010e+01 -3.000000e+00
    endloop
  endfacet
  facet normal -6.715590e-01 7.409511e-01 0.000000e+00
    outer loop
      vertex   -2.411893e+01 2.558010e+01 -3.000000e+00
      vertex   -2.484607e+01 2.492107e+01 3.500000e+00
      vertex   -2.411893e+01 2.558010e+01 3.500000e+00
    endloop
  endfacet
  facet normal -5.956993e-01 8.032075e-01 0.000000e+00
    outer loop
      vertex   -2.411893e+01 2.558010e+01 -3.000000e+00
      vertex   -2.411893e+01 2.558010e+01 3.500000e+00
      vertex   -2.333070e+01 2.616470e+01 -3.000000e+00
    endloop
  endfacet
  facet normal -5.956993e-01 8.032075e-01 0.000000e+00
    outer loop
      vertex   -2.333070e+01 2.616470e+01 -3.000000e+00
      vertex   -2.411893e+01 2.558010e+01 3.500000e+00
      vertex   -2.333070e+01 2.616470e+01 3.500000e+00
    endloop
  endfacet
  facet normal -5.141027e-01 8.577286e-01 0.000000e+00
    outer loop
      vertex   -2.333070e+01 2.616470e+01 -3.000000e+00
      vertex   -2.333070e+01 2.616470e+01 3.500000e+00
      vertex   -2.248897e+01 2.666921e+01 -3.000000e+00
    endloop
  endfacet
  facet normal -5.141027e-01 8.577286e-01 -5.619876e-16
    outer loop
      vertex   -2.248897e+01 2.666921e+01 -3.000000e+00
      vertex   -2.333070e+01 2.616470e+01 3.500000e+00
      vertex   -2.248897e+01 2.666921e+01 3.500000e+00
    endloop
  endfacet
  facet normal -4.275551e-01 9.039893e-01 -4.673787e-16
    outer loop
      vertex   -2.248897e+01 2.666921e+01 -3.000000e+00
      vertex   -2.248897e+01 2.666921e+01 3.500000e+00
      vertex   -2.160183e+01 2.708880e+01 -3.000000e+00
    endloop
  endfacet
  facet normal -4.275551e-01 9.039893e-01 4.673787e-16
    outer loop
      vertex   -2.160183e+01 2.708880e+01 -3.000000e+00
      vertex   -2.248897e+01 2.666921e+01 3.500000e+00
      vertex   -2.160183e+01 2.708880e+01 3.500000e+00
    endloop
  endfacet
  facet normal -3.368899e-01 9.415441e-01 3.682687e-16
    outer loop
      vertex   -2.160183e+01 2.708880e+01 -3.000000e+00
      vertex   -2.160183e+01 2.708880e+01 3.500000e+00
      vertex   -2.067785e+01 2.741940e+01 -3.000000e+00
    endloop
  endfacet
  facet normal -3.368899e-01 9.415441e-01 0.000000e+00
    outer loop
      vertex   -2.067785e+01 2.741940e+01 -3.000000e+00
      vertex   -2.160183e+01 2.708880e+01 3.500000e+00
      vertex   -2.067785e+01 2.741940e+01 3.500000e+00
    endloop
  endfacet
  facet normal -2.429802e-01 9.700313e-01 0.000000e+00
    outer loop
      vertex   -2.067785e+01 2.741940e+01 -3.000000e+00
      vertex   -2.067785e+01 2.741940e+01 3.500000e+00
      vertex   -1.972590e+01 2.765785e+01 -3.000000e+00
    endloop
  endfacet
  facet normal -2.429802e-01 9.700313e-01 0.000000e+00
    outer loop
      vertex   -1.972590e+01 2.765785e+01 -3.000000e+00
      vertex   -2.067785e+01 2.741940e+01 3.500000e+00
      vertex   -1.972590e+01 2.765785e+01 3.500000e+00
    endloop
  endfacet
  facet normal -1.467305e-01 9.891765e-01 0.000000e+00
    outer loop
      vertex   -1.972590e+01 2.765785e+01 -3.000000e+00
      vertex   -1.972590e+01 2.765785e+01 3.500000e+00
      vertex   -1.875517e+01 2.780185e+01 -3.000000e+00
    endloop
  endfacet
  facet normal -1.467305e-01 9.891765e-01 0.000000e+00
    outer loop
      vertex   -1.875517e+01 2.780185e+01 -3.000000e+00
      vertex   -1.972590e+01 2.765785e+01 3.500000e+00
      vertex   -1.875517e+01 2.780185e+01 3.500000e+00
    endloop
  endfacet
  facet normal -4.906767e-02 9.987955e-01 0.000000e+00
    outer loop
      vertex   -1.875517e+01 2.780185e+01 -3.000000e+00
      vertex   -1.875517e+01 2.780185e+01 3.500000e+00
      vertex   -1.777500e+01 2.785000e+01 -3.000000e+00
    endloop
  endfacet
  facet normal -4.906767e-02 9.987955e-01 0.000000e+00
    outer loop
      vertex   -1.777500e+01 2.785000e+01 -3.000000e+00
      vertex   -1.875517e+01 2.780185e+01 3.500000e+00
      vertex   -1.777500e+01 2.785000e+01 3.500000e+00
    endloop
  endfacet
  facet normal -0.000000e+00 1.000000e+00 0.000000e+00
    outer loop
      vertex   -1.777500e+01 2.785000e+01 3.500000e+00
      vertex   1.777500e+01 2.785000e+01 3.500000e+00
      vertex   -1.777500e+01 2.785000e+01 -3.000000e+00
    endloop
  endfacet
  facet normal 0.000000e+00 1.000000e+00 0.000000e+00
    outer loop
      vertex   -1.777500e+01 2.785000e+01 -3.000000e+00
      vertex   1.777500e+01 2.785000e+01 3.500000e+00
      vertex   1.777500e+01 2.785000e+01 -3.000000e+00
    endloop
  endfacet
  facet normal 0.000000e+00 -0.000000e+00 1.000000e+00
    outer loop
      vertex   2.677500e+01 -1.687500e+01 4.500000e+00
      vertex   2.677500e+01 -6.250000e-01 4.500000e+00
      vertex   2.672411e+01 -1.616343e+01 4.500000e+00
    endloop
  endfacet
  facet normal 0.000000e+00 0.000000e+00 1.000000e+00
    outer loop
      vertex   2.672411e+01 -1.616343e+01 4.500000e+00
      vertex   2.677500e+01 -6.250000e-01 4.500000e+00
      vertex   2.672411e+01 -1.336574e+00 4.500000e+00
    endloop
  endfacet
  facet normal 0.000000e+00 -0.000000e+00 1.000000e+00
    outer loop
      vertex   2.672411e+01 -1.616343e+01 4.500000e+00
      vertex   2.672411e+01 -1.336574e+00 4.500000e+00
      vertex   2.657246e+01 -1.546634e+01 4.500000e+00
    endloop
  endfacet
  facet normal 0.000000e+00 0.000000e+00 1.000000e+00
    outer loop
      vertex   2.657246e+01 -1.546634e+01 4.500000e+00
      vertex   2.672411e+01 -1.336574e+00 4.500000e+00
      vertex   2.657246e+01 -2.033663e+00 4.500000e+00
    endloop
  endfacet
  facet normal 0.000000e+00 -0.000000e+00 1.000000e+00
    outer loop
      vertex   2.657246e+01 -1.546634e+01 4.500000e+00
      vertex   2.657246e+01 -2.033663e+00 4.500000e+00
      vertex   2.632316e+01 -1.479792e+01 4.500000e+00
    endloop
  endfacet
  facet normal 0.000000e+00 0.000000e+00 1.000000e+00
    outer loop
      vertex   2.632316e+01 -1.479792e+01 4.500000e+00
      vertex   2.657246e+01 -2.033663e+00 4.500000e+00
      vertex   2.632316e+01 -2.702075e+00 4.500000e+00
    endloop
  endfacet
  facet normal 0.000000e+00 -0.000000e+00 1.000000e+00
    outer loop
      vertex   2.632316e+01 -1.479792e+01 4.500000e+00
      vertex   2.632316e+01 -2.702075e+00 4.500000e+00
      vertex   2.598127e+01 -1.417180e+01 4.500000e+00
    endloop
  endfacet
  facet normal 0.000000e+00 -0.000000e+00 1.000000e+00
    outer loop
      vertex   2.598127e+01 -1.417180e+01 4.500000e+00
      vertex   2.632316e+01 -2.702075e+00 4.500000e+00
      vertex   2.598127e+01 -3.328204e+00 4.500000e+00
    endloop
  endfacet
  facet normal 0.000000e+00 0.000000e+00 1.000000e+00
    outer loop
      vertex   2.598127e+01 -1.417180e+01 4.500000e+00
      vertex   2.598127e+01 -3.328204e+00 4.500000e+00
      vertex   2.555375e+01 -1.360070e+01 4.500000e+00
    endloop
  endfacet
  facet normal 0.000000e+00 0.000000e+00 1.000000e+00
    outer loop
      vertex   2.555375e+01 -1.360070e+01 4.500000e+00
      vertex   2.598127e+01 -3.328204e+00 4.500000e+00
      vertex   2.555375e+01 -3.899304e+00 4.500000e+00
    endloop
  endfacet
  facet normal 0.000000e+00 -0.000000e+00 1.000000e+00
    outer loop
      vertex   2.555375e+01 -1.360070e+01 4.500000e+00
      vertex   2.555375e+01 -3.899304e+00 4.500000e+00
      vertex   2.504930e+01 -1.309625e+01 4.500000e+00
    endloop
  endfacet
  facet normal 0.000000e+00 -0.000000e+00 1.000000e+00
    outer loop
      vertex   2.504930e+01 -1.309625e+01 4.500000e+00
      vertex   2.555375e+01 -3.899304e+00 4.500000e+00
      vertex   2.504930e+01 -4.403748e+00 4.500000e+00
    endloop
  endfacet
  facet normal 0.000000e+00 0.000000e+00 1.000000e+00
    outer loop
      vertex   2.504930e+01 -1.309625e+01 4.500000e+00
      vertex   2.504930e+01 -4.403748e+00 4.500000e+00
      vertex   2.447820e+01 -1.266873e+01 4.500000e+00
    endloop
  endfacet
  facet normal 0.000000e+00 0.000000e+00 1.000000e+00
    outer loop
      vertex   2.447820e+01 -1.266873e+01 4.500000e+00
      vertex   2.504930e+01 -4.403748e+00 4.500000e+00
      vertex   2.447820e+01 -4.831268e+00 4.500000e+00
    endloop
  endfacet
  facet normal 0.000000e+00 -0.000000e+00 1.000000e+00
    outer loop
      vertex   2.447820e+01 -1.266873e+01 4.500000e+00
      vertex   2.447820e+01 -4.831268e+00 4.500000e+00
      vertex   2.385208e+01 -1.232684e+01 4.500000e+00
    endloop
  endfacet
  facet normal 0.000000e+00 0.000000e+00 1.000000e+00
    outer loop
      vertex   2.385208e+01 -1.232684e+01 4.500000e+00
      vertex   2.447820e+01 -4.831268e+00 4.500000e+00
      vertex   2.385208e+01 -5.173160e+00 4.500000e+00
    endloop
  endfacet
  facet normal 0.000000e+00 -0.000000e+00 1.000000e+00
    outer loop
      vertex   2.385208e+01 -1.232684e+01 4.500000e+00
      vertex   2.385208e+01 -5.173160e+00 4.500000e+00
      vertex   2.257500e+01 -8.750000e+00 4.500000e+00
    endloop
  endfacet
  facet normal 0.000000e+00 -0.000000e+00 1.000000e+00
    outer loop
      vertex   2.257500e+01 -8.750000e+00 4.500000e+00
      vertex   2.385208e+01 -5.173160e+00 4.500000e+00
      vertex   2.252900e+01 -8.400594e+00 4.500000e+00
    endloop
  endfacet
  facet normal 0.000000e+00 0.000000e+00 1.000000e+00
    outer loop
      vertex   2.252900e+01 -8.400594e+00 4.500000e+00
      vertex   2.385208e+01 -5.173160e+00 4.500000e+00
      vertex   2.318366e+01 -5.422465e+00 4.500000e+00
    endloop
  endfacet
  facet normal 0.000000e+00 -0.000000e+00 1.000000e+00
    outer loop
      vertex   2.252900e+01 -8.400594e+00 4.500000e+00
      vertex   2.318366e+01 -5.422465e+00 4.500000e+00
      vertex   2.239413e+01 -8.075000e+00 4.500000e+00
    endloop
  endfacet
  facet normal 0.000000e+00 0.000000e+00 1.000000e+00
    outer loop
      vertex   2.239413e+01 -8.075000e+00 4.500000e+00
      vertex   2.318366e+01 -5.422465e+00 4.500000e+00
      vertex   2.248657e+01 -5.574107e+00 4.500000e+00
    endloop
  endfacet
  facet normal 0.000000e+00 -0.000000e+00 1.000000e+00
    outer loop
      vertex   2.239413e+01 -8.075000e+00 4.500000e+00
      vertex   2.248657e+01 -5.574107e+00 4.500000e+00
      vertex   2.217959e+01 -7.795406e+00 4.500000e+00
    endloop
  endfacet
  facet normal 0.000000e+00 -0.000000e+00 1.000000e+00
    outer loop
      vertex   2.217959e+01 -7.795406e+00 4.500000e+00
      vertex   2.248657e+01 -5.574107e+00 4.500000e+00
      vertex   2.190000e+01 -7.580866e+00 4.500000e+00
    endloop
  endfacet
  facet normal 0.000000e+00 -0.000000e+00 1.000000e+00
    outer loop
      vertex   2.190000e+01 -7.580866e+00 4.500000e+00
      vertex   2.248657e+01 -5.574107e+00 4.500000e+00
      vertex   2.177500e+01 -5.625000e+00 4.500000e+00
    endloop
  endfacet
  facet normal 0.000000e+00 0.000000e+00 1.000000e+00
    outer loop
      vertex   2.190000e+01 -7.580866e+00 4.500000e+00
      vertex   2.177500e+01 -5.625000e+00 4.500000e+00
      vertex   2.157441e+01 -7.446000e+00 4.500000e+00
    endloop
  endfacet
  facet normal 0.000000e+00 -0.000000e+00 1.000000e+00
    outer loop
      vertex   2.157441e+01 -7.446000e+00 4.500000e+00
      vertex   2.177500e+01 -5.625000e+00 4.500000e+00
      vertex   2.122500e+01 -5.625000e+00 4.500000e+00
    endloop
  endfacet
  facet normal 0.000000e+00 0.000000e+00 1.000000e+00
    outer loop
      vertex   2.157441e+01 -7.446000e+00 4.500000e+00
      vertex   2.122500e+01 -5.625000e+00 4.500000e+00
      vertex   2.122500e+01 -7.400000e+00 4.500000e+00
    endloop
  endfacet
  facet normal 0.000000e+00 -0.000000e+00 1.000000e+00
    outer loop
      vertex   2.122500e+01 -7.400000e+00 4.500000e+00
      vertex   2.122500e+01 -5.625000e+00 4.500000e+00
      vertex   2.087559e+01 -7.446000e+00 4.500000e+00
    endloop
  endfacet
  facet normal 0.000000e+00 -0.000000e+00 1.000000e+00
    outer loop
      vertex   2.087559e+01 -7.446000e+00 4.500000e+00
      vertex   2.122500e+01 -5.625000e+00 4.500000e+00
      vertex   2.068235e+01 -5.672476e+00 4.500000e+00
    endloop
  endfacet
  facet normal 0.000000e+00 0.000000e+00 1.000000e+00
    outer loop
      vertex   2.087559e+01 -7.446000e+00 4.500000e+00
      vertex   2.068235e+01 -5.672476e+00 4.500000e+00
      vertex   2.055000e+01 -7.580866e+00 4.500000e+00
    endloop
  endfacet
  facet normal 0.000000e+00 -0.000000e+00 1.000000e+00
    outer loop
      vertex   2.055000e+01 -7.580866e+00 4.500000e+00
      vertex   2.068235e+01 -5.672476e+00 4.500000e+00
      vertex   2.015619e+01 -5.813461e+00 4.500000e+00
    endloop
  endfacet
  facet normal 0.000000e+00 0.000000e+00 1.000000e+00
    outer loop
      vertex   2.055000e+01 -7.580866e+00 4.500000e+00
      vertex   2.015619e+01 -5.813461e+00 4.500000e+00
      vertex   2.027041e+01 -7.795406e+00 4.500000e+00
    endloop
  endfacet
  facet normal 0.000000e+00 0.000000e+00 1.000000e+00
    outer loop
      vertex   2.027041e+01 -7.795406e+00 4.500000e+00
      vertex   2.015619e+01 -5.813461e+00 4.500000e+00
      vertex   1.966250e+01 -6.043671e+00 4.500000e+00
    endloop
  endfacet
  facet normal 0.000000e+00 0.000000e+00 1.000000e+00
    outer loop
      vertex   2.027041e+01 -7.795406e+00 4.500000e+00
      vertex   1.966250e+01 -6.043671e+00 4.500000e+00
      vertex   2.005587e+01 -8.075000e+00 4.500000e+00
    endloop
  endfacet
  facet normal 0.000000e+00 0.000000e+00 1.000000e+00
    outer loop
      vertex   2.005587e+01 -8.075000e+00 4.500000e+00
      vertex   1.966250e+01 -6.043671e+00 4.500000e+00
      vertex   1.921629e+01 -6.356111e+00 4.500000e+00
    endloop
  endfacet
  facet normal 0.000000e+00 0.000000e+00 1.000000e+00
    outer loop
      vertex   2.005587e+01 -8.075000e+00 4.500000e+00
      vertex   1.921629e+01 -6.356111e+00 4.500000e+00
      vertex   1.992100e+01 -8.400594e+00 4.500000e+00
    endloop
  endfacet
  facet normal 0.000000e+00 0.000000e+00 1.000000e+00
    outer loop
      vertex   1.992100e+01 -8.400594e+00 4.500000e+00
      vertex   1.921629e+01 -6.356111e+00 4.500000e+00
      vertex   1.883111e+01 -6.741289e+00 4.500000e+00
    endloop
  endfacet
  facet normal 0.000000e+00 0.000000e+00 1.000000e+00
    outer loop
      vertex   1.992100e+01 -8.400594e+00 4.500000e+00
      vertex   1.883111e+01 -6.741289e+00 4.500000e+00
      vertex   1.851867e+01 -7.187500e+00 4.500000e+00
    endloop
  endfacet
  facet normal 0.000000e+00 0.000000e+00 1.000000e+00
    outer loop
      vertex   1.992100e+01 -8.400594e+00 4.500000e+00
      vertex   1.851867e+01 -7.187500e+00 4.500000e+00
      vertex   1.987500e+01 -8.750000e+00 4.500000e+00
    endloop
  endfacet
  facet normal 0.000000e+00 0.000000e+00 1.000000e+00
    outer loop
      vertex   1.987500e+01 -8.750000e+00 4.500000e+00
      vertex   1.851867e+01 -7.187500e+00 4.500000e+00
      vertex   1.828846e+01 -7.681187e+00 4.500000e+00
    endloop
  endfacet
  facet normal 0.000000e+00 0.000000e+00 1.000000e+00
    outer loop
      vertex   1.987500e+01 -8.750000e+00 4.500000e+00
      vertex   1.828846e+01 -7.681187e+00 4.500000e+00
      vertex   1.814748e+01 -8.207349e+00 4.500000e+00
    endloop
  endfacet
  facet normal 0.000000e+00 0.000000e+00 1.000000e+00
    outer loop
      vertex   1.814748e+01 -8.207349e+00 4.500000e+00
      vertex   1.810000e+01 -8.750000e+00 4.500000e+00
      vertex   1.987500e+01 -8.750000e+00 4.500000e+00
    endloop
  endfacet
  facet normal 0.000000e+00 0.000000e+00 1.000000e+00
    outer loop
      vertex   1.987500e+01 -8.750000e+00 4.500000e+00
      vertex   1.810000e+01 -8.750000e+00 4.500000e+00
      vertex   1.814748e+01 -9.292651e+00 4.500000e+00
    endloop
  endfacet
  facet normal 0.000000e+00 0.000000e+00 1.000000e+00
    outer loop
      vertex   1.987500e+01 -8.750000e+00 4.500000e+00
      vertex   1.814748e+01 -9.292651e+00 4.500000e+00
      vertex   1.828846e+01 -9.818813e+00 4.500000e+00
    endloop
  endfacet
  facet normal -0.000000e+00 0.000000e+00 1.000000e+00
    outer loop
      vertex   1.828846e+01 -9.818813e+00 4.500000e+00
      vertex   1.851867e+01 -1.031250e+01 4.500000e+00
      vertex   1.987500e+01 -8.750000e+00 4.500000e+00
    endloop
  endfacet
  facet normal 0.000000e+00 0.000000e+00 1.000000e+00
    outer loop
      vertex   1.987500e+01 -8.750000e+00 4.500000e+00
      vertex   1.851867e+01 -1.031250e+01 4.500000e+00
      vertex   1.992100e+01 -9.099406e+00 4.500000e+00
    endloop
  endfacet
  facet normal 0.000000e+00 0.000000e+00 1.000000e+00
    outer loop
      vertex   1.992100e+01 -9.099406e+00 4.500000e+00
      vertex   1.851867e+01 -1.031250e+01 4.500000e+00
      vertex   1.883111e+01 -1.075871e+01 4.500000e+00
    endloop
  endfacet
  facet normal 0.000000e+00 0.000000e+00 1.000000e+00
    outer loop
      vertex   1.992100e+01 -9.099406e+00 4.500000e+00
      vertex   1.883111e+01 -1.075871e+01 4.500000e+00
      vertex   1.921629e+01 -1.114389e+01 4.500000e+00
    endloop
  endfacet
  facet normal 0.000000e+00 0.000000e+00 1.000000e+00
    outer loop
      vertex   1.992100e+01 -9.099406e+00 4.500000e+00
      vertex   1.921629e+01 -1.114389e+01 4.500000e+00
      vertex   2.005587e+01 -9.425000e+00 4.500000e+00
    endloop
  endfacet
  facet normal 0.000000e+00 0.000000e+00 1.000000e+00
    outer loop
      vertex   2.005587e+01 -9.425000e+00 4.500000e+00
      vertex   1.921629e+01 -1.114389e+01 4.500000e+00
      vertex   1.966250e+01 -1.145633e+01 4.500000e+00
    endloop
  endfacet
  facet normal 0.000000e+00 0.000000e+00 1.000000e+00
    outer loop
      vertex   2.005587e+01 -9.425000e+00 4.500000e+00
      vertex   1.966250e+01 -1.145633e+01 4.500000e+00
      vertex   2.027041e+01 -9.704594e+00 4.500000e+00
    endloop
  endfacet
  facet normal 0.000000e+00 0.000000e+00 1.000000e+00
    outer loop
      vertex   2.027041e+01 -9.704594e+00 4.500000e+00
      vertex   1.966250e+01 -1.145633e+01 4.500000e+00
      vertex   2.015619e+01 -1.168654e+01 4.500000e+00
    endloop
  endfacet
  facet normal 0.000000e+00 0.000000e+00 1.000000e+00
    outer loop
      vertex   2.027041e+01 -9.704594e+00 4.500000e+00
      vertex   2.015619e+01 -1.168654e+01 4.500000e+00
      vertex   2.055000e+01 -9.919134e+00 4.500000e+00
    endloop
  endfacet
  facet normal 0.000000e+00 0.000000e+00 1.000000e+00
    outer loop
      vertex   2.055000e+01 -9.919134e+00 4.500000e+00
      vertex   2.015619e+01 -1.168654e+01 4.500000e+00
      vertex   2.068235e+01 -1.182752e+01 4.500000e+00
    endloop
  endfacet
  facet normal 0.000000e+00 0.000000e+00 1.000000e+00
    outer loop
      vertex   2.055000e+01 -9.919134e+00 4.500000e+00
      vertex   2.068235e+01 -1.182752e+01 4.500000e+00
      vertex   2.087559e+01 -1.005400e+01 4.500000e+00
    endloop
  endfacet
  facet normal 0.000000e+00 0.000000e+00 1.000000e+00
    outer loop
      vertex   2.087559e+01 -1.005400e+01 4.500000e+00
      vertex   2.068235e+01 -1.182752e+01 4.500000e+00
      vertex   2.122500e+01 -1.187500e+01 4.500000e+00
    endloop
  endfacet
  facet normal 0.000000e+00 0.000000e+00 1.000000e+00
    outer loop
      vertex   2.087559e+01 -1.005400e+01 4.500000e+00
      vertex   2.122500e+01 -1.187500e+01 4.500000e+00
      vertex   2.122500e+01 -1.010000e+01 4.500000e+00
    endloop
  endfacet
  facet normal -0.000000e+00 0.000000e+00 1.000000e+00
    outer loop
      vertex   2.122500e+01 -1.010000e+01 4.500000e+00
      vertex   2.122500e+01 -1.187500e+01 4.500000e+00
      vertex   2.157441e+01 -1.005400e+01 4.500000e+00
    endloop
  endfacet
  facet normal 0.000000e+00 0.000000e+00 1.000000e+00
    outer loop
      vertex   2.157441e+01 -1.005400e+01 4.500000e+00
      vertex   2.122500e+01 -1.187500e+01 4.500000e+00
      vertex   2.177500e+01 -1.187500e+01 4.500000e+00
    endloop
  endfacet
  facet normal -0.000000e+00 0.000000e+00 1.000000e+00
    outer loop
      vertex   2.157441e+01 -1.005400e+01 4.500000e+00
      vertex   2.177500e+01 -1.187500e+01 4.500000e+00
      vertex   2.190000e+01 -9.919134e+00 4.500000e+00
    endloop
  endfacet
  facet normal 0.000000e+00 0.000000e+00 1.000000e+00
    outer loop
      vertex   2.190000e+01 -9.919134e+00 4.500000e+00
      vertex   2.177500e+01 -1.187500e+01 4.500000e+00
      vertex   2.248657e+01 -1.192589e+01 4.500000e+00
    endloop
  endfacet
  facet normal -0.000000e+00 0.000000e+00 1.000000e+00
    outer loop
      vertex   2.190000e+01 -9.919134e+00 4.500000e+00
      vertex   2.248657e+01 -1.192589e+01 4.500000e+00
      vertex   2.217959e+01 -9.704594e+00 4.500000e+00
    endloop
  endfacet
  facet normal -0.000000e+00 0.000000e+00 1.000000e+00
    outer loop
      vertex   2.217959e+01 -9.704594e+00 4.500000e+00
      vertex   2.248657e+01 -1.192589e+01 4.500000e+00
      vertex   2.239413e+01 -9.425000e+00 4.500000e+00
    endloop
  endfacet
  facet normal 0.000000e+00 0.000000e+00 1.000000e+00
    outer loop
      vertex   2.239413e+01 -9.425000e+00 4.500000e+00
      vertex   2.248657e+01 -1.192589e+01 4.500000e+00
      vertex   2.318366e+01 -1.207754e+01 4.500000e+00
    endloop
  endfacet
  facet normal -0.000000e+00 0.000000e+00 1.000000e+00
    outer loop
      vertex   2.239413e+01 -9.425000e+00 4.500000e+00
      vertex   2.318366e+01 -1.207754e+01 4.500000e+00
      vertex   2.252900e+01 -9.099406e+00 4.500000e+00
    endloop
  endfacet
  facet normal 0.000000e+00 0.000000e+00 1.000000e+00
    outer loop
      vertex   2.252900e+01 -9.099406e+00 4.500000e+00
      vertex   2.318366e+01 -1.207754e+01 4.500000e+00
      vertex   2.385208e+01 -1.232684e+01 4.500000e+00
    endloop
  endfacet
  facet normal -0.000000e+00 0.000000e+00 1.000000e+00
    outer loop
      vertex   2.252900e+01 -9.099406e+00 4.500000e+00
      vertex   2.385208e+01 -1.232684e+01 4.500000e+00
      vertex   2.257500e+01 -8.750000e+00 4.500000e+00
    endloop
  endfacet
  facet normal 0.000000e+00 7.071068e-01 -7.071068e-01
    outer loop
      vertex   -1.777500e+01 2.785000e+01 -3.000000e+00
      vertex   1.777500e+01 2.785000e+01 -3.000000e+00
      vertex   -1.777500e+01 2.685000e+01 -4.000000e+00
    endloop
  endfacet
  facet normal 0.000000e+00 7.071068e-01 -7.071068e-01
    outer loop
      vertex   -1.777500e+01 2.685000e+01 -4.000000e+00
      vertex   1.777500e+01 2.785000e+01 -3.000000e+00
      vertex   1.777500e+01 2.685000e+01 -4.000000e+00
    endloop
  endfacet
  facet normal -7.066805e-01 3.471699e-02 -7.066805e-01
    outer loop
      vertex   -2.777500e+01 1.785000e+01 -3.000000e+00
      vertex   -2.772685e+01 1.883017e+01 -3.000000e+00
      vertex   -2.677500e+01 1.785000e+01 -4.000000e+00
    endloop
  endfacet
  facet normal -7.054880e-01 3.697306e-02 -7.077568e-01
    outer loop
      vertex   -2.677500e+01 1.785000e+01 -4.000000e+00
      vertex   -2.772685e+01 1.883017e+01 -3.000000e+00
      vertex   -2.672570e+01 1.879076e+01 -4.000000e+00
    endloop
  endfacet
  facet normal -7.008195e-01 1.039568e-01 -7.057231e-01
    outer loop
      vertex   -2.672570e+01 1.879076e+01 -4.000000e+00
      vertex   -2.772685e+01 1.883017e+01 -3.000000e+00
      vertex   -2.758285e+01 1.980090e+01 -3.000000e+00
    endloop
  endfacet
  facet normal -6.967881e-01 1.103604e-01 -7.087361e-01
    outer loop
      vertex   -2.672570e+01 1.879076e+01 -4.000000e+00
      vertex   -2.758285e+01 1.980090e+01 -3.000000e+00
      vertex   -2.657833e+01 1.972121e+01 -4.000000e+00
    endloop
  endfacet
  facet normal -6.880504e-01 1.723477e-01 -7.048992e-01
    outer loop
      vertex   -2.657833e+01 1.972121e+01 -4.000000e+00
      vertex   -2.758285e+01 1.980090e+01 -3.000000e+00
      vertex   -2.734440e+01 2.075285e+01 -3.000000e+00
    endloop
  endfacet
  facet normal -6.806331e-01 1.823751e-01 -7.095617e-01
    outer loop
      vertex   -2.657833e+01 1.972121e+01 -4.000000e+00
      vertex   -2.734440e+01 2.075285e+01 -3.000000e+00
      vertex   -2.633451e+01 2.063115e+01 -4.000000e+00
    endloop
  endfacet
  facet normal -6.684881e-01 2.391889e-01 -7.042104e-01
    outer loop
      vertex   -2.633451e+01 2.063115e+01 -4.000000e+00
      vertex   -2.734440e+01 2.075285e+01 -3.000000e+00
      vertex   -2.701380e+01 2.167683e+01 -3.000000e+00
    endloop
  endfacet
  facet normal -6.572075e-01 2.522783e-01 -7.102351e-01
    outer loop
      vertex   -2.633451e+01 2.063115e+01 -4.000000e+00
      vertex   -2.701380e+01 2.167683e+01 -3.000000e+00
      vertex   -2.599691e+01 2.151063e+01 -4.000000e+00
    endloop
  endfacet
  facet normal -6.423196e-01 3.037945e-01 -7.036579e-01
    outer loop
      vertex   -2.599691e+01 2.151063e+01 -4.000000e+00
      vertex   -2.701380e+01 2.167683e+01 -3.000000e+00
      vertex   -2.659421e+01 2.256397e+01 -3.000000e+00
    endloop
  endfacet
  facet normal -6.267671e-01 3.193538e-01 -7.107575e-01
    outer loop
      vertex   -2.599691e+01 2.151063e+01 -4.000000e+00
      vertex   -2.659421e+01 2.256397e+01 -3.000000e+00
      vertex   -2.556923e+01 2.235000e+01 -4.000000e+00
    endloop
  endfacet
  facet normal -6.098020e-01 3.655013e-01 -7.032427e-01
    outer loop
      vertex   -2.556923e+01 2.235000e+01 -4.000000e+00
      vertex   -2.659421e+01 2.256397e+01 -3.000000e+00
      vertex   -2.608970e+01 2.340570e+01 -3.000000e+00
    endloop
  endfacet
  facet normal -5.896362e-01 3.829142e-01 -7.111299e-01
    outer loop
      vertex   -2.556923e+01 2.235000e+01 -4.000000e+00
      vertex   -2.608970e+01 2.340570e+01 -3.000000e+00
      vertex   -2.505615e+01 2.314007e+01 -4.000000e+00
    endloop
  endfacet
  facet normal -5.712605e-01 4.236756e-01 -7.029655e-01
    outer loop
      vertex   -2.505615e+01 2.314007e+01 -4.000000e+00
      vertex   -2.608970e+01 2.340570e+01 -3.000000e+00
      vertex   -2.550510e+01 2.419393e+01 -3.000000e+00
    endloop
  endfacet
  facet normal -5.462052e-01 4.423083e-01 -7.113531e-01
    outer loop
      vertex   -2.505615e+01 2.314007e+01 -4.000000e+00
      vertex   -2.550510e+01 2.419393e+01 -3.000000e+00
      vertex   -2.446330e+01 2.387218e+01 -4.000000e+00
    endloop
  endfacet
  facet normal -5.270838e-01 4.777209e-01 -7.028267e-01
    outer loop
      vertex   -2.446330e+01 2.387218e+01 -4.000000e+00
      vertex   -2.550510e+01 2.419393e+01 -3.000000e+00
      vertex   -2.484607e+01 2.492107e+01 -3.000000e+00
    endloop
  endfacet
  facet normal -4.969260e-01 4.969260e-01 -7.114275e-01
    outer loop
      vertex   -2.446330e+01 2.387218e+01 -4.000000e+00
      vertex   -2.484607e+01 2.492107e+01 -3.000000e+00
      vertex   -2.379718e+01 2.453830e+01 -4.000000e+00
    endloop
  endfacet
  facet normal -4.777209e-01 5.270838e-01 -7.028267e-01
    outer loop
      vertex   -2.379718e+01 2.453830e+01 -4.000000e+00
      vertex   -2.484607e+01 2.492107e+01 -3.000000e+00
      vertex   -2.411893e+01 2.558010e+01 -3.000000e+00
    endloop
  endfacet
  facet normal -4.423083e-01 5.462052e-01 -7.113531e-01
    outer loop
      vertex   -2.379718e+01 2.453830e+01 -4.000000e+00
      vertex   -2.411893e+01 2.558010e+01 -3.000000e+00
      vertex   -2.306507e+01 2.513115e+01 -4.000000e+00
    endloop
  endfacet
  facet normal -4.236756e-01 5.712605e-01 -7.029655e-01
    outer loop
      vertex   -2.306507e+01 2.513115e+01 -4.000000e+00
      vertex   -2.411893e+01 2.558010e+01 -3.000000e+00
      vertex   -2.333070e+01 2.616470e+01 -3.000000e+00
    endloop
  endfacet
  facet normal -3.829142e-01 5.896362e-01 -7.111299e-01
    outer loop
      vertex   -2.306507e+01 2.513115e+01 -4.000000e+00
      vertex   -2.333070e+01 2.616470e+01 -3.000000e+00
      vertex   -2.227500e+01 2.564423e+01 -4.000000e+00
    endloop
  endfacet
  facet normal -3.655013e-01 6.098020e-01 -7.032427e-01
    outer loop
      vertex   -2.227500e+01 2.564423e+01 -4.000000e+00
      vertex   -2.333070e+01 2.616470e+01 -3.000000e+00
      vertex   -2.248897e+01 2.666921e+01 -3.000000e+00
    endloop
  endfacet
  facet normal -3.193538e-01 6.267671e-01 -7.107575e-01
    outer loop
      vertex   -2.227500e+01 2.564423e+01 -4.000000e+00
      vertex   -2.248897e+01 2.666921e+01 -3.000000e+00
      vertex   -2.143563e+01 2.607191e+01 -4.000000e+00
    endloop
  endfacet
  facet normal -3.037945e-01 6.423196e-01 -7.036579e-01
    outer loop
      vertex   -2.143563e+01 2.607191e+01 -4.000000e+00
      vertex   -2.248897e+01 2.666921e+01 -3.000000e+00
      vertex   -2.160183e+01 2.708880e+01 -3.000000e+00
    endloop
  endfacet
  facet normal -2.522783e-01 6.572075e-01 -7.102351e-01
    outer loop
      vertex   -2.143563e+01 2.607191e+01 -4.000000e+00
      vertex   -2.160183e+01 2.708880e+01 -3.000000e+00
      vertex   -2.055615e+01 2.640951e+01 -4.000000e+00
    endloop
  endfacet
  facet normal -2.391889e-01 6.684881e-01 -7.042104e-01
    outer loop
      vertex   -2.055615e+01 2.640951e+01 -4.000000e+00
      vertex   -2.160183e+01 2.708880e+01 -3.000000e+00
      vertex   -2.067785e+01 2.741940e+01 -3.000000e+00
    endloop
  endfacet
  facet normal -1.823751e-01 6.806331e-01 -7.095617e-01
    outer loop
      vertex   -2.055615e+01 2.640951e+01 -4.000000e+00
      vertex   -2.067785e+01 2.741940e+01 -3.000000e+00
      vertex   -1.964621e+01 2.665333e+01 -4.000000e+00
    endloop
  endfacet
  facet normal -1.723477e-01 6.880504e-01 -7.048992e-01
    outer loop
      vertex   -1.964621e+01 2.665333e+01 -4.000000e+00
      vertex   -2.067785e+01 2.741940e+01 -3.000000e+00
      vertex   -1.972590e+01 2.765785e+01 -3.000000e+00
    endloop
  endfacet
  facet normal -1.103604e-01 6.967881e-01 -7.087361e-01
    outer loop
      vertex   -1.964621e+01 2.665333e+01 -4.000000e+00
      vertex   -1.972590e+01 2.765785e+01 -3.000000e+00
      vertex   -1.871576e+01 2.680070e+01 -4.000000e+00
    endloop
  endfacet
  facet normal -1.039568e-01 7.008195e-01 -7.057231e-01
    outer loop
      vertex   -1.871576e+01 2.680070e+01 -4.000000e+00
      vertex   -1.972590e+01 2.765785e+01 -3.000000e+00
      vertex   -1.875517e+01 2.780185e+01 -3.000000e+00
    endloop
  endfacet
  facet normal -3.697306e-02 7.054880e-01 -7.077568e-01
    outer loop
      vertex   -1.871576e+01 2.680070e+01 -4.000000e+00
      vertex   -1.875517e+01 2.780185e+01 -3.000000e+00
      vertex   -1.777500e+01 2.685000e+01 -4.000000e+00
    endloop
  endfacet
  facet normal -3.471699e-02 7.066805e-01 -7.066805e-01
    outer loop
      vertex   -1.777500e+01 2.685000e+01 -4.000000e+00
      vertex   -1.875517e+01 2.780185e+01 -3.000000e+00
      vertex   -1.777500e+01 2.785000e+01 -3.000000e+00
    endloop
  endfacet
  facet normal -7.071068e-01 -4.485978e-16 -7.071068e-01
    outer loop
      vertex   -2.777500e+01 -1.785000e+01 -3.000000e+00
      vertex   -2.777500e+01 -1.225000e+01 -3.000000e+00
      vertex   -2.677500e+01 -1.785000e+01 -4.000000e+00
    endloop
  endfacet
  facet normal -7.071068e-01 9.562438e-31 -7.071068e-01
    outer loop
      vertex   -2.677500e+01 -1.785000e+01 -4.000000e+00
      vertex   -2.777500e+01 -1.225000e+01 -3.000000e+00
      vertex   -2.777500e+01 -5.250000e+00 -3.000000e+00
    endloop
  endfacet
  facet normal -7.071068e-01 -7.036829e-17 -7.071068e-01
    outer loop
      vertex   -2.677500e+01 -1.785000e+01 -4.000000e+00
      vertex   -2.777500e+01 -5.250000e+00 -3.000000e+00
      vertex   -2.677500e+01 1.785000e+01 -4.000000e+00
    endloop
  endfacet
  facet normal -7.071068e-01 1.087510e-16 -7.071068e-01
    outer loop
      vertex   -2.677500e+01 1.785000e+01 -4.000000e+00
      vertex   -2.777500e+01 -5.250000e+00 -3.000000e+00
      vertex   -2.777500e+01 1.785000e+01 -3.000000e+00
    endloop
  endfacet
  facet normal -3.471699e-02 -7.066805e-01 -7.066805e-01
    outer loop
      vertex   -1.777500e+01 -2.785000e+01 -3.000000e+00
      vertex   -1.875517e+01 -2.780185e+01 -3.000000e+00
      vertex   -1.777500e+01 -2.685000e+01 -4.000000e+00
    endloop
  endfacet
  facet normal -3.697306e-02 -7.054880e-01 -7.077568e-01
    outer loop
      vertex   -1.777500e+01 -2.685000e+01 -4.000000e+00
      vertex   -1.875517e+01 -2.780185e+01 -3.000000e+00
      vertex   -1.871576e+01 -2.680070e+01 -4.000000e+00
    endloop
  endfacet
  facet normal -1.039568e-01 -7.008195e-01 -7.057231e-01
    outer loop
      vertex   -1.871576e+01 -2.680070e+01 -4.000000e+00
      vertex   -1.875517e+01 -2.780185e+01 -3.000000e+00
      vertex   -1.972590e+01 -2.765785e+01 -3.000000e+00
    endloop
  endfacet
  facet normal -1.103604e-01 -6.967881e-01 -7.087361e-01
    outer loop
      vertex   -1.871576e+01 -2.680070e+01 -4.000000e+00
      vertex   -1.972590e+01 -2.765785e+01 -3.000000e+00
      vertex   -1.964621e+01 -2.665333e+01 -4.000000e+00
    endloop
  endfacet
  facet normal -1.723477e-01 -6.880504e-01 -7.048992e-01
    outer loop
      vertex   -1.964621e+01 -2.665333e+01 -4.000000e+00
      vertex   -1.972590e+01 -2.765785e+01 -3.000000e+00
      vertex   -2.067785e+01 -2.741940e+01 -3.000000e+00
    endloop
  endfacet
  facet normal -1.823751e-01 -6.806331e-01 -7.095617e-01
    outer loop
      vertex   -1.964621e+01 -2.665333e+01 -4.000000e+00
      vertex   -2.067785e+01 -2.741940e+01 -3.000000e+00
      vertex   -2.055615e+01 -2.640951e+01 -4.000000e+00
    endloop
  endfacet
  facet normal -2.391889e-01 -6.684881e-01 -7.042104e-01
    outer loop
      vertex   -2.055615e+01 -2.640951e+01 -4.000000e+00
      vertex   -2.067785e+01 -2.741940e+01 -3.000000e+00
      vertex   -2.160183e+01 -2.708880e+01 -3.000000e+00
    endloop
  endfacet
  facet normal -2.522783e-01 -6.572075e-01 -7.102351e-01
    outer loop
      vertex   -2.055615e+01 -2.640951e+01 -4.000000e+00
      vertex   -2.160183e+01 -2.708880e+01 -3.000000e+00
      vertex   -2.143563e+01 -2.607191e+01 -4.000000e+00
    endloop
  endfacet
  facet normal -3.037945e-01 -6.423196e-01 -7.036579e-01
    outer loop
      vertex   -2.143563e+01 -2.607191e+01 -4.000000e+00
      vertex   -2.160183e+01 -2.708880e+01 -3.000000e+00
      vertex   -2.248897e+01 -2.666921e+01 -3.000000e+00
    endloop
  endfacet
  facet normal -3.193538e-01 -6.267671e-01 -7.107575e-01
    outer loop
      vertex   -2.143563e+01 -2.607191e+01 -4.000000e+00
      vertex   -2.248897e+01 -2.666921e+01 -3.000000e+00
      vertex   -2.227500e+01 -2.564423e+01 -4.000000e+00
    endloop
  endfacet
  facet normal -3.655013e-01 -6.098020e-01 -7.032427e-01
    outer loop
      vertex   -2.227500e+01 -2.564423e+01 -4.000000e+00
      vertex   -2.248897e+01 -2.666921e+01 -3.000000e+00
      vertex   -2.333070e+01 -2.616470e+01 -3.000000e+00
    endloop
  endfacet
  facet normal -3.829142e-01 -5.896362e-01 -7.111299e-01
    outer loop
      vertex   -2.227500e+01 -2.564423e+01 -4.000000e+00
      vertex   -2.333070e+01 -2.616470e+01 -3.000000e+00
      vertex   -2.306507e+01 -2.513115e+01 -4.000000e+00
    endloop
  endfacet
  facet normal -4.236756e-01 -5.712605e-01 -7.029655e-01
    outer loop
      vertex   -2.306507e+01 -2.513115e+01 -4.000000e+00
      vertex   -2.333070e+01 -2.616470e+01 -3.000000e+00
      vertex   -2.411893e+01 -2.558010e+01 -3.000000e+00
    endloop
  endfacet
  facet normal -4.423083e-01 -5.462052e-01 -7.113531e-01
    outer loop
      vertex   -2.306507e+01 -2.513115e+01 -4.000000e+00
      vertex   -2.411893e+01 -2.558010e+01 -3.000000e+00
      vertex   -2.379718e+01 -2.453830e+01 -4.000000e+00
    endloop
  endfacet
  facet normal -4.777209e-01 -5.270838e-01 -7.028267e-01
    outer loop
      vertex   -2.379718e+01 -2.453830e+01 -4.000000e+00
      vertex   -2.411893e+01 -2.558010e+01 -3.000000e+00
      vertex   -2.484607e+01 -2.492107e+01 -3.000000e+00
    endloop
  endfacet
  facet normal -4.969260e-01 -4.969260e-01 -7.114275e-01
    outer loop
      vertex   -2.379718e+01 -2.453830e+01 -4.000000e+00
      vertex   -2.484607e+01 -2.492107e+01 -3.000000e+00
      vertex   -2.446330e+01 -2.387218e+01 -4.000000e+00
    endloop
  endfacet
  facet normal -5.270838e-01 -4.777209e-01 -7.028267e-01
    outer loop
      vertex   -2.446330e+01 -2.387218e+01 -4.000000e+00
      vertex   -2.484607e+01 -2.492107e+01 -3.000000e+00
      vertex   -2.550510e+01 -2.419393e+01 -3.000000e+00
    endloop
  endfacet
  facet normal -5.462052e-01 -4.423083e-01 -7.113531e-01
    outer loop
      vertex   -2.446330e+01 -2.387218e+01 -4.000000e+00
      vertex   -2.550510e+01 -2.419393e+01 -3.000000e+00
      vertex   -2.505615e+01 -2.314007e+01 -4.000000e+00
    endloop
  endfacet
  facet normal -5.712605e-01 -4.236756e-01 -7.029655e-01
    outer loop
      vertex   -2.505615e+01 -2.314007e+01 -4.000000e+00
      vertex   -2.550510e+01 -2.419393e+01 -3.000000e+00
      vertex   -2.608970e+01 -2.340570e+01 -3.000000e+00
    endloop
  endfacet
  facet normal -5.896362e-01 -3.829142e-01 -7.111299e-01
    outer loop
      vertex   -2.505615e+01 -2.314007e+01 -4.000000e+00
      vertex   -2.608970e+01 -2.340570e+01 -3.000000e+00
      vertex   -2.556923e+01 -2.235000e+01 -4.000000e+00
    endloop
  endfacet
  facet normal -6.098020e-01 -3.655013e-01 -7.032427e-01
    outer loop
      vertex   -2.556923e+01 -2.235000e+01 -4.000000e+00
      vertex   -2.608970e+01 -2.340570e+01 -3.000000e+00
      vertex   -2.659421e+01 -2.256397e+01 -3.000000e+00
    endloop
  endfacet
  facet normal -6.267671e-01 -3.193538e-01 -7.107575e-01
    outer loop
      vertex   -2.556923e+01 -2.235000e+01 -4.000000e+00
      vertex   -2.659421e+01 -2.256397e+01 -3.000000e+00
      vertex   -2.599691e+01 -2.151063e+01 -4.000000e+00
    endloop
  endfacet
  facet normal -6.423196e-01 -3.037945e-01 -7.036579e-01
    outer loop
      vertex   -2.599691e+01 -2.151063e+01 -4.000000e+00
      vertex   -2.659421e+01 -2.256397e+01 -3.000000e+00
      vertex   -2.701380e+01 -2.167683e+01 -3.000000e+00
    endloop
  endfacet
  facet normal -6.572075e-01 -2.522783e-01 -7.102351e-01
    outer loop
      vertex   -2.599691e+01 -2.151063e+01 -4.000000e+00
      vertex   -2.701380e+01 -2.167683e+01 -3.000000e+00
      vertex   -2.633451e+01 -2.063115e+01 -4.000000e+00
    endloop
  endfacet
  facet normal -6.684881e-01 -2.391889e-01 -7.042104e-01
    outer loop
      vertex   -2.633451e+01 -2.063115e+01 -4.000000e+00
      vertex   -2.701380e+01 -2.167683e+01 -3.000000e+00
      vertex   -2.734440e+01 -2.075285e+01 -3.000000e+00
    endloop
  endfacet
  facet normal -6.806331e-01 -1.823751e-01 -7.095617e-01
    outer loop
      vertex   -2.633451e+01 -2.063115e+01 -4.000000e+00
      vertex   -2.734440e+01 -2.075285e+01 -3.000000e+00
      vertex   -2.657833e+01 -1.972121e+01 -4.000000e+00
    endloop
  endfacet
  facet normal -6.880504e-01 -1.723477e-01 -7.048992e-01
    outer loop
      vertex   -2.657833e+01 -1.972121e+01 -4.000000e+00
      vertex   -2.734440e+01 -2.075285e+01 -3.000000e+00
      vertex   -2.758285e+01 -1.980090e+01 -3.000000e+00
    endloop
  endfacet
  facet normal -6.967881e-01 -1.103604e-01 -7.087361e-01
    outer loop
      vertex   -2.657833e+01 -1.972121e+01 -4.000000e+00
      vertex   -2.758285e+01 -1.980090e+01 -3.000000e+00
      vertex   -2.672570e+01 -1.879076e+01 -4.000000e+00
    endloop
  endfacet
  facet normal -7.008195e-01 -1.039568e-01 -7.057231e-01
    outer loop
      vertex   -2.672570e+01 -1.879076e+01 -4.000000e+00
      vertex   -2.758285e+01 -1.980090e+01 -3.000000e+00
      vertex   -2.772685e+01 -1.883017e+01 -3.000000e+00
    endloop
  endfacet
  facet normal -7.054880e-01 -3.697306e-02 -7.077568e-01
    outer loop
      vertex   -2.672570e+01 -1.879076e+01 -4.000000e+00
      vertex   -2.772685e+01 -1.883017e+01 -3.000000e+00
      vertex   -2.677500e+01 -1.785000e+01 -4.000000e+00
    endloop
  endfacet
  facet normal -7.066805e-01 -3.471699e-02 -7.066805e-01
    outer loop
      vertex   -2.677500e+01 -1.785000e+01 -4.000000e+00
      vertex   -2.772685e+01 -1.883017e+01 -3.000000e+00
      vertex   -2.777500e+01 -1.785000e+01 -3.000000e+00
    endloop
  endfacet
  facet normal 7.071068e-01 -2.111049e-16 -7.071068e-01
    outer loop
      vertex   2.677500e+01 1.785000e+01 -4.000000e+00
      vertex   2.777500e+01 1.785000e+01 -3.000000e+00
      vertex   2.677500e+01 -1.785000e+01 -4.000000e+00
    endloop
  endfacet
  facet normal 7.071068e-01 6.249960e-32 -7.071068e-01
    outer loop
      vertex   2.677500e+01 -1.785000e+01 -4.000000e+00
      vertex   2.777500e+01 1.785000e+01 -3.000000e+00
      vertex   2.777500e+01 -1.785000e+01 -3.000000e+00
    endloop
  endfacet
  facet normal 3.471699e-02 7.066805e-01 -7.066805e-01
    outer loop
      vertex   1.777500e+01 2.785000e+01 -3.000000e+00
      vertex   1.875517e+01 2.780185e+01 -3.000000e+00
      vertex   1.777500e+01 2.685000e+01 -4.000000e+00
    endloop
  endfacet
  facet normal 3.697306e-02 7.054880e-01 -7.077568e-01
    outer loop
      vertex   1.777500e+01 2.685000e+01 -4.000000e+00
      vertex   1.875517e+01 2.780185e+01 -3.000000e+00
      vertex   1.871576e+01 2.680070e+01 -4.000000e+00
    endloop
  endfacet
  facet normal 1.039568e-01 7.008195e-01 -7.057231e-01
    outer loop
      vertex   1.871576e+01 2.680070e+01 -4.000000e+00
      vertex   1.875517e+01 2.780185e+01 -3.000000e+00
      vertex   1.972590e+01 2.765785e+01 -3.000000e+00
    endloop
  endfacet
  facet normal 1.103604e-01 6.967881e-01 -7.087361e-01
    outer loop
      vertex   1.871576e+01 2.680070e+01 -4.000000e+00
      vertex   1.972590e+01 2.765785e+01 -3.000000e+00
      vertex   1.964621e+01 2.665333e+01 -4.000000e+00
    endloop
  endfacet
  facet normal 1.723477e-01 6.880504e-01 -7.048992e-01
    outer loop
      vertex   1.964621e+01 2.665333e+01 -4.000000e+00
      vertex   1.972590e+01 2.765785e+01 -3.000000e+00
      vertex   2.067785e+01 2.741940e+01 -3.000000e+00
    endloop
  endfacet
  facet normal 1.823751e-01 6.806331e-01 -7.095617e-01
    outer loop
      vertex   1.964621e+01 2.665333e+01 -4.000000e+00
      vertex   2.067785e+01 2.741940e+01 -3.000000e+00
      vertex   2.055615e+01 2.640951e+01 -4.000000e+00
    endloop
  endfacet
  facet normal 2.391889e-01 6.684881e-01 -7.042104e-01
    outer loop
      vertex   2.055615e+01 2.640951e+01 -4.000000e+00
      vertex   2.067785e+01 2.741940e+01 -3.000000e+00
      vertex   2.160183e+01 2.708880e+01 -3.000000e+00
    endloop
  endfacet
  facet normal 2.522783e-01 6.572075e-01 -7.102351e-01
    outer loop
      vertex   2.055615e+01 2.640951e+01 -4.000000e+00
      vertex   2.160183e+01 2.708880e+01 -3.000000e+00
      vertex   2.143563e+01 2.607191e+01 -4.000000e+00
    endloop
  endfacet
  facet normal 3.037945e-01 6.423196e-01 -7.036579e-01
    outer loop
      vertex   2.143563e+01 2.607191e+01 -4.000000e+00
      vertex   2.160183e+01 2.708880e+01 -3.000000e+00
      vertex   2.248897e+01 2.666921e+01 -3.000000e+00
    endloop
  endfacet
  facet normal 3.193538e-01 6.267671e-01 -7.107575e-01
    outer loop
      vertex   2.143563e+01 2.607191e+01 -4.000000e+00
      vertex   2.248897e+01 2.666921e+01 -3.000000e+00
      vertex   2.227500e+01 2.564423e+01 -4.000000e+00
    endloop
  endfacet
  facet normal 3.655013e-01 6.098020e-01 -7.032427e-01
    outer loop
      vertex   2.227500e+01 2.564423e+01 -4.000000e+00
      vertex   2.248897e+01 2.666921e+01 -3.000000e+00
      vertex   2.333070e+01 2.616470e+01 -3.000000e+00
    endloop
  endfacet
  facet normal 3.829142e-01 5.896362e-01 -7.111299e-01
    outer loop
      vertex   2.227500e+01 2.564423e+01 -4.000000e+00
      vertex   2.333070e+01 2.616470e+01 -3.000000e+00
      vertex   2.306507e+01 2.513115e+01 -4.000000e+00
    endloop
  endfacet
  facet normal 4.236756e-01 5.712605e-01 -7.029655e-01
    outer loop
      vertex   2.306507e+01 2.513115e+01 -4.000000e+00
      vertex   2.333070e+01 2.616470e+01 -3.000000e+00
      vertex   2.411893e+01 2.558010e+01 -3.000000e+00
    endloop
  endfacet
  facet normal 4.423083e-01 5.462052e-01 -7.113531e-01
    outer loop
      vertex   2.306507e+01 2.513115e+01 -4.000000e+00
      vertex   2.411893e+01 2.558010e+01 -3.000000e+00
      vertex   2.379718e+01 2.453830e+01 -4.000000e+00
    endloop
  endfacet
  facet normal 4.777209e-01 5.270838e-01 -7.028267e-01
    outer loop
      vertex   2.379718e+01 2.453830e+01 -4.000000e+00
      vertex   2.411893e+01 2.558010e+01 -3.000000e+00
      vertex   2.484607e+01 2.492107e+01 -3.000000e+00
    endloop
  endfacet
  facet normal 4.969260e-01 4.969260e-01 -7.114275e-01
    outer loop
      vertex   2.379718e+01 2.453830e+01 -4.000000e+00
      vertex   2.484607e+01 2.492107e+01 -3.000000e+00
      vertex   2.446330e+01 2.387218e+01 -4.000000e+00
    endloop
  endfacet
  facet normal 5.270838e-01 4.777209e-01 -7.028267e-01
    outer loop
      vertex   2.446330e+01 2.387218e+01 -4.000000e+00
      vertex   2.484607e+01 2.492107e+01 -3.000000e+00
      vertex   2.550510e+01 2.419393e+01 -3.000000e+00
    endloop
  endfacet
  facet normal 5.462052e-01 4.423083e-01 -7.113531e-01
    outer loop
      vertex   2.446330e+01 2.387218e+01 -4.000000e+00
      vertex   2.550510e+01 2.419393e+01 -3.000000e+00
      vertex   2.505615e+01 2.314007e+01 -4.000000e+00
    endloop
  endfacet
  facet normal 5.712605e-01 4.236756e-01 -7.029655e-01
    outer loop
      vertex   2.505615e+01 2.314007e+01 -4.000000e+00
      vertex   2.550510e+01 2.419393e+01 -3.000000e+00
      vertex   2.608970e+01 2.340570e+01 -3.000000e+00
    endloop
  endfacet
  facet normal 5.896362e-01 3.829142e-01 -7.111299e-01
    outer loop
      vertex   2.505615e+01 2.314007e+01 -4.000000e+00
      vertex   2.608970e+01 2.340570e+01 -3.000000e+00
      vertex   2.556923e+01 2.235000e+01 -4.000000e+00
    endloop
  endfacet
  facet normal 6.098020e-01 3.655013e-01 -7.032427e-01
    outer loop
      vertex   2.556923e+01 2.235000e+01 -4.000000e+00
      vertex   2.608970e+01 2.340570e+01 -3.000000e+00
      vertex   2.659421e+01 2.256397e+01 -3.000000e+00
    endloop
  endfacet
  facet normal 6.267671e-01 3.193538e-01 -7.107575e-01
    outer loop
      vertex   2.556923e+01 2.235000e+01 -4.000000e+00
      vertex   2.659421e+01 2.256397e+01 -3.000000e+00
      vertex   2.599691e+01 2.151063e+01 -4.000000e+00
    endloop
  endfacet
  facet normal 6.423196e-01 3.037945e-01 -7.036579e-01
    outer loop
      vertex   2.599691e+01 2.151063e+01 -4.000000e+00
      vertex   2.659421e+01 2.256397e+01 -3.000000e+00
      vertex   2.701380e+01 2.167683e+01 -3.000000e+00
    endloop
  endfacet
  facet normal 6.572075e-01 2.522783e-01 -7.102351e-01
    outer loop
      vertex   2.599691e+01 2.151063e+01 -4.000000e+00
      vertex   2.701380e+01 2.167683e+01 -3.000000e+00
      vertex   2.633451e+01 2.063115e+01 -4.000000e+00
    endloop
  endfacet
  facet normal 6.684881e-01 2.391889e-01 -7.042104e-01
    outer loop
      vertex   2.633451e+01 2.063115e+01 -4.000000e+00
      vertex   2.701380e+01 2.167683e+01 -3.000000e+00
      vertex   2.734440e+01 2.075285e+01 -3.000000e+00
    endloop
  endfacet
  facet normal 6.806331e-01 1.823751e-01 -7.095617e-01
    outer loop
      vertex   2.633451e+01 2.063115e+01 -4.000000e+00
      vertex   2.734440e+01 2.075285e+01 -3.000000e+00
      vertex   2.657833e+01 1.972121e+01 -4.000000e+00
    endloop
  endfacet
  facet normal 6.880504e-01 1.723477e-01 -7.048992e-01
    outer loop
      vertex   2.657833e+01 1.972121e+01 -4.000000e+00
      vertex   2.734440e+01 2.075285e+01 -3.000000e+00
      vertex   2.758285e+01 1.980090e+01 -3.000000e+00
    endloop
  endfacet
  facet normal 6.967881e-01 1.103604e-01 -7.087361e-01
    outer loop
      vertex   2.657833e+01 1.972121e+01 -4.000000e+00
      vertex   2.758285e+01 1.980090e+01 -3.000000e+00
      vertex   2.672570e+01 1.879076e+01 -4.000000e+00
    endloop
  endfacet
  facet normal 7.008195e-01 1.039568e-01 -7.057231e-01
    outer loop
      vertex   2.672570e+01 1.879076e+01 -4.000000e+00
      vertex   2.758285e+01 1.980090e+01 -3.000000e+00
      vertex   2.772685e+01 1.883017e+01 -3.000000e+00
    endloop
  endfacet
  facet normal 7.054880e-01 3.697306e-02 -7.077568e-01
    outer loop
      vertex   2.672570e+01 1.879076e+01 -4.000000e+00
      vertex   2.772685e+01 1.883017e+01 -3.000000e+00
      vertex   2.677500e+01 1.785000e+01 -4.000000e+00
    endloop
  endfacet
  facet normal 7.066805e-01 3.471699e-02 -7.066805e-01
    outer loop
      vertex   2.677500e+01 1.785000e+01 -4.000000e+00
      vertex   2.772685e+01 1.883017e+01 -3.000000e+00
      vertex   2.777500e+01 1.785000e+01 -3.000000e+00
    endloop
  endfacet
  facet normal 4.906767e-02 9.987955e-01 -0.000000e+00
    outer loop
      vertex   1.777500e+01 2.785000e+01 -3.000000e+00
      vertex   1.777500e+01 2.785000e+01 3.500000e+00
      vertex   1.875517e+01 2.780185e+01 -3.000000e+00
    endloop
  endfacet
  facet normal 4.906767e-02 9.987955e-01 -0.000000e+00
    outer loop
      vertex   1.875517e+01 2.780185e+01 -3.000000e+00
      vertex   1.777500e+01 2.785000e+01 3.500000e+00
      vertex   1.875517e+01 2.780185e+01 3.500000e+00
    endloop
  endfacet
  facet normal 1.467305e-01 9.891765e-01 -0.000000e+00
    outer loop
      vertex   1.875517e+01 2.780185e+01 -3.000000e+00
      vertex   1.875517e+01 2.780185e+01 3.500000e+00
      vertex   1.972590e+01 2.765785e+01 -3.000000e+00
    endloop
  endfacet
  facet normal 1.467305e-01 9.891765e-01 -0.000000e+00
    outer loop
      vertex   1.972590e+01 2.765785e+01 -3.000000e+00
      vertex   1.875517e+01 2.780185e+01 3.500000e+00
      vertex   1.972590e+01 2.765785e+01 3.500000e+00
    endloop
  endfacet
  facet normal 2.429802e-01 9.700313e-01 -0.000000e+00
    outer loop
      vertex   1.972590e+01 2.765785e+01 -3.000000e+00
      vertex   1.972590e+01 2.765785e+01 3.500000e+00
      vertex   2.067785e+01 2.741940e+01 -3.000000e+00
    endloop
  endfacet
  facet normal 2.429802e-01 9.700313e-01 1.328060e-16
    outer loop
      vertex   2.067785e+01 2.741940e+01 -3.000000e+00
      vertex   1.972590e+01 2.765785e+01 3.500000e+00
      vertex   2.067785e+01 2.741940e+01 3.500000e+00
    endloop
  endfacet
  facet normal 3.368899e-01 9.415441e-01 1.841343e-16
    outer loop
      vertex   2.067785e+01 2.741940e+01 -3.000000e+00
      vertex   2.067785e+01 2.741940e+01 3.500000e+00
      vertex   2.160183e+01 2.708880e+01 -3.000000e+00
    endloop
  endfacet
  facet normal 3.368899e-01 9.415441e-01 -0.000000e+00
    outer loop
      vertex   2.160183e+01 2.708880e+01 -3.000000e+00
      vertex   2.067785e+01 2.741940e+01 3.500000e+00
      vertex   2.160183e+01 2.708880e+01 3.500000e+00
    endloop
  endfacet
  facet normal 4.275551e-01 9.039893e-01 -0.000000e+00
    outer loop
      vertex   2.160183e+01 2.708880e+01 -3.000000e+00
      vertex   2.160183e+01 2.708880e+01 3.500000e+00
      vertex   2.248897e+01 2.666921e+01 -3.000000e+00
    endloop
  endfacet
  facet normal 4.275551e-01 9.039893e-01 -0.000000e+00
    outer loop
      vertex   2.248897e+01 2.666921e+01 -3.000000e+00
      vertex   2.160183e+01 2.708880e+01 3.500000e+00
      vertex   2.248897e+01 2.666921e+01 3.500000e+00
    endloop
  endfacet
  facet normal 5.141027e-01 8.577286e-01 -0.000000e+00
    outer loop
      vertex   2.248897e+01 2.666921e+01 -3.000000e+00
      vertex   2.248897e+01 2.666921e+01 3.500000e+00
      vertex   2.333070e+01 2.616470e+01 -3.000000e+00
    endloop
  endfacet
  facet normal 5.141027e-01 8.577286e-01 -0.000000e+00
    outer loop
      vertex   2.333070e+01 2.616470e+01 -3.000000e+00
      vertex   2.248897e+01 2.666921e+01 3.500000e+00
      vertex   2.333070e+01 2.616470e+01 3.500000e+00
    endloop
  endfacet
  facet normal 5.956993e-01 8.032075e-01 -0.000000e+00
    outer loop
      vertex   2.333070e+01 2.616470e+01 -3.000000e+00
      vertex   2.333070e+01 2.616470e+01 3.500000e+00
      vertex   2.411893e+01 2.558010e+01 -3.000000e+00
    endloop
  endfacet
  facet normal 5.956993e-01 8.032075e-01 -0.000000e+00
    outer loop
      vertex   2.411893e+01 2.558010e+01 -3.000000e+00
      vertex   2.333070e+01 2.616470e+01 3.500000e+00
      vertex   2.411893e+01 2.558010e+01 3.500000e+00
    endloop
  endfacet
  facet normal 6.715590e-01 7.409511e-01 -0.000000e+00
    outer loop
      vertex   2.411893e+01 2.558010e+01 -3.000000e+00
      vertex   2.411893e+01 2.558010e+01 3.500000e+00
      vertex   2.484607e+01 2.492107e+01 -3.000000e+00
    endloop
  endfacet
  facet normal 6.715590e-01 7.409511e-01 -0.000000e+00
    outer loop
      vertex   2.484607e+01 2.492107e+01 -3.000000e+00
      vertex   2.411893e+01 2.558010e+01 3.500000e+00
      vertex   2.484607e+01 2.492107e+01 3.500000e+00
    endloop
  endfacet
  facet normal 7.409511e-01 6.715590e-01 -0.000000e+00
    outer loop
      vertex   2.484607e+01 2.492107e+01 -3.000000e+00
      vertex   2.484607e+01 2.492107e+01 3.500000e+00
      vertex   2.550510e+01 2.419393e+01 -3.000000e+00
    endloop
  endfacet
  facet normal 7.409511e-01 6.715590e-01 -0.000000e+00
    outer loop
      vertex   2.550510e+01 2.419393e+01 -3.000000e+00
      vertex   2.484607e+01 2.492107e+01 3.500000e+00
      vertex   2.550510e+01 2.419393e+01 3.500000e+00
    endloop
  endfacet
  facet normal 8.032075e-01 5.956993e-01 -0.000000e+00
    outer loop
      vertex   2.550510e+01 2.419393e+01 -3.000000e+00
      vertex   2.550510e+01 2.419393e+01 3.500000e+00
      vertex   2.608970e+01 2.340570e+01 -3.000000e+00
    endloop
  endfacet
  facet normal 8.032075e-01 5.956993e-01 -0.000000e+00
    outer loop
      vertex   2.608970e+01 2.340570e+01 -3.000000e+00
      vertex   2.550510e+01 2.419393e+01 3.500000e+00
      vertex   2.608970e+01 2.340570e+01 3.500000e+00
    endloop
  endfacet
  facet normal 8.577286e-01 5.141027e-01 -0.000000e+00
    outer loop
      vertex   2.608970e+01 2.340570e+01 -3.000000e+00
      vertex   2.608970e+01 2.340570e+01 3.500000e+00
      vertex   2.659421e+01 2.256397e+01 -3.000000e+00
    endloop
  endfacet
  facet normal 8.577286e-01 5.141027e-01 -0.000000e+00
    outer loop
      vertex   2.659421e+01 2.256397e+01 -3.000000e+00
      vertex   2.608970e+01 2.340570e+01 3.500000e+00
      vertex   2.659421e+01 2.256397e+01 3.500000e+00
    endloop
  endfacet
  facet normal 9.039893e-01 4.275551e-01 -0.000000e+00
    outer loop
      vertex   2.659421e+01 2.256397e+01 -3.000000e+00
      vertex   2.659421e+01 2.256397e+01 3.500000e+00
      vertex   2.701380e+01 2.167683e+01 -3.000000e+00
    endloop
  endfacet
  facet normal 9.039893e-01 4.275551e-01 -0.000000e+00
    outer loop
      vertex   2.701380e+01 2.167683e+01 -3.000000e+00
      vertex   2.659421e+01 2.256397e+01 3.500000e+00
      vertex   2.701380e+01 2.167683e+01 3.500000e+00
    endloop
  endfacet
  facet normal 9.415441e-01 3.368899e-01 -0.000000e+00
    outer loop
      vertex   2.701380e+01 2.167683e+01 -3.000000e+00
      vertex   2.701380e+01 2.167683e+01 3.500000e+00
      vertex   2.734440e+01 2.075285e+01 -3.000000e+00
    endloop
  endfacet
  facet normal 9.415441e-01 3.368899e-01 -0.000000e+00
    outer loop
      vertex   2.734440e+01 2.075285e+01 -3.000000e+00
      vertex   2.701380e+01 2.167683e+01 3.500000e+00
      vertex   2.734440e+01 2.075285e+01 3.500000e+00
    endloop
  endfacet
  facet normal 9.700313e-01 2.429802e-01 -0.000000e+00
    outer loop
      vertex   2.734440e+01 2.075285e+01 -3.000000e+00
      vertex   2.734440e+01 2.075285e+01 3.500000e+00
      vertex   2.758285e+01 1.980090e+01 -3.000000e+00
    endloop
  endfacet
  facet normal 9.700313e-01 2.429802e-01 -0.000000e+00
    outer loop
      vertex   2.758285e+01 1.980090e+01 -3.000000e+00
      vertex   2.734440e+01 2.075285e+01 3.500000e+00
      vertex   2.758285e+01 1.980090e+01 3.500000e+00
    endloop
  endfacet
  facet normal 9.891765e-01 1.467305e-01 -0.000000e+00
    outer loop
      vertex   2.758285e+01 1.980090e+01 -3.000000e+00
      vertex   2.758285e+01 1.980090e+01 3.500000e+00
      vertex   2.772685e+01 1.883017e+01 -3.000000e+00
    endloop
  endfacet
  facet normal 9.891765e-01 1.467305e-01 -0.000000e+00
    outer loop
      vertex   2.772685e+01 1.883017e+01 -3.000000e+00
      vertex   2.758285e+01 1.980090e+01 3.500000e+00
      vertex   2.772685e+01 1.883017e+01 3.500000e+00
    endloop
  endfacet
  facet normal 9.987955e-01 4.906767e-02 -0.000000e+00
    outer loop
      vertex   2.772685e+01 1.883017e+01 -3.000000e+00
      vertex   2.772685e+01 1.883017e+01 3.500000e+00
      vertex   2.777500e+01 1.785000e+01 -3.000000e+00
    endloop
  endfacet
  facet normal 9.987955e-01 4.906767e-02 -0.000000e+00
    outer loop
      vertex   2.777500e+01 1.785000e+01 -3.000000e+00
      vertex   2.772685e+01 1.883017e+01 3.500000e+00
      vertex   2.777500e+01 1.785000e+01 3.500000e+00
    endloop
  endfacet
  facet normal -0.000000e+00 9.937122e-01 1.119645e-01
    outer loop
      vertex   -2.777500e+01 -1.425000e+01 -1.000000e+00
      vertex   -2.677500e+01 -1.425000e+01 -1.000000e+00
      vertex   -2.777500e+01 -1.419986e+01 -1.445042e+00
    endloop
  endfacet
  facet normal -7.458332e-17 9.937122e-01 1.119645e-01
    outer loop
      vertex   -2.777500e+01 -1.419986e+01 -1.445042e+00
      vertex   -2.677500e+01 -1.425000e+01 -1.000000e+00
      vertex   -2.677500e+01 -1.419986e+01 -1.445042e+00
    endloop
  endfacet
  facet normal -2.200101e-16 9.438833e-01 3.302791e-01
    outer loop
      vertex   -2.777500e+01 -1.419986e+01 -1.445042e+00
      vertex   -2.677500e+01 -1.419986e+01 -1.445042e+00
      vertex   -2.777500e+01 -1.405194e+01 -1.867767e+00
    endloop
  endfacet
  facet normal -2.933467e-16 9.438833e-01 3.302791e-01
    outer loop
      vertex   -2.777500e+01 -1.405194e+01 -1.867767e+00
      vertex   -2.677500e+01 -1.419986e+01 -1.445042e+00
      vertex   -2.677500e+01 -1.405194e+01 -1.867767e+00
    endloop
  endfacet
  facet normal -4.725394e-16 8.467242e-01 5.320321e-01
    outer loop
      vertex   -2.777500e+01 -1.405194e+01 -1.867767e+00
      vertex   -2.677500e+01 -1.405194e+01 -1.867767e+00
      vertex   -2.777500e+01 -1.381366e+01 -2.246980e+00
    endloop
  endfacet
  facet normal -4.725394e-16 8.467242e-01 5.320321e-01
    outer loop
      vertex   -2.777500e+01 -1.381366e+01 -2.246980e+00
      vertex   -2.677500e+01 -1.405194e+01 -1.867767e+00
      vertex   -2.677500e+01 -1.381366e+01 -2.246980e+00
    endloop
  endfacet
  facet normal -6.280370e-16 7.071068e-01 7.071068e-01
    outer loop
      vertex   -2.777500e+01 -1.381366e+01 -2.246980e+00
      vertex   -2.677500e+01 -1.381366e+01 -2.246980e+00
      vertex   -2.777500e+01 -1.349698e+01 -2.563663e+00
    endloop
  endfacet
  facet normal 9.420555e-16 7.071068e-01 7.071068e-01
    outer loop
      vertex   -2.777500e+01 -1.349698e+01 -2.563663e+00
      vertex   -2.677500e+01 -1.381366e+01 -2.246980e+00
      vertex   -2.677500e+01 -1.349698e+01 -2.563663e+00
    endloop
  endfacet
  facet normal 5.690577e-16 5.320321e-01 8.467242e-01
    outer loop
      vertex   -2.777500e+01 -1.349698e+01 -2.563663e+00
      vertex   -2.677500e+01 -1.349698e+01 -2.563663e+00
      vertex   -2.777500e+01 -1.311777e+01 -2.801938e+00
    endloop
  endfacet
  facet normal -0.000000e+00 5.320321e-01 8.467242e-01
    outer loop
      vertex   -2.777500e+01 -1.311777e+01 -2.801938e+00
      vertex   -2.677500e+01 -1.349698e+01 -2.563663e+00
      vertex   -2.677500e+01 -1.311777e+01 -2.801938e+00
    endloop
  endfacet
  facet normal -0.000000e+00 3.302791e-01 9.438833e-01
    outer loop
      vertex   -2.777500e+01 -1.311777e+01 -2.801938e+00
      vertex   -2.677500e+01 -1.311777e+01 -2.801938e+00
      vertex   -2.777500e+01 -1.269504e+01 -2.949856e+00
    endloop
  endfacet
  facet normal 1.760080e-15 3.302791e-01 9.438833e-01
    outer loop
      vertex   -2.777500e+01 -1.269504e+01 -2.949856e+00
      vertex   -2.677500e+01 -1.311777e+01 -2.801938e+00
      vertex   -2.677500e+01 -1.269504e+01 -2.949856e+00
    endloop
  endfacet
  facet normal 5.966666e-16 1.119645e-01 9.937122e-01
    outer loop
      vertex   -2.777500e+01 -1.269504e+01 -2.949856e+00
      vertex   -2.677500e+01 -1.269504e+01 -2.949856e+00
      vertex   -2.777500e+01 -1.225000e+01 -3.000000e+00
    endloop
  endfacet
  facet normal -1.125002e-15 1.119645e-01 9.937122e-01
    outer loop
      vertex   -2.777500e+01 -1.225000e+01 -3.000000e+00
      vertex   -2.677500e+01 -1.269504e+01 -2.949856e+00
      vertex   -2.677500e+01 -1.225000e+01 -3.000000e+00
    endloop
  endfacet
  facet normal 0.000000e+00 0.000000e+00 1.000000e+00
    outer loop
      vertex   -1.258928e-01 -2.213843e+01 -3.000000e+00
      vertex   -5.075000e+00 -1.785000e+01 -3.000000e+00
      vertex   -7.500000e-02 -2.285000e+01 -3.000000e+00
    endloop
  endfacet
  facet normal 0.000000e+00 0.000000e+00 1.000000e+00
    outer loop
      vertex   -7.500000e-02 -2.285000e+01 -3.000000e+00
      vertex   -5.075000e+00 -1.785000e+01 -3.000000e+00
      vertex   -1.777500e+01 -2.685000e+01 -3.000000e+00
    endloop
  endfacet
  facet normal 7.526936e-17 -3.330669e-16 1.000000e+00
    outer loop
      vertex   -7.500000e-02 -2.285000e+01 -3.000000e+00
      vertex   -1.777500e+01 -2.685000e+01 -3.000000e+00
      vertex   -7.500000e-02 -2.685000e+01 -3.000000e+00
    endloop
  endfacet
  facet normal 0.000000e+00 0.000000e+00 1.000000e+00
    outer loop
      vertex   -1.258928e-01 -2.213843e+01 -3.000000e+00
      vertex   -2.775351e-01 -2.144134e+01 -3.000000e+00
      vertex   -5.075000e+00 -1.785000e+01 -3.000000e+00
    endloop
  endfacet
  facet normal 0.000000e+00 0.000000e+00 1.000000e+00
    outer loop
      vertex   -5.075000e+00 -1.785000e+01 -3.000000e+00
      vertex   -2.775351e-01 -2.144134e+01 -3.000000e+00
      vertex   -5.268400e-01 -2.077292e+01 -3.000000e+00
    endloop
  endfacet
  facet normal 0.000000e+00 0.000000e+00 1.000000e+00
    outer loop
      vertex   -5.075000e+00 -1.785000e+01 -3.000000e+00
      vertex   -5.268400e-01 -2.077292e+01 -3.000000e+00
      vertex   -8.687323e-01 -2.014680e+01 -3.000000e+00
    endloop
  endfacet
  facet normal 0.000000e+00 0.000000e+00 1.000000e+00
    outer loop
      vertex   -8.687323e-01 -2.014680e+01 -3.000000e+00
      vertex   -1.296252e+00 -1.957570e+01 -3.000000e+00
      vertex   -5.075000e+00 -1.785000e+01 -3.000000e+00
    endloop
  endfacet
  facet normal 0.000000e+00 0.000000e+00 1.000000e+00
    outer loop
      vertex   -5.075000e+00 -1.785000e+01 -3.000000e+00
      vertex   -1.296252e+00 -1.957570e+01 -3.000000e+00
      vertex   -1.800696e+00 -1.907125e+01 -3.000000e+00
    endloop
  endfacet
  facet normal 0.000000e+00 0.000000e+00 1.000000e+00
    outer loop
      vertex   -5.075000e+00 -1.785000e+01 -3.000000e+00
      vertex   -1.800696e+00 -1.907125e+01 -3.000000e+00
      vertex   -2.371796e+00 -1.864373e+01 -3.000000e+00
    endloop
  endfacet
  facet normal 0.000000e+00 0.000000e+00 1.000000e+00
    outer loop
      vertex   -2.371796e+00 -1.864373e+01 -3.000000e+00
      vertex   -2.997925e+00 -1.830184e+01 -3.000000e+00
      vertex   -5.075000e+00 -1.785000e+01 -3.000000e+00
    endloop
  endfacet
  facet normal 0.000000e+00 0.000000e+00 1.000000e+00
    outer loop
      vertex   -5.075000e+00 -1.785000e+01 -3.000000e+00
      vertex   -2.997925e+00 -1.830184e+01 -3.000000e+00
      vertex   -3.666337e+00 -1.805254e+01 -3.000000e+00
    endloop
  endfacet
  facet normal 0.000000e+00 0.000000e+00 1.000000e+00
    outer loop
      vertex   -5.075000e+00 -1.785000e+01 -3.000000e+00
      vertex   -3.666337e+00 -1.805254e+01 -3.000000e+00
      vertex   -4.363426e+00 -1.790089e+01 -3.000000e+00
    endloop
  endfacet
  facet normal 0.000000e+00 0.000000e+00 1.000000e+00
    outer loop
      vertex   -5.075000e+00 -1.785000e+01 -3.000000e+00
      vertex   -2.077500e+01 -1.785000e+01 -3.000000e+00
      vertex   -1.777500e+01 -2.685000e+01 -3.000000e+00
    endloop
  endfacet
  facet normal 0.000000e+00 0.000000e+00 1.000000e+00
    outer loop
      vertex   -1.777500e+01 -2.685000e+01 -3.000000e+00
      vertex   -2.077500e+01 -1.785000e+01 -3.000000e+00
      vertex   -2.306507e+01 -2.513115e+01 -3.000000e+00
    endloop
  endfacet
  facet normal 0.000000e+00 0.000000e+00 1.000000e+00
    outer loop
      vertex   -1.777500e+01 -2.685000e+01 -3.000000e+00
      vertex   -2.306507e+01 -2.513115e+01 -3.000000e+00
      vertex   -2.227500e+01 -2.564423e+01 -3.000000e+00
    endloop
  endfacet
  facet normal 0.000000e+00 0.000000e+00 1.000000e+00
    outer loop
      vertex   -2.077500e+01 -1.425000e+01 -3.000000e+00
      vertex   -2.677500e+01 -1.785000e+01 -3.000000e+00
      vertex   -2.077500e+01 -1.785000e+01 -3.000000e+00
    endloop
  endfacet
  facet normal 0.000000e+00 0.000000e+00 1.000000e+00
    outer loop
      vertex   -2.077500e+01 -1.785000e+01 -3.000000e+00
      vertex   -2.677500e+01 -1.785000e+01 -3.000000e+00
      vertex   -2.672570e+01 -1.879076e+01 -3.000000e+00
    endloop
  endfacet
  facet normal 0.000000e+00 0.000000e+00 1.000000e+00
    outer loop
      vertex   -2.077500e+01 -1.785000e+01 -3.000000e+00
      vertex   -2.672570e+01 -1.879076e+01 -3.000000e+00
      vertex   -2.657833e+01 -1.972121e+01 -3.000000e+00
    endloop
  endfacet
  facet normal 0.000000e+00 0.000000e+00 1.000000e+00
    outer loop
      vertex   1.992500e+01 -1.425000e+01 -3.000000e+00
      vertex   2.250000e-01 -1.325000e+01 -3.000000e+00
      vertex   -2.077500e+01 -1.425000e+01 -3.000000e+00
    endloop
  endfacet
  facet normal 0.000000e+00 0.000000e+00 1.000000e+00
    outer loop
      vertex   -2.077500e+01 -1.425000e+01 -3.000000e+00
      vertex   2.250000e-01 -1.325000e+01 -3.000000e+00
      vertex   -1.977500e+01 -1.325000e+01 -3.000000e+00
    endloop
  endfacet
  facet normal 0.000000e+00 -0.000000e+00 1.000000e+00
    outer loop
      vertex   -2.077500e+01 -1.425000e+01 -3.000000e+00
      vertex   -1.977500e+01 -1.325000e+01 -3.000000e+00
      vertex   -2.677500e+01 -1.225000e+01 -3.000000e+00
    endloop
  endfacet
  facet normal -0.000000e+00 0.000000e+00 1.000000e+00
    outer loop
      vertex   -2.677500e+01 -1.225000e+01 -3.000000e+00
      vertex   -1.977500e+01 -1.325000e+01 -3.000000e+00
      vertex   -2.677500e+01 -5.250000e+00 -3.000000e+00
    endloop
  endfacet
  facet normal -1.332268e-15 0.000000e+00 1.000000e+00
    outer loop
      vertex   -2.677500e+01 -1.225000e+01 -3.000000e+00
      vertex   -2.677500e+01 -5.250000e+00 -3.000000e+00
      vertex   -2.777500e+01 -5.250000e+00 -3.000000e+00
    endloop
  endfacet
  facet normal 0.000000e+00 0.000000e+00 1.000000e+00
    outer loop
      vertex   1.992500e+01 -2.658942e+01 -3.000000e+00
      vertex   2.456538e+01 -2.375684e+01 -3.000000e+00
      vertex   1.992500e+01 -1.425000e+01 -3.000000e+00
    endloop
  endfacet
  facet normal 0.000000e+00 0.000000e+00 1.000000e+00
    outer loop
      vertex   1.992500e+01 -1.425000e+01 -3.000000e+00
      vertex   2.456538e+01 -2.375684e+01 -3.000000e+00
      vertex   2.513296e+01 -2.303270e+01 -3.000000e+00
    endloop
  endfacet
  facet normal 0.000000e+00 0.000000e+00 1.000000e+00
    outer loop
      vertex   1.992500e+01 -1.425000e+01 -3.000000e+00
      vertex   2.513296e+01 -2.303270e+01 -3.000000e+00
      vertex   2.562365e+01 -2.225439e+01 -3.000000e+00
    endloop
  endfacet
  facet normal 0.000000e+00 -0.000000e+00 1.000000e+00
    outer loop
      vertex   2.080603e+01 -2.632425e+01 -3.000000e+00
      vertex   2.165539e+01 -2.597050e+01 -3.000000e+00
      vertex   1.992500e+01 -2.658942e+01 -3.000000e+00
    endloop
  endfacet
  facet normal 0.000000e+00 0.000000e+00 1.000000e+00
    outer loop
      vertex   1.992500e+01 -2.658942e+01 -3.000000e+00
      vertex   2.165539e+01 -2.597050e+01 -3.000000e+00
      vertex   2.246419e+01 -2.553190e+01 -3.000000e+00
    endloop
  endfacet
  facet normal 0.000000e+00 0.000000e+00 1.000000e+00
    outer loop
      vertex   1.992500e+01 -2.658942e+01 -3.000000e+00
      vertex   2.246419e+01 -2.553190e+01 -3.000000e+00
      vertex   2.322398e+01 -2.501300e+01 -3.000000e+00
    endloop
  endfacet
  facet normal 0.000000e+00 -0.000000e+00 1.000000e+00
    outer loop
      vertex   2.322398e+01 -2.501300e+01 -3.000000e+00
      vertex   2.392683e+01 -2.441925e+01 -3.000000e+00
      vertex   1.992500e+01 -2.658942e+01 -3.000000e+00
    endloop
  endfacet
  facet normal 0.000000e+00 0.000000e+00 1.000000e+00
    outer loop
      vertex   1.992500e+01 -2.658942e+01 -3.000000e+00
      vertex   2.392683e+01 -2.441925e+01 -3.000000e+00
      vertex   2.456538e+01 -2.375684e+01 -3.000000e+00
    endloop
  endfacet
  facet normal 0.000000e+00 -0.000000e+00 1.000000e+00
    outer loop
      vertex   2.562365e+01 -2.225439e+01 -3.000000e+00
      vertex   2.603231e+01 -2.143005e+01 -3.000000e+00
      vertex   1.992500e+01 -1.425000e+01 -3.000000e+00
    endloop
  endfacet
  facet normal 0.000000e+00 0.000000e+00 1.000000e+00
    outer loop
      vertex   1.992500e+01 -1.425000e+01 -3.000000e+00
      vertex   2.603231e+01 -2.143005e+01 -3.000000e+00
      vertex   2.635468e+01 -2.056830e+01 -3.000000e+00
    endloop
  endfacet
  facet normal 0.000000e+00 0.000000e+00 1.000000e+00
    outer loop
      vertex   1.992500e+01 -1.425000e+01 -3.000000e+00
      vertex   2.635468e+01 -2.056830e+01 -3.000000e+00
      vertex   2.658737e+01 -1.967814e+01 -3.000000e+00
    endloop
  endfacet
  facet normal 0.000000e+00 -0.000000e+00 1.000000e+00
    outer loop
      vertex   2.658737e+01 -1.967814e+01 -3.000000e+00
      vertex   2.672797e+01 -1.876887e+01 -3.000000e+00
      vertex   1.992500e+01 -1.425000e+01 -3.000000e+00
    endloop
  endfacet
  facet normal 0.000000e+00 0.000000e+00 1.000000e+00
    outer loop
      vertex   1.992500e+01 -1.425000e+01 -3.000000e+00
      vertex   2.672797e+01 -1.876887e+01 -3.000000e+00
      vertex   2.677500e+01 -1.785000e+01 -3.000000e+00
    endloop
  endfacet
  facet normal 0.000000e+00 0.000000e+00 1.000000e+00
    outer loop
      vertex   1.992500e+01 -1.425000e+01 -3.000000e+00
      vertex   2.677500e+01 -1.785000e+01 -3.000000e+00
      vertex   2.677500e+01 -1.687500e+01 -3.000000e+00
    endloop
  endfacet
  facet normal 0.000000e+00 0.000000e+00 1.000000e+00
    outer loop
      vertex   2.677500e+01 -1.687500e+01 -3.000000e+00
      vertex   2.672411e+01 -1.616343e+01 -3.000000e+00
      vertex   1.992500e+01 -1.425000e+01 -3.000000e+00
    endloop
  endfacet
  facet normal 0.000000e+00 0.000000e+00 1.000000e+00
    outer loop
      vertex   1.992500e+01 -1.425000e+01 -3.000000e+00
      vertex   2.672411e+01 -1.616343e+01 -3.000000e+00
      vertex   2.657246e+01 -1.546634e+01 -3.000000e+00
    endloop
  endfacet
  facet normal 0.000000e+00 0.000000e+00 1.000000e+00
    outer loop
      vertex   1.992500e+01 -1.425000e+01 -3.000000e+00
      vertex   2.657246e+01 -1.546634e+01 -3.000000e+00
      vertex   2.632316e+01 -1.479792e+01 -3.000000e+00
    endloop
  endfacet
  facet normal 0.000000e+00 0.000000e+00 1.000000e+00
    outer loop
      vertex   2.632316e+01 -1.479792e+01 -3.000000e+00
      vertex   2.598127e+01 -1.417180e+01 -3.000000e+00
      vertex   1.992500e+01 -1.425000e+01 -3.000000e+00
    endloop
  endfacet
  facet normal 0.000000e+00 0.000000e+00 1.000000e+00
    outer loop
      vertex   1.992500e+01 -1.425000e+01 -3.000000e+00
      vertex   2.598127e+01 -1.417180e+01 -3.000000e+00
      vertex   2.555375e+01 -1.360070e+01 -3.000000e+00
    endloop
  endfacet
  facet normal 0.000000e+00 0.000000e+00 1.000000e+00
    outer loop
      vertex   1.992500e+01 -1.425000e+01 -3.000000e+00
      vertex   2.555375e+01 -1.360070e+01 -3.000000e+00
      vertex   2.504930e+01 -1.309625e+01 -3.000000e+00
    endloop
  endfacet
  facet normal 0.000000e+00 0.000000e+00 1.000000e+00
    outer loop
      vertex   2.504930e+01 -1.309625e+01 -3.000000e+00
      vertex   2.447820e+01 -1.266873e+01 -3.000000e+00
      vertex   1.992500e+01 -1.425000e+01 -3.000000e+00
    endloop
  endfacet
  facet normal 0.000000e+00 0.000000e+00 1.000000e+00
    outer loop
      vertex   1.992500e+01 -1.425000e+01 -3.000000e+00
      vertex   2.447820e+01 -1.266873e+01 -3.000000e+00
      vertex   2.385208e+01 -1.232684e+01 -3.000000e+00
    endloop
  endfacet
  facet normal 0.000000e+00 0.000000e+00 1.000000e+00
    outer loop
      vertex   1.992500e+01 -1.425000e+01 -3.000000e+00
      vertex   2.385208e+01 -1.232684e+01 -3.000000e+00
      vertex   2.318366e+01 -1.207754e+01 -3.000000e+00
    endloop
  endfacet
  facet normal 0.000000e+00 0.000000e+00 1.000000e+00
    outer loop
      vertex   2.318366e+01 -1.207754e+01 -3.000000e+00
      vertex   2.248657e+01 -1.192589e+01 -3.000000e+00
      vertex   1.992500e+01 -1.425000e+01 -3.000000e+00
    endloop
  endfacet
  facet normal 0.000000e+00 0.000000e+00 1.000000e+00
    outer loop
      vertex   1.992500e+01 -1.425000e+01 -3.000000e+00
      vertex   2.248657e+01 -1.192589e+01 -3.000000e+00
      vertex   2.177500e+01 -1.187500e+01 -3.000000e+00
    endloop
  endfacet
  facet normal 0.000000e+00 0.000000e+00 1.000000e+00
    outer loop
      vertex   1.992500e+01 -1.425000e+01 -3.000000e+00
      vertex   2.177500e+01 -1.187500e+01 -3.000000e+00
      vertex   2.122500e+01 -1.187500e+01 -3.000000e+00
    endloop
  endfacet
  facet normal 0.000000e+00 0.000000e+00 1.000000e+00
    outer loop
      vertex   2.122500e+01 -1.187500e+01 -3.000000e+00
      vertex   2.068235e+01 -1.182752e+01 -3.000000e+00
      vertex   1.992500e+01 -1.425000e+01 -3.000000e+00
    endloop
  endfacet
  facet normal 0.000000e+00 0.000000e+00 1.000000e+00
    outer loop
      vertex   1.992500e+01 -1.425000e+01 -3.000000e+00
      vertex   2.068235e+01 -1.182752e+01 -3.000000e+00
      vertex   2.015619e+01 -1.168654e+01 -3.000000e+00
    endloop
  endfacet
  facet normal 0.000000e+00 -0.000000e+00 1.000000e+00
    outer loop
      vertex   1.992500e+01 -1.425000e+01 -3.000000e+00
      vertex   2.015619e+01 -1.168654e+01 -3.000000e+00
      vertex   1.966250e+01 -1.145633e+01 -3.000000e+00
    endloop
  endfacet
  facet normal 0.000000e+00 0.000000e+00 1.000000e+00
    outer loop
      vertex   1.966250e+01 -1.145633e+01 -3.000000e+00
      vertex   1.921629e+01 -1.114389e+01 -3.000000e+00
      vertex   1.992500e+01 -1.425000e+01 -3.000000e+00
    endloop
  endfacet
  facet normal 0.000000e+00 0.000000e+00 1.000000e+00
    outer loop
      vertex   1.992500e+01 -1.425000e+01 -3.000000e+00
      vertex   1.921629e+01 -1.114389e+01 -3.000000e+00
      vertex   1.883111e+01 -1.075871e+01 -3.000000e+00
    endloop
  endfacet
  facet normal 0.000000e+00 0.000000e+00 1.000000e+00
    outer loop
      vertex   1.992500e+01 -1.425000e+01 -3.000000e+00
      vertex   1.883111e+01 -1.075871e+01 -3.000000e+00
      vertex   2.250000e-01 -1.325000e+01 -3.000000e+00
    endloop
  endfacet
  facet normal 0.000000e+00 0.000000e+00 1.000000e+00
    outer loop
      vertex   2.250000e-01 -1.325000e+01 -3.000000e+00
      vertex   1.883111e+01 -1.075871e+01 -3.000000e+00
      vertex   1.851867e+01 -1.031250e+01 -3.000000e+00
    endloop
  endfacet
  facet normal 0.000000e+00 0.000000e+00 1.000000e+00
    outer loop
      vertex   2.250000e-01 -1.325000e+01 -3.000000e+00
      vertex   1.851867e+01 -1.031250e+01 -3.000000e+00
      vertex   1.828846e+01 -9.818813e+00 -3.000000e+00
    endloop
  endfacet
  facet normal 0.000000e+00 0.000000e+00 1.000000e+00
    outer loop
      vertex   1.828846e+01 -9.818813e+00 -3.000000e+00
      vertex   1.814748e+01 -9.292651e+00 -3.000000e+00
      vertex   2.250000e-01 -1.325000e+01 -3.000000e+00
    endloop
  endfacet
  facet normal 0.000000e+00 0.000000e+00 1.000000e+00
    outer loop
      vertex   2.250000e-01 -1.325000e+01 -3.000000e+00
      vertex   1.814748e+01 -9.292651e+00 -3.000000e+00
      vertex   1.810000e+01 -8.750000e+00 -3.000000e+00
    endloop
  endfacet
  facet normal 0.000000e+00 0.000000e+00 1.000000e+00
    outer loop
      vertex   2.250000e-01 -1.325000e+01 -3.000000e+00
      vertex   1.810000e+01 -8.750000e+00 -3.000000e+00
      vertex   2.250000e-01 -4.250000e+00 -3.000000e+00
    endloop
  endfacet
  facet normal 0.000000e+00 0.000000e+00 1.000000e+00
    outer loop
      vertex   2.250000e-01 -4.250000e+00 -3.000000e+00
      vertex   1.810000e+01 -8.750000e+00 -3.000000e+00
      vertex   1.814748e+01 -8.207349e+00 -3.000000e+00
    endloop
  endfacet
  facet normal -0.000000e+00 0.000000e+00 1.000000e+00
    outer loop
      vertex   2.250000e-01 -4.250000e+00 -3.000000e+00
      vertex   1.814748e+01 -8.207349e+00 -3.000000e+00
      vertex   1.467500e+01 -3.250000e+00 -3.000000e+00
    endloop
  endfacet
  facet normal 0.000000e+00 0.000000e+00 1.000000e+00
    outer loop
      vertex   1.467500e+01 -3.250000e+00 -3.000000e+00
      vertex   1.814748e+01 -8.207349e+00 -3.000000e+00
      vertex   1.828846e+01 -7.681187e+00 -3.000000e+00
    endloop
  endfacet
  facet normal 0.000000e+00 0.000000e+00 1.000000e+00
    outer loop
      vertex   1.467500e+01 -3.250000e+00 -3.000000e+00
      vertex   1.828846e+01 -7.681187e+00 -3.000000e+00
      vertex   1.851867e+01 -7.187500e+00 -3.000000e+00
    endloop
  endfacet
  facet normal 0.000000e+00 -0.000000e+00 1.000000e+00
    outer loop
      vertex   1.851867e+01 -7.187500e+00 -3.000000e+00
      vertex   1.883111e+01 -6.741289e+00 -3.000000e+00
      vertex   1.467500e+01 -3.250000e+00 -3.000000e+00
    endloop
  endfacet
  facet normal 0.000000e+00 0.000000e+00 1.000000e+00
    outer loop
      vertex   1.467500e+01 -3.250000e+00 -3.000000e+00
      vertex   1.883111e+01 -6.741289e+00 -3.000000e+00
      vertex   1.921629e+01 -6.356111e+00 -3.000000e+00
    endloop
  endfacet
  facet normal 0.000000e+00 0.000000e+00 1.000000e+00
    outer loop
      vertex   1.467500e+01 -3.250000e+00 -3.000000e+00
      vertex   1.921629e+01 -6.356111e+00 -3.000000e+00
      vertex   1.966250e+01 -6.043671e+00 -3.000000e+00
    endloop
  endfacet
  facet normal 0.000000e+00 -0.000000e+00 1.000000e+00
    outer loop
      vertex   1.966250e+01 -6.043671e+00 -3.000000e+00
      vertex   2.015619e+01 -5.813461e+00 -3.000000e+00
      vertex   1.467500e+01 -3.250000e+00 -3.000000e+00
    endloop
  endfacet
  facet normal 0.000000e+00 0.000000e+00 1.000000e+00
    outer loop
      vertex   1.467500e+01 -3.250000e+00 -3.000000e+00
      vertex   2.015619e+01 -5.813461e+00 -3.000000e+00
      vertex   2.068235e+01 -5.672476e+00 -3.000000e+00
    endloop
  endfacet
  facet normal 0.000000e+00 0.000000e+00 1.000000e+00
    outer loop
      vertex   1.467500e+01 -3.250000e+00 -3.000000e+00
      vertex   2.068235e+01 -5.672476e+00 -3.000000e+00
      vertex   2.122500e+01 -5.625000e+00 -3.000000e+00
    endloop
  endfacet
  facet normal 0.000000e+00 -0.000000e+00 1.000000e+00
    outer loop
      vertex   2.177500e+01 -5.625000e+00 -3.000000e+00
      vertex   2.447820e+01 -4.831268e+00 -3.000000e+00
      vertex   2.122500e+01 -5.625000e+00 -3.000000e+00
    endloop
  endfacet
  facet normal 0.000000e+00 0.000000e+00 1.000000e+00
    outer loop
      vertex   2.122500e+01 -5.625000e+00 -3.000000e+00
      vertex   2.447820e+01 -4.831268e+00 -3.000000e+00
      vertex   2.504930e+01 -4.403748e+00 -3.000000e+00
    endloop
  endfacet
  facet normal 0.000000e+00 0.000000e+00 1.000000e+00
    outer loop
      vertex   2.122500e+01 -5.625000e+00 -3.000000e+00
      vertex   2.504930e+01 -4.403748e+00 -3.000000e+00
      vertex   2.555375e+01 -3.899304e+00 -3.000000e+00
    endloop
  endfacet
  facet normal 0.000000e+00 -0.000000e+00 1.000000e+00
    outer loop
      vertex   2.248657e+01 -5.574107e+00 -3.000000e+00
      vertex   2.318366e+01 -5.422465e+00 -3.000000e+00
      vertex   2.177500e+01 -5.625000e+00 -3.000000e+00
    endloop
  endfacet
  facet normal 0.000000e+00 0.000000e+00 1.000000e+00
    outer loop
      vertex   2.177500e+01 -5.625000e+00 -3.000000e+00
      vertex   2.318366e+01 -5.422465e+00 -3.000000e+00
      vertex   2.385208e+01 -5.173160e+00 -3.000000e+00
    endloop
  endfacet
  facet normal 0.000000e+00 0.000000e+00 1.000000e+00
    outer loop
      vertex   2.177500e+01 -5.625000e+00 -3.000000e+00
      vertex   2.385208e+01 -5.173160e+00 -3.000000e+00
      vertex   2.447820e+01 -4.831268e+00 -3.000000e+00
    endloop
  endfacet
  facet normal 0.000000e+00 -0.000000e+00 1.000000e+00
    outer loop
      vertex   2.122500e+01 -5.625000e+00 -3.000000e+00
      vertex   2.555375e+01 -3.899304e+00 -3.000000e+00
      vertex   1.467500e+01 -3.250000e+00 -3.000000e+00
    endloop
  endfacet
  facet normal 0.000000e+00 0.000000e+00 1.000000e+00
    outer loop
      vertex   1.467500e+01 -3.250000e+00 -3.000000e+00
      vertex   2.555375e+01 -3.899304e+00 -3.000000e+00
      vertex   2.598127e+01 -3.328204e+00 -3.000000e+00
    endloop
  endfacet
  facet normal -0.000000e+00 0.000000e+00 1.000000e+00
    outer loop
      vertex   1.467500e+01 -3.250000e+00 -3.000000e+00
      vertex   2.598127e+01 -3.328204e+00 -3.000000e+00
      vertex   2.632316e+01 -2.702075e+00 -3.000000e+00
    endloop
  endfacet
  facet normal 0.000000e+00 -0.000000e+00 1.000000e+00
    outer loop
      vertex   2.632316e+01 -2.702075e+00 -3.000000e+00
      vertex   2.657246e+01 -2.033663e+00 -3.000000e+00
      vertex   1.467500e+01 -3.250000e+00 -3.000000e+00
    endloop
  endfacet
  facet normal 0.000000e+00 0.000000e+00 1.000000e+00
    outer loop
      vertex   1.467500e+01 -3.250000e+00 -3.000000e+00
      vertex   2.657246e+01 -2.033663e+00 -3.000000e+00
      vertex   1.467500e+01 3.500000e-01 -3.000000e+00
    endloop
  endfacet
  facet normal 0.000000e+00 0.000000e+00 1.000000e+00
    outer loop
      vertex   1.467500e+01 3.500000e-01 -3.000000e+00
      vertex   2.657246e+01 -2.033663e+00 -3.000000e+00
      vertex   2.672411e+01 -1.336574e+00 -3.000000e+00
    endloop
  endfacet
  facet normal 0.000000e+00 0.000000e+00 1.000000e+00
    outer loop
      vertex   1.467500e+01 3.500000e-01 -3.000000e+00
      vertex   2.672411e+01 -1.336574e+00 -3.000000e+00
      vertex   2.677500e+01 -6.250000e-01 -3.000000e+00
    endloop
  endfacet
  facet normal 4.337460e-17 5.382900e-16 1.000000e+00
    outer loop
      vertex   2.677500e+01 -6.250000e-01 -3.000000e+00
      vertex   2.677500e+01 1.850000e+00 -3.000000e+00
      vertex   1.467500e+01 3.500000e-01 -3.000000e+00
    endloop
  endfacet
  facet normal 1.567374e-16 -3.761697e-16 1.000000e+00
    outer loop
      vertex   1.467500e+01 3.500000e-01 -3.000000e+00
      vertex   2.677500e+01 1.850000e+00 -3.000000e+00
      vertex   2.427500e+01 4.350000e+00 -3.000000e+00
    endloop
  endfacet
  facet normal 0.000000e+00 -0.000000e+00 1.000000e+00
    outer loop
      vertex   1.467500e+01 3.500000e-01 -3.000000e+00
      vertex   2.427500e+01 4.350000e+00 -3.000000e+00
      vertex   -2.427500e+01 4.350000e+00 -3.000000e+00
    endloop
  endfacet
  facet normal -2.438895e-15 -2.971802e-15 1.000000e+00
    outer loop
      vertex   2.677500e+01 1.850000e+00 -3.000000e+00
      vertex   2.672696e+01 2.337726e+00 -3.000000e+00
      vertex   2.427500e+01 4.350000e+00 -3.000000e+00
    endloop
  endfacet
  facet normal 0.000000e+00 0.000000e+00 1.000000e+00
    outer loop
      vertex   2.427500e+01 4.350000e+00 -3.000000e+00
      vertex   2.672696e+01 2.337726e+00 -3.000000e+00
      vertex   2.658470e+01 2.806709e+00 -3.000000e+00
    endloop
  endfacet
  facet normal 0.000000e+00 0.000000e+00 1.000000e+00
    outer loop
      vertex   2.427500e+01 4.350000e+00 -3.000000e+00
      vertex   2.658470e+01 2.806709e+00 -3.000000e+00
      vertex   2.635367e+01 3.238926e+00 -3.000000e+00
    endloop
  endfacet
  facet normal 0.000000e+00 0.000000e+00 1.000000e+00
    outer loop
      vertex   2.635367e+01 3.238926e+00 -3.000000e+00
      vertex   2.604277e+01 3.617767e+00 -3.000000e+00
      vertex   2.427500e+01 4.350000e+00 -3.000000e+00
    endloop
  endfacet
  facet normal 0.000000e+00 0.000000e+00 1.000000e+00
    outer loop
      vertex   2.427500e+01 4.350000e+00 -3.000000e+00
      vertex   2.604277e+01 3.617767e+00 -3.000000e+00
      vertex   2.566393e+01 3.928674e+00 -3.000000e+00
    endloop
  endfacet
  facet normal 0.000000e+00 0.000000e+00 1.000000e+00
    outer loop
      vertex   2.427500e+01 4.350000e+00 -3.000000e+00
      vertex   2.566393e+01 3.928674e+00 -3.000000e+00
      vertex   2.523171e+01 4.159699e+00 -3.000000e+00
    endloop
  endfacet
  facet normal 0.000000e+00 0.000000e+00 1.000000e+00
    outer loop
      vertex   2.523171e+01 4.159699e+00 -3.000000e+00
      vertex   2.476273e+01 4.301963e+00 -3.000000e+00
      vertex   2.427500e+01 4.350000e+00 -3.000000e+00
    endloop
  endfacet
  facet normal -0.000000e+00 0.000000e+00 1.000000e+00
    outer loop
      vertex   -2.476273e+01 4.301963e+00 -3.000000e+00
      vertex   -2.523171e+01 4.159699e+00 -3.000000e+00
      vertex   -2.427500e+01 4.350000e+00 -3.000000e+00
    endloop
  endfacet
  facet normal 0.000000e+00 0.000000e+00 1.000000e+00
    outer loop
      vertex   -2.427500e+01 4.350000e+00 -3.000000e+00
      vertex   -2.523171e+01 4.159699e+00 -3.000000e+00
      vertex   -2.566393e+01 3.928674e+00 -3.000000e+00
    endloop
  endfacet
  facet normal 0.000000e+00 0.000000e+00 1.000000e+00
    outer loop
      vertex   -2.427500e+01 4.350000e+00 -3.000000e+00
      vertex   -2.566393e+01 3.928674e+00 -3.000000e+00
      vertex   -2.604277e+01 3.617767e+00 -3.000000e+00
    endloop
  endfacet
  facet normal -0.000000e+00 0.000000e+00 1.000000e+00
    outer loop
      vertex   -2.604277e+01 3.617767e+00 -3.000000e+00
      vertex   -2.635367e+01 3.238926e+00 -3.000000e+00
      vertex   -2.427500e+01 4.350000e+00 -3.000000e+00
    endloop
  endfacet
  facet normal 0.000000e+00 0.000000e+00 1.000000e+00
    outer loop
      vertex   -2.427500e+01 4.350000e+00 -3.000000e+00
      vertex   -2.635367e+01 3.238926e+00 -3.000000e+00
      vertex   -2.658470e+01 2.806709e+00 -3.000000e+00
    endloop
  endfacet
  facet normal 0.000000e+00 0.000000e+00 1.000000e+00
    outer loop
      vertex   -2.427500e+01 4.350000e+00 -3.000000e+00
      vertex   -2.658470e+01 2.806709e+00 -3.000000e+00
      vertex   -2.077500e+01 3.500000e-01 -3.000000e+00
    endloop
  endfacet
  facet normal 0.000000e+00 0.000000e+00 1.000000e+00
    outer loop
      vertex   -2.077500e+01 3.500000e-01 -3.000000e+00
      vertex   -2.658470e+01 2.806709e+00 -3.000000e+00
      vertex   -2.672696e+01 2.337726e+00 -3.000000e+00
    endloop
  endfacet
  facet normal -8.831957e-16 -2.644604e-15 1.000000e+00
    outer loop
      vertex   -2.077500e+01 3.500000e-01 -3.000000e+00
      vertex   -2.672696e+01 2.337726e+00 -3.000000e+00
      vertex   -2.677500e+01 1.850000e+00 -3.000000e+00
    endloop
  endfacet
  facet normal -2.220446e-16 0.000000e+00 1.000000e+00
    outer loop
      vertex   -2.077500e+01 3.500000e-01 -3.000000e+00
      vertex   -2.677500e+01 1.850000e+00 -3.000000e+00
      vertex   -2.077500e+01 -3.250000e+00 -3.000000e+00
    endloop
  endfacet
  facet normal -6.254778e-17 1.876433e-16 1.000000e+00
    outer loop
      vertex   -2.077500e+01 -3.250000e+00 -3.000000e+00
      vertex   -2.677500e+01 1.850000e+00 -3.000000e+00
      vertex   -2.677500e+01 -5.250000e+00 -3.000000e+00
    endloop
  endfacet
  facet normal 0.000000e+00 0.000000e+00 1.000000e+00
    outer loop
      vertex   -2.077500e+01 -3.250000e+00 -3.000000e+00
      vertex   -2.677500e+01 -5.250000e+00 -3.000000e+00
      vertex   -1.977500e+01 -4.250000e+00 -3.000000e+00
    endloop
  endfacet
  facet normal 0.000000e+00 0.000000e+00 1.000000e+00
    outer loop
      vertex   -1.977500e+01 -4.250000e+00 -3.000000e+00
      vertex   -2.677500e+01 -5.250000e+00 -3.000000e+00
      vertex   -1.977500e+01 -1.325000e+01 -3.000000e+00
    endloop
  endfacet
  facet normal -1.332268e-15 0.000000e+00 1.000000e+00
    outer loop
      vertex   -2.777500e+01 -5.250000e+00 -3.000000e+00
      vertex   -2.777500e+01 -1.225000e+01 -3.000000e+00
      vertex   -2.677500e+01 -1.225000e+01 -3.000000e+00
    endloop
  endfacet
  facet normal 0.000000e+00 0.000000e+00 1.000000e+00
    outer loop
      vertex   -2.677500e+01 -1.225000e+01 -3.000000e+00
      vertex   -2.677500e+01 -1.785000e+01 -3.000000e+00
      vertex   -2.077500e+01 -1.425000e+01 -3.000000e+00
    endloop
  endfacet
  facet normal -0.000000e+00 0.000000e+00 1.000000e+00
    outer loop
      vertex   -2.657833e+01 -1.972121e+01 -3.000000e+00
      vertex   -2.633451e+01 -2.063115e+01 -3.000000e+00
      vertex   -2.077500e+01 -1.785000e+01 -3.000000e+00
    endloop
  endfacet
  facet normal 0.000000e+00 0.000000e+00 1.000000e+00
    outer loop
      vertex   -2.077500e+01 -1.785000e+01 -3.000000e+00
      vertex   -2.633451e+01 -2.063115e+01 -3.000000e+00
      vertex   -2.599691e+01 -2.151063e+01 -3.000000e+00
    endloop
  endfacet
  facet normal 0.000000e+00 0.000000e+00 1.000000e+00
    outer loop
      vertex   -2.077500e+01 -1.785000e+01 -3.000000e+00
      vertex   -2.599691e+01 -2.151063e+01 -3.000000e+00
      vertex   -2.556923e+01 -2.235000e+01 -3.000000e+00
    endloop
  endfacet
  facet normal -0.000000e+00 0.000000e+00 1.000000e+00
    outer loop
      vertex   -2.556923e+01 -2.235000e+01 -3.000000e+00
      vertex   -2.505615e+01 -2.314007e+01 -3.000000e+00
      vertex   -2.077500e+01 -1.785000e+01 -3.000000e+00
    endloop
  endfacet
  facet normal 0.000000e+00 0.000000e+00 1.000000e+00
    outer loop
      vertex   -2.077500e+01 -1.785000e+01 -3.000000e+00
      vertex   -2.505615e+01 -2.314007e+01 -3.000000e+00
      vertex   -2.446330e+01 -2.387218e+01 -3.000000e+00
    endloop
  endfacet
  facet normal 0.000000e+00 0.000000e+00 1.000000e+00
    outer loop
      vertex   -2.077500e+01 -1.785000e+01 -3.000000e+00
      vertex   -2.446330e+01 -2.387218e+01 -3.000000e+00
      vertex   -2.379718e+01 -2.453830e+01 -3.000000e+00
    endloop
  endfacet
  facet normal -0.000000e+00 0.000000e+00 1.000000e+00
    outer loop
      vertex   -2.379718e+01 -2.453830e+01 -3.000000e+00
      vertex   -2.306507e+01 -2.513115e+01 -3.000000e+00
      vertex   -2.077500e+01 -1.785000e+01 -3.000000e+00
    endloop
  endfacet
  facet normal 0.000000e+00 0.000000e+00 1.000000e+00
    outer loop
      vertex   -2.227500e+01 -2.564423e+01 -3.000000e+00
      vertex   -2.143563e+01 -2.607191e+01 -3.000000e+00
      vertex   -1.777500e+01 -2.685000e+01 -3.000000e+00
    endloop
  endfacet
  facet normal 0.000000e+00 0.000000e+00 1.000000e+00
    outer loop
      vertex   -1.777500e+01 -2.685000e+01 -3.000000e+00
      vertex   -2.143563e+01 -2.607191e+01 -3.000000e+00
      vertex   -2.055615e+01 -2.640951e+01 -3.000000e+00
    endloop
  endfacet
  facet normal 0.000000e+00 0.000000e+00 1.000000e+00
    outer loop
      vertex   -1.777500e+01 -2.685000e+01 -3.000000e+00
      vertex   -2.055615e+01 -2.640951e+01 -3.000000e+00
      vertex   -1.964621e+01 -2.665333e+01 -3.000000e+00
    endloop
  endfacet
  facet normal 0.000000e+00 0.000000e+00 1.000000e+00
    outer loop
      vertex   -1.964621e+01 -2.665333e+01 -3.000000e+00
      vertex   -1.871576e+01 -2.680070e+01 -3.000000e+00
      vertex   -1.777500e+01 -2.685000e+01 -3.000000e+00
    endloop
  endfacet
  facet normal 0.000000e+00 -0.000000e+00 1.000000e+00
    outer loop
      vertex   -1.977500e+01 -4.250000e+00 -3.000000e+00
      vertex   2.250000e-01 -4.250000e+00 -3.000000e+00
      vertex   -2.077500e+01 -3.250000e+00 -3.000000e+00
    endloop
  endfacet
  facet normal -0.000000e+00 0.000000e+00 1.000000e+00
    outer loop
      vertex   -2.077500e+01 -3.250000e+00 -3.000000e+00
      vertex   2.250000e-01 -4.250000e+00 -3.000000e+00
      vertex   1.467500e+01 -3.250000e+00 -3.000000e+00
    endloop
  endfacet
  facet normal -0.000000e+00 -0.000000e+00 1.000000e+00
    outer loop
      vertex   -2.077500e+01 3.500000e-01 -3.000000e+00
      vertex   1.467500e+01 3.500000e-01 -3.000000e+00
      vertex   -2.427500e+01 4.350000e+00 -3.000000e+00
    endloop
  endfacet
  facet normal 0.000000e+00 9.937122e-01 -1.119645e-01
    outer loop
      vertex   -2.677500e+01 -1.425000e+01 -2.000000e-02
      vertex   -2.777500e+01 -1.425000e+01 -2.000000e-02
      vertex   -2.677500e+01 -1.419986e+01 4.250419e-01
    endloop
  endfacet
  facet normal -3.107638e-17 9.937122e-01 -1.119645e-01
    outer loop
      vertex   -2.677500e+01 -1.419986e+01 4.250419e-01
      vertex   -2.777500e+01 -1.425000e+01 -2.000000e-02
      vertex   -2.777500e+01 -1.419986e+01 4.250419e-01
    endloop
  endfacet
  facet normal -9.167085e-17 9.438833e-01 -3.302791e-01
    outer loop
      vertex   -2.677500e+01 -1.419986e+01 4.250419e-01
      vertex   -2.777500e+01 -1.419986e+01 4.250419e-01
      vertex   -2.677500e+01 -1.405194e+01 8.477675e-01
    endloop
  endfacet
  facet normal 0.000000e+00 9.438833e-01 -3.302791e-01
    outer loop
      vertex   -2.677500e+01 -1.405194e+01 8.477675e-01
      vertex   -2.777500e+01 -1.419986e+01 4.250419e-01
      vertex   -2.777500e+01 -1.405194e+01 8.477675e-01
    endloop
  endfacet
  facet normal 0.000000e+00 8.467242e-01 -5.320321e-01
    outer loop
      vertex   -2.677500e+01 -1.405194e+01 8.477675e-01
      vertex   -2.777500e+01 -1.405194e+01 8.477675e-01
      vertex   -2.677500e+01 -1.381366e+01 1.226980e+00
    endloop
  endfacet
  facet normal -1.181349e-16 8.467242e-01 -5.320321e-01
    outer loop
      vertex   -2.677500e+01 -1.381366e+01 1.226980e+00
      vertex   -2.777500e+01 -1.405194e+01 8.477675e-01
      vertex   -2.777500e+01 -1.381366e+01 1.226980e+00
    endloop
  endfacet
  facet normal -1.570092e-16 7.071068e-01 -7.071068e-01
    outer loop
      vertex   -2.677500e+01 -1.381366e+01 1.226980e+00
      vertex   -2.777500e+01 -1.381366e+01 1.226980e+00
      vertex   -2.677500e+01 -1.349698e+01 1.543663e+00
    endloop
  endfacet
  facet normal -3.140185e-16 7.071068e-01 -7.071068e-01
    outer loop
      vertex   -2.677500e+01 -1.349698e+01 1.543663e+00
      vertex   -2.777500e+01 -1.381366e+01 1.226980e+00
      vertex   -2.777500e+01 -1.349698e+01 1.543663e+00
    endloop
  endfacet
  facet normal -3.760211e-16 5.320321e-01 -8.467242e-01
    outer loop
      vertex   -2.677500e+01 -1.349698e+01 1.543663e+00
      vertex   -2.777500e+01 -1.349698e+01 1.543663e+00
      vertex   -2.677500e+01 -1.311777e+01 1.781938e+00
    endloop
  endfacet
  facet normal 0.000000e+00 5.320321e-01 -8.467242e-01
    outer loop
      vertex   -2.677500e+01 -1.311777e+01 1.781938e+00
      vertex   -2.777500e+01 -1.349698e+01 1.543663e+00
      vertex   -2.777500e+01 -1.311777e+01 1.781938e+00
    endloop
  endfacet
  facet normal 0.000000e+00 3.302791e-01 -9.438833e-01
    outer loop
      vertex   -2.677500e+01 -1.311777e+01 1.781938e+00
      vertex   -2.777500e+01 -1.311777e+01 1.781938e+00
      vertex   -2.677500e+01 -1.269504e+01 1.929856e+00
    endloop
  endfacet
  facet normal 0.000000e+00 3.302791e-01 -9.438833e-01
    outer loop
      vertex   -2.677500e+01 -1.269504e+01 1.929856e+00
      vertex   -2.777500e+01 -1.311777e+01 1.781938e+00
      vertex   -2.777500e+01 -1.269504e+01 1.929856e+00
    endloop
  endfacet
  facet normal 0.000000e+00 1.119645e-01 -9.937122e-01
    outer loop
      vertex   -2.677500e+01 -1.269504e+01 1.929856e+00
      vertex   -2.777500e+01 -1.269504e+01 1.929856e+00
      vertex   -2.677500e+01 -1.225000e+01 1.980000e+00
    endloop
  endfacet
  facet normal 0.000000e+00 1.119645e-01 -9.937122e-01
    outer loop
      vertex   -2.677500e+01 -1.225000e+01 1.980000e+00
      vertex   -2.777500e+01 -1.269504e+01 1.929856e+00
      vertex   -2.777500e+01 -1.225000e+01 1.980000e+00
    endloop
  endfacet
  facet normal 0.000000e+00 0.000000e+00 -1.000000e+00
    outer loop
      vertex   -2.777500e+01 -1.225000e+01 1.980000e+00
      vertex   -2.777500e+01 -5.250000e+00 1.980000e+00
      vertex   -2.677500e+01 -1.225000e+01 1.980000e+00
    endloop
  endfacet
  facet normal 0.000000e+00 0.000000e+00 -1.000000e+00
    outer loop
      vertex   -2.677500e+01 -1.225000e+01 1.980000e+00
      vertex   -2.777500e+01 -5.250000e+00 1.980000e+00
      vertex   -2.677500e+01 -5.250000e+00 1.980000e+00
    endloop
  endfacet
  facet normal -0.000000e+00 -1.119645e-01 -9.937122e-01
    outer loop
      vertex   -2.677500e+01 -5.250000e+00 1.980000e+00
      vertex   -2.777500e+01 -5.250000e+00 1.980000e+00
      vertex   -2.677500e+01 -4.804958e+00 1.929856e+00
    endloop
  endfacet
  facet normal -0.000000e+00 -1.119645e-01 -9.937122e-01
    outer loop
      vertex   -2.677500e+01 -4.804958e+00 1.929856e+00
      vertex   -2.777500e+01 -5.250000e+00 1.980000e+00
      vertex   -2.777500e+01 -4.804958e+00 1.929856e+00
    endloop
  endfacet
  facet normal -0.000000e+00 -3.302791e-01 -9.438833e-01
    outer loop
      vertex   -2.677500e+01 -4.804958e+00 1.929856e+00
      vertex   -2.777500e+01 -4.804958e+00 1.929856e+00
      vertex   -2.677500e+01 -4.382233e+00 1.781938e+00
    endloop
  endfacet
  facet normal 8.376253e-17 -3.302791e-01 -9.438833e-01
    outer loop
      vertex   -2.677500e+01 -4.382233e+00 1.781938e+00
      vertex   -2.777500e+01 -4.804958e+00 1.929856e+00
      vertex   -2.777500e+01 -4.382233e+00 1.781938e+00
    endloop
  endfacet
  facet normal 2.845289e-16 -5.320321e-01 -8.467242e-01
    outer loop
      vertex   -2.677500e+01 -4.382233e+00 1.781938e+00
      vertex   -2.777500e+01 -4.382233e+00 1.781938e+00
      vertex   -2.677500e+01 -4.003020e+00 1.543663e+00
    endloop
  endfacet
  facet normal -0.000000e+00 -5.320321e-01 -8.467242e-01
    outer loop
      vertex   -2.677500e+01 -4.003020e+00 1.543663e+00
      vertex   -2.777500e+01 -4.382233e+00 1.781938e+00
      vertex   -2.777500e+01 -4.003020e+00 1.543663e+00
    endloop
  endfacet
  facet normal -0.000000e+00 -7.071068e-01 -7.071068e-01
    outer loop
      vertex   -2.677500e+01 -4.003020e+00 1.543663e+00
      vertex   -2.777500e+01 -4.003020e+00 1.543663e+00
      vertex   -2.677500e+01 -3.686337e+00 1.226980e+00
    endloop
  endfacet
  facet normal -1.570092e-16 -7.071068e-01 -7.071068e-01
    outer loop
      vertex   -2.677500e+01 -3.686337e+00 1.226980e+00
      vertex   -2.777500e+01 -4.003020e+00 1.543663e+00
      vertex   -2.777500e+01 -3.686337e+00 1.226980e+00
    endloop
  endfacet
  facet normal -1.181349e-16 -8.467242e-01 -5.320321e-01
    outer loop
      vertex   -2.677500e+01 -3.686337e+00 1.226980e+00
      vertex   -2.777500e+01 -3.686337e+00 1.226980e+00
      vertex   -2.677500e+01 -3.448062e+00 8.477675e-01
    endloop
  endfacet
  facet normal -5.906743e-17 -8.467242e-01 -5.320321e-01
    outer loop
      vertex   -2.677500e+01 -3.448062e+00 8.477675e-01
      vertex   -2.777500e+01 -3.686337e+00 1.226980e+00
      vertex   -2.777500e+01 -3.448062e+00 8.477675e-01
    endloop
  endfacet
  facet normal -3.666834e-17 -9.438833e-01 -3.302791e-01
    outer loop
      vertex   -2.677500e+01 -3.448062e+00 8.477675e-01
      vertex   -2.777500e+01 -3.448062e+00 8.477675e-01
      vertex   -2.677500e+01 -3.300144e+00 4.250419e-01
    endloop
  endfacet
  facet normal 3.641659e-16 -9.438833e-01 -3.302791e-01
    outer loop
      vertex   -2.677500e+01 -3.300144e+00 4.250419e-01
      vertex   -2.777500e+01 -3.448062e+00 8.477675e-01
      vertex   -2.777500e+01 -3.300144e+00 4.250419e-01
    endloop
  endfacet
  facet normal 4.226510e-16 -9.937122e-01 -1.119645e-01
    outer loop
      vertex   -2.677500e+01 -3.300144e+00 4.250419e-01
      vertex   -2.777500e+01 -3.300144e+00 4.250419e-01
      vertex   -2.677500e+01 -3.250000e+00 -2.000000e-02
    endloop
  endfacet
  facet normal -0.000000e+00 -9.937122e-01 -1.119645e-01
    outer loop
      vertex   -2.677500e+01 -3.250000e+00 -2.000000e-02
      vertex   -2.777500e+01 -3.300144e+00 4.250419e-01
      vertex   -2.777500e+01 -3.250000e+00 -2.000000e-02
    endloop
  endfacet
  facet normal 0.000000e+00 -1.000000e+00 0.000000e+00
    outer loop
      vertex   -2.777500e+01 -3.250000e+00 -2.000000e-02
      vertex   -2.777500e+01 -3.250000e+00 -1.000000e+00
      vertex   -2.677500e+01 -3.250000e+00 -2.000000e-02
    endloop
  endfacet
  facet normal 0.000000e+00 -1.000000e+00 -0.000000e+00
    outer loop
      vertex   -2.677500e+01 -3.250000e+00 -2.000000e-02
      vertex   -2.777500e+01 -3.250000e+00 -1.000000e+00
      vertex   -2.677500e+01 -3.250000e+00 -1.000000e+00
    endloop
  endfacet
  facet normal -1.323891e-15 -1.119645e-01 9.937122e-01
    outer loop
      vertex   -2.777500e+01 -5.250000e+00 -3.000000e+00
      vertex   -2.677500e+01 -5.250000e+00 -3.000000e+00
      vertex   -2.777500e+01 -4.804958e+00 -2.949856e+00
    endloop
  endfacet
  facet normal 0.000000e+00 -1.119645e-01 9.937122e-01
    outer loop
      vertex   -2.777500e+01 -4.804958e+00 -2.949856e+00
      vertex   -2.677500e+01 -5.250000e+00 -3.000000e+00
      vertex   -2.677500e+01 -4.804958e+00 -2.949856e+00
    endloop
  endfacet
  facet normal 0.000000e+00 -3.302791e-01 9.438833e-01
    outer loop
      vertex   -2.777500e+01 -4.804958e+00 -2.949856e+00
      vertex   -2.677500e+01 -4.804958e+00 -2.949856e+00
      vertex   -2.777500e+01 -4.382233e+00 -2.801938e+00
    endloop
  endfacet
  facet normal 0.000000e+00 -3.302791e-01 9.438833e-01
    outer loop
      vertex   -2.777500e+01 -4.382233e+00 -2.801938e+00
      vertex   -2.677500e+01 -4.804958e+00 -2.949856e+00
      vertex   -2.677500e+01 -4.382233e+00 -2.801938e+00
    endloop
  endfacet
  facet normal 0.000000e+00 -5.320321e-01 8.467242e-01
    outer loop
      vertex   -2.777500e+01 -4.382233e+00 -2.801938e+00
      vertex   -2.677500e+01 -4.382233e+00 -2.801938e+00
      vertex   -2.777500e+01 -4.003020e+00 -2.563663e+00
    endloop
  endfacet
  facet normal 0.000000e+00 -5.320321e-01 8.467242e-01
    outer loop
      vertex   -2.777500e+01 -4.003020e+00 -2.563663e+00
      vertex   -2.677500e+01 -4.382233e+00 -2.801938e+00
      vertex   -2.677500e+01 -4.003020e+00 -2.563663e+00
    endloop
  endfacet
  facet normal 0.000000e+00 -7.071068e-01 7.071068e-01
    outer loop
      vertex   -2.777500e+01 -4.003020e+00 -2.563663e+00
      vertex   -2.677500e+01 -4.003020e+00 -2.563663e+00
      vertex   -2.777500e+01 -3.686337e+00 -2.246980e+00
    endloop
  endfacet
  facet normal 0.000000e+00 -7.071068e-01 7.071068e-01
    outer loop
      vertex   -2.777500e+01 -3.686337e+00 -2.246980e+00
      vertex   -2.677500e+01 -4.003020e+00 -2.563663e+00
      vertex   -2.677500e+01 -3.686337e+00 -2.246980e+00
    endloop
  endfacet
  facet normal 0.000000e+00 -8.467242e-01 5.320321e-01
    outer loop
      vertex   -2.777500e+01 -3.686337e+00 -2.246980e+00
      vertex   -2.677500e+01 -3.686337e+00 -2.246980e+00
      vertex   -2.777500e+01 -3.448062e+00 -1.867767e+00
    endloop
  endfacet
  facet normal 0.000000e+00 -8.467242e-01 5.320321e-01
    outer loop
      vertex   -2.777500e+01 -3.448062e+00 -1.867767e+00
      vertex   -2.677500e+01 -3.686337e+00 -2.246980e+00
      vertex   -2.677500e+01 -3.448062e+00 -1.867767e+00
    endloop
  endfacet
  facet normal 0.000000e+00 -9.438833e-01 3.302791e-01
    outer loop
      vertex   -2.777500e+01 -3.448062e+00 -1.867767e+00
      vertex   -2.677500e+01 -3.448062e+00 -1.867767e+00
      vertex   -2.777500e+01 -3.300144e+00 -1.445042e+00
    endloop
  endfacet
  facet normal 0.000000e+00 -9.438833e-01 3.302791e-01
    outer loop
      vertex   -2.777500e+01 -3.300144e+00 -1.445042e+00
      vertex   -2.677500e+01 -3.448062e+00 -1.867767e+00
      vertex   -2.677500e+01 -3.300144e+00 -1.445042e+00
    endloop
  endfacet
  facet normal 0.000000e+00 -9.937122e-01 1.119645e-01
    outer loop
      vertex   -2.777500e+01 -3.300144e+00 -1.445042e+00
      vertex   -2.677500e+01 -3.300144e+00 -1.445042e+00
      vertex   -2.777500e+01 -3.250000e+00 -1.000000e+00
    endloop
  endfacet
  facet normal 0.000000e+00 -9.937122e-01 1.119645e-01
    outer loop
      vertex   -2.777500e+01 -3.250000e+00 -1.000000e+00
      vertex   -2.677500e+01 -3.300144e+00 -1.445042e+00
      vertex   -2.677500e+01 -3.250000e+00 -1.000000e+00
    endloop
  endfacet
  facet normal 0.000000e+00 1.000000e+00 0.000000e+00
    outer loop
      vertex   -2.777500e+01 -1.425000e+01 -1.000000e+00
      vertex   -2.777500e+01 -1.425000e+01 -2.000000e-02
      vertex   -2.677500e+01 -1.425000e+01 -1.000000e+00
    endloop
  endfacet
  facet normal 0.000000e+00 1.000000e+00 -0.000000e+00
    outer loop
      vertex   -2.677500e+01 -1.425000e+01 -1.000000e+00
      vertex   -2.777500e+01 -1.425000e+01 -2.000000e-02
      vertex   -2.677500e+01 -1.425000e+01 -2.000000e-02
    endloop
  endfacet
  facet normal 9.951847e-01 -9.801714e-02 -2.720522e-17
    outer loop
      vertex   -2.677500e+01 1.850000e+00 1.000000e+00
      vertex   -2.677500e+01 1.850000e+00 -3.000000e+00
      vertex   -2.672696e+01 2.337726e+00 1.000000e+00
    endloop
  endfacet
  facet normal 9.951847e-01 -9.801714e-02 -3.264627e-17
    outer loop
      vertex   -2.672696e+01 2.337726e+00 1.000000e+00
      vertex   -2.677500e+01 1.850000e+00 -3.000000e+00
      vertex   -2.672696e+01 2.337726e+00 -3.000000e+00
    endloop
  endfacet
  facet normal 9.569403e-01 -2.902847e-01 -9.668422e-17
    outer loop
      vertex   -2.672696e+01 2.337726e+00 1.000000e+00
      vertex   -2.672696e+01 2.337726e+00 -3.000000e+00
      vertex   -2.658470e+01 2.806709e+00 1.000000e+00
    endloop
  endfacet
  facet normal 9.569403e-01 -2.902847e-01 1.635411e-15
    outer loop
      vertex   -2.658470e+01 2.806709e+00 1.000000e+00
      vertex   -2.672696e+01 2.337726e+00 -3.000000e+00
      vertex   -2.658470e+01 2.806709e+00 -3.000000e+00
    endloop
  endfacet
  facet normal 8.819213e-01 -4.713967e-01 1.461936e-15
    outer loop
      vertex   -2.658470e+01 2.806709e+00 1.000000e+00
      vertex   -2.658470e+01 2.806709e+00 -3.000000e+00
      vertex   -2.635367e+01 3.238926e+00 1.000000e+00
    endloop
  endfacet
  facet normal 8.819213e-01 -4.713967e-01 -5.233555e-17
    outer loop
      vertex   -2.635367e+01 3.238926e+00 1.000000e+00
      vertex   -2.658470e+01 2.806709e+00 -3.000000e+00
      vertex   -2.635367e+01 3.238926e+00 -3.000000e+00
    endloop
  endfacet
  facet normal 7.730105e-01 -6.343933e-01 -7.043180e-17
    outer loop
      vertex   -2.635367e+01 3.238926e+00 1.000000e+00
      vertex   -2.635367e+01 3.238926e+00 -3.000000e+00
      vertex   -2.604277e+01 3.617767e+00 1.000000e+00
    endloop
  endfacet
  facet normal 7.730105e-01 -6.343933e-01 -1.408636e-16
    outer loop
      vertex   -2.604277e+01 3.617767e+00 1.000000e+00
      vertex   -2.635367e+01 3.238926e+00 -3.000000e+00
      vertex   -2.604277e+01 3.617767e+00 -3.000000e+00
    endloop
  endfacet
  facet normal 6.343933e-01 -7.730105e-01 -1.716428e-16
    outer loop
      vertex   -2.604277e+01 3.617767e+00 1.000000e+00
      vertex   -2.604277e+01 3.617767e+00 -3.000000e+00
      vertex   -2.566393e+01 3.928674e+00 1.000000e+00
    endloop
  endfacet
  facet normal 6.343933e-01 -7.730105e-01 -8.582140e-17
    outer loop
      vertex   -2.566393e+01 3.928674e+00 1.000000e+00
      vertex   -2.604277e+01 3.617767e+00 -3.000000e+00
      vertex   -2.566393e+01 3.928674e+00 -3.000000e+00
    endloop
  endfacet
  facet normal 4.713967e-01 -8.819213e-01 -9.791293e-17
    outer loop
      vertex   -2.566393e+01 3.928674e+00 1.000000e+00
      vertex   -2.566393e+01 3.928674e+00 -3.000000e+00
      vertex   -2.523171e+01 4.159699e+00 1.000000e+00
    endloop
  endfacet
  facet normal 4.713967e-01 -8.819213e-01 0.000000e+00
    outer loop
      vertex   -2.523171e+01 4.159699e+00 1.000000e+00
      vertex   -2.566393e+01 3.928674e+00 -3.000000e+00
      vertex   -2.523171e+01 4.159699e+00 -3.000000e+00
    endloop
  endfacet
  facet normal 2.902847e-01 -9.569403e-01 0.000000e+00
    outer loop
      vertex   -2.523171e+01 4.159699e+00 1.000000e+00
      vertex   -2.523171e+01 4.159699e+00 -3.000000e+00
      vertex   -2.476273e+01 4.301963e+00 1.000000e+00
    endloop
  endfacet
  facet normal 2.902847e-01 -9.569403e-01 0.000000e+00
    outer loop
      vertex   -2.476273e+01 4.301963e+00 1.000000e+00
      vertex   -2.523171e+01 4.159699e+00 -3.000000e+00
      vertex   -2.476273e+01 4.301963e+00 -3.000000e+00
    endloop
  endfacet
  facet normal 9.801714e-02 -9.951847e-01 0.000000e+00
    outer loop
      vertex   -2.476273e+01 4.301963e+00 1.000000e+00
      vertex   -2.476273e+01 4.301963e+00 -3.000000e+00
      vertex   -2.427500e+01 4.350000e+00 1.000000e+00
    endloop
  endfacet
  facet normal 9.801714e-02 -9.951847e-01 0.000000e+00
    outer loop
      vertex   -2.427500e+01 4.350000e+00 1.000000e+00
      vertex   -2.476273e+01 4.301963e+00 -3.000000e+00
      vertex   -2.427500e+01 4.350000e+00 -3.000000e+00
    endloop
  endfacet
  facet normal -2.378233e-16 -1.000000e+00 0.000000e+00
    outer loop
      vertex   -2.427500e+01 4.350000e+00 -3.000000e+00
      vertex   2.427500e+01 4.350000e+00 -3.000000e+00
      vertex   -2.427500e+01 4.350000e+00 1.000000e+00
    endloop
  endfacet
  facet normal -2.378233e-16 -1.000000e+00 -1.299874e-31
    outer loop
      vertex   -2.427500e+01 4.350000e+00 1.000000e+00
      vertex   2.427500e+01 4.350000e+00 -3.000000e+00
      vertex   2.427500e+01 4.350000e+00 1.000000e+00
    endloop
  endfacet
  facet normal -9.801714e-02 -9.951847e-01 -0.000000e+00
    outer loop
      vertex   2.427500e+01 4.350000e+00 1.000000e+00
      vertex   2.427500e+01 4.350000e+00 -3.000000e+00
      vertex   2.476273e+01 4.301963e+00 1.000000e+00
    endloop
  endfacet
  facet normal -9.801714e-02 -9.951847e-01 -0.000000e+00
    outer loop
      vertex   2.476273e+01 4.301963e+00 1.000000e+00
      vertex   2.427500e+01 4.350000e+00 -3.000000e+00
      vertex   2.476273e+01 4.301963e+00 -3.000000e+00
    endloop
  endfacet
  facet normal -2.902847e-01 -9.569403e-01 -0.000000e+00
    outer loop
      vertex   2.476273e+01 4.301963e+00 1.000000e+00
      vertex   2.476273e+01 4.301963e+00 -3.000000e+00
      vertex   2.523171e+01 4.159699e+00 1.000000e+00
    endloop
  endfacet
  facet normal -2.902847e-01 -9.569403e-01 -0.000000e+00
    outer loop
      vertex   2.523171e+01 4.159699e+00 1.000000e+00
      vertex   2.476273e+01 4.301963e+00 -3.000000e+00
      vertex   2.523171e+01 4.159699e+00 -3.000000e+00
    endloop
  endfacet
  facet normal -4.713967e-01 -8.819213e-01 -0.000000e+00
    outer loop
      vertex   2.523171e+01 4.159699e+00 1.000000e+00
      vertex   2.523171e+01 4.159699e+00 -3.000000e+00
      vertex   2.566393e+01 3.928674e+00 1.000000e+00
    endloop
  endfacet
  facet normal -4.713967e-01 -8.819213e-01 9.791293e-17
    outer loop
      vertex   2.566393e+01 3.928674e+00 1.000000e+00
      vertex   2.523171e+01 4.159699e+00 -3.000000e+00
      vertex   2.566393e+01 3.928674e+00 -3.000000e+00
    endloop
  endfacet
  facet normal -6.343933e-01 -7.730105e-01 8.582140e-17
    outer loop
      vertex   2.566393e+01 3.928674e+00 1.000000e+00
      vertex   2.566393e+01 3.928674e+00 -3.000000e+00
      vertex   2.604277e+01 3.617767e+00 1.000000e+00
    endloop
  endfacet
  facet normal -6.343933e-01 -7.730105e-01 -0.000000e+00
    outer loop
      vertex   2.604277e+01 3.617767e+00 1.000000e+00
      vertex   2.566393e+01 3.928674e+00 -3.000000e+00
      vertex   2.604277e+01 3.617767e+00 -3.000000e+00
    endloop
  endfacet
  facet normal -7.730105e-01 -6.343933e-01 -0.000000e+00
    outer loop
      vertex   2.604277e+01 3.617767e+00 1.000000e+00
      vertex   2.604277e+01 3.617767e+00 -3.000000e+00
      vertex   2.635367e+01 3.238926e+00 1.000000e+00
    endloop
  endfacet
  facet normal -7.730105e-01 -6.343933e-01 7.043180e-17
    outer loop
      vertex   2.635367e+01 3.238926e+00 1.000000e+00
      vertex   2.604277e+01 3.617767e+00 -3.000000e+00
      vertex   2.635367e+01 3.238926e+00 -3.000000e+00
    endloop
  endfacet
  facet normal -8.819213e-01 -4.713967e-01 5.233555e-17
    outer loop
      vertex   2.635367e+01 3.238926e+00 1.000000e+00
      vertex   2.635367e+01 3.238926e+00 -3.000000e+00
      vertex   2.658470e+01 2.806709e+00 1.000000e+00
    endloop
  endfacet
  facet normal -8.819213e-01 -4.713967e-01 1.046711e-16
    outer loop
      vertex   2.658470e+01 2.806709e+00 1.000000e+00
      vertex   2.635367e+01 3.238926e+00 -3.000000e+00
      vertex   2.658470e+01 2.806709e+00 -3.000000e+00
    endloop
  endfacet
  facet normal -9.569403e-01 -2.902847e-01 6.445615e-17
    outer loop
      vertex   2.658470e+01 2.806709e+00 1.000000e+00
      vertex   2.658470e+01 2.806709e+00 -3.000000e+00
      vertex   2.672696e+01 2.337726e+00 1.000000e+00
    endloop
  endfacet
  facet normal -9.569403e-01 -2.902847e-01 -8.177057e-16
    outer loop
      vertex   2.672696e+01 2.337726e+00 1.000000e+00
      vertex   2.658470e+01 2.806709e+00 -3.000000e+00
      vertex   2.672696e+01 2.337726e+00 -3.000000e+00
    endloop
  endfacet
  facet normal -9.951847e-01 -9.801714e-02 -8.730195e-16
    outer loop
      vertex   2.672696e+01 2.337726e+00 1.000000e+00
      vertex   2.672696e+01 2.337726e+00 -3.000000e+00
      vertex   2.677500e+01 1.850000e+00 1.000000e+00
    endloop
  endfacet
  facet normal -9.951847e-01 -9.801714e-02 1.632313e-17
    outer loop
      vertex   2.677500e+01 1.850000e+00 1.000000e+00
      vertex   2.672696e+01 2.337726e+00 -3.000000e+00
      vertex   2.677500e+01 1.850000e+00 -3.000000e+00
    endloop
  endfacet
  facet normal -0.000000e+00 0.000000e+00 1.000000e+00
    outer loop
      vertex   -2.077500e+01 5.350000e+00 1.000000e+00
      vertex   -2.427500e+01 4.350000e+00 1.000000e+00
      vertex   -1.512500e+01 5.350000e+00 1.000000e+00
    endloop
  endfacet
  facet normal 0.000000e+00 0.000000e+00 1.000000e+00
    outer loop
      vertex   -1.512500e+01 5.350000e+00 1.000000e+00
      vertex   -2.427500e+01 4.350000e+00 1.000000e+00
      vertex   2.427500e+01 4.350000e+00 1.000000e+00
    endloop
  endfacet
  facet normal -0.000000e+00 0.000000e+00 1.000000e+00
    outer loop
      vertex   -1.512500e+01 5.350000e+00 1.000000e+00
      vertex   2.427500e+01 4.350000e+00 1.000000e+00
      vertex   2.677500e+01 1.785000e+01 1.000000e+00
    endloop
  endfacet
  facet normal -2.235552e-15 4.139910e-16 1.000000e+00
    outer loop
      vertex   2.677500e+01 1.785000e+01 1.000000e+00
      vertex   2.427500e+01 4.350000e+00 1.000000e+00
      vertex   2.476273e+01 4.301963e+00 1.000000e+00
    endloop
  endfacet
  facet normal 2.378667e-17 7.841414e-17 1.000000e+00
    outer loop
      vertex   2.677500e+01 1.785000e+01 1.000000e+00
      vertex   2.476273e+01 4.301963e+00 1.000000e+00
      vertex   2.523171e+01 4.159699e+00 1.000000e+00
    endloop
  endfacet
  facet normal 0.000000e+00 0.000000e+00 1.000000e+00
    outer loop
      vertex   -2.077500e+01 1.785000e+01 1.000000e+00
      vertex   -2.677500e+01 1.326053e+01 1.000000e+00
      vertex   -2.077500e+01 5.350000e+00 1.000000e+00
    endloop
  endfacet
  facet normal 2.321359e-16 1.760709e-16 1.000000e+00
    outer loop
      vertex   -2.077500e+01 5.350000e+00 1.000000e+00
      vertex   -2.677500e+01 1.326053e+01 1.000000e+00
      vertex   -2.476273e+01 4.301963e+00 1.000000e+00
    endloop
  endfacet
  facet normal 3.473822e-15 -1.215838e-14 1.000000e+00
    outer loop
      vertex   -2.077500e+01 5.350000e+00 1.000000e+00
      vertex   -2.476273e+01 4.301963e+00 1.000000e+00
      vertex   -2.427500e+01 4.350000e+00 1.000000e+00
    endloop
  endfacet
  facet normal 0.000000e+00 -1.853478e-15 1.000000e+00
    outer loop
      vertex   -1.512500e+01 1.785000e+01 1.000000e+00
      vertex   -2.024172e+01 1.844899e+01 1.000000e+00
      vertex   -2.077500e+01 1.785000e+01 1.000000e+00
    endloop
  endfacet
  facet normal 6.522288e-16 -2.434151e-15 1.000000e+00
    outer loop
      vertex   -2.077500e+01 1.785000e+01 1.000000e+00
      vertex   -2.024172e+01 1.844899e+01 1.000000e+00
      vertex   -2.076788e+01 1.830801e+01 1.000000e+00
    endloop
  endfacet
  facet normal -1.836349e-15 -2.395483e-15 1.000000e+00
    outer loop
      vertex   -2.077500e+01 1.785000e+01 1.000000e+00
      vertex   -2.076788e+01 1.830801e+01 1.000000e+00
      vertex   -2.131053e+01 1.826053e+01 1.000000e+00
    endloop
  endfacet
  facet normal 0.000000e+00 0.000000e+00 1.000000e+00
    outer loop
      vertex   -1.512500e+01 5.350000e+00 1.000000e+00
      vertex   2.677500e+01 1.785000e+01 1.000000e+00
      vertex   -1.512500e+01 1.785000e+01 1.000000e+00
    endloop
  endfacet
  facet normal 0.000000e+00 -1.180139e-15 1.000000e+00
    outer loop
      vertex   -1.512500e+01 1.785000e+01 1.000000e+00
      vertex   2.677500e+01 1.785000e+01 1.000000e+00
      vertex   2.672570e+01 1.879076e+01 1.000000e+00
    endloop
  endfacet
  facet normal -2.643407e-17 -4.186746e-18 1.000000e+00
    outer loop
      vertex   -1.512500e+01 1.785000e+01 1.000000e+00
      vertex   2.672570e+01 1.879076e+01 1.000000e+00
      vertex   2.657833e+01 1.972121e+01 1.000000e+00
    endloop
  endfacet
  facet normal 0.000000e+00 0.000000e+00 1.000000e+00
    outer loop
      vertex   -2.131053e+01 1.826053e+01 1.000000e+00
      vertex   -2.177500e+01 1.826053e+01 1.000000e+00
      vertex   -2.077500e+01 1.785000e+01 1.000000e+00
    endloop
  endfacet
  facet normal 1.328747e-15 3.236631e-15 1.000000e+00
    outer loop
      vertex   -2.077500e+01 1.785000e+01 1.000000e+00
      vertex   -2.177500e+01 1.826053e+01 1.000000e+00
      vertex   -2.248657e+01 1.820964e+01 1.000000e+00
    endloop
  endfacet
  facet normal 3.299504e-16 -1.516758e-15 1.000000e+00
    outer loop
      vertex   -2.077500e+01 1.785000e+01 1.000000e+00
      vertex   -2.248657e+01 1.820964e+01 1.000000e+00
      vertex   -2.318366e+01 1.805800e+01 1.000000e+00
    endloop
  endfacet
  facet normal 3.742751e-16 -1.003470e-15 1.000000e+00
    outer loop
      vertex   -2.318366e+01 1.805800e+01 1.000000e+00
      vertex   -2.385208e+01 1.780869e+01 1.000000e+00
      vertex   -2.077500e+01 1.785000e+01 1.000000e+00
    endloop
  endfacet
  facet normal 3.698982e-16 -6.774180e-16 1.000000e+00
    outer loop
      vertex   -2.077500e+01 1.785000e+01 1.000000e+00
      vertex   -2.385208e+01 1.780869e+01 1.000000e+00
      vertex   -2.447820e+01 1.746680e+01 1.000000e+00
    endloop
  endfacet
  facet normal 3.478893e-16 -4.647257e-16 1.000000e+00
    outer loop
      vertex   -2.077500e+01 1.785000e+01 1.000000e+00
      vertex   -2.447820e+01 1.746680e+01 1.000000e+00
      vertex   -2.504930e+01 1.703928e+01 1.000000e+00
    endloop
  endfacet
  facet normal 3.205415e-16 -3.205415e-16 1.000000e+00
    outer loop
      vertex   -2.504930e+01 1.703928e+01 1.000000e+00
      vertex   -2.555375e+01 1.653484e+01 1.000000e+00
      vertex   -2.077500e+01 1.785000e+01 1.000000e+00
    endloop
  endfacet
  facet normal 2.926083e-16 -2.190438e-16 1.000000e+00
    outer loop
      vertex   -2.077500e+01 1.785000e+01 1.000000e+00
      vertex   -2.555375e+01 1.653484e+01 1.000000e+00
      vertex   -2.598127e+01 1.596374e+01 1.000000e+00
    endloop
  endfacet
  facet normal 2.658395e-16 -1.451593e-16 1.000000e+00
    outer loop
      vertex   -2.077500e+01 1.785000e+01 1.000000e+00
      vertex   -2.598127e+01 1.596374e+01 1.000000e+00
      vertex   -2.632316e+01 1.533761e+01 1.000000e+00
    endloop
  endfacet
  facet normal 2.407725e-16 -8.980351e-17 1.000000e+00
    outer loop
      vertex   -2.632316e+01 1.533761e+01 1.000000e+00
      vertex   -2.657246e+01 1.466920e+01 1.000000e+00
      vertex   -2.077500e+01 1.785000e+01 1.000000e+00
    endloop
  endfacet
  facet normal 2.174553e-16 -4.730450e-17 1.000000e+00
    outer loop
      vertex   -2.077500e+01 1.785000e+01 1.000000e+00
      vertex   -2.657246e+01 1.466920e+01 1.000000e+00
      vertex   -2.672411e+01 1.397211e+01 1.000000e+00
    endloop
  endfacet
  facet normal 1.262510e-15 -1.650532e-15 1.000000e+00
    outer loop
      vertex   -2.077500e+01 1.785000e+01 1.000000e+00
      vertex   -2.672411e+01 1.397211e+01 1.000000e+00
      vertex   -2.677500e+01 1.326053e+01 1.000000e+00
    endloop
  endfacet
  facet normal -9.878840e-16 9.729808e-17 1.000000e+00
    outer loop
      vertex   -2.677500e+01 1.850000e+00 1.000000e+00
      vertex   -2.672696e+01 2.337726e+00 1.000000e+00
      vertex   -2.677500e+01 1.326053e+01 1.000000e+00
    endloop
  endfacet
  facet normal -3.302825e-16 1.001901e-16 1.000000e+00
    outer loop
      vertex   -2.677500e+01 1.326053e+01 1.000000e+00
      vertex   -2.672696e+01 2.337726e+00 1.000000e+00
      vertex   -2.658470e+01 2.806709e+00 1.000000e+00
    endloop
  endfacet
  facet normal -1.921470e-16 1.027047e-16 1.000000e+00
    outer loop
      vertex   -2.677500e+01 1.326053e+01 1.000000e+00
      vertex   -2.658470e+01 2.806709e+00 1.000000e+00
      vertex   -2.635367e+01 3.238926e+00 1.000000e+00
    endloop
  endfacet
  facet normal -1.284111e-16 1.053843e-16 1.000000e+00
    outer loop
      vertex   -2.635367e+01 3.238926e+00 1.000000e+00
      vertex   -2.604277e+01 3.617767e+00 1.000000e+00
      vertex   -2.677500e+01 1.326053e+01 1.000000e+00
    endloop
  endfacet
  facet normal -8.894608e-17 1.083811e-16 1.000000e+00
    outer loop
      vertex   -2.677500e+01 1.326053e+01 1.000000e+00
      vertex   -2.604277e+01 3.617767e+00 1.000000e+00
      vertex   -2.566393e+01 3.928674e+00 1.000000e+00
    endloop
  endfacet
  facet normal -5.978662e-17 1.118529e-16 1.000000e+00
    outer loop
      vertex   -2.677500e+01 1.326053e+01 1.000000e+00
      vertex   -2.566393e+01 3.928674e+00 1.000000e+00
      vertex   -2.523171e+01 4.159699e+00 1.000000e+00
    endloop
  endfacet
  facet normal -3.519520e-17 1.160230e-16 1.000000e+00
    outer loop
      vertex   -2.523171e+01 4.159699e+00 1.000000e+00
      vertex   -2.476273e+01 4.301963e+00 1.000000e+00
      vertex   -2.677500e+01 1.326053e+01 1.000000e+00
    endloop
  endfacet
  facet normal 4.088309e-17 7.648689e-17 1.000000e+00
    outer loop
      vertex   2.523171e+01 4.159699e+00 1.000000e+00
      vertex   2.566393e+01 3.928674e+00 1.000000e+00
      vertex   2.677500e+01 1.785000e+01 1.000000e+00
    endloop
  endfacet
  facet normal 6.142564e-17 7.484736e-17 1.000000e+00
    outer loop
      vertex   2.677500e+01 1.785000e+01 1.000000e+00
      vertex   2.566393e+01 3.928674e+00 1.000000e+00
      vertex   2.604277e+01 3.617767e+00 1.000000e+00
    endloop
  endfacet
  facet normal 8.944521e-17 7.340579e-17 1.000000e+00
    outer loop
      vertex   2.677500e+01 1.785000e+01 1.000000e+00
      vertex   2.604277e+01 3.617767e+00 1.000000e+00
      vertex   2.635367e+01 3.238926e+00 1.000000e+00
    endloop
  endfacet
  facet normal 1.348814e-16 7.209559e-17 1.000000e+00
    outer loop
      vertex   2.635367e+01 3.238926e+00 1.000000e+00
      vertex   2.658470e+01 2.806709e+00 1.000000e+00
      vertex   2.677500e+01 1.785000e+01 1.000000e+00
    endloop
  endfacet
  facet normal 2.335525e-16 7.084738e-17 1.000000e+00
    outer loop
      vertex   2.677500e+01 1.785000e+01 1.000000e+00
      vertex   2.658470e+01 2.806709e+00 1.000000e+00
      vertex   2.672696e+01 2.337726e+00 1.000000e+00
    endloop
  endfacet
  facet normal 7.045177e-16 6.938894e-17 1.000000e+00
    outer loop
      vertex   2.677500e+01 1.785000e+01 1.000000e+00
      vertex   2.672696e+01 2.337726e+00 1.000000e+00
      vertex   2.677500e+01 1.850000e+00 1.000000e+00
    endloop
  endfacet
  facet normal -3.184528e-17 1.164122e-16 1.000000e+00
    outer loop
      vertex   -1.512500e+01 1.785000e+01 1.000000e+00
      vertex   2.657833e+01 1.972121e+01 1.000000e+00
      vertex   1.777500e+01 2.685000e+01 1.000000e+00
    endloop
  endfacet
  facet normal -1.610612e-16 -4.315623e-17 1.000000e+00
    outer loop
      vertex   1.777500e+01 2.685000e+01 1.000000e+00
      vertex   2.657833e+01 1.972121e+01 1.000000e+00
      vertex   2.633451e+01 2.063115e+01 1.000000e+00
    endloop
  endfacet
  facet normal -1.798714e-16 -6.904615e-17 1.000000e+00
    outer loop
      vertex   1.777500e+01 2.685000e+01 1.000000e+00
      vertex   2.633451e+01 2.063115e+01 1.000000e+00
      vertex   2.599691e+01 2.151063e+01 1.000000e+00
    endloop
  endfacet
  facet normal -2.018087e-16 -1.028267e-16 1.000000e+00
    outer loop
      vertex   2.599691e+01 2.151063e+01 1.000000e+00
      vertex   2.556923e+01 2.235000e+01 1.000000e+00
      vertex   1.777500e+01 2.685000e+01 1.000000e+00
    endloop
  endfacet
  facet normal -2.278832e-16 -1.479891e-16 1.000000e+00
    outer loop
      vertex   1.777500e+01 2.685000e+01 1.000000e+00
      vertex   2.556923e+01 2.235000e+01 1.000000e+00
      vertex   2.505615e+01 2.314007e+01 1.000000e+00
    endloop
  endfacet
  facet normal -2.595854e-16 -2.102081e-16 1.000000e+00
    outer loop
      vertex   1.777500e+01 2.685000e+01 1.000000e+00
      vertex   2.505615e+01 2.314007e+01 1.000000e+00
      vertex   2.446330e+01 2.387218e+01 1.000000e+00
    endloop
  endfacet
  facet normal -2.992129e-16 -2.992129e-16 1.000000e+00
    outer loop
      vertex   2.446330e+01 2.387218e+01 1.000000e+00
      vertex   2.379718e+01 2.453830e+01 1.000000e+00
      vertex   1.777500e+01 2.685000e+01 1.000000e+00
    endloop
  endfacet
  facet normal -3.505081e-16 -4.328414e-16 1.000000e+00
    outer loop
      vertex   1.777500e+01 2.685000e+01 1.000000e+00
      vertex   2.379718e+01 2.453830e+01 1.000000e+00
      vertex   2.306507e+01 2.513115e+01 1.000000e+00
    endloop
  endfacet
  facet normal -4.200180e-16 -6.467710e-16 1.000000e+00
    outer loop
      vertex   1.777500e+01 2.685000e+01 1.000000e+00
      vertex   2.306507e+01 2.513115e+01 1.000000e+00
      vertex   2.227500e+01 2.564423e+01 1.000000e+00
    endloop
  endfacet
  facet normal -5.203665e-16 -1.021277e-15 1.000000e+00
    outer loop
      vertex   2.227500e+01 2.564423e+01 1.000000e+00
      vertex   2.143563e+01 2.607191e+01 1.000000e+00
      vertex   1.777500e+01 2.685000e+01 1.000000e+00
    endloop
  endfacet
  facet normal -6.796034e-16 -1.770427e-15 1.000000e+00
    outer loop
      vertex   1.777500e+01 2.685000e+01 1.000000e+00
      vertex   2.143563e+01 2.607191e+01 1.000000e+00
      vertex   2.055615e+01 2.640951e+01 1.000000e+00
    endloop
  endfacet
  facet normal -9.762633e-16 -3.643464e-15 1.000000e+00
    outer loop
      vertex   1.777500e+01 2.685000e+01 1.000000e+00
      vertex   2.055615e+01 2.640951e+01 1.000000e+00
      vertex   1.964621e+01 2.665333e+01 1.000000e+00
    endloop
  endfacet
  facet normal -1.763744e-15 -1.113584e-14 1.000000e+00
    outer loop
      vertex   1.964621e+01 2.665333e+01 1.000000e+00
      vertex   1.871576e+01 2.680070e+01 1.000000e+00
      vertex   1.777500e+01 2.685000e+01 1.000000e+00
    endloop
  endfacet
  facet normal 0.000000e+00 0.000000e+00 1.000000e+00
    outer loop
      vertex   1.777500e+01 2.685000e+01 1.000000e+00
      vertex   -1.318553e+01 2.685000e+01 1.000000e+00
      vertex   -1.512500e+01 1.785000e+01 1.000000e+00
    endloop
  endfacet
  facet normal 0.000000e+00 -0.000000e+00 1.000000e+00
    outer loop
      vertex   -1.512500e+01 1.785000e+01 1.000000e+00
      vertex   -1.318553e+01 2.685000e+01 1.000000e+00
      vertex   -1.818553e+01 2.185000e+01 1.000000e+00
    endloop
  endfacet
  facet normal 0.000000e+00 0.000000e+00 1.000000e+00
    outer loop
      vertex   -1.512500e+01 1.785000e+01 1.000000e+00
      vertex   -1.818553e+01 2.185000e+01 1.000000e+00
      vertex   -1.818553e+01 2.138553e+01 1.000000e+00
    endloop
  endfacet
  facet normal 2.324472e-15 -1.068542e-14 1.000000e+00
    outer loop
      vertex   -1.389711e+01 2.679911e+01 1.000000e+00
      vertex   -1.459420e+01 2.664746e+01 1.000000e+00
      vertex   -1.318553e+01 2.685000e+01 1.000000e+00
    endloop
  endfacet
  facet normal 1.282538e-15 -3.438618e-15 1.000000e+00
    outer loop
      vertex   -1.318553e+01 2.685000e+01 1.000000e+00
      vertex   -1.459420e+01 2.664746e+01 1.000000e+00
      vertex   -1.526261e+01 2.639816e+01 1.000000e+00
    endloop
  endfacet
  facet normal 8.884685e-16 -1.627109e-15 1.000000e+00
    outer loop
      vertex   -1.318553e+01 2.685000e+01 1.000000e+00
      vertex   -1.526261e+01 2.639816e+01 1.000000e+00
      vertex   -1.588874e+01 2.605627e+01 1.000000e+00
    endloop
  endfacet
  facet normal 6.757696e-16 -9.027224e-16 1.000000e+00
    outer loop
      vertex   -1.588874e+01 2.605627e+01 1.000000e+00
      vertex   -1.645984e+01 2.562875e+01 1.000000e+00
      vertex   -1.318553e+01 2.685000e+01 1.000000e+00
    endloop
  endfacet
  facet normal 5.407672e-16 -5.407672e-16 1.000000e+00
    outer loop
      vertex   -1.318553e+01 2.685000e+01 1.000000e+00
      vertex   -1.645984e+01 2.562875e+01 1.000000e+00
      vertex   -1.696428e+01 2.512430e+01 1.000000e+00
    endloop
  endfacet
  facet normal 4.464271e-16 -3.341911e-16 1.000000e+00
    outer loop
      vertex   -1.318553e+01 2.685000e+01 1.000000e+00
      vertex   -1.696428e+01 2.512430e+01 1.000000e+00
      vertex   -1.739180e+01 2.455320e+01 1.000000e+00
    endloop
  endfacet
  facet normal 3.760762e-16 -2.053532e-16 1.000000e+00
    outer loop
      vertex   -1.739180e+01 2.455320e+01 1.000000e+00
      vertex   -1.773369e+01 2.392708e+01 1.000000e+00
      vertex   -1.318553e+01 2.685000e+01 1.000000e+00
    endloop
  endfacet
  facet normal 3.210625e-16 -1.197501e-16 1.000000e+00
    outer loop
      vertex   -1.318553e+01 2.685000e+01 1.000000e+00
      vertex   -1.773369e+01 2.392708e+01 1.000000e+00
      vertex   -1.798300e+01 2.325866e+01 1.000000e+00
    endloop
  endfacet
  facet normal 2.764350e-16 -6.013475e-17 1.000000e+00
    outer loop
      vertex   -1.318553e+01 2.685000e+01 1.000000e+00
      vertex   -1.798300e+01 2.325866e+01 1.000000e+00
      vertex   -1.813464e+01 2.256157e+01 1.000000e+00
    endloop
  endfacet
  facet normal 1.680421e-15 -1.680421e-15 1.000000e+00
    outer loop
      vertex   -1.813464e+01 2.256157e+01 1.000000e+00
      vertex   -1.818553e+01 2.185000e+01 1.000000e+00
      vertex   -1.318553e+01 2.685000e+01 1.000000e+00
    endloop
  endfacet
  facet normal 2.146515e-15 1.858130e-15 1.000000e+00
    outer loop
      vertex   -1.818553e+01 2.138553e+01 1.000000e+00
      vertex   -1.823301e+01 2.084288e+01 1.000000e+00
      vertex   -1.512500e+01 1.785000e+01 1.000000e+00
    endloop
  endfacet
  facet normal 2.839481e-16 -7.608367e-17 1.000000e+00
    outer loop
      vertex   -1.512500e+01 1.785000e+01 1.000000e+00
      vertex   -1.823301e+01 2.084288e+01 1.000000e+00
      vertex   -1.837399e+01 2.031672e+01 1.000000e+00
    endloop
  endfacet
  facet normal 2.523667e-16 -1.176805e-16 1.000000e+00
    outer loop
      vertex   -1.512500e+01 1.785000e+01 1.000000e+00
      vertex   -1.837399e+01 2.031672e+01 1.000000e+00
      vertex   -1.860420e+01 1.982303e+01 1.000000e+00
    endloop
  endfacet
  facet normal 2.284063e-16 -1.599318e-16 1.000000e+00
    outer loop
      vertex   -1.860420e+01 1.982303e+01 1.000000e+00
      vertex   -1.891665e+01 1.937682e+01 1.000000e+00
      vertex   -1.512500e+01 1.785000e+01 1.000000e+00
    endloop
  endfacet
  facet normal 2.087487e-16 -2.087487e-16 1.000000e+00
    outer loop
      vertex   -1.512500e+01 1.785000e+01 1.000000e+00
      vertex   -1.891665e+01 1.937682e+01 1.000000e+00
      vertex   -1.930182e+01 1.899165e+01 1.000000e+00
    endloop
  endfacet
  facet normal 1.911784e-16 -2.730311e-16 1.000000e+00
    outer loop
      vertex   -1.512500e+01 1.785000e+01 1.000000e+00
      vertex   -1.930182e+01 1.899165e+01 1.000000e+00
      vertex   -1.974803e+01 1.867920e+01 1.000000e+00
    endloop
  endfacet
  facet normal 1.734380e-16 -3.719389e-16 1.000000e+00
    outer loop
      vertex   -1.974803e+01 1.867920e+01 1.000000e+00
      vertex   -2.024172e+01 1.844899e+01 1.000000e+00
      vertex   -1.512500e+01 1.785000e+01 1.000000e+00
    endloop
  endfacet
  facet normal -1.000000e+00 0.000000e+00 0.000000e+00
    outer loop
      vertex   2.677500e+01 1.850000e+00 -3.000000e+00
      vertex   2.677500e+01 -6.250000e-01 -3.000000e+00
      vertex   2.677500e+01 1.850000e+00 1.000000e+00
    endloop
  endfacet
  facet normal -1.000000e+00 -0.000000e+00 0.000000e+00
    outer loop
      vertex   2.677500e+01 1.850000e+00 1.000000e+00
      vertex   2.677500e+01 -6.250000e-01 -3.000000e+00
      vertex   2.677500e+01 -6.250000e-01 4.500000e+00
    endloop
  endfacet
  facet normal -1.000000e+00 0.000000e+00 0.000000e+00
    outer loop
      vertex   2.677500e+01 1.850000e+00 1.000000e+00
      vertex   2.677500e+01 -6.250000e-01 4.500000e+00
      vertex   2.677500e+01 1.785000e+01 4.500000e+00
    endloop
  endfacet
  facet normal -1.000000e+00 6.661338e-16 -3.045183e-15
    outer loop
      vertex   2.677500e+01 1.785000e+01 4.500000e+00
      vertex   2.677500e+01 1.785000e+01 1.000000e+00
      vertex   2.677500e+01 1.850000e+00 1.000000e+00
    endloop
  endfacet
  facet normal 1.000000e+00 -0.000000e+00 0.000000e+00
    outer loop
      vertex   -2.677500e+01 -3.300144e+00 4.250419e-01
      vertex   -2.677500e+01 -3.250000e+00 -2.000000e-02
      vertex   -2.677500e+01 1.850000e+00 1.000000e+00
    endloop
  endfacet
  facet normal 1.000000e+00 0.000000e+00 0.000000e+00
    outer loop
      vertex   -2.677500e+01 1.850000e+00 1.000000e+00
      vertex   -2.677500e+01 -3.250000e+00 -2.000000e-02
      vertex   -2.677500e+01 -3.250000e+00 -1.000000e+00
    endloop
  endfacet
  facet normal 1.000000e+00 0.000000e+00 0.000000e+00
    outer loop
      vertex   -2.677500e+01 1.850000e+00 1.000000e+00
      vertex   -2.677500e+01 -3.250000e+00 -1.000000e+00
      vertex   -2.677500e+01 1.850000e+00 -3.000000e+00
    endloop
  endfacet
  facet normal 1.000000e+00 0.000000e+00 0.000000e+00
    outer loop
      vertex   -2.677500e+01 1.850000e+00 -3.000000e+00
      vertex   -2.677500e+01 -3.250000e+00 -1.000000e+00
      vertex   -2.677500e+01 -3.300144e+00 -1.445042e+00
    endloop
  endfacet
  facet normal 1.000000e+00 0.000000e+00 0.000000e+00
    outer loop
      vertex   -2.677500e+01 1.850000e+00 -3.000000e+00
      vertex   -2.677500e+01 -3.300144e+00 -1.445042e+00
      vertex   -2.677500e+01 -3.448062e+00 -1.867767e+00
    endloop
  endfacet
  facet normal 1.000000e+00 0.000000e+00 0.000000e+00
    outer loop
      vertex   -2.677500e+01 -3.448062e+00 -1.867767e+00
      vertex   -2.677500e+01 -3.686337e+00 -2.246980e+00
      vertex   -2.677500e+01 1.850000e+00 -3.000000e+00
    endloop
  endfacet
  facet normal 1.000000e+00 0.000000e+00 0.000000e+00
    outer loop
      vertex   -2.677500e+01 1.850000e+00 -3.000000e+00
      vertex   -2.677500e+01 -3.686337e+00 -2.246980e+00
      vertex   -2.677500e+01 -4.003020e+00 -2.563663e+00
    endloop
  endfacet
  facet normal 1.000000e+00 0.000000e+00 0.000000e+00
    outer loop
      vertex   -2.677500e+01 1.850000e+00 -3.000000e+00
      vertex   -2.677500e+01 -4.003020e+00 -2.563663e+00
      vertex   -2.677500e+01 -4.382233e+00 -2.801938e+00
    endloop
  endfacet
  facet normal 1.000000e+00 0.000000e+00 0.000000e+00
    outer loop
      vertex   -2.677500e+01 -4.382233e+00 -2.801938e+00
      vertex   -2.677500e+01 -4.804958e+00 -2.949856e+00
      vertex   -2.677500e+01 1.850000e+00 -3.000000e+00
    endloop
  endfacet
  facet normal 1.000000e+00 0.000000e+00 0.000000e+00
    outer loop
      vertex   -2.677500e+01 1.850000e+00 -3.000000e+00
      vertex   -2.677500e+01 -4.804958e+00 -2.949856e+00
      vertex   -2.677500e+01 -5.250000e+00 -3.000000e+00
    endloop
  endfacet
  facet normal 1.000000e+00 0.000000e+00 -0.000000e+00
    outer loop
      vertex   -2.677500e+01 1.326053e+01 1.000000e+00
      vertex   -2.677500e+01 1.326053e+01 4.500000e+00
      vertex   -2.677500e+01 1.850000e+00 1.000000e+00
    endloop
  endfacet
  facet normal 1.000000e+00 0.000000e+00 -0.000000e+00
    outer loop
      vertex   -2.677500e+01 1.850000e+00 1.000000e+00
      vertex   -2.677500e+01 1.326053e+01 4.500000e+00
      vertex   -2.677500e+01 -4.804958e+00 1.929856e+00
    endloop
  endfacet
  facet normal 1.000000e+00 0.000000e+00 0.000000e+00
    outer loop
      vertex   -2.677500e+01 1.850000e+00 1.000000e+00
      vertex   -2.677500e+01 -4.804958e+00 1.929856e+00
      vertex   -2.677500e+01 -4.382233e+00 1.781938e+00
    endloop
  endfacet
  facet normal 1.000000e+00 0.000000e+00 -0.000000e+00
    outer loop
      vertex   -2.677500e+01 -4.804958e+00 1.929856e+00
      vertex   -2.677500e+01 1.326053e+01 4.500000e+00
      vertex   -2.677500e+01 -5.250000e+00 1.980000e+00
    endloop
  endfacet
  facet normal 1.000000e+00 0.000000e+00 -0.000000e+00
    outer loop
      vertex   -2.677500e+01 -5.250000e+00 1.980000e+00
      vertex   -2.677500e+01 1.326053e+01 4.500000e+00
      vertex   -2.677500e+01 -1.785000e+01 4.500000e+00
    endloop
  endfacet
  facet normal 1.000000e+00 0.000000e+00 0.000000e+00
    outer loop
      vertex   -2.677500e+01 -5.250000e+00 1.980000e+00
      vertex   -2.677500e+01 -1.785000e+01 4.500000e+00
      vertex   -2.677500e+01 -1.225000e+01 1.980000e+00
    endloop
  endfacet
  facet normal 1.000000e+00 0.000000e+00 0.000000e+00
    outer loop
      vertex   -2.677500e+01 -1.225000e+01 1.980000e+00
      vertex   -2.677500e+01 -1.785000e+01 4.500000e+00
      vertex   -2.677500e+01 -1.269504e+01 1.929856e+00
    endloop
  endfacet
  facet normal 1.000000e+00 0.000000e+00 0.000000e+00
    outer loop
      vertex   -2.677500e+01 -1.269504e+01 1.929856e+00
      vertex   -2.677500e+01 -1.785000e+01 4.500000e+00
      vertex   -2.677500e+01 -1.311777e+01 1.781938e+00
    endloop
  endfacet
  facet normal 1.000000e+00 0.000000e+00 0.000000e+00
    outer loop
      vertex   -2.677500e+01 -1.311777e+01 1.781938e+00
      vertex   -2.677500e+01 -1.785000e+01 4.500000e+00
      vertex   -2.677500e+01 -1.349698e+01 1.543663e+00
    endloop
  endfacet
  facet normal 1.000000e+00 0.000000e+00 0.000000e+00
    outer loop
      vertex   -2.677500e+01 -1.349698e+01 1.543663e+00
      vertex   -2.677500e+01 -1.785000e+01 4.500000e+00
      vertex   -2.677500e+01 -1.381366e+01 1.226980e+00
    endloop
  endfacet
  facet normal 1.000000e+00 0.000000e+00 0.000000e+00
    outer loop
      vertex   -2.677500e+01 -1.381366e+01 1.226980e+00
      vertex   -2.677500e+01 -1.785000e+01 4.500000e+00
      vertex   -2.677500e+01 -1.405194e+01 8.477675e-01
    endloop
  endfacet
  facet normal 1.000000e+00 0.000000e+00 0.000000e+00
    outer loop
      vertex   -2.677500e+01 -1.405194e+01 8.477675e-01
      vertex   -2.677500e+01 -1.785000e+01 4.500000e+00
      vertex   -2.677500e+01 -1.419986e+01 4.250419e-01
    endloop
  endfacet
  facet normal 1.000000e+00 0.000000e+00 0.000000e+00
    outer loop
      vertex   -2.677500e+01 -1.419986e+01 4.250419e-01
      vertex   -2.677500e+01 -1.785000e+01 4.500000e+00
      vertex   -2.677500e+01 -1.785000e+01 -3.000000e+00
    endloop
  endfacet
  facet normal 1.000000e+00 0.000000e+00 0.000000e+00
    outer loop
      vertex   -2.677500e+01 -1.419986e+01 4.250419e-01
      vertex   -2.677500e+01 -1.785000e+01 -3.000000e+00
      vertex   -2.677500e+01 -1.425000e+01 -2.000000e-02
    endloop
  endfacet
  facet normal 1.000000e+00 0.000000e+00 0.000000e+00
    outer loop
      vertex   -2.677500e+01 -1.425000e+01 -2.000000e-02
      vertex   -2.677500e+01 -1.785000e+01 -3.000000e+00
      vertex   -2.677500e+01 -1.425000e+01 -1.000000e+00
    endloop
  endfacet
  facet normal 1.000000e+00 0.000000e+00 0.000000e+00
    outer loop
      vertex   -2.677500e+01 -1.425000e+01 -1.000000e+00
      vertex   -2.677500e+01 -1.785000e+01 -3.000000e+00
      vertex   -2.677500e+01 -1.419986e+01 -1.445042e+00
    endloop
  endfacet
  facet normal 1.000000e+00 0.000000e+00 0.000000e+00
    outer loop
      vertex   -2.677500e+01 -1.419986e+01 -1.445042e+00
      vertex   -2.677500e+01 -1.785000e+01 -3.000000e+00
      vertex   -2.677500e+01 -1.405194e+01 -1.867767e+00
    endloop
  endfacet
  facet normal 1.000000e+00 0.000000e+00 0.000000e+00
    outer loop
      vertex   -2.677500e+01 -1.405194e+01 -1.867767e+00
      vertex   -2.677500e+01 -1.785000e+01 -3.000000e+00
      vertex   -2.677500e+01 -1.381366e+01 -2.246980e+00
    endloop
  endfacet
  facet normal 1.000000e+00 0.000000e+00 0.000000e+00
    outer loop
      vertex   -2.677500e+01 -1.381366e+01 -2.246980e+00
      vertex   -2.677500e+01 -1.785000e+01 -3.000000e+00
      vertex   -2.677500e+01 -1.349698e+01 -2.563663e+00
    endloop
  endfacet
  facet normal 1.000000e+00 0.000000e+00 0.000000e+00
    outer loop
      vertex   -2.677500e+01 -1.349698e+01 -2.563663e+00
      vertex   -2.677500e+01 -1.785000e+01 -3.000000e+00
      vertex   -2.677500e+01 -1.311777e+01 -2.801938e+00
    endloop
  endfacet
  facet normal 1.000000e+00 0.000000e+00 0.000000e+00
    outer loop
      vertex   -2.677500e+01 -1.311777e+01 -2.801938e+00
      vertex   -2.677500e+01 -1.785000e+01 -3.000000e+00
      vertex   -2.677500e+01 -1.269504e+01 -2.949856e+00
    endloop
  endfacet
  facet normal 1.000000e+00 0.000000e+00 0.000000e+00
    outer loop
      vertex   -2.677500e+01 -1.269504e+01 -2.949856e+00
      vertex   -2.677500e+01 -1.785000e+01 -3.000000e+00
      vertex   -2.677500e+01 -1.225000e+01 -3.000000e+00
    endloop
  endfacet
  facet normal 1.000000e+00 0.000000e+00 0.000000e+00
    outer loop
      vertex   -2.677500e+01 -4.382233e+00 1.781938e+00
      vertex   -2.677500e+01 -4.003020e+00 1.543663e+00
      vertex   -2.677500e+01 1.850000e+00 1.000000e+00
    endloop
  endfacet
  facet normal 1.000000e+00 0.000000e+00 0.000000e+00
    outer loop
      vertex   -2.677500e+01 1.850000e+00 1.000000e+00
      vertex   -2.677500e+01 -4.003020e+00 1.543663e+00
      vertex   -2.677500e+01 -3.686337e+00 1.226980e+00
    endloop
  endfacet
  facet normal 1.000000e+00 0.000000e+00 0.000000e+00
    outer loop
      vertex   -2.677500e+01 1.850000e+00 1.000000e+00
      vertex   -2.677500e+01 -3.686337e+00 1.226980e+00
      vertex   -2.677500e+01 -3.448062e+00 8.477675e-01
    endloop
  endfacet
  facet normal 1.000000e+00 -0.000000e+00 0.000000e+00
    outer loop
      vertex   -2.677500e+01 -3.448062e+00 8.477675e-01
      vertex   -2.677500e+01 -3.300144e+00 4.250419e-01
      vertex   -2.677500e+01 1.850000e+00 1.000000e+00
    endloop
  endfacet
  facet normal 9.974521e-01 -7.133918e-02 0.000000e+00
    outer loop
      vertex   -2.677500e+01 1.326053e+01 4.500000e+00
      vertex   -2.677500e+01 1.326053e+01 1.000000e+00
      vertex   -2.672411e+01 1.397211e+01 4.500000e+00
    endloop
  endfacet
  facet normal 9.974521e-01 -7.133918e-02 0.000000e+00
    outer loop
      vertex   -2.672411e+01 1.397211e+01 4.500000e+00
      vertex   -2.677500e+01 1.326053e+01 1.000000e+00
      vertex   -2.672411e+01 1.397211e+01 1.000000e+00
    endloop
  endfacet
  facet normal 9.771469e-01 -2.125653e-01 0.000000e+00
    outer loop
      vertex   -2.672411e+01 1.397211e+01 4.500000e+00
      vertex   -2.672411e+01 1.397211e+01 1.000000e+00
      vertex   -2.657246e+01 1.466920e+01 4.500000e+00
    endloop
  endfacet
  facet normal 9.771469e-01 -2.125653e-01 0.000000e+00
    outer loop
      vertex   -2.657246e+01 1.466920e+01 4.500000e+00
      vertex   -2.672411e+01 1.397211e+01 1.000000e+00
      vertex   -2.657246e+01 1.466920e+01 1.000000e+00
    endloop
  endfacet
  facet normal 9.369497e-01 -3.494642e-01 0.000000e+00
    outer loop
      vertex   -2.657246e+01 1.466920e+01 4.500000e+00
      vertex   -2.657246e+01 1.466920e+01 1.000000e+00
      vertex   -2.632316e+01 1.533761e+01 4.500000e+00
    endloop
  endfacet
  facet normal 9.369497e-01 -3.494642e-01 0.000000e+00
    outer loop
      vertex   -2.632316e+01 1.533761e+01 4.500000e+00
      vertex   -2.657246e+01 1.466920e+01 1.000000e+00
      vertex   -2.632316e+01 1.533761e+01 1.000000e+00
    endloop
  endfacet
  facet normal 8.776790e-01 -4.792490e-01 0.000000e+00
    outer loop
      vertex   -2.632316e+01 1.533761e+01 4.500000e+00
      vertex   -2.632316e+01 1.533761e+01 1.000000e+00
      vertex   -2.598127e+01 1.596374e+01 4.500000e+00
    endloop
  endfacet
  facet normal 8.776790e-01 -4.792490e-01 0.000000e+00
    outer loop
      vertex   -2.598127e+01 1.596374e+01 4.500000e+00
      vertex   -2.632316e+01 1.533761e+01 1.000000e+00
      vertex   -2.598127e+01 1.596374e+01 1.000000e+00
    endloop
  endfacet
  facet normal 8.005412e-01 -5.992777e-01 0.000000e+00
    outer loop
      vertex   -2.598127e+01 1.596374e+01 4.500000e+00
      vertex   -2.598127e+01 1.596374e+01 1.000000e+00
      vertex   -2.555375e+01 1.653484e+01 4.500000e+00
    endloop
  endfacet
  facet normal 8.005412e-01 -5.992777e-01 0.000000e+00
    outer loop
      vertex   -2.555375e+01 1.653484e+01 4.500000e+00
      vertex   -2.598127e+01 1.596374e+01 1.000000e+00
      vertex   -2.555375e+01 1.653484e+01 1.000000e+00
    endloop
  endfacet
  facet normal 7.071068e-01 -7.071068e-01 0.000000e+00
    outer loop
      vertex   -2.555375e+01 1.653484e+01 4.500000e+00
      vertex   -2.555375e+01 1.653484e+01 1.000000e+00
      vertex   -2.504930e+01 1.703928e+01 4.500000e+00
    endloop
  endfacet
  facet normal 7.071068e-01 -7.071068e-01 0.000000e+00
    outer loop
      vertex   -2.504930e+01 1.703928e+01 4.500000e+00
      vertex   -2.555375e+01 1.653484e+01 1.000000e+00
      vertex   -2.504930e+01 1.703928e+01 1.000000e+00
    endloop
  endfacet
  facet normal 5.992777e-01 -8.005412e-01 0.000000e+00
    outer loop
      vertex   -2.504930e+01 1.703928e+01 4.500000e+00
      vertex   -2.504930e+01 1.703928e+01 1.000000e+00
      vertex   -2.447820e+01 1.746680e+01 4.500000e+00
    endloop
  endfacet
  facet normal 5.992777e-01 -8.005412e-01 0.000000e+00
    outer loop
      vertex   -2.447820e+01 1.746680e+01 4.500000e+00
      vertex   -2.504930e+01 1.703928e+01 1.000000e+00
      vertex   -2.447820e+01 1.746680e+01 1.000000e+00
    endloop
  endfacet
  facet normal 4.792490e-01 -8.776790e-01 0.000000e+00
    outer loop
      vertex   -2.447820e+01 1.746680e+01 4.500000e+00
      vertex   -2.447820e+01 1.746680e+01 1.000000e+00
      vertex   -2.385208e+01 1.780869e+01 4.500000e+00
    endloop
  endfacet
  facet normal 4.792490e-01 -8.776790e-01 0.000000e+00
    outer loop
      vertex   -2.385208e+01 1.780869e+01 4.500000e+00
      vertex   -2.447820e+01 1.746680e+01 1.000000e+00
      vertex   -2.385208e+01 1.780869e+01 1.000000e+00
    endloop
  endfacet
  facet normal 3.494642e-01 -9.369497e-01 0.000000e+00
    outer loop
      vertex   -2.385208e+01 1.780869e+01 4.500000e+00
      vertex   -2.385208e+01 1.780869e+01 1.000000e+00
      vertex   -2.318366e+01 1.805800e+01 4.500000e+00
    endloop
  endfacet
  facet normal 3.494642e-01 -9.369497e-01 0.000000e+00
    outer loop
      vertex   -2.318366e+01 1.805800e+01 4.500000e+00
      vertex   -2.385208e+01 1.780869e+01 1.000000e+00
      vertex   -2.318366e+01 1.805800e+01 1.000000e+00
    endloop
  endfacet
  facet normal 2.125653e-01 -9.771469e-01 0.000000e+00
    outer loop
      vertex   -2.318366e+01 1.805800e+01 4.500000e+00
      vertex   -2.318366e+01 1.805800e+01 1.000000e+00
      vertex   -2.248657e+01 1.820964e+01 4.500000e+00
    endloop
  endfacet
  facet normal 2.125653e-01 -9.771469e-01 0.000000e+00
    outer loop
      vertex   -2.248657e+01 1.820964e+01 4.500000e+00
      vertex   -2.318366e+01 1.805800e+01 1.000000e+00
      vertex   -2.248657e+01 1.820964e+01 1.000000e+00
    endloop
  endfacet
  facet normal 7.133918e-02 -9.974521e-01 0.000000e+00
    outer loop
      vertex   -2.248657e+01 1.820964e+01 4.500000e+00
      vertex   -2.248657e+01 1.820964e+01 1.000000e+00
      vertex   -2.177500e+01 1.826053e+01 4.500000e+00
    endloop
  endfacet
  facet normal 7.133918e-02 -9.974521e-01 0.000000e+00
    outer loop
      vertex   -2.177500e+01 1.826053e+01 4.500000e+00
      vertex   -2.248657e+01 1.820964e+01 1.000000e+00
      vertex   -2.177500e+01 1.826053e+01 1.000000e+00
    endloop
  endfacet
  facet normal 0.000000e+00 -1.000000e+00 0.000000e+00
    outer loop
      vertex   -2.177500e+01 1.826053e+01 1.000000e+00
      vertex   -2.131053e+01 1.826053e+01 1.000000e+00
      vertex   -2.177500e+01 1.826053e+01 4.500000e+00
    endloop
  endfacet
  facet normal 0.000000e+00 -1.000000e+00 0.000000e+00
    outer loop
      vertex   -2.177500e+01 1.826053e+01 4.500000e+00
      vertex   -2.131053e+01 1.826053e+01 1.000000e+00
      vertex   -2.131053e+01 1.826053e+01 4.500000e+00
    endloop
  endfacet
  facet normal -0.000000e+00 1.000000e+00 0.000000e+00
    outer loop
      vertex   -2.077500e+01 -3.250000e+00 -3.000000e+00
      vertex   1.467500e+01 -3.250000e+00 -3.000000e+00
      vertex   -2.077500e+01 -3.250000e+00 -4.000000e+00
    endloop
  endfacet
  facet normal 0.000000e+00 1.000000e+00 0.000000e+00
    outer loop
      vertex   -2.077500e+01 -3.250000e+00 -4.000000e+00
      vertex   1.467500e+01 -3.250000e+00 -3.000000e+00
      vertex   1.467500e+01 -3.250000e+00 -4.000000e+00
    endloop
  endfacet
  facet normal -1.000000e+00 0.000000e+00 -1.776357e-15
    outer loop
      vertex   1.467500e+01 -3.250000e+00 -3.000000e+00
      vertex   1.467500e+01 3.500000e-01 -3.000000e+00
      vertex   1.467500e+01 -3.250000e+00 -4.000000e+00
    endloop
  endfacet
  facet normal -1.000000e+00 0.000000e+00 -1.776357e-15
    outer loop
      vertex   1.467500e+01 -3.250000e+00 -4.000000e+00
      vertex   1.467500e+01 3.500000e-01 -3.000000e+00
      vertex   1.467500e+01 3.500000e-01 -4.000000e+00
    endloop
  endfacet
  facet normal 1.000000e+00 0.000000e+00 0.000000e+00
    outer loop
      vertex   -2.077500e+01 5.350000e+00 -4.000000e+00
      vertex   -2.077500e+01 1.785000e+01 -4.000000e+00
      vertex   -2.077500e+01 5.350000e+00 1.000000e+00
    endloop
  endfacet
  facet normal 1.000000e+00 -0.000000e+00 0.000000e+00
    outer loop
      vertex   -2.077500e+01 5.350000e+00 1.000000e+00
      vertex   -2.077500e+01 1.785000e+01 -4.000000e+00
      vertex   -2.077500e+01 1.785000e+01 1.000000e+00
    endloop
  endfacet
  facet normal 0.000000e+00 1.000000e+00 -0.000000e+00
    outer loop
      vertex   -1.512500e+01 5.350000e+00 -4.000000e+00
      vertex   -2.077500e+01 5.350000e+00 -4.000000e+00
      vertex   -1.512500e+01 5.350000e+00 1.000000e+00
    endloop
  endfacet
  facet normal 0.000000e+00 1.000000e+00 0.000000e+00
    outer loop
      vertex   -1.512500e+01 5.350000e+00 1.000000e+00
      vertex   -2.077500e+01 5.350000e+00 -4.000000e+00
      vertex   -2.077500e+01 5.350000e+00 1.000000e+00
    endloop
  endfacet
  facet normal 1.000000e+00 0.000000e+00 0.000000e+00
    outer loop
      vertex   -2.077500e+01 -1.425000e+01 -3.000000e+00
      vertex   -2.077500e+01 -1.785000e+01 -3.000000e+00
      vertex   -2.077500e+01 -1.425000e+01 -4.000000e+00
    endloop
  endfacet
  facet normal 1.000000e+00 0.000000e+00 0.000000e+00
    outer loop
      vertex   -2.077500e+01 -1.425000e+01 -4.000000e+00
      vertex   -2.077500e+01 -1.785000e+01 -3.000000e+00
      vertex   -2.077500e+01 -1.785000e+01 -4.000000e+00
    endloop
  endfacet
  facet normal -1.252720e-16 -1.000000e+00 -2.220446e-15
    outer loop
      vertex   1.467500e+01 3.500000e-01 -3.000000e+00
      vertex   -2.077500e+01 3.500000e-01 -3.000000e+00
      vertex   1.467500e+01 3.500000e-01 -4.000000e+00
    endloop
  endfacet
  facet normal -6.263600e-17 -1.000000e+00 -1.780222e-31
    outer loop
      vertex   1.467500e+01 3.500000e-01 -4.000000e+00
      vertex   -2.077500e+01 3.500000e-01 -3.000000e+00
      vertex   -2.077500e+01 3.500000e-01 -4.000000e+00
    endloop
  endfacet
  facet normal 0.000000e+00 -1.000000e+00 0.000000e+00
    outer loop
      vertex   -2.077500e+01 1.785000e+01 -4.000000e+00
      vertex   -1.512500e+01 1.785000e+01 -4.000000e+00
      vertex   -2.077500e+01 1.785000e+01 1.000000e+00
    endloop
  endfacet
  facet normal 0.000000e+00 -1.000000e+00 0.000000e+00
    outer loop
      vertex   -2.077500e+01 1.785000e+01 1.000000e+00
      vertex   -1.512500e+01 1.785000e+01 -4.000000e+00
      vertex   -1.512500e+01 1.785000e+01 1.000000e+00
    endloop
  endfacet
  facet normal 1.745805e-16 -1.000000e+00 0.000000e+00
    outer loop
      vertex   1.992500e+01 -1.425000e+01 -3.000000e+00
      vertex   -2.077500e+01 -1.425000e+01 -3.000000e+00
      vertex   1.992500e+01 -1.425000e+01 -4.000000e+00
    endloop
  endfacet
  facet normal 1.745805e-16 -1.000000e+00 0.000000e+00
    outer loop
      vertex   1.992500e+01 -1.425000e+01 -4.000000e+00
      vertex   -2.077500e+01 -1.425000e+01 -3.000000e+00
      vertex   -2.077500e+01 -1.425000e+01 -4.000000e+00
    endloop
  endfacet
  facet normal -1.000000e+00 1.421085e-16 -3.552714e-16
    outer loop
      vertex   -1.512500e+01 1.785000e+01 -4.000000e+00
      vertex   -1.512500e+01 5.350000e+00 -4.000000e+00
      vertex   -1.512500e+01 1.785000e+01 1.000000e+00
    endloop
  endfacet
  facet normal -1.000000e+00 -0.000000e+00 0.000000e+00
    outer loop
      vertex   -1.512500e+01 1.785000e+01 1.000000e+00
      vertex   -1.512500e+01 5.350000e+00 -4.000000e+00
      vertex   -1.512500e+01 5.350000e+00 1.000000e+00
    endloop
  endfacet
  facet normal 1.000000e+00 0.000000e+00 0.000000e+00
    outer loop
      vertex   -2.077500e+01 3.500000e-01 -3.000000e+00
      vertex   -2.077500e+01 -3.250000e+00 -3.000000e+00
      vertex   -2.077500e+01 3.500000e-01 -4.000000e+00
    endloop
  endfacet
  facet normal 1.000000e+00 0.000000e+00 0.000000e+00
    outer loop
      vertex   -2.077500e+01 3.500000e-01 -4.000000e+00
      vertex   -2.077500e+01 -3.250000e+00 -3.000000e+00
      vertex   -2.077500e+01 -3.250000e+00 -4.000000e+00
    endloop
  endfacet
  facet normal 8.715574e-02 -9.961947e-01 0.000000e+00
    outer loop
      vertex   -2.131053e+01 1.826053e+01 4.500000e+00
      vertex   -2.131053e+01 1.826053e+01 1.000000e+00
      vertex   -2.076788e+01 1.830801e+01 4.500000e+00
    endloop
  endfacet
  facet normal 8.715574e-02 -9.961947e-01 0.000000e+00
    outer loop
      vertex   -2.076788e+01 1.830801e+01 4.500000e+00
      vertex   -2.131053e+01 1.826053e+01 1.000000e+00
      vertex   -2.076788e+01 1.830801e+01 1.000000e+00
    endloop
  endfacet
  facet normal 2.588190e-01 -9.659258e-01 0.000000e+00
    outer loop
      vertex   -2.076788e+01 1.830801e+01 4.500000e+00
      vertex   -2.076788e+01 1.830801e+01 1.000000e+00
      vertex   -2.024172e+01 1.844899e+01 4.500000e+00
    endloop
  endfacet
  facet normal 2.588190e-01 -9.659258e-01 0.000000e+00
    outer loop
      vertex   -2.024172e+01 1.844899e+01 4.500000e+00
      vertex   -2.076788e+01 1.830801e+01 1.000000e+00
      vertex   -2.024172e+01 1.844899e+01 1.000000e+00
    endloop
  endfacet
  facet normal 4.226183e-01 -9.063078e-01 0.000000e+00
    outer loop
      vertex   -2.024172e+01 1.844899e+01 4.500000e+00
      vertex   -2.024172e+01 1.844899e+01 1.000000e+00
      vertex   -1.974803e+01 1.867920e+01 4.500000e+00
    endloop
  endfacet
  facet normal 4.226183e-01 -9.063078e-01 0.000000e+00
    outer loop
      vertex   -1.974803e+01 1.867920e+01 4.500000e+00
      vertex   -2.024172e+01 1.844899e+01 1.000000e+00
      vertex   -1.974803e+01 1.867920e+01 1.000000e+00
    endloop
  endfacet
  facet normal 5.735764e-01 -8.191520e-01 0.000000e+00
    outer loop
      vertex   -1.974803e+01 1.867920e+01 4.500000e+00
      vertex   -1.974803e+01 1.867920e+01 1.000000e+00
      vertex   -1.930182e+01 1.899165e+01 4.500000e+00
    endloop
  endfacet
  facet normal 5.735764e-01 -8.191520e-01 0.000000e+00
    outer loop
      vertex   -1.930182e+01 1.899165e+01 4.500000e+00
      vertex   -1.974803e+01 1.867920e+01 1.000000e+00
      vertex   -1.930182e+01 1.899165e+01 1.000000e+00
    endloop
  endfacet
  facet normal 7.071068e-01 -7.071068e-01 0.000000e+00
    outer loop
      vertex   -1.930182e+01 1.899165e+01 4.500000e+00
      vertex   -1.930182e+01 1.899165e+01 1.000000e+00
      vertex   -1.891665e+01 1.937682e+01 4.500000e+00
    endloop
  endfacet
  facet normal 7.071068e-01 -7.071068e-01 0.000000e+00
    outer loop
      vertex   -1.891665e+01 1.937682e+01 4.500000e+00
      vertex   -1.930182e+01 1.899165e+01 1.000000e+00
      vertex   -1.891665e+01 1.937682e+01 1.000000e+00
    endloop
  endfacet
  facet normal 8.191520e-01 -5.735764e-01 0.000000e+00
    outer loop
      vertex   -1.891665e+01 1.937682e+01 4.500000e+00
      vertex   -1.891665e+01 1.937682e+01 1.000000e+00
      vertex   -1.860420e+01 1.982303e+01 4.500000e+00
    endloop
  endfacet
  facet normal 8.191520e-01 -5.735764e-01 0.000000e+00
    outer loop
      vertex   -1.860420e+01 1.982303e+01 4.500000e+00
      vertex   -1.891665e+01 1.937682e+01 1.000000e+00
      vertex   -1.860420e+01 1.982303e+01 1.000000e+00
    endloop
  endfacet
  facet normal 9.063078e-01 -4.226183e-01 0.000000e+00
    outer loop
      vertex   -1.860420e+01 1.982303e+01 4.500000e+00
      vertex   -1.860420e+01 1.982303e+01 1.000000e+00
      vertex   -1.837399e+01 2.031672e+01 4.500000e+00
    endloop
  endfacet
  facet normal 9.063078e-01 -4.226183e-01 0.000000e+00
    outer loop
      vertex   -1.837399e+01 2.031672e+01 4.500000e+00
      vertex   -1.860420e+01 1.982303e+01 1.000000e+00
      vertex   -1.837399e+01 2.031672e+01 1.000000e+00
    endloop
  endfacet
  facet normal 9.659258e-01 -2.588190e-01 0.000000e+00
    outer loop
      vertex   -1.837399e+01 2.031672e+01 4.500000e+00
      vertex   -1.837399e+01 2.031672e+01 1.000000e+00
      vertex   -1.823301e+01 2.084288e+01 4.500000e+00
    endloop
  endfacet
  facet normal 9.659258e-01 -2.588190e-01 0.000000e+00
    outer loop
      vertex   -1.823301e+01 2.084288e+01 4.500000e+00
      vertex   -1.837399e+01 2.031672e+01 1.000000e+00
      vertex   -1.823301e+01 2.084288e+01 1.000000e+00
    endloop
  endfacet
  facet normal 9.961947e-01 -8.715574e-02 0.000000e+00
    outer loop
      vertex   -1.823301e+01 2.084288e+01 4.500000e+00
      vertex   -1.823301e+01 2.084288e+01 1.000000e+00
      vertex   -1.818553e+01 2.138553e+01 4.500000e+00
    endloop
  endfacet
  facet normal 9.961947e-01 -8.715574e-02 0.000000e+00
    outer loop
      vertex   -1.818553e+01 2.138553e+01 4.500000e+00
      vertex   -1.823301e+01 2.084288e+01 1.000000e+00
      vertex   -1.818553e+01 2.138553e+01 1.000000e+00
    endloop
  endfacet
  facet normal 1.000000e+00 0.000000e+00 0.000000e+00
    outer loop
      vertex   -1.818553e+01 2.138553e+01 1.000000e+00
      vertex   -1.818553e+01 2.185000e+01 1.000000e+00
      vertex   -1.818553e+01 2.138553e+01 4.500000e+00
    endloop
  endfacet
  facet normal 1.000000e+00 -0.000000e+00 0.000000e+00
    outer loop
      vertex   -1.818553e+01 2.138553e+01 4.500000e+00
      vertex   -1.818553e+01 2.185000e+01 1.000000e+00
      vertex   -1.818553e+01 2.185000e+01 4.500000e+00
    endloop
  endfacet
  facet normal 9.974521e-01 -7.133918e-02 0.000000e+00
    outer loop
      vertex   -1.818553e+01 2.185000e+01 4.500000e+00
      vertex   -1.818553e+01 2.185000e+01 1.000000e+00
      vertex   -1.813464e+01 2.256157e+01 4.500000e+00
    endloop
  endfacet
  facet normal 9.974521e-01 -7.133918e-02 0.000000e+00
    outer loop
      vertex   -1.813464e+01 2.256157e+01 4.500000e+00
      vertex   -1.818553e+01 2.185000e+01 1.000000e+00
      vertex   -1.813464e+01 2.256157e+01 1.000000e+00
    endloop
  endfacet
  facet normal 9.771469e-01 -2.125653e-01 0.000000e+00
    outer loop
      vertex   -1.813464e+01 2.256157e+01 4.500000e+00
      vertex   -1.813464e+01 2.256157e+01 1.000000e+00
      vertex   -1.798300e+01 2.325866e+01 4.500000e+00
    endloop
  endfacet
  facet normal 9.771469e-01 -2.125653e-01 0.000000e+00
    outer loop
      vertex   -1.798300e+01 2.325866e+01 4.500000e+00
      vertex   -1.813464e+01 2.256157e+01 1.000000e+00
      vertex   -1.798300e+01 2.325866e+01 1.000000e+00
    endloop
  endfacet
  facet normal 9.369497e-01 -3.494642e-01 0.000000e+00
    outer loop
      vertex   -1.798300e+01 2.325866e+01 4.500000e+00
      vertex   -1.798300e+01 2.325866e+01 1.000000e+00
      vertex   -1.773369e+01 2.392708e+01 4.500000e+00
    endloop
  endfacet
  facet normal 9.369497e-01 -3.494642e-01 0.000000e+00
    outer loop
      vertex   -1.773369e+01 2.392708e+01 4.500000e+00
      vertex   -1.798300e+01 2.325866e+01 1.000000e+00
      vertex   -1.773369e+01 2.392708e+01 1.000000e+00
    endloop
  endfacet
  facet normal 8.776790e-01 -4.792490e-01 0.000000e+00
    outer loop
      vertex   -1.773369e+01 2.392708e+01 4.500000e+00
      vertex   -1.773369e+01 2.392708e+01 1.000000e+00
      vertex   -1.739180e+01 2.455320e+01 4.500000e+00
    endloop
  endfacet
  facet normal 8.776790e-01 -4.792490e-01 0.000000e+00
    outer loop
      vertex   -1.739180e+01 2.455320e+01 4.500000e+00
      vertex   -1.773369e+01 2.392708e+01 1.000000e+00
      vertex   -1.739180e+01 2.455320e+01 1.000000e+00
    endloop
  endfacet
  facet normal 8.005412e-01 -5.992777e-01 0.000000e+00
    outer loop
      vertex   -1.739180e+01 2.455320e+01 4.500000e+00
      vertex   -1.739180e+01 2.455320e+01 1.000000e+00
      vertex   -1.696428e+01 2.512430e+01 4.500000e+00
    endloop
  endfacet
  facet normal 8.005412e-01 -5.992777e-01 0.000000e+00
    outer loop
      vertex   -1.696428e+01 2.512430e+01 4.500000e+00
      vertex   -1.739180e+01 2.455320e+01 1.000000e+00
      vertex   -1.696428e+01 2.512430e+01 1.000000e+00
    endloop
  endfacet
  facet normal 7.071068e-01 -7.071068e-01 0.000000e+00
    outer loop
      vertex   -1.696428e+01 2.512430e+01 4.500000e+00
      vertex   -1.696428e+01 2.512430e+01 1.000000e+00
      vertex   -1.645984e+01 2.562875e+01 4.500000e+00
    endloop
  endfacet
  facet normal 7.071068e-01 -7.071068e-01 0.000000e+00
    outer loop
      vertex   -1.645984e+01 2.562875e+01 4.500000e+00
      vertex   -1.696428e+01 2.512430e+01 1.000000e+00
      vertex   -1.645984e+01 2.562875e+01 1.000000e+00
    endloop
  endfacet
  facet normal 5.992777e-01 -8.005412e-01 0.000000e+00
    outer loop
      vertex   -1.645984e+01 2.562875e+01 4.500000e+00
      vertex   -1.645984e+01 2.562875e+01 1.000000e+00
      vertex   -1.588874e+01 2.605627e+01 4.500000e+00
    endloop
  endfacet
  facet normal 5.992777e-01 -8.005412e-01 0.000000e+00
    outer loop
      vertex   -1.588874e+01 2.605627e+01 4.500000e+00
      vertex   -1.645984e+01 2.562875e+01 1.000000e+00
      vertex   -1.588874e+01 2.605627e+01 1.000000e+00
    endloop
  endfacet
  facet normal 4.792490e-01 -8.776790e-01 0.000000e+00
    outer loop
      vertex   -1.588874e+01 2.605627e+01 4.500000e+00
      vertex   -1.588874e+01 2.605627e+01 1.000000e+00
      vertex   -1.526261e+01 2.639816e+01 4.500000e+00
    endloop
  endfacet
  facet normal 4.792490e-01 -8.776790e-01 0.000000e+00
    outer loop
      vertex   -1.526261e+01 2.639816e+01 4.500000e+00
      vertex   -1.588874e+01 2.605627e+01 1.000000e+00
      vertex   -1.526261e+01 2.639816e+01 1.000000e+00
    endloop
  endfacet
  facet normal 3.494642e-01 -9.369497e-01 0.000000e+00
    outer loop
      vertex   -1.526261e+01 2.639816e+01 4.500000e+00
      vertex   -1.526261e+01 2.639816e+01 1.000000e+00
      vertex   -1.459420e+01 2.664746e+01 4.500000e+00
    endloop
  endfacet
  facet normal 3.494642e-01 -9.369497e-01 0.000000e+00
    outer loop
      vertex   -1.459420e+01 2.664746e+01 4.500000e+00
      vertex   -1.526261e+01 2.639816e+01 1.000000e+00
      vertex   -1.459420e+01 2.664746e+01 1.000000e+00
    endloop
  endfacet
  facet normal 2.125653e-01 -9.771469e-01 0.000000e+00
    outer loop
      vertex   -1.459420e+01 2.664746e+01 4.500000e+00
      vertex   -1.459420e+01 2.664746e+01 1.000000e+00
      vertex   -1.389711e+01 2.679911e+01 4.500000e+00
    endloop
  endfacet
  facet normal 2.125653e-01 -9.771469e-01 0.000000e+00
    outer loop
      vertex   -1.389711e+01 2.679911e+01 4.500000e+00
      vertex   -1.459420e+01 2.664746e+01 1.000000e+00
      vertex   -1.389711e+01 2.679911e+01 1.000000e+00
    endloop
  endfacet
  facet normal 7.133918e-02 -9.974521e-01 0.000000e+00
    outer loop
      vertex   -1.389711e+01 2.679911e+01 4.500000e+00
      vertex   -1.389711e+01 2.679911e+01 1.000000e+00
      vertex   -1.318553e+01 2.685000e+01 4.500000e+00
    endloop
  endfacet
  facet normal 7.133918e-02 -9.974521e-01 0.000000e+00
    outer loop
      vertex   -1.318553e+01 2.685000e+01 4.500000e+00
      vertex   -1.389711e+01 2.679911e+01 1.000000e+00
      vertex   -1.318553e+01 2.685000e+01 1.000000e+00
    endloop
  endfacet
  facet normal -1.147498e-16 -1.000000e+00 0.000000e+00
    outer loop
      vertex   -1.318553e+01 2.685000e+01 1.000000e+00
      vertex   1.777500e+01 2.685000e+01 1.000000e+00
      vertex   -1.318553e+01 2.685000e+01 4.500000e+00
    endloop
  endfacet
  facet normal 2.294995e-16 -1.000000e+00 3.045183e-15
    outer loop
      vertex   -1.318553e+01 2.685000e+01 4.500000e+00
      vertex   1.777500e+01 2.685000e+01 1.000000e+00
      vertex   1.777500e+01 2.685000e+01 4.500000e+00
    endloop
  endfacet
  facet normal -5.233596e-02 -9.986295e-01 2.987886e-15
    outer loop
      vertex   1.777500e+01 2.685000e+01 4.500000e+00
      vertex   1.777500e+01 2.685000e+01 1.000000e+00
      vertex   1.871576e+01 2.680070e+01 4.500000e+00
    endloop
  endfacet
  facet normal -5.233596e-02 -9.986295e-01 -5.312419e-17
    outer loop
      vertex   1.871576e+01 2.680070e+01 4.500000e+00
      vertex   1.777500e+01 2.685000e+01 1.000000e+00
      vertex   1.871576e+01 2.680070e+01 1.000000e+00
    endloop
  endfacet
  facet normal -1.564345e-01 -9.876883e-01 -1.587905e-16
    outer loop
      vertex   1.871576e+01 2.680070e+01 4.500000e+00
      vertex   1.871576e+01 2.680070e+01 1.000000e+00
      vertex   1.964621e+01 2.665333e+01 4.500000e+00
    endloop
  endfacet
  facet normal -1.564345e-01 -9.876883e-01 -1.587905e-16
    outer loop
      vertex   1.964621e+01 2.665333e+01 4.500000e+00
      vertex   1.871576e+01 2.680070e+01 1.000000e+00
      vertex   1.964621e+01 2.665333e+01 1.000000e+00
    endloop
  endfacet
  facet normal -2.588190e-01 -9.659258e-01 -2.627171e-16
    outer loop
      vertex   1.964621e+01 2.665333e+01 4.500000e+00
      vertex   1.964621e+01 2.665333e+01 1.000000e+00
      vertex   2.055615e+01 2.640951e+01 4.500000e+00
    endloop
  endfacet
  facet normal -2.588190e-01 -9.659258e-01 -2.627171e-16
    outer loop
      vertex   2.055615e+01 2.640951e+01 4.500000e+00
      vertex   1.964621e+01 2.665333e+01 1.000000e+00
      vertex   2.055615e+01 2.640951e+01 1.000000e+00
    endloop
  endfacet
  facet normal -3.583679e-01 -9.335804e-01 -3.637653e-16
    outer loop
      vertex   2.055615e+01 2.640951e+01 4.500000e+00
      vertex   2.055615e+01 2.640951e+01 1.000000e+00
      vertex   2.143563e+01 2.607191e+01 4.500000e+00
    endloop
  endfacet
  facet normal -3.583679e-01 -9.335804e-01 -0.000000e+00
    outer loop
      vertex   2.143563e+01 2.607191e+01 4.500000e+00
      vertex   2.055615e+01 2.640951e+01 1.000000e+00
      vertex   2.143563e+01 2.607191e+01 1.000000e+00
    endloop
  endfacet
  facet normal -4.539905e-01 -8.910065e-01 -0.000000e+00
    outer loop
      vertex   2.143563e+01 2.607191e+01 4.500000e+00
      vertex   2.143563e+01 2.607191e+01 1.000000e+00
      vertex   2.227500e+01 2.564423e+01 4.500000e+00
    endloop
  endfacet
  facet normal -4.539905e-01 -8.910065e-01 -9.216561e-16
    outer loop
      vertex   2.227500e+01 2.564423e+01 4.500000e+00
      vertex   2.143563e+01 2.607191e+01 1.000000e+00
      vertex   2.227500e+01 2.564423e+01 1.000000e+00
    endloop
  endfacet
  facet normal -5.446390e-01 -8.386706e-01 -1.105684e-15
    outer loop
      vertex   2.227500e+01 2.564423e+01 4.500000e+00
      vertex   2.227500e+01 2.564423e+01 1.000000e+00
      vertex   2.306507e+01 2.513115e+01 4.500000e+00
    endloop
  endfacet
  facet normal -5.446390e-01 -8.386706e-01 -0.000000e+00
    outer loop
      vertex   2.306507e+01 2.513115e+01 4.500000e+00
      vertex   2.227500e+01 2.564423e+01 1.000000e+00
      vertex   2.306507e+01 2.513115e+01 1.000000e+00
    endloop
  endfacet
  facet normal -6.293204e-01 -7.771460e-01 -0.000000e+00
    outer loop
      vertex   2.306507e+01 2.513115e+01 4.500000e+00
      vertex   2.306507e+01 2.513115e+01 1.000000e+00
      vertex   2.379718e+01 2.453830e+01 4.500000e+00
    endloop
  endfacet
  facet normal -6.293204e-01 -7.771460e-01 -0.000000e+00
    outer loop
      vertex   2.379718e+01 2.453830e+01 4.500000e+00
      vertex   2.306507e+01 2.513115e+01 1.000000e+00
      vertex   2.379718e+01 2.453830e+01 1.000000e+00
    endloop
  endfacet
  facet normal -7.071068e-01 -7.071068e-01 -0.000000e+00
    outer loop
      vertex   2.379718e+01 2.453830e+01 4.500000e+00
      vertex   2.379718e+01 2.453830e+01 1.000000e+00
      vertex   2.446330e+01 2.387218e+01 4.500000e+00
    endloop
  endfacet
  facet normal -7.071068e-01 -7.071068e-01 -0.000000e+00
    outer loop
      vertex   2.446330e+01 2.387218e+01 4.500000e+00
      vertex   2.379718e+01 2.453830e+01 1.000000e+00
      vertex   2.446330e+01 2.387218e+01 1.000000e+00
    endloop
  endfacet
  facet normal -7.771460e-01 -6.293204e-01 -0.000000e+00
    outer loop
      vertex   2.446330e+01 2.387218e+01 4.500000e+00
      vertex   2.446330e+01 2.387218e+01 1.000000e+00
      vertex   2.505615e+01 2.314007e+01 4.500000e+00
    endloop
  endfacet
  facet normal -7.771460e-01 -6.293204e-01 -7.888506e-16
    outer loop
      vertex   2.505615e+01 2.314007e+01 4.500000e+00
      vertex   2.446330e+01 2.387218e+01 1.000000e+00
      vertex   2.505615e+01 2.314007e+01 1.000000e+00
    endloop
  endfacet
  facet normal -8.386706e-01 -5.446390e-01 -8.513018e-16
    outer loop
      vertex   2.505615e+01 2.314007e+01 4.500000e+00
      vertex   2.505615e+01 2.314007e+01 1.000000e+00
      vertex   2.556923e+01 2.235000e+01 4.500000e+00
    endloop
  endfacet
  facet normal -8.386706e-01 -5.446390e-01 1.105684e-15
    outer loop
      vertex   2.556923e+01 2.235000e+01 4.500000e+00
      vertex   2.505615e+01 2.314007e+01 1.000000e+00
      vertex   2.556923e+01 2.235000e+01 1.000000e+00
    endloop
  endfacet
  facet normal -8.910065e-01 -4.539905e-01 9.216561e-16
    outer loop
      vertex   2.556923e+01 2.235000e+01 4.500000e+00
      vertex   2.556923e+01 2.235000e+01 1.000000e+00
      vertex   2.599691e+01 2.151063e+01 4.500000e+00
    endloop
  endfacet
  facet normal -8.910065e-01 -4.539905e-01 -0.000000e+00
    outer loop
      vertex   2.599691e+01 2.151063e+01 4.500000e+00
      vertex   2.556923e+01 2.235000e+01 1.000000e+00
      vertex   2.599691e+01 2.151063e+01 1.000000e+00
    endloop
  endfacet
  facet normal -9.335804e-01 -3.583679e-01 -0.000000e+00
    outer loop
      vertex   2.599691e+01 2.151063e+01 4.500000e+00
      vertex   2.599691e+01 2.151063e+01 1.000000e+00
      vertex   2.633451e+01 2.063115e+01 4.500000e+00
    endloop
  endfacet
  facet normal -9.335804e-01 -3.583679e-01 -1.895282e-15
    outer loop
      vertex   2.633451e+01 2.063115e+01 4.500000e+00
      vertex   2.599691e+01 2.151063e+01 1.000000e+00
      vertex   2.633451e+01 2.063115e+01 1.000000e+00
    endloop
  endfacet
  facet normal -9.659258e-01 -2.588190e-01 -1.960947e-15
    outer loop
      vertex   2.633451e+01 2.063115e+01 4.500000e+00
      vertex   2.633451e+01 2.063115e+01 1.000000e+00
      vertex   2.657833e+01 1.972121e+01 4.500000e+00
    endloop
  endfacet
  facet normal -9.659258e-01 -2.588190e-01 -0.000000e+00
    outer loop
      vertex   2.657833e+01 1.972121e+01 4.500000e+00
      vertex   2.633451e+01 2.063115e+01 1.000000e+00
      vertex   2.657833e+01 1.972121e+01 1.000000e+00
    endloop
  endfacet
  facet normal -9.876883e-01 -1.564345e-01 -0.000000e+00
    outer loop
      vertex   2.657833e+01 1.972121e+01 4.500000e+00
      vertex   2.657833e+01 1.972121e+01 1.000000e+00
      vertex   2.672570e+01 1.879076e+01 4.500000e+00
    endloop
  endfacet
  facet normal -9.876883e-01 -1.564345e-01 -0.000000e+00
    outer loop
      vertex   2.672570e+01 1.879076e+01 4.500000e+00
      vertex   2.657833e+01 1.972121e+01 1.000000e+00
      vertex   2.672570e+01 1.879076e+01 1.000000e+00
    endloop
  endfacet
  facet normal -9.986295e-01 -5.233596e-02 -0.000000e+00
    outer loop
      vertex   2.672570e+01 1.879076e+01 4.500000e+00
      vertex   2.672570e+01 1.879076e+01 1.000000e+00
      vertex   2.677500e+01 1.785000e+01 4.500000e+00
    endloop
  endfacet
  facet normal -9.986295e-01 -5.233596e-02 -3.041010e-15
    outer loop
      vertex   2.677500e+01 1.785000e+01 4.500000e+00
      vertex   2.672570e+01 1.879076e+01 1.000000e+00
      vertex   2.677500e+01 1.785000e+01 1.000000e+00
    endloop
  endfacet
  facet normal -9.974521e-01 7.133918e-02 0.000000e+00
    outer loop
      vertex   2.677500e+01 -6.250000e-01 4.500000e+00
      vertex   2.677500e+01 -6.250000e-01 -3.000000e+00
      vertex   2.672411e+01 -1.336574e+00 4.500000e+00
    endloop
  endfacet
  facet normal -9.974521e-01 7.133918e-02 0.000000e+00
    outer loop
      vertex   2.672411e+01 -1.336574e+00 4.500000e+00
      vertex   2.677500e+01 -6.250000e-01 -3.000000e+00
      vertex   2.672411e+01 -1.336574e+00 -3.000000e+00
    endloop
  endfacet
  facet normal -9.771469e-01 2.125653e-01 0.000000e+00
    outer loop
      vertex   2.672411e+01 -1.336574e+00 4.500000e+00
      vertex   2.672411e+01 -1.336574e+00 -3.000000e+00
      vertex   2.657246e+01 -2.033663e+00 4.500000e+00
    endloop
  endfacet
  facet normal -9.771469e-01 2.125653e-01 0.000000e+00
    outer loop
      vertex   2.657246e+01 -2.033663e+00 4.500000e+00
      vertex   2.672411e+01 -1.336574e+00 -3.000000e+00
      vertex   2.657246e+01 -2.033663e+00 -3.000000e+00
    endloop
  endfacet
  facet normal -9.369497e-01 3.494642e-01 0.000000e+00
    outer loop
      vertex   2.657246e+01 -2.033663e+00 4.500000e+00
      vertex   2.657246e+01 -2.033663e+00 -3.000000e+00
      vertex   2.632316e+01 -2.702075e+00 4.500000e+00
    endloop
  endfacet
  facet normal -9.369497e-01 3.494642e-01 0.000000e+00
    outer loop
      vertex   2.632316e+01 -2.702075e+00 4.500000e+00
      vertex   2.657246e+01 -2.033663e+00 -3.000000e+00
      vertex   2.632316e+01 -2.702075e+00 -3.000000e+00
    endloop
  endfacet
  facet normal -8.776790e-01 4.792490e-01 0.000000e+00
    outer loop
      vertex   2.632316e+01 -2.702075e+00 4.500000e+00
      vertex   2.632316e+01 -2.702075e+00 -3.000000e+00
      vertex   2.598127e+01 -3.328204e+00 4.500000e+00
    endloop
  endfacet
  facet normal -8.776790e-01 4.792490e-01 0.000000e+00
    outer loop
      vertex   2.598127e+01 -3.328204e+00 4.500000e+00
      vertex   2.632316e+01 -2.702075e+00 -3.000000e+00
      vertex   2.598127e+01 -3.328204e+00 -3.000000e+00
    endloop
  endfacet
  facet normal -8.005412e-01 5.992777e-01 0.000000e+00
    outer loop
      vertex   2.598127e+01 -3.328204e+00 4.500000e+00
      vertex   2.598127e+01 -3.328204e+00 -3.000000e+00
      vertex   2.555375e+01 -3.899304e+00 4.500000e+00
    endloop
  endfacet
  facet normal -8.005412e-01 5.992777e-01 0.000000e+00
    outer loop
      vertex   2.555375e+01 -3.899304e+00 4.500000e+00
      vertex   2.598127e+01 -3.328204e+00 -3.000000e+00
      vertex   2.555375e+01 -3.899304e+00 -3.000000e+00
    endloop
  endfacet
  facet normal -7.071068e-01 7.071068e-01 0.000000e+00
    outer loop
      vertex   2.555375e+01 -3.899304e+00 4.500000e+00
      vertex   2.555375e+01 -3.899304e+00 -3.000000e+00
      vertex   2.504930e+01 -4.403748e+00 4.500000e+00
    endloop
  endfacet
  facet normal -7.071068e-01 7.071068e-01 0.000000e+00
    outer loop
      vertex   2.504930e+01 -4.403748e+00 4.500000e+00
      vertex   2.555375e+01 -3.899304e+00 -3.000000e+00
      vertex   2.504930e+01 -4.403748e+00 -3.000000e+00
    endloop
  endfacet
  facet normal -5.992777e-01 8.005412e-01 0.000000e+00
    outer loop
      vertex   2.504930e+01 -4.403748e+00 4.500000e+00
      vertex   2.504930e+01 -4.403748e+00 -3.000000e+00
      vertex   2.447820e+01 -4.831268e+00 4.500000e+00
    endloop
  endfacet
  facet normal -5.992777e-01 8.005412e-01 0.000000e+00
    outer loop
      vertex   2.447820e+01 -4.831268e+00 4.500000e+00
      vertex   2.504930e+01 -4.403748e+00 -3.000000e+00
      vertex   2.447820e+01 -4.831268e+00 -3.000000e+00
    endloop
  endfacet
  facet normal -4.792490e-01 8.776790e-01 0.000000e+00
    outer loop
      vertex   2.447820e+01 -4.831268e+00 4.500000e+00
      vertex   2.447820e+01 -4.831268e+00 -3.000000e+00
      vertex   2.385208e+01 -5.173160e+00 4.500000e+00
    endloop
  endfacet
  facet normal -4.792490e-01 8.776790e-01 0.000000e+00
    outer loop
      vertex   2.385208e+01 -5.173160e+00 4.500000e+00
      vertex   2.447820e+01 -4.831268e+00 -3.000000e+00
      vertex   2.385208e+01 -5.173160e+00 -3.000000e+00
    endloop
  endfacet
  facet normal -3.494642e-01 9.369497e-01 0.000000e+00
    outer loop
      vertex   2.385208e+01 -5.173160e+00 4.500000e+00
      vertex   2.385208e+01 -5.173160e+00 -3.000000e+00
      vertex   2.318366e+01 -5.422465e+00 4.500000e+00
    endloop
  endfacet
  facet normal -3.494642e-01 9.369497e-01 0.000000e+00
    outer loop
      vertex   2.318366e+01 -5.422465e+00 4.500000e+00
      vertex   2.385208e+01 -5.173160e+00 -3.000000e+00
      vertex   2.318366e+01 -5.422465e+00 -3.000000e+00
    endloop
  endfacet
  facet normal -2.125653e-01 9.771469e-01 0.000000e+00
    outer loop
      vertex   2.318366e+01 -5.422465e+00 4.500000e+00
      vertex   2.318366e+01 -5.422465e+00 -3.000000e+00
      vertex   2.248657e+01 -5.574107e+00 4.500000e+00
    endloop
  endfacet
  facet normal -2.125653e-01 9.771469e-01 0.000000e+00
    outer loop
      vertex   2.248657e+01 -5.574107e+00 4.500000e+00
      vertex   2.318366e+01 -5.422465e+00 -3.000000e+00
      vertex   2.248657e+01 -5.574107e+00 -3.000000e+00
    endloop
  endfacet
  facet normal -7.133918e-02 9.974521e-01 0.000000e+00
    outer loop
      vertex   2.248657e+01 -5.574107e+00 4.500000e+00
      vertex   2.248657e+01 -5.574107e+00 -3.000000e+00
      vertex   2.177500e+01 -5.625000e+00 4.500000e+00
    endloop
  endfacet
  facet normal -7.133918e-02 9.974521e-01 1.181221e-16
    outer loop
      vertex   2.177500e+01 -5.625000e+00 4.500000e+00
      vertex   2.248657e+01 -5.574107e+00 -3.000000e+00
      vertex   2.177500e+01 -5.625000e+00 -3.000000e+00
    endloop
  endfacet
  facet normal 0.000000e+00 1.000000e+00 1.184238e-16
    outer loop
      vertex   2.177500e+01 -5.625000e+00 -3.000000e+00
      vertex   2.122500e+01 -5.625000e+00 -3.000000e+00
      vertex   2.177500e+01 -5.625000e+00 4.500000e+00
    endloop
  endfacet
  facet normal 0.000000e+00 1.000000e+00 1.184238e-16
    outer loop
      vertex   2.177500e+01 -5.625000e+00 4.500000e+00
      vertex   2.122500e+01 -5.625000e+00 -3.000000e+00
      vertex   2.122500e+01 -5.625000e+00 4.500000e+00
    endloop
  endfacet
  facet normal 1.000000e+00 0.000000e+00 0.000000e+00
    outer loop
      vertex   2.777500e+01 1.785000e+01 3.500000e+00
      vertex   2.777500e+01 -1.785000e+01 3.500000e+00
      vertex   2.777500e+01 1.785000e+01 -3.000000e+00
    endloop
  endfacet
  facet normal 1.000000e+00 0.000000e+00 0.000000e+00
    outer loop
      vertex   2.777500e+01 1.785000e+01 -3.000000e+00
      vertex   2.777500e+01 -1.785000e+01 3.500000e+00
      vertex   2.777500e+01 -1.785000e+01 -3.000000e+00
    endloop
  endfacet
  facet normal -8.715574e-02 9.961947e-01 1.592584e-16
    outer loop
      vertex   2.122500e+01 -5.625000e+00 4.500000e+00
      vertex   2.122500e+01 -5.625000e+00 -3.000000e+00
      vertex   2.068235e+01 -5.672476e+00 4.500000e+00
    endloop
  endfacet
  facet normal -8.715574e-02 9.961947e-01 0.000000e+00
    outer loop
      vertex   2.068235e+01 -5.672476e+00 4.500000e+00
      vertex   2.122500e+01 -5.625000e+00 -3.000000e+00
      vertex   2.068235e+01 -5.672476e+00 -3.000000e+00
    endloop
  endfacet
  facet normal -2.588190e-01 9.659258e-01 0.000000e+00
    outer loop
      vertex   2.068235e+01 -5.672476e+00 4.500000e+00
      vertex   2.068235e+01 -5.672476e+00 -3.000000e+00
      vertex   2.015619e+01 -5.813461e+00 -3.000000e+00
    endloop
  endfacet
  facet normal -2.588190e-01 9.659258e-01 1.227900e-16
    outer loop
      vertex   2.068235e+01 -5.672476e+00 4.500000e+00
      vertex   2.015619e+01 -5.813461e+00 -3.000000e+00
      vertex   2.015619e+01 -5.813461e+00 4.500000e+00
    endloop
  endfacet
  facet normal -4.226183e-01 9.063078e-01 2.001922e-16
    outer loop
      vertex   2.015619e+01 -5.813461e+00 4.500000e+00
      vertex   2.015619e+01 -5.813461e+00 -3.000000e+00
      vertex   1.966250e+01 -6.043671e+00 -3.000000e+00
    endloop
  endfacet
  facet normal -4.226183e-01 9.063078e-01 2.153583e-16
    outer loop
      vertex   2.015619e+01 -5.813461e+00 4.500000e+00
      vertex   1.966250e+01 -6.043671e+00 -3.000000e+00
      vertex   1.966250e+01 -6.043671e+00 4.500000e+00
    endloop
  endfacet
  facet normal -5.735764e-01 8.191520e-01 1.940142e-16
    outer loop
      vertex   1.966250e+01 -6.043671e+00 4.500000e+00
      vertex   1.966250e+01 -6.043671e+00 -3.000000e+00
      vertex   1.921629e+01 -6.356111e+00 -3.000000e+00
    endloop
  endfacet
  facet normal -5.735764e-01 8.191520e-01 -2.709903e-16
    outer loop
      vertex   1.966250e+01 -6.043671e+00 4.500000e+00
      vertex   1.921629e+01 -6.356111e+00 -3.000000e+00
      vertex   1.921629e+01 -6.356111e+00 4.500000e+00
    endloop
  endfacet
  facet normal -7.071068e-01 7.071068e-01 -3.349531e-16
    outer loop
      vertex   1.921629e+01 -6.356111e+00 4.500000e+00
      vertex   1.921629e+01 -6.356111e+00 -3.000000e+00
      vertex   1.883111e+01 -6.741289e+00 -3.000000e+00
    endloop
  endfacet
  facet normal -7.071068e-01 7.071068e-01 1.674760e-16
    outer loop
      vertex   1.921629e+01 -6.356111e+00 4.500000e+00
      vertex   1.883111e+01 -6.741289e+00 -3.000000e+00
      vertex   1.883111e+01 -6.741289e+00 4.500000e+00
    endloop
  endfacet
  facet normal -8.191520e-01 5.735764e-01 1.358502e-16
    outer loop
      vertex   1.883111e+01 -6.741289e+00 4.500000e+00
      vertex   1.883111e+01 -6.741289e+00 -3.000000e+00
      vertex   1.851867e+01 -7.187500e+00 -3.000000e+00
    endloop
  endfacet
  facet normal -8.191520e-01 5.735764e-01 6.565493e-17
    outer loop
      vertex   1.883111e+01 -6.741289e+00 4.500000e+00
      vertex   1.851867e+01 -7.187500e+00 -3.000000e+00
      vertex   1.851867e+01 -7.187500e+00 4.500000e+00
    endloop
  endfacet
  facet normal -9.063078e-01 4.226183e-01 5.004806e-17
    outer loop
      vertex   1.851867e+01 -7.187500e+00 4.500000e+00
      vertex   1.851867e+01 -7.187500e+00 -3.000000e+00
      vertex   1.828846e+01 -7.681187e+00 -3.000000e+00
    endloop
  endfacet
  facet normal -9.063078e-01 4.226183e-01 1.001171e-16
    outer loop
      vertex   1.851867e+01 -7.187500e+00 4.500000e+00
      vertex   1.828846e+01 -7.681187e+00 -3.000000e+00
      vertex   1.828846e+01 -7.681187e+00 4.500000e+00
    endloop
  endfacet
  facet normal -9.659258e-01 2.588190e-01 6.130066e-17
    outer loop
      vertex   1.828846e+01 -7.681187e+00 4.500000e+00
      vertex   1.828846e+01 -7.681187e+00 -3.000000e+00
      vertex   1.814748e+01 -8.207349e+00 -3.000000e+00
    endloop
  endfacet
  facet normal -9.659258e-01 2.588190e-01 6.267411e-17
    outer loop
      vertex   1.828846e+01 -7.681187e+00 4.500000e+00
      vertex   1.814748e+01 -8.207349e+00 -3.000000e+00
      vertex   1.814748e+01 -8.207349e+00 4.500000e+00
    endloop
  endfacet
  facet normal -9.961947e-01 8.715574e-02 2.064263e-17
    outer loop
      vertex   1.814748e+01 -8.207349e+00 4.500000e+00
      vertex   1.814748e+01 -8.207349e+00 -3.000000e+00
      vertex   1.810000e+01 -8.750000e+00 -3.000000e+00
    endloop
  endfacet
  facet normal -9.961947e-01 8.715574e-02 4.322369e-20
    outer loop
      vertex   1.814748e+01 -8.207349e+00 4.500000e+00
      vertex   1.810000e+01 -8.750000e+00 -3.000000e+00
      vertex   1.810000e+01 -8.750000e+00 4.500000e+00
    endloop
  endfacet
  facet normal -9.961947e-01 -8.715574e-02 -0.000000e+00
    outer loop
      vertex   1.810000e+01 -8.750000e+00 4.500000e+00
      vertex   1.810000e+01 -8.750000e+00 -3.000000e+00
      vertex   1.814748e+01 -9.292651e+00 -3.000000e+00
    endloop
  endfacet
  facet normal -9.961947e-01 -8.715574e-02 -2.094707e-17
    outer loop
      vertex   1.810000e+01 -8.750000e+00 4.500000e+00
      vertex   1.814748e+01 -9.292651e+00 -3.000000e+00
      vertex   1.814748e+01 -9.292651e+00 4.500000e+00
    endloop
  endfacet
  facet normal -9.659258e-01 -2.588190e-01 -6.130066e-17
    outer loop
      vertex   1.814748e+01 -9.292651e+00 4.500000e+00
      vertex   1.814748e+01 -9.292651e+00 -3.000000e+00
      vertex   1.828846e+01 -9.818813e+00 -3.000000e+00
    endloop
  endfacet
  facet normal -9.659258e-01 -2.588190e-01 -6.267411e-17
    outer loop
      vertex   1.814748e+01 -9.292651e+00 4.500000e+00
      vertex   1.828846e+01 -9.818813e+00 -3.000000e+00
      vertex   1.828846e+01 -9.818813e+00 4.500000e+00
    endloop
  endfacet
  facet normal -9.063078e-01 -4.226183e-01 -1.000961e-16
    outer loop
      vertex   1.828846e+01 -9.818813e+00 4.500000e+00
      vertex   1.828846e+01 -9.818813e+00 -3.000000e+00
      vertex   1.851867e+01 -1.031250e+01 -3.000000e+00
    endloop
  endfacet
  facet normal -9.063078e-01 -4.226183e-01 3.775416e-19
    outer loop
      vertex   1.828846e+01 -9.818813e+00 4.500000e+00
      vertex   1.851867e+01 -1.031250e+01 -3.000000e+00
      vertex   1.851867e+01 -1.031250e+01 4.500000e+00
    endloop
  endfacet
  facet normal -8.191520e-01 -5.735764e-01 -0.000000e+00
    outer loop
      vertex   1.851867e+01 -1.031250e+01 4.500000e+00
      vertex   1.851867e+01 -1.031250e+01 -3.000000e+00
      vertex   1.883111e+01 -1.075871e+01 -3.000000e+00
    endloop
  endfacet
  facet normal -8.191520e-01 -5.735764e-01 -1.343357e-16
    outer loop
      vertex   1.851867e+01 -1.031250e+01 4.500000e+00
      vertex   1.883111e+01 -1.075871e+01 -3.000000e+00
      vertex   1.883111e+01 -1.075871e+01 4.500000e+00
    endloop
  endfacet
  facet normal -7.071068e-01 -7.071068e-01 -1.674765e-16
    outer loop
      vertex   1.883111e+01 -1.075871e+01 4.500000e+00
      vertex   1.883111e+01 -1.075871e+01 -3.000000e+00
      vertex   1.921629e+01 -1.114389e+01 -3.000000e+00
    endloop
  endfacet
  facet normal -7.071068e-01 -7.071068e-01 3.328968e-16
    outer loop
      vertex   1.883111e+01 -1.075871e+01 4.500000e+00
      vertex   1.921629e+01 -1.114389e+01 -3.000000e+00
      vertex   1.921629e+01 -1.114389e+01 4.500000e+00
    endloop
  endfacet
  facet normal -5.735764e-01 -8.191520e-01 2.717004e-16
    outer loop
      vertex   1.921629e+01 -1.114389e+01 4.500000e+00
      vertex   1.921629e+01 -1.114389e+01 -3.000000e+00
      vertex   1.966250e+01 -1.145633e+01 -3.000000e+00
    endloop
  endfacet
  facet normal -5.735764e-01 -8.191520e-01 2.244300e-18
    outer loop
      vertex   1.921629e+01 -1.114389e+01 4.500000e+00
      vertex   1.966250e+01 -1.145633e+01 -3.000000e+00
      vertex   1.966250e+01 -1.145633e+01 4.500000e+00
    endloop
  endfacet
  facet normal -4.226183e-01 -9.063078e-01 -0.000000e+00
    outer loop
      vertex   1.966250e+01 -1.145633e+01 4.500000e+00
      vertex   1.966250e+01 -1.145633e+01 -3.000000e+00
      vertex   2.015619e+01 -1.168654e+01 -3.000000e+00
    endloop
  endfacet
  facet normal -4.226183e-01 -9.063078e-01 -2.011187e-16
    outer loop
      vertex   1.966250e+01 -1.145633e+01 4.500000e+00
      vertex   2.015619e+01 -1.168654e+01 -3.000000e+00
      vertex   2.015619e+01 -1.168654e+01 4.500000e+00
    endloop
  endfacet
  facet normal -2.588190e-01 -9.659258e-01 -1.226013e-16
    outer loop
      vertex   2.015619e+01 -1.168654e+01 4.500000e+00
      vertex   2.015619e+01 -1.168654e+01 -3.000000e+00
      vertex   2.068235e+01 -1.182752e+01 -3.000000e+00
    endloop
  endfacet
  facet normal -2.588190e-01 -9.659258e-01 -1.686322e-18
    outer loop
      vertex   2.015619e+01 -1.168654e+01 4.500000e+00
      vertex   2.068235e+01 -1.182752e+01 -3.000000e+00
      vertex   2.068235e+01 -1.182752e+01 4.500000e+00
    endloop
  endfacet
  facet normal -8.715574e-02 -9.961947e-01 -0.000000e+00
    outer loop
      vertex   2.068235e+01 -1.182752e+01 4.500000e+00
      vertex   2.068235e+01 -1.182752e+01 -3.000000e+00
      vertex   2.122500e+01 -1.187500e+01 4.500000e+00
    endloop
  endfacet
  facet normal -8.715574e-02 -9.961947e-01 4.128525e-17
    outer loop
      vertex   2.122500e+01 -1.187500e+01 4.500000e+00
      vertex   2.068235e+01 -1.182752e+01 -3.000000e+00
      vertex   2.122500e+01 -1.187500e+01 -3.000000e+00
    endloop
  endfacet
  facet normal 0.000000e+00 -1.000000e+00 0.000000e+00
    outer loop
      vertex   2.122500e+01 -1.187500e+01 -3.000000e+00
      vertex   2.177500e+01 -1.187500e+01 -3.000000e+00
      vertex   2.122500e+01 -1.187500e+01 4.500000e+00
    endloop
  endfacet
  facet normal 0.000000e+00 -1.000000e+00 0.000000e+00
    outer loop
      vertex   2.122500e+01 -1.187500e+01 4.500000e+00
      vertex   2.177500e+01 -1.187500e+01 -3.000000e+00
      vertex   2.177500e+01 -1.187500e+01 4.500000e+00
    endloop
  endfacet
  facet normal -7.133918e-02 -9.974521e-01 3.379303e-17
    outer loop
      vertex   2.177500e+01 -1.187500e+01 4.500000e+00
      vertex   2.177500e+01 -1.187500e+01 -3.000000e+00
      vertex   2.248657e+01 -1.192589e+01 4.500000e+00
    endloop
  endfacet
  facet normal -7.133918e-02 -9.974521e-01 -0.000000e+00
    outer loop
      vertex   2.248657e+01 -1.192589e+01 4.500000e+00
      vertex   2.177500e+01 -1.187500e+01 -3.000000e+00
      vertex   2.248657e+01 -1.192589e+01 -3.000000e+00
    endloop
  endfacet
  facet normal -2.125653e-01 -9.771469e-01 -0.000000e+00
    outer loop
      vertex   2.248657e+01 -1.192589e+01 4.500000e+00
      vertex   2.248657e+01 -1.192589e+01 -3.000000e+00
      vertex   2.318366e+01 -1.207754e+01 4.500000e+00
    endloop
  endfacet
  facet normal -2.125653e-01 -9.771469e-01 -0.000000e+00
    outer loop
      vertex   2.318366e+01 -1.207754e+01 4.500000e+00
      vertex   2.248657e+01 -1.192589e+01 -3.000000e+00
      vertex   2.318366e+01 -1.207754e+01 -3.000000e+00
    endloop
  endfacet
  facet normal -3.494642e-01 -9.369497e-01 -0.000000e+00
    outer loop
      vertex   2.318366e+01 -1.207754e+01 4.500000e+00
      vertex   2.318366e+01 -1.207754e+01 -3.000000e+00
      vertex   2.385208e+01 -1.232684e+01 4.500000e+00
    endloop
  endfacet
  facet normal -3.494642e-01 -9.369497e-01 -0.000000e+00
    outer loop
      vertex   2.385208e+01 -1.232684e+01 4.500000e+00
      vertex   2.318366e+01 -1.207754e+01 -3.000000e+00
      vertex   2.385208e+01 -1.232684e+01 -3.000000e+00
    endloop
  endfacet
  facet normal -4.792490e-01 -8.776790e-01 -0.000000e+00
    outer loop
      vertex   2.385208e+01 -1.232684e+01 4.500000e+00
      vertex   2.385208e+01 -1.232684e+01 -3.000000e+00
      vertex   2.447820e+01 -1.266873e+01 4.500000e+00
    endloop
  endfacet
  facet normal -4.792490e-01 -8.776790e-01 -0.000000e+00
    outer loop
      vertex   2.447820e+01 -1.266873e+01 4.500000e+00
      vertex   2.385208e+01 -1.232684e+01 -3.000000e+00
      vertex   2.447820e+01 -1.266873e+01 -3.000000e+00
    endloop
  endfacet
  facet normal -5.992777e-01 -8.005412e-01 -0.000000e+00
    outer loop
      vertex   2.447820e+01 -1.266873e+01 4.500000e+00
      vertex   2.447820e+01 -1.266873e+01 -3.000000e+00
      vertex   2.504930e+01 -1.309625e+01 4.500000e+00
    endloop
  endfacet
  facet normal -5.992777e-01 -8.005412e-01 -0.000000e+00
    outer loop
      vertex   2.504930e+01 -1.309625e+01 4.500000e+00
      vertex   2.447820e+01 -1.266873e+01 -3.000000e+00
      vertex   2.504930e+01 -1.309625e+01 -3.000000e+00
    endloop
  endfacet
  facet normal -7.071068e-01 -7.071068e-01 -0.000000e+00
    outer loop
      vertex   2.504930e+01 -1.309625e+01 4.500000e+00
      vertex   2.504930e+01 -1.309625e+01 -3.000000e+00
      vertex   2.555375e+01 -1.360070e+01 4.500000e+00
    endloop
  endfacet
  facet normal -7.071068e-01 -7.071068e-01 -0.000000e+00
    outer loop
      vertex   2.555375e+01 -1.360070e+01 4.500000e+00
      vertex   2.504930e+01 -1.309625e+01 -3.000000e+00
      vertex   2.555375e+01 -1.360070e+01 -3.000000e+00
    endloop
  endfacet
  facet normal -8.005412e-01 -5.992777e-01 -0.000000e+00
    outer loop
      vertex   2.555375e+01 -1.360070e+01 4.500000e+00
      vertex   2.555375e+01 -1.360070e+01 -3.000000e+00
      vertex   2.598127e+01 -1.417180e+01 4.500000e+00
    endloop
  endfacet
  facet normal -8.005412e-01 -5.992777e-01 -0.000000e+00
    outer loop
      vertex   2.598127e+01 -1.417180e+01 4.500000e+00
      vertex   2.555375e+01 -1.360070e+01 -3.000000e+00
      vertex   2.598127e+01 -1.417180e+01 -3.000000e+00
    endloop
  endfacet
  facet normal -8.776790e-01 -4.792490e-01 -0.000000e+00
    outer loop
      vertex   2.598127e+01 -1.417180e+01 4.500000e+00
      vertex   2.598127e+01 -1.417180e+01 -3.000000e+00
      vertex   2.632316e+01 -1.479792e+01 4.500000e+00
    endloop
  endfacet
  facet normal -8.776790e-01 -4.792490e-01 -0.000000e+00
    outer loop
      vertex   2.632316e+01 -1.479792e+01 4.500000e+00
      vertex   2.598127e+01 -1.417180e+01 -3.000000e+00
      vertex   2.632316e+01 -1.479792e+01 -3.000000e+00
    endloop
  endfacet
  facet normal -9.369497e-01 -3.494642e-01 -0.000000e+00
    outer loop
      vertex   2.632316e+01 -1.479792e+01 4.500000e+00
      vertex   2.632316e+01 -1.479792e+01 -3.000000e+00
      vertex   2.657246e+01 -1.546634e+01 4.500000e+00
    endloop
  endfacet
  facet normal -9.369497e-01 -3.494642e-01 -0.000000e+00
    outer loop
      vertex   2.657246e+01 -1.546634e+01 4.500000e+00
      vertex   2.632316e+01 -1.479792e+01 -3.000000e+00
      vertex   2.657246e+01 -1.546634e+01 -3.000000e+00
    endloop
  endfacet
  facet normal -9.771469e-01 -2.125653e-01 -0.000000e+00
    outer loop
      vertex   2.657246e+01 -1.546634e+01 4.500000e+00
      vertex   2.657246e+01 -1.546634e+01 -3.000000e+00
      vertex   2.672411e+01 -1.616343e+01 4.500000e+00
    endloop
  endfacet
  facet normal -9.771469e-01 -2.125653e-01 -0.000000e+00
    outer loop
      vertex   2.672411e+01 -1.616343e+01 4.500000e+00
      vertex   2.657246e+01 -1.546634e+01 -3.000000e+00
      vertex   2.672411e+01 -1.616343e+01 -3.000000e+00
    endloop
  endfacet
  facet normal -9.974521e-01 -7.133918e-02 -0.000000e+00
    outer loop
      vertex   2.672411e+01 -1.616343e+01 4.500000e+00
      vertex   2.672411e+01 -1.616343e+01 -3.000000e+00
      vertex   2.677500e+01 -1.687500e+01 4.500000e+00
    endloop
  endfacet
  facet normal -9.974521e-01 -7.133918e-02 4.724882e-16
    outer loop
      vertex   2.677500e+01 -1.687500e+01 4.500000e+00
      vertex   2.672411e+01 -1.616343e+01 -3.000000e+00
      vertex   2.677500e+01 -1.687500e+01 -3.000000e+00
    endloop
  endfacet
  facet normal -1.000000e+00 0.000000e+00 4.736952e-16
    outer loop
      vertex   2.677500e+01 -1.687500e+01 -3.000000e+00
      vertex   2.677500e+01 -1.785000e+01 -3.000000e+00
      vertex   2.677500e+01 -1.687500e+01 4.500000e+00
    endloop
  endfacet
  facet normal -1.000000e+00 0.000000e+00 4.736952e-16
    outer loop
      vertex   2.677500e+01 -1.687500e+01 4.500000e+00
      vertex   2.677500e+01 -1.785000e+01 -3.000000e+00
      vertex   2.677500e+01 -1.785000e+01 4.500000e+00
    endloop
  endfacet
  facet normal -1.996665e-01 9.798624e-01 1.738332e-03
    outer loop
      vertex   1.921610e+01 -2.673388e+01 5.000000e-01
      vertex   1.964621e+01 -2.665333e+01 4.500000e+00
      vertex   1.992500e+01 -2.658942e+01 5.000000e-01
    endloop
  endfacet
  facet normal -2.588182e-01 9.659225e-01 -2.607172e-03
    outer loop
      vertex   1.992500e+01 -2.658942e+01 5.000000e-01
      vertex   1.964621e+01 -2.665333e+01 4.500000e+00
      vertex   2.055615e+01 -2.640951e+01 4.500000e+00
    endloop
  endfacet
  facet normal -2.828092e-01 9.591750e-01 1.481828e-03
    outer loop
      vertex   1.992500e+01 -2.658942e+01 5.000000e-01
      vertex   2.055615e+01 -2.640951e+01 4.500000e+00
      vertex   2.080603e+01 -2.632425e+01 -3.000000e+00
    endloop
  endfacet
  facet normal -3.583676e-01 9.335796e-01 -1.326544e-03
    outer loop
      vertex   2.080603e+01 -2.632425e+01 -3.000000e+00
      vertex   2.055615e+01 -2.640951e+01 4.500000e+00
      vertex   2.143563e+01 -2.607191e+01 4.500000e+00
    endloop
  endfacet
  facet normal -3.844700e-01 9.231367e-01 1.216006e-03
    outer loop
      vertex   2.080603e+01 -2.632425e+01 -3.000000e+00
      vertex   2.143563e+01 -2.607191e+01 4.500000e+00
      vertex   2.165539e+01 -2.597050e+01 -3.000000e+00
    endloop
  endfacet
  facet normal -4.539901e-01 8.910058e-01 -1.255423e-03
    outer loop
      vertex   2.165539e+01 -2.597050e+01 -3.000000e+00
      vertex   2.143563e+01 -2.607191e+01 4.500000e+00
      vertex   2.227500e+01 -2.564423e+01 4.500000e+00
    endloop
  endfacet
  facet normal -4.767103e-01 8.790597e-01 1.141300e-03
    outer loop
      vertex   2.165539e+01 -2.597050e+01 -3.000000e+00
      vertex   2.227500e+01 -2.564423e+01 4.500000e+00
      vertex   2.246419e+01 -2.553190e+01 -3.000000e+00
    endloop
  endfacet
  facet normal -5.446387e-01 8.386700e-01 -1.177132e-03
    outer loop
      vertex   2.246419e+01 -2.553190e+01 -3.000000e+00
      vertex   2.227500e+01 -2.564423e+01 4.500000e+00
      vertex   2.306507e+01 -2.513115e+01 4.500000e+00
    endloop
  endfacet
  facet normal -5.639684e-01 8.257957e-01 1.059424e-03
    outer loop
      vertex   2.246419e+01 -2.553190e+01 -3.000000e+00
      vertex   2.306507e+01 -2.513115e+01 4.500000e+00
      vertex   2.322398e+01 -2.501300e+01 -3.000000e+00
    endloop
  endfacet
  facet normal -6.293200e-01 7.771455e-01 -1.091672e-03
    outer loop
      vertex   2.322398e+01 -2.501300e+01 -3.000000e+00
      vertex   2.306507e+01 -2.513115e+01 4.500000e+00
      vertex   2.379718e+01 -2.453830e+01 4.500000e+00
    endloop
  endfacet
  facet normal -6.453325e-01 7.639012e-01 9.703791e-04
    outer loop
      vertex   2.322398e+01 -2.501300e+01 -3.000000e+00
      vertex   2.379718e+01 -2.453830e+01 4.500000e+00
      vertex   2.392683e+01 -2.441925e+01 -3.000000e+00
    endloop
  endfacet
  facet normal -7.071064e-01 7.071064e-01 -9.990424e-04
    outer loop
      vertex   2.392683e+01 -2.441925e+01 -3.000000e+00
      vertex   2.379718e+01 -2.453830e+01 4.500000e+00
      vertex   2.446330e+01 -2.387218e+01 4.500000e+00
    endloop
  endfacet
  facet normal -7.199522e-01 6.940231e-01 8.741654e-04
    outer loop
      vertex   2.392683e+01 -2.441925e+01 -3.000000e+00
      vertex   2.446330e+01 -2.387218e+01 4.500000e+00
      vertex   2.456538e+01 -2.375684e+01 -3.000000e+00
    endloop
  endfacet
  facet normal -7.771456e-01 6.293201e-01 -8.992445e-04
    outer loop
      vertex   2.456538e+01 -2.375684e+01 -3.000000e+00
      vertex   2.446330e+01 -2.387218e+01 4.500000e+00
      vertex   2.505615e+01 -2.314007e+01 4.500000e+00
    endloop
  endfacet
  facet normal -7.870477e-01 6.168917e-01 7.707836e-04
    outer loop
      vertex   2.456538e+01 -2.375684e+01 -3.000000e+00
      vertex   2.505615e+01 -2.314007e+01 4.500000e+00
      vertex   2.513296e+01 -2.303270e+01 -3.000000e+00
    endloop
  endfacet
  facet normal -8.386703e-01 5.446389e-01 -7.922789e-04
    outer loop
      vertex   2.513296e+01 -2.303270e+01 -3.000000e+00
      vertex   2.505615e+01 -2.314007e+01 4.500000e+00
      vertex   2.556923e+01 -2.235000e+01 4.500000e+00
    endloop
  endfacet
  facet normal -8.459177e-01 5.333131e-01 6.602343e-04
    outer loop
      vertex   2.513296e+01 -2.303270e+01 -3.000000e+00
      vertex   2.556923e+01 -2.235000e+01 4.500000e+00
      vertex   2.562365e+01 -2.225439e+01 -3.000000e+00
    endloop
  endfacet
  facet normal -8.910063e-01 4.539904e-01 -6.781461e-04
    outer loop
      vertex   2.562365e+01 -2.225439e+01 -3.000000e+00
      vertex   2.556923e+01 -2.235000e+01 4.500000e+00
      vertex   2.599691e+01 -2.151063e+01 4.500000e+00
    endloop
  endfacet
  facet normal -8.959469e-01 4.441608e-01 5.425182e-04
    outer loop
      vertex   2.562365e+01 -2.225439e+01 -3.000000e+00
      vertex   2.599691e+01 -2.151063e+01 4.500000e+00
      vertex   2.603231e+01 -2.143005e+01 -3.000000e+00
    endloop
  endfacet
  facet normal -9.335803e-01 3.583679e-01 -5.568469e-04
    outer loop
      vertex   2.603231e+01 -2.143005e+01 -3.000000e+00
      vertex   2.599691e+01 -2.151063e+01 4.500000e+00
      vertex   2.633451e+01 -2.063115e+01 4.500000e+00
    endloop
  endfacet
  facet normal -9.366126e-01 3.503666e-01 4.176359e-04
    outer loop
      vertex   2.603231e+01 -2.143005e+01 -3.000000e+00
      vertex   2.633451e+01 -2.063115e+01 4.500000e+00
      vertex   2.635468e+01 -2.056830e+01 -3.000000e+00
    endloop
  endfacet
  facet normal -9.659257e-01 2.588190e-01 -4.283818e-04
    outer loop
      vertex   2.635468e+01 -2.056830e+01 -3.000000e+00
      vertex   2.633451e+01 -2.063115e+01 4.500000e+00
      vertex   2.657833e+01 -1.972121e+01 4.500000e+00
    endloop
  endfacet
  facet normal -9.674896e-01 2.529106e-01 2.855882e-04
    outer loop
      vertex   2.635468e+01 -2.056830e+01 -3.000000e+00
      vertex   2.657833e+01 -1.972121e+01 4.500000e+00
      vertex   2.658737e+01 -1.967814e+01 -3.000000e+00
    endloop
  endfacet
  facet normal -9.876883e-01 1.564345e-01 -2.927518e-04
    outer loop
      vertex   2.658737e+01 -1.967814e+01 -3.000000e+00
      vertex   2.657833e+01 -1.972121e+01 4.500000e+00
      vertex   2.672570e+01 -1.879076e+01 4.500000e+00
    endloop
  endfacet
  facet normal -9.882554e-01 1.528114e-01 1.463760e-04
    outer loop
      vertex   2.658737e+01 -1.967814e+01 -3.000000e+00
      vertex   2.672570e+01 -1.879076e+01 4.500000e+00
      vertex   2.672797e+01 -1.876887e+01 -3.000000e+00
    endloop
  endfacet
  facet normal -9.986295e-01 5.233596e-02 -1.499575e-04
    outer loop
      vertex   2.672797e+01 -1.876887e+01 -3.000000e+00
      vertex   2.672570e+01 -1.879076e+01 4.500000e+00
      vertex   2.677500e+01 -1.785000e+01 4.500000e+00
    endloop
  endfacet
  facet normal -9.986928e-01 5.111521e-02 4.728043e-16
    outer loop
      vertex   2.672797e+01 -1.876887e+01 -3.000000e+00
      vertex   2.677500e+01 -1.785000e+01 4.500000e+00
      vertex   2.677500e+01 -1.785000e+01 -3.000000e+00
    endloop
  endfacet
  facet normal -1.564337e-01 9.876837e-01 -3.067841e-03
    outer loop
      vertex   1.964621e+01 -2.665333e+01 4.500000e+00
      vertex   1.921610e+01 -2.673388e+01 5.000000e-01
      vertex   1.871576e+01 -2.680070e+01 4.500000e+00
    endloop
  endfacet
  facet normal -1.203184e-01 9.927342e-01 1.534039e-03
    outer loop
      vertex   1.871576e+01 -2.680070e+01 4.500000e+00
      vertex   1.921610e+01 -2.673388e+01 5.000000e-01
      vertex   1.849788e+01 -2.682092e+01 5.000000e-01
    endloop
  endfacet
  facet normal -5.233583e-02 9.986271e-01 -2.198619e-03
    outer loop
      vertex   1.871576e+01 -2.680070e+01 4.500000e+00
      vertex   1.849788e+01 -2.682092e+01 5.000000e-01
      vertex   1.777500e+01 -2.685000e+01 4.500000e+00
    endloop
  endfacet
  facet normal -4.019275e-02 9.991919e-01 7.139666e-17
    outer loop
      vertex   1.777500e+01 -2.685000e+01 4.500000e+00
      vertex   1.849788e+01 -2.682092e+01 5.000000e-01
      vertex   1.777500e+01 -2.685000e+01 5.000000e-01
    endloop
  endfacet
  facet normal -2.882119e-01 9.575667e-01 1.131686e-18
    outer loop
      vertex   2.080603e+01 -2.632425e+01 -3.000000e+00
      vertex   1.992500e+01 -2.658942e+01 -3.000000e+00
      vertex   1.992500e+01 -2.658942e+01 5.000000e-01
    endloop
  endfacet
  facet normal 0.000000e+00 1.000000e+00 -0.000000e+00
    outer loop
      vertex   -7.500000e-02 -2.685000e+01 -3.000000e+00
      vertex   -1.777500e+01 -2.685000e+01 -3.000000e+00
      vertex   -7.500000e-02 -2.685000e+01 5.000000e-01
    endloop
  endfacet
  facet normal 0.000000e+00 1.000000e+00 0.000000e+00
    outer loop
      vertex   -7.500000e-02 -2.685000e+01 5.000000e-01
      vertex   -1.777500e+01 -2.685000e+01 -3.000000e+00
      vertex   -1.777500e+01 -2.685000e+01 4.500000e+00
    endloop
  endfacet
  facet normal 0.000000e+00 1.000000e+00 -0.000000e+00
    outer loop
      vertex   -7.500000e-02 -2.685000e+01 5.000000e-01
      vertex   -1.777500e+01 -2.685000e+01 4.500000e+00
      vertex   1.777500e+01 -2.685000e+01 4.500000e+00
    endloop
  endfacet
  facet normal 0.000000e+00 1.000000e+00 0.000000e+00
    outer loop
      vertex   1.777500e+01 -2.685000e+01 4.500000e+00
      vertex   1.777500e+01 -2.685000e+01 5.000000e-01
      vertex   -7.500000e-02 -2.685000e+01 5.000000e-01
    endloop
  endfacet
  facet normal 5.233596e-02 9.986295e-01 0.000000e+00
    outer loop
      vertex   -1.777500e+01 -2.685000e+01 4.500000e+00
      vertex   -1.777500e+01 -2.685000e+01 -3.000000e+00
      vertex   -1.871576e+01 -2.680070e+01 4.500000e+00
    endloop
  endfacet
  facet normal 5.233596e-02 9.986295e-01 0.000000e+00
    outer loop
      vertex   -1.871576e+01 -2.680070e+01 4.500000e+00
      vertex   -1.777500e+01 -2.685000e+01 -3.000000e+00
      vertex   -1.871576e+01 -2.680070e+01 -3.000000e+00
    endloop
  endfacet
  facet normal 1.564345e-01 9.876883e-01 0.000000e+00
    outer loop
      vertex   -1.871576e+01 -2.680070e+01 4.500000e+00
      vertex   -1.871576e+01 -2.680070e+01 -3.000000e+00
      vertex   -1.964621e+01 -2.665333e+01 4.500000e+00
    endloop
  endfacet
  facet normal 1.564345e-01 9.876883e-01 0.000000e+00
    outer loop
      vertex   -1.964621e+01 -2.665333e+01 4.500000e+00
      vertex   -1.871576e+01 -2.680070e+01 -3.000000e+00
      vertex   -1.964621e+01 -2.665333e+01 -3.000000e+00
    endloop
  endfacet
  facet normal 2.588190e-01 9.659258e-01 0.000000e+00
    outer loop
      vertex   -1.964621e+01 -2.665333e+01 4.500000e+00
      vertex   -1.964621e+01 -2.665333e+01 -3.000000e+00
      vertex   -2.055615e+01 -2.640951e+01 4.500000e+00
    endloop
  endfacet
  facet normal 2.588190e-01 9.659258e-01 0.000000e+00
    outer loop
      vertex   -2.055615e+01 -2.640951e+01 4.500000e+00
      vertex   -1.964621e+01 -2.665333e+01 -3.000000e+00
      vertex   -2.055615e+01 -2.640951e+01 -3.000000e+00
    endloop
  endfacet
  facet normal 3.583679e-01 9.335804e-01 0.000000e+00
    outer loop
      vertex   -2.055615e+01 -2.640951e+01 4.500000e+00
      vertex   -2.055615e+01 -2.640951e+01 -3.000000e+00
      vertex   -2.143563e+01 -2.607191e+01 4.500000e+00
    endloop
  endfacet
  facet normal 3.583679e-01 9.335804e-01 0.000000e+00
    outer loop
      vertex   -2.143563e+01 -2.607191e+01 4.500000e+00
      vertex   -2.055615e+01 -2.640951e+01 -3.000000e+00
      vertex   -2.143563e+01 -2.607191e+01 -3.000000e+00
    endloop
  endfacet
  facet normal 4.539905e-01 8.910065e-01 0.000000e+00
    outer loop
      vertex   -2.143563e+01 -2.607191e+01 4.500000e+00
      vertex   -2.143563e+01 -2.607191e+01 -3.000000e+00
      vertex   -2.227500e+01 -2.564423e+01 4.500000e+00
    endloop
  endfacet
  facet normal 4.539905e-01 8.910065e-01 0.000000e+00
    outer loop
      vertex   -2.227500e+01 -2.564423e+01 4.500000e+00
      vertex   -2.143563e+01 -2.607191e+01 -3.000000e+00
      vertex   -2.227500e+01 -2.564423e+01 -3.000000e+00
    endloop
  endfacet
  facet normal 5.446390e-01 8.386706e-01 0.000000e+00
    outer loop
      vertex   -2.227500e+01 -2.564423e+01 4.500000e+00
      vertex   -2.227500e+01 -2.564423e+01 -3.000000e+00
      vertex   -2.306507e+01 -2.513115e+01 4.500000e+00
    endloop
  endfacet
  facet normal 5.446390e-01 8.386706e-01 0.000000e+00
    outer loop
      vertex   -2.306507e+01 -2.513115e+01 4.500000e+00
      vertex   -2.227500e+01 -2.564423e+01 -3.000000e+00
      vertex   -2.306507e+01 -2.513115e+01 -3.000000e+00
    endloop
  endfacet
  facet normal 6.293204e-01 7.771460e-01 0.000000e+00
    outer loop
      vertex   -2.306507e+01 -2.513115e+01 4.500000e+00
      vertex   -2.306507e+01 -2.513115e+01 -3.000000e+00
      vertex   -2.379718e+01 -2.453830e+01 4.500000e+00
    endloop
  endfacet
  facet normal 6.293204e-01 7.771460e-01 0.000000e+00
    outer loop
      vertex   -2.379718e+01 -2.453830e+01 4.500000e+00
      vertex   -2.306507e+01 -2.513115e+01 -3.000000e+00
      vertex   -2.379718e+01 -2.453830e+01 -3.000000e+00
    endloop
  endfacet
  facet normal 7.071068e-01 7.071068e-01 0.000000e+00
    outer loop
      vertex   -2.379718e+01 -2.453830e+01 4.500000e+00
      vertex   -2.379718e+01 -2.453830e+01 -3.000000e+00
      vertex   -2.446330e+01 -2.387218e+01 4.500000e+00
    endloop
  endfacet
  facet normal 7.071068e-01 7.071068e-01 0.000000e+00
    outer loop
      vertex   -2.446330e+01 -2.387218e+01 4.500000e+00
      vertex   -2.379718e+01 -2.453830e+01 -3.000000e+00
      vertex   -2.446330e+01 -2.387218e+01 -3.000000e+00
    endloop
  endfacet
  facet normal 7.771460e-01 6.293204e-01 0.000000e+00
    outer loop
      vertex   -2.446330e+01 -2.387218e+01 4.500000e+00
      vertex   -2.446330e+01 -2.387218e+01 -3.000000e+00
      vertex   -2.505615e+01 -2.314007e+01 4.500000e+00
    endloop
  endfacet
  facet normal 7.771460e-01 6.293204e-01 0.000000e+00
    outer loop
      vertex   -2.505615e+01 -2.314007e+01 4.500000e+00
      vertex   -2.446330e+01 -2.387218e+01 -3.000000e+00
      vertex   -2.505615e+01 -2.314007e+01 -3.000000e+00
    endloop
  endfacet
  facet normal 8.386706e-01 5.446390e-01 0.000000e+00
    outer loop
      vertex   -2.505615e+01 -2.314007e+01 4.500000e+00
      vertex   -2.505615e+01 -2.314007e+01 -3.000000e+00
      vertex   -2.556923e+01 -2.235000e+01 4.500000e+00
    endloop
  endfacet
  facet normal 8.386706e-01 5.446390e-01 0.000000e+00
    outer loop
      vertex   -2.556923e+01 -2.235000e+01 4.500000e+00
      vertex   -2.505615e+01 -2.314007e+01 -3.000000e+00
      vertex   -2.556923e+01 -2.235000e+01 -3.000000e+00
    endloop
  endfacet
  facet normal 8.910065e-01 4.539905e-01 0.000000e+00
    outer loop
      vertex   -2.556923e+01 -2.235000e+01 4.500000e+00
      vertex   -2.556923e+01 -2.235000e+01 -3.000000e+00
      vertex   -2.599691e+01 -2.151063e+01 4.500000e+00
    endloop
  endfacet
  facet normal 8.910065e-01 4.539905e-01 0.000000e+00
    outer loop
      vertex   -2.599691e+01 -2.151063e+01 4.500000e+00
      vertex   -2.556923e+01 -2.235000e+01 -3.000000e+00
      vertex   -2.599691e+01 -2.151063e+01 -3.000000e+00
    endloop
  endfacet
  facet normal 9.335804e-01 3.583679e-01 0.000000e+00
    outer loop
      vertex   -2.599691e+01 -2.151063e+01 4.500000e+00
      vertex   -2.599691e+01 -2.151063e+01 -3.000000e+00
      vertex   -2.633451e+01 -2.063115e+01 4.500000e+00
    endloop
  endfacet
  facet normal 9.335804e-01 3.583679e-01 0.000000e+00
    outer loop
      vertex   -2.633451e+01 -2.063115e+01 4.500000e+00
      vertex   -2.599691e+01 -2.151063e+01 -3.000000e+00
      vertex   -2.633451e+01 -2.063115e+01 -3.000000e+00
    endloop
  endfacet
  facet normal 9.659258e-01 2.588190e-01 0.000000e+00
    outer loop
      vertex   -2.633451e+01 -2.063115e+01 4.500000e+00
      vertex   -2.633451e+01 -2.063115e+01 -3.000000e+00
      vertex   -2.657833e+01 -1.972121e+01 4.500000e+00
    endloop
  endfacet
  facet normal 9.659258e-01 2.588190e-01 0.000000e+00
    outer loop
      vertex   -2.657833e+01 -1.972121e+01 4.500000e+00
      vertex   -2.633451e+01 -2.063115e+01 -3.000000e+00
      vertex   -2.657833e+01 -1.972121e+01 -3.000000e+00
    endloop
  endfacet
  facet normal 9.876883e-01 1.564345e-01 0.000000e+00
    outer loop
      vertex   -2.657833e+01 -1.972121e+01 4.500000e+00
      vertex   -2.657833e+01 -1.972121e+01 -3.000000e+00
      vertex   -2.672570e+01 -1.879076e+01 4.500000e+00
    endloop
  endfacet
  facet normal 9.876883e-01 1.564345e-01 0.000000e+00
    outer loop
      vertex   -2.672570e+01 -1.879076e+01 4.500000e+00
      vertex   -2.657833e+01 -1.972121e+01 -3.000000e+00
      vertex   -2.672570e+01 -1.879076e+01 -3.000000e+00
    endloop
  endfacet
  facet normal 9.986295e-01 5.233596e-02 0.000000e+00
    outer loop
      vertex   -2.672570e+01 -1.879076e+01 4.500000e+00
      vertex   -2.672570e+01 -1.879076e+01 -3.000000e+00
      vertex   -2.677500e+01 -1.785000e+01 4.500000e+00
    endloop
  endfacet
  facet normal 9.986295e-01 5.233596e-02 2.479129e-17
    outer loop
      vertex   -2.677500e+01 -1.785000e+01 4.500000e+00
      vertex   -2.672570e+01 -1.879076e+01 -3.000000e+00
      vertex   -2.677500e+01 -1.785000e+01 -3.000000e+00
    endloop
  endfacet
  facet normal 9.914449e-01 -1.305262e-01 0.000000e+00
    outer loop
      vertex   1.992100e+01 -8.400594e+00 -4.000000e+00
      vertex   1.992100e+01 -8.400594e+00 2.500000e-01
      vertex   1.987500e+01 -8.750000e+00 -4.000000e+00
    endloop
  endfacet
  facet normal 9.914449e-01 -1.305262e-01 0.000000e+00
    outer loop
      vertex   1.987500e+01 -8.750000e+00 -4.000000e+00
      vertex   1.992100e+01 -8.400594e+00 2.500000e-01
      vertex   1.987500e+01 -8.750000e+00 2.500000e-01
    endloop
  endfacet
  facet normal 9.914449e-01 1.305262e-01 -0.000000e+00
    outer loop
      vertex   1.987500e+01 -8.750000e+00 -4.000000e+00
      vertex   1.987500e+01 -8.750000e+00 2.500000e-01
      vertex   1.992100e+01 -9.099406e+00 -4.000000e+00
    endloop
  endfacet
  facet normal 9.914449e-01 1.305262e-01 -0.000000e+00
    outer loop
      vertex   1.992100e+01 -9.099406e+00 -4.000000e+00
      vertex   1.987500e+01 -8.750000e+00 2.500000e-01
      vertex   1.992100e+01 -9.099406e+00 2.500000e-01
    endloop
  endfacet
  facet normal 9.238795e-01 3.826834e-01 -0.000000e+00
    outer loop
      vertex   1.992100e+01 -9.099406e+00 -4.000000e+00
      vertex   1.992100e+01 -9.099406e+00 2.500000e-01
      vertex   2.005587e+01 -9.425000e+00 -4.000000e+00
    endloop
  endfacet
  facet normal 9.238795e-01 3.826834e-01 -0.000000e+00
    outer loop
      vertex   2.005587e+01 -9.425000e+00 -4.000000e+00
      vertex   1.992100e+01 -9.099406e+00 2.500000e-01
      vertex   2.005587e+01 -9.425000e+00 2.500000e-01
    endloop
  endfacet
  facet normal 7.933533e-01 6.087614e-01 -0.000000e+00
    outer loop
      vertex   2.005587e+01 -9.425000e+00 -4.000000e+00
      vertex   2.005587e+01 -9.425000e+00 2.500000e-01
      vertex   2.027041e+01 -9.704594e+00 -4.000000e+00
    endloop
  endfacet
  facet normal 7.933533e-01 6.087614e-01 -0.000000e+00
    outer loop
      vertex   2.027041e+01 -9.704594e+00 -4.000000e+00
      vertex   2.005587e+01 -9.425000e+00 2.500000e-01
      vertex   2.027041e+01 -9.704594e+00 2.500000e-01
    endloop
  endfacet
  facet normal 6.087614e-01 7.933533e-01 -0.000000e+00
    outer loop
      vertex   2.027041e+01 -9.704594e+00 -4.000000e+00
      vertex   2.027041e+01 -9.704594e+00 2.500000e-01
      vertex   2.055000e+01 -9.919134e+00 -4.000000e+00
    endloop
  endfacet
  facet normal 6.087614e-01 7.933533e-01 3.315950e-16
    outer loop
      vertex   2.055000e+01 -9.919134e+00 -4.000000e+00
      vertex   2.027041e+01 -9.704594e+00 2.500000e-01
      vertex   2.055000e+01 -9.919134e+00 2.500000e-01
    endloop
  endfacet
  facet normal 3.826834e-01 9.238795e-01 3.861505e-16
    outer loop
      vertex   2.055000e+01 -9.919134e+00 -4.000000e+00
      vertex   2.055000e+01 -9.919134e+00 2.500000e-01
      vertex   2.087559e+01 -1.005400e+01 -4.000000e+00
    endloop
  endfacet
  facet normal 3.826834e-01 9.238795e-01 -0.000000e+00
    outer loop
      vertex   2.087559e+01 -1.005400e+01 -4.000000e+00
      vertex   2.055000e+01 -9.919134e+00 2.500000e-01
      vertex   2.087559e+01 -1.005400e+01 2.500000e-01
    endloop
  endfacet
  facet normal 1.305262e-01 9.914449e-01 -0.000000e+00
    outer loop
      vertex   2.087559e+01 -1.005400e+01 -4.000000e+00
      vertex   2.087559e+01 -1.005400e+01 2.500000e-01
      vertex   2.122500e+01 -1.010000e+01 -4.000000e+00
    endloop
  endfacet
  facet normal 1.305262e-01 9.914449e-01 -0.000000e+00
    outer loop
      vertex   2.122500e+01 -1.010000e+01 -4.000000e+00
      vertex   2.087559e+01 -1.005400e+01 2.500000e-01
      vertex   2.122500e+01 -1.010000e+01 2.500000e-01
    endloop
  endfacet
  facet normal -1.305262e-01 9.914449e-01 0.000000e+00
    outer loop
      vertex   2.122500e+01 -1.010000e+01 -4.000000e+00
      vertex   2.122500e+01 -1.010000e+01 2.500000e-01
      vertex   2.157441e+01 -1.005400e+01 -4.000000e+00
    endloop
  endfacet
  facet normal -1.305262e-01 9.914449e-01 0.000000e+00
    outer loop
      vertex   2.157441e+01 -1.005400e+01 -4.000000e+00
      vertex   2.122500e+01 -1.010000e+01 2.500000e-01
      vertex   2.157441e+01 -1.005400e+01 2.500000e-01
    endloop
  endfacet
  facet normal -3.826834e-01 9.238795e-01 0.000000e+00
    outer loop
      vertex   2.157441e+01 -1.005400e+01 -4.000000e+00
      vertex   2.157441e+01 -1.005400e+01 2.500000e-01
      vertex   2.190000e+01 -9.919134e+00 -4.000000e+00
    endloop
  endfacet
  facet normal -3.826834e-01 9.238795e-01 0.000000e+00
    outer loop
      vertex   2.190000e+01 -9.919134e+00 -4.000000e+00
      vertex   2.157441e+01 -1.005400e+01 2.500000e-01
      vertex   2.190000e+01 -9.919134e+00 2.500000e-01
    endloop
  endfacet
  facet normal -6.087614e-01 7.933533e-01 0.000000e+00
    outer loop
      vertex   2.190000e+01 -9.919134e+00 -4.000000e+00
      vertex   2.190000e+01 -9.919134e+00 2.500000e-01
      vertex   2.217959e+01 -9.704594e+00 -4.000000e+00
    endloop
  endfacet
  facet normal -6.087614e-01 7.933533e-01 3.315950e-16
    outer loop
      vertex   2.217959e+01 -9.704594e+00 -4.000000e+00
      vertex   2.190000e+01 -9.919134e+00 2.500000e-01
      vertex   2.217959e+01 -9.704594e+00 2.500000e-01
    endloop
  endfacet
  facet normal -7.933533e-01 6.087614e-01 2.544418e-16
    outer loop
      vertex   2.217959e+01 -9.704594e+00 -4.000000e+00
      vertex   2.217959e+01 -9.704594e+00 2.500000e-01
      vertex   2.239413e+01 -9.425000e+00 -4.000000e+00
    endloop
  endfacet
  facet normal -7.933533e-01 6.087614e-01 0.000000e+00
    outer loop
      vertex   2.239413e+01 -9.425000e+00 -4.000000e+00
      vertex   2.217959e+01 -9.704594e+00 2.500000e-01
      vertex   2.239413e+01 -9.425000e+00 2.500000e-01
    endloop
  endfacet
  facet normal -9.238795e-01 3.826834e-01 0.000000e+00
    outer loop
      vertex   2.239413e+01 -9.425000e+00 -4.000000e+00
      vertex   2.239413e+01 -9.425000e+00 2.500000e-01
      vertex   2.252900e+01 -9.099406e+00 -4.000000e+00
    endloop
  endfacet
  facet normal -9.238795e-01 3.826834e-01 0.000000e+00
    outer loop
      vertex   2.252900e+01 -9.099406e+00 -4.000000e+00
      vertex   2.239413e+01 -9.425000e+00 2.500000e-01
      vertex   2.252900e+01 -9.099406e+00 2.500000e-01
    endloop
  endfacet
  facet normal -9.914449e-01 1.305262e-01 0.000000e+00
    outer loop
      vertex   2.252900e+01 -9.099406e+00 -4.000000e+00
      vertex   2.252900e+01 -9.099406e+00 2.500000e-01
      vertex   2.257500e+01 -8.750000e+00 -4.000000e+00
    endloop
  endfacet
  facet normal -9.914449e-01 1.305262e-01 0.000000e+00
    outer loop
      vertex   2.257500e+01 -8.750000e+00 -4.000000e+00
      vertex   2.252900e+01 -9.099406e+00 2.500000e-01
      vertex   2.257500e+01 -8.750000e+00 2.500000e-01
    endloop
  endfacet
  facet normal -9.914449e-01 -1.305262e-01 0.000000e+00
    outer loop
      vertex   2.257500e+01 -8.750000e+00 -4.000000e+00
      vertex   2.257500e+01 -8.750000e+00 2.500000e-01
      vertex   2.252900e+01 -8.400594e+00 -4.000000e+00
    endloop
  endfacet
  facet normal -9.914449e-01 -1.305262e-01 0.000000e+00
    outer loop
      vertex   2.252900e+01 -8.400594e+00 -4.000000e+00
      vertex   2.257500e+01 -8.750000e+00 2.500000e-01
      vertex   2.252900e+01 -8.400594e+00 2.500000e-01
    endloop
  endfacet
  facet normal -9.238795e-01 -3.826834e-01 0.000000e+00
    outer loop
      vertex   2.252900e+01 -8.400594e+00 -4.000000e+00
      vertex   2.252900e+01 -8.400594e+00 2.500000e-01
      vertex   2.239413e+01 -8.075000e+00 -4.000000e+00
    endloop
  endfacet
  facet normal -9.238795e-01 -3.826834e-01 0.000000e+00
    outer loop
      vertex   2.239413e+01 -8.075000e+00 -4.000000e+00
      vertex   2.252900e+01 -8.400594e+00 2.500000e-01
      vertex   2.239413e+01 -8.075000e+00 2.500000e-01
    endloop
  endfacet
  facet normal -7.933533e-01 -6.087614e-01 0.000000e+00
    outer loop
      vertex   2.239413e+01 -8.075000e+00 -4.000000e+00
      vertex   2.239413e+01 -8.075000e+00 2.500000e-01
      vertex   2.217959e+01 -7.795406e+00 -4.000000e+00
    endloop
  endfacet
  facet normal -7.933533e-01 -6.087614e-01 0.000000e+00
    outer loop
      vertex   2.217959e+01 -7.795406e+00 -4.000000e+00
      vertex   2.239413e+01 -8.075000e+00 2.500000e-01
      vertex   2.217959e+01 -7.795406e+00 2.500000e-01
    endloop
  endfacet
  facet normal -6.087614e-01 -7.933533e-01 0.000000e+00
    outer loop
      vertex   2.217959e+01 -7.795406e+00 -4.000000e+00
      vertex   2.217959e+01 -7.795406e+00 2.500000e-01
      vertex   2.190000e+01 -7.580866e+00 -4.000000e+00
    endloop
  endfacet
  facet normal -6.087614e-01 -7.933533e-01 1.657975e-16
    outer loop
      vertex   2.190000e+01 -7.580866e+00 -4.000000e+00
      vertex   2.217959e+01 -7.795406e+00 2.500000e-01
      vertex   2.190000e+01 -7.580866e+00 2.500000e-01
    endloop
  endfacet
  facet normal -3.826834e-01 -9.238795e-01 1.930753e-16
    outer loop
      vertex   2.190000e+01 -7.580866e+00 -4.000000e+00
      vertex   2.190000e+01 -7.580866e+00 2.500000e-01
      vertex   2.157441e+01 -7.446000e+00 -4.000000e+00
    endloop
  endfacet
  facet normal -3.826834e-01 -9.238795e-01 0.000000e+00
    outer loop
      vertex   2.157441e+01 -7.446000e+00 -4.000000e+00
      vertex   2.190000e+01 -7.580866e+00 2.500000e-01
      vertex   2.157441e+01 -7.446000e+00 2.500000e-01
    endloop
  endfacet
  facet normal -1.305262e-01 -9.914449e-01 0.000000e+00
    outer loop
      vertex   2.157441e+01 -7.446000e+00 -4.000000e+00
      vertex   2.157441e+01 -7.446000e+00 2.500000e-01
      vertex   2.122500e+01 -7.400000e+00 -4.000000e+00
    endloop
  endfacet
  facet normal -1.305262e-01 -9.914449e-01 0.000000e+00
    outer loop
      vertex   2.122500e+01 -7.400000e+00 -4.000000e+00
      vertex   2.157441e+01 -7.446000e+00 2.500000e-01
      vertex   2.122500e+01 -7.400000e+00 2.500000e-01
    endloop
  endfacet
  facet normal 1.305262e-01 -9.914449e-01 0.000000e+00
    outer loop
      vertex   2.122500e+01 -7.400000e+00 -4.000000e+00
      vertex   2.122500e+01 -7.400000e+00 2.500000e-01
      vertex   2.087559e+01 -7.446000e+00 -4.000000e+00
    endloop
  endfacet
  facet normal 1.305262e-01 -9.914449e-01 0.000000e+00
    outer loop
      vertex   2.087559e+01 -7.446000e+00 -4.000000e+00
      vertex   2.122500e+01 -7.400000e+00 2.500000e-01
      vertex   2.087559e+01 -7.446000e+00 2.500000e-01
    endloop
  endfacet
  facet normal 3.826834e-01 -9.238795e-01 0.000000e+00
    outer loop
      vertex   2.087559e+01 -7.446000e+00 -4.000000e+00
      vertex   2.087559e+01 -7.446000e+00 2.500000e-01
      vertex   2.055000e+01 -7.580866e+00 -4.000000e+00
    endloop
  endfacet
  facet normal 3.826834e-01 -9.238795e-01 -1.930753e-16
    outer loop
      vertex   2.055000e+01 -7.580866e+00 -4.000000e+00
      vertex   2.087559e+01 -7.446000e+00 2.500000e-01
      vertex   2.055000e+01 -7.580866e+00 2.500000e-01
    endloop
  endfacet
  facet normal 6.087614e-01 -7.933533e-01 -1.657975e-16
    outer loop
      vertex   2.055000e+01 -7.580866e+00 -4.000000e+00
      vertex   2.055000e+01 -7.580866e+00 2.500000e-01
      vertex   2.027041e+01 -7.795406e+00 -4.000000e+00
    endloop
  endfacet
  facet normal 6.087614e-01 -7.933533e-01 0.000000e+00
    outer loop
      vertex   2.027041e+01 -7.795406e+00 -4.000000e+00
      vertex   2.055000e+01 -7.580866e+00 2.500000e-01
      vertex   2.027041e+01 -7.795406e+00 2.500000e-01
    endloop
  endfacet
  facet normal 7.933533e-01 -6.087614e-01 0.000000e+00
    outer loop
      vertex   2.027041e+01 -7.795406e+00 -4.000000e+00
      vertex   2.027041e+01 -7.795406e+00 2.500000e-01
      vertex   2.005587e+01 -8.075000e+00 -4.000000e+00
    endloop
  endfacet
  facet normal 7.933533e-01 -6.087614e-01 0.000000e+00
    outer loop
      vertex   2.005587e+01 -8.075000e+00 -4.000000e+00
      vertex   2.027041e+01 -7.795406e+00 2.500000e-01
      vertex   2.005587e+01 -8.075000e+00 2.500000e-01
    endloop
  endfacet
  facet normal 9.238795e-01 -3.826834e-01 0.000000e+00
    outer loop
      vertex   2.005587e+01 -8.075000e+00 -4.000000e+00
      vertex   2.005587e+01 -8.075000e+00 2.500000e-01
      vertex   1.992100e+01 -8.400594e+00 -4.000000e+00
    endloop
  endfacet
  facet normal 9.238795e-01 -3.826834e-01 0.000000e+00
    outer loop
      vertex   1.992100e+01 -8.400594e+00 -4.000000e+00
      vertex   2.005587e+01 -8.075000e+00 2.500000e-01
      vertex   1.992100e+01 -8.400594e+00 2.500000e-01
    endloop
  endfacet
  facet normal 9.914449e-01 1.305262e-01 0.000000e+00
    outer loop
      vertex   1.992100e+01 -9.099406e+00 4.500000e+00
      vertex   1.992100e+01 -9.099406e+00 2.500000e-01
      vertex   1.987500e+01 -8.750000e+00 4.500000e+00
    endloop
  endfacet
  facet normal 9.914449e-01 1.305262e-01 0.000000e+00
    outer loop
      vertex   1.987500e+01 -8.750000e+00 4.500000e+00
      vertex   1.992100e+01 -9.099406e+00 2.500000e-01
      vertex   1.987500e+01 -8.750000e+00 2.500000e-01
    endloop
  endfacet
  facet normal 9.914449e-01 -1.305262e-01 0.000000e+00
    outer loop
      vertex   1.987500e+01 -8.750000e+00 4.500000e+00
      vertex   1.987500e+01 -8.750000e+00 2.500000e-01
      vertex   1.992100e+01 -8.400594e+00 4.500000e+00
    endloop
  endfacet
  facet normal 9.914449e-01 -1.305262e-01 0.000000e+00
    outer loop
      vertex   1.992100e+01 -8.400594e+00 4.500000e+00
      vertex   1.987500e+01 -8.750000e+00 2.500000e-01
      vertex   1.992100e+01 -8.400594e+00 2.500000e-01
    endloop
  endfacet
  facet normal 9.238795e-01 -3.826834e-01 0.000000e+00
    outer loop
      vertex   1.992100e+01 -8.400594e+00 4.500000e+00
      vertex   1.992100e+01 -8.400594e+00 2.500000e-01
      vertex   2.005587e+01 -8.075000e+00 4.500000e+00
    endloop
  endfacet
  facet normal 9.238795e-01 -3.826834e-01 0.000000e+00
    outer loop
      vertex   2.005587e+01 -8.075000e+00 4.500000e+00
      vertex   1.992100e+01 -8.400594e+00 2.500000e-01
      vertex   2.005587e+01 -8.075000e+00 2.500000e-01
    endloop
  endfacet
  facet normal 7.933533e-01 -6.087614e-01 0.000000e+00
    outer loop
      vertex   2.005587e+01 -8.075000e+00 4.500000e+00
      vertex   2.005587e+01 -8.075000e+00 2.500000e-01
      vertex   2.027041e+01 -7.795406e+00 4.500000e+00
    endloop
  endfacet
  facet normal 7.933533e-01 -6.087614e-01 0.000000e+00
    outer loop
      vertex   2.027041e+01 -7.795406e+00 4.500000e+00
      vertex   2.005587e+01 -8.075000e+00 2.500000e-01
      vertex   2.027041e+01 -7.795406e+00 2.500000e-01
    endloop
  endfacet
  facet normal 6.087614e-01 -7.933533e-01 0.000000e+00
    outer loop
      vertex   2.027041e+01 -7.795406e+00 4.500000e+00
      vertex   2.027041e+01 -7.795406e+00 2.500000e-01
      vertex   2.055000e+01 -7.580866e+00 4.500000e+00
    endloop
  endfacet
  facet normal 6.087614e-01 -7.933533e-01 1.657975e-16
    outer loop
      vertex   2.055000e+01 -7.580866e+00 4.500000e+00
      vertex   2.027041e+01 -7.795406e+00 2.500000e-01
      vertex   2.055000e+01 -7.580866e+00 2.500000e-01
    endloop
  endfacet
  facet normal 3.826834e-01 -9.238795e-01 1.930753e-16
    outer loop
      vertex   2.055000e+01 -7.580866e+00 4.500000e+00
      vertex   2.055000e+01 -7.580866e+00 2.500000e-01
      vertex   2.087559e+01 -7.446000e+00 4.500000e+00
    endloop
  endfacet
  facet normal 3.826834e-01 -9.238795e-01 0.000000e+00
    outer loop
      vertex   2.087559e+01 -7.446000e+00 4.500000e+00
      vertex   2.055000e+01 -7.580866e+00 2.500000e-01
      vertex   2.087559e+01 -7.446000e+00 2.500000e-01
    endloop
  endfacet
  facet normal 1.305262e-01 -9.914449e-01 0.000000e+00
    outer loop
      vertex   2.087559e+01 -7.446000e+00 4.500000e+00
      vertex   2.087559e+01 -7.446000e+00 2.500000e-01
      vertex   2.122500e+01 -7.400000e+00 4.500000e+00
    endloop
  endfacet
  facet normal 1.305262e-01 -9.914449e-01 0.000000e+00
    outer loop
      vertex   2.122500e+01 -7.400000e+00 4.500000e+00
      vertex   2.087559e+01 -7.446000e+00 2.500000e-01
      vertex   2.122500e+01 -7.400000e+00 2.500000e-01
    endloop
  endfacet
  facet normal -1.305262e-01 -9.914449e-01 -0.000000e+00
    outer loop
      vertex   2.122500e+01 -7.400000e+00 4.500000e+00
      vertex   2.122500e+01 -7.400000e+00 2.500000e-01
      vertex   2.157441e+01 -7.446000e+00 4.500000e+00
    endloop
  endfacet
  facet normal -1.305262e-01 -9.914449e-01 -0.000000e+00
    outer loop
      vertex   2.157441e+01 -7.446000e+00 4.500000e+00
      vertex   2.122500e+01 -7.400000e+00 2.500000e-01
      vertex   2.157441e+01 -7.446000e+00 2.500000e-01
    endloop
  endfacet
  facet normal -3.826834e-01 -9.238795e-01 -0.000000e+00
    outer loop
      vertex   2.157441e+01 -7.446000e+00 4.500000e+00
      vertex   2.157441e+01 -7.446000e+00 2.500000e-01
      vertex   2.190000e+01 -7.580866e+00 4.500000e+00
    endloop
  endfacet
  facet normal -3.826834e-01 -9.238795e-01 -1.930753e-16
    outer loop
      vertex   2.190000e+01 -7.580866e+00 4.500000e+00
      vertex   2.157441e+01 -7.446000e+00 2.500000e-01
      vertex   2.190000e+01 -7.580866e+00 2.500000e-01
    endloop
  endfacet
  facet normal -6.087614e-01 -7.933533e-01 -1.657975e-16
    outer loop
      vertex   2.190000e+01 -7.580866e+00 4.500000e+00
      vertex   2.190000e+01 -7.580866e+00 2.500000e-01
      vertex   2.217959e+01 -7.795406e+00 4.500000e+00
    endloop
  endfacet
  facet normal -6.087614e-01 -7.933533e-01 -0.000000e+00
    outer loop
      vertex   2.217959e+01 -7.795406e+00 4.500000e+00
      vertex   2.190000e+01 -7.580866e+00 2.500000e-01
      vertex   2.217959e+01 -7.795406e+00 2.500000e-01
    endloop
  endfacet
  facet normal -7.933533e-01 -6.087614e-01 -0.000000e+00
    outer loop
      vertex   2.217959e+01 -7.795406e+00 4.500000e+00
      vertex   2.217959e+01 -7.795406e+00 2.500000e-01
      vertex   2.239413e+01 -8.075000e+00 4.500000e+00
    endloop
  endfacet
  facet normal -7.933533e-01 -6.087614e-01 -0.000000e+00
    outer loop
      vertex   2.239413e+01 -8.075000e+00 4.500000e+00
      vertex   2.217959e+01 -7.795406e+00 2.500000e-01
      vertex   2.239413e+01 -8.075000e+00 2.500000e-01
    endloop
  endfacet
  facet normal -9.238795e-01 -3.826834e-01 -0.000000e+00
    outer loop
      vertex   2.239413e+01 -8.075000e+00 4.500000e+00
      vertex   2.239413e+01 -8.075000e+00 2.500000e-01
      vertex   2.252900e+01 -8.400594e+00 4.500000e+00
    endloop
  endfacet
  facet normal -9.238795e-01 -3.826834e-01 -0.000000e+00
    outer loop
      vertex   2.252900e+01 -8.400594e+00 4.500000e+00
      vertex   2.239413e+01 -8.075000e+00 2.500000e-01
      vertex   2.252900e+01 -8.400594e+00 2.500000e-01
    endloop
  endfacet
  facet normal -9.914449e-01 -1.305262e-01 -0.000000e+00
    outer loop
      vertex   2.252900e+01 -8.400594e+00 4.500000e+00
      vertex   2.252900e+01 -8.400594e+00 2.500000e-01
      vertex   2.257500e+01 -8.750000e+00 4.500000e+00
    endloop
  endfacet
  facet normal -9.914449e-01 -1.305262e-01 -0.000000e+00
    outer loop
      vertex   2.257500e+01 -8.750000e+00 4.500000e+00
      vertex   2.252900e+01 -8.400594e+00 2.500000e-01
      vertex   2.257500e+01 -8.750000e+00 2.500000e-01
    endloop
  endfacet
  facet normal -9.914449e-01 1.305262e-01 0.000000e+00
    outer loop
      vertex   2.257500e+01 -8.750000e+00 4.500000e+00
      vertex   2.257500e+01 -8.750000e+00 2.500000e-01
      vertex   2.252900e+01 -9.099406e+00 4.500000e+00
    endloop
  endfacet
  facet normal -9.914449e-01 1.305262e-01 0.000000e+00
    outer loop
      vertex   2.252900e+01 -9.099406e+00 4.500000e+00
      vertex   2.257500e+01 -8.750000e+00 2.500000e-01
      vertex   2.252900e+01 -9.099406e+00 2.500000e-01
    endloop
  endfacet
  facet normal -9.238795e-01 3.826834e-01 0.000000e+00
    outer loop
      vertex   2.252900e+01 -9.099406e+00 4.500000e+00
      vertex   2.252900e+01 -9.099406e+00 2.500000e-01
      vertex   2.239413e+01 -9.425000e+00 4.500000e+00
    endloop
  endfacet
  facet normal -9.238795e-01 3.826834e-01 0.000000e+00
    outer loop
      vertex   2.239413e+01 -9.425000e+00 4.500000e+00
      vertex   2.252900e+01 -9.099406e+00 2.500000e-01
      vertex   2.239413e+01 -9.425000e+00 2.500000e-01
    endloop
  endfacet
  facet normal -7.933533e-01 6.087614e-01 0.000000e+00
    outer loop
      vertex   2.239413e+01 -9.425000e+00 4.500000e+00
      vertex   2.239413e+01 -9.425000e+00 2.500000e-01
      vertex   2.217959e+01 -9.704594e+00 4.500000e+00
    endloop
  endfacet
  facet normal -7.933533e-01 6.087614e-01 -2.544418e-16
    outer loop
      vertex   2.217959e+01 -9.704594e+00 4.500000e+00
      vertex   2.239413e+01 -9.425000e+00 2.500000e-01
      vertex   2.217959e+01 -9.704594e+00 2.500000e-01
    endloop
  endfacet
  facet normal -6.087614e-01 7.933533e-01 -3.315950e-16
    outer loop
      vertex   2.217959e+01 -9.704594e+00 4.500000e+00
      vertex   2.217959e+01 -9.704594e+00 2.500000e-01
      vertex   2.190000e+01 -9.919134e+00 4.500000e+00
    endloop
  endfacet
  facet normal -6.087614e-01 7.933533e-01 0.000000e+00
    outer loop
      vertex   2.190000e+01 -9.919134e+00 4.500000e+00
      vertex   2.217959e+01 -9.704594e+00 2.500000e-01
      vertex   2.190000e+01 -9.919134e+00 2.500000e-01
    endloop
  endfacet
  facet normal -3.826834e-01 9.238795e-01 0.000000e+00
    outer loop
      vertex   2.190000e+01 -9.919134e+00 4.500000e+00
      vertex   2.190000e+01 -9.919134e+00 2.500000e-01
      vertex   2.157441e+01 -1.005400e+01 4.500000e+00
    endloop
  endfacet
  facet normal -3.826834e-01 9.238795e-01 0.000000e+00
    outer loop
      vertex   2.157441e+01 -1.005400e+01 4.500000e+00
      vertex   2.190000e+01 -9.919134e+00 2.500000e-01
      vertex   2.157441e+01 -1.005400e+01 2.500000e-01
    endloop
  endfacet
  facet normal -1.305262e-01 9.914449e-01 0.000000e+00
    outer loop
      vertex   2.157441e+01 -1.005400e+01 4.500000e+00
      vertex   2.157441e+01 -1.005400e+01 2.500000e-01
      vertex   2.122500e+01 -1.010000e+01 4.500000e+00
    endloop
  endfacet
  facet normal -1.305262e-01 9.914449e-01 0.000000e+00
    outer loop
      vertex   2.122500e+01 -1.010000e+01 4.500000e+00
      vertex   2.157441e+01 -1.005400e+01 2.500000e-01
      vertex   2.122500e+01 -1.010000e+01 2.500000e-01
    endloop
  endfacet
  facet normal 1.305262e-01 9.914449e-01 0.000000e+00
    outer loop
      vertex   2.122500e+01 -1.010000e+01 4.500000e+00
      vertex   2.122500e+01 -1.010000e+01 2.500000e-01
      vertex   2.087559e+01 -1.005400e+01 4.500000e+00
    endloop
  endfacet
  facet normal 1.305262e-01 9.914449e-01 0.000000e+00
    outer loop
      vertex   2.087559e+01 -1.005400e+01 4.500000e+00
      vertex   2.122500e+01 -1.010000e+01 2.500000e-01
      vertex   2.087559e+01 -1.005400e+01 2.500000e-01
    endloop
  endfacet
  facet normal 3.826834e-01 9.238795e-01 0.000000e+00
    outer loop
      vertex   2.087559e+01 -1.005400e+01 4.500000e+00
      vertex   2.087559e+01 -1.005400e+01 2.500000e-01
      vertex   2.055000e+01 -9.919134e+00 4.500000e+00
    endloop
  endfacet
  facet normal 3.826834e-01 9.238795e-01 -3.861505e-16
    outer loop
      vertex   2.055000e+01 -9.919134e+00 4.500000e+00
      vertex   2.087559e+01 -1.005400e+01 2.500000e-01
      vertex   2.055000e+01 -9.919134e+00 2.500000e-01
    endloop
  endfacet
  facet normal 6.087614e-01 7.933533e-01 -3.315950e-16
    outer loop
      vertex   2.055000e+01 -9.919134e+00 4.500000e+00
      vertex   2.055000e+01 -9.919134e+00 2.500000e-01
      vertex   2.027041e+01 -9.704594e+00 4.500000e+00
    endloop
  endfacet
  facet normal 6.087614e-01 7.933533e-01 0.000000e+00
    outer loop
      vertex   2.027041e+01 -9.704594e+00 4.500000e+00
      vertex   2.055000e+01 -9.919134e+00 2.500000e-01
      vertex   2.027041e+01 -9.704594e+00 2.500000e-01
    endloop
  endfacet
  facet normal 7.933533e-01 6.087614e-01 0.000000e+00
    outer loop
      vertex   2.027041e+01 -9.704594e+00 4.500000e+00
      vertex   2.027041e+01 -9.704594e+00 2.500000e-01
      vertex   2.005587e+01 -9.425000e+00 4.500000e+00
    endloop
  endfacet
  facet normal 7.933533e-01 6.087614e-01 0.000000e+00
    outer loop
      vertex   2.005587e+01 -9.425000e+00 4.500000e+00
      vertex   2.027041e+01 -9.704594e+00 2.500000e-01
      vertex   2.005587e+01 -9.425000e+00 2.500000e-01
    endloop
  endfacet
  facet normal 9.238795e-01 3.826834e-01 0.000000e+00
    outer loop
      vertex   2.005587e+01 -9.425000e+00 4.500000e+00
      vertex   2.005587e+01 -9.425000e+00 2.500000e-01
      vertex   1.992100e+01 -9.099406e+00 4.500000e+00
    endloop
  endfacet
  facet normal 9.238795e-01 3.826834e-01 0.000000e+00
    outer loop
      vertex   1.992100e+01 -9.099406e+00 4.500000e+00
      vertex   2.005587e+01 -9.425000e+00 2.500000e-01
      vertex   1.992100e+01 -9.099406e+00 2.500000e-01
    endloop
  endfacet
  facet normal 9.914449e-01 -1.305262e-01 0.000000e+00
    outer loop
      vertex   -2.261453e+01 2.173494e+01 -4.000000e+00
      vertex   -2.261453e+01 2.173494e+01 2.500000e-01
      vertex   -2.266053e+01 2.138553e+01 -4.000000e+00
    endloop
  endfacet
  facet normal 9.914449e-01 -1.305262e-01 0.000000e+00
    outer loop
      vertex   -2.266053e+01 2.138553e+01 -4.000000e+00
      vertex   -2.261453e+01 2.173494e+01 2.500000e-01
      vertex   -2.266053e+01 2.138553e+01 2.500000e-01
    endloop
  endfacet
  facet normal 9.914449e-01 1.305262e-01 -0.000000e+00
    outer loop
      vertex   -2.266053e+01 2.138553e+01 -4.000000e+00
      vertex   -2.266053e+01 2.138553e+01 2.500000e-01
      vertex   -2.261453e+01 2.103613e+01 -4.000000e+00
    endloop
  endfacet
  facet normal 9.914449e-01 1.305262e-01 -0.000000e+00
    outer loop
      vertex   -2.261453e+01 2.103613e+01 -4.000000e+00
      vertex   -2.266053e+01 2.138553e+01 2.500000e-01
      vertex   -2.261453e+01 2.103613e+01 2.500000e-01
    endloop
  endfacet
  facet normal 9.238795e-01 3.826834e-01 -0.000000e+00
    outer loop
      vertex   -2.261453e+01 2.103613e+01 -4.000000e+00
      vertex   -2.261453e+01 2.103613e+01 2.500000e-01
      vertex   -2.247967e+01 2.071053e+01 -4.000000e+00
    endloop
  endfacet
  facet normal 9.238795e-01 3.826834e-01 -0.000000e+00
    outer loop
      vertex   -2.247967e+01 2.071053e+01 -4.000000e+00
      vertex   -2.261453e+01 2.103613e+01 2.500000e-01
      vertex   -2.247967e+01 2.071053e+01 2.500000e-01
    endloop
  endfacet
  facet normal 7.933533e-01 6.087614e-01 -0.000000e+00
    outer loop
      vertex   -2.247967e+01 2.071053e+01 -4.000000e+00
      vertex   -2.247967e+01 2.071053e+01 2.500000e-01
      vertex   -2.226513e+01 2.043094e+01 -4.000000e+00
    endloop
  endfacet
  facet normal 7.933533e-01 6.087614e-01 -0.000000e+00
    outer loop
      vertex   -2.226513e+01 2.043094e+01 -4.000000e+00
      vertex   -2.247967e+01 2.071053e+01 2.500000e-01
      vertex   -2.226513e+01 2.043094e+01 2.500000e-01
    endloop
  endfacet
  facet normal 6.087614e-01 7.933533e-01 -0.000000e+00
    outer loop
      vertex   -2.226513e+01 2.043094e+01 -4.000000e+00
      vertex   -2.226513e+01 2.043094e+01 2.500000e-01
      vertex   -2.198553e+01 2.021640e+01 -4.000000e+00
    endloop
  endfacet
  facet normal 6.087614e-01 7.933533e-01 -0.000000e+00
    outer loop
      vertex   -2.198553e+01 2.021640e+01 -4.000000e+00
      vertex   -2.226513e+01 2.043094e+01 2.500000e-01
      vertex   -2.198553e+01 2.021640e+01 2.500000e-01
    endloop
  endfacet
  facet normal 3.826834e-01 9.238795e-01 -0.000000e+00
    outer loop
      vertex   -2.198553e+01 2.021640e+01 -4.000000e+00
      vertex   -2.198553e+01 2.021640e+01 2.500000e-01
      vertex   -2.165994e+01 2.008153e+01 -4.000000e+00
    endloop
  endfacet
  facet normal 3.826834e-01 9.238795e-01 -0.000000e+00
    outer loop
      vertex   -2.165994e+01 2.008153e+01 -4.000000e+00
      vertex   -2.198553e+01 2.021640e+01 2.500000e-01
      vertex   -2.165994e+01 2.008153e+01 2.500000e-01
    endloop
  endfacet
  facet normal 1.305262e-01 9.914449e-01 -0.000000e+00
    outer loop
      vertex   -2.165994e+01 2.008153e+01 -4.000000e+00
      vertex   -2.165994e+01 2.008153e+01 2.500000e-01
      vertex   -2.131053e+01 2.003553e+01 -4.000000e+00
    endloop
  endfacet
  facet normal 1.305262e-01 9.914449e-01 -0.000000e+00
    outer loop
      vertex   -2.131053e+01 2.003553e+01 -4.000000e+00
      vertex   -2.165994e+01 2.008153e+01 2.500000e-01
      vertex   -2.131053e+01 2.003553e+01 2.500000e-01
    endloop
  endfacet
  facet normal -1.305262e-01 9.914449e-01 0.000000e+00
    outer loop
      vertex   -2.131053e+01 2.003553e+01 -4.000000e+00
      vertex   -2.131053e+01 2.003553e+01 2.500000e-01
      vertex   -2.096113e+01 2.008153e+01 -4.000000e+00
    endloop
  endfacet
  facet normal -1.305262e-01 9.914449e-01 0.000000e+00
    outer loop
      vertex   -2.096113e+01 2.008153e+01 -4.000000e+00
      vertex   -2.131053e+01 2.003553e+01 2.500000e-01
      vertex   -2.096113e+01 2.008153e+01 2.500000e-01
    endloop
  endfacet
  facet normal -3.826834e-01 9.238795e-01 0.000000e+00
    outer loop
      vertex   -2.096113e+01 2.008153e+01 -4.000000e+00
      vertex   -2.096113e+01 2.008153e+01 2.500000e-01
      vertex   -2.063553e+01 2.021640e+01 -4.000000e+00
    endloop
  endfacet
  facet normal -3.826834e-01 9.238795e-01 0.000000e+00
    outer loop
      vertex   -2.063553e+01 2.021640e+01 -4.000000e+00
      vertex   -2.096113e+01 2.008153e+01 2.500000e-01
      vertex   -2.063553e+01 2.021640e+01 2.500000e-01
    endloop
  endfacet
  facet normal -6.087614e-01 7.933533e-01 0.000000e+00
    outer loop
      vertex   -2.063553e+01 2.021640e+01 -4.000000e+00
      vertex   -2.063553e+01 2.021640e+01 2.500000e-01
      vertex   -2.035594e+01 2.043094e+01 -4.000000e+00
    endloop
  endfacet
  facet normal -6.087614e-01 7.933533e-01 0.000000e+00
    outer loop
      vertex   -2.035594e+01 2.043094e+01 -4.000000e+00
      vertex   -2.063553e+01 2.021640e+01 2.500000e-01
      vertex   -2.035594e+01 2.043094e+01 2.500000e-01
    endloop
  endfacet
  facet normal -7.933533e-01 6.087614e-01 0.000000e+00
    outer loop
      vertex   -2.035594e+01 2.043094e+01 -4.000000e+00
      vertex   -2.035594e+01 2.043094e+01 2.500000e-01
      vertex   -2.014140e+01 2.071053e+01 -4.000000e+00
    endloop
  endfacet
  facet normal -7.933533e-01 6.087614e-01 0.000000e+00
    outer loop
      vertex   -2.014140e+01 2.071053e+01 -4.000000e+00
      vertex   -2.035594e+01 2.043094e+01 2.500000e-01
      vertex   -2.014140e+01 2.071053e+01 2.500000e-01
    endloop
  endfacet
  facet normal -9.238795e-01 3.826834e-01 0.000000e+00
    outer loop
      vertex   -2.014140e+01 2.071053e+01 -4.000000e+00
      vertex   -2.014140e+01 2.071053e+01 2.500000e-01
      vertex   -2.000653e+01 2.103613e+01 -4.000000e+00
    endloop
  endfacet
  facet normal -9.238795e-01 3.826834e-01 0.000000e+00
    outer loop
      vertex   -2.000653e+01 2.103613e+01 -4.000000e+00
      vertex   -2.014140e+01 2.071053e+01 2.500000e-01
      vertex   -2.000653e+01 2.103613e+01 2.500000e-01
    endloop
  endfacet
  facet normal -9.914449e-01 1.305262e-01 0.000000e+00
    outer loop
      vertex   -2.000653e+01 2.103613e+01 -4.000000e+00
      vertex   -2.000653e+01 2.103613e+01 2.500000e-01
      vertex   -1.996053e+01 2.138553e+01 -4.000000e+00
    endloop
  endfacet
  facet normal -9.914449e-01 1.305262e-01 0.000000e+00
    outer loop
      vertex   -1.996053e+01 2.138553e+01 -4.000000e+00
      vertex   -2.000653e+01 2.103613e+01 2.500000e-01
      vertex   -1.996053e+01 2.138553e+01 2.500000e-01
    endloop
  endfacet
  facet normal -9.914449e-01 -1.305262e-01 0.000000e+00
    outer loop
      vertex   -1.996053e+01 2.138553e+01 -4.000000e+00
      vertex   -1.996053e+01 2.138553e+01 2.500000e-01
      vertex   -2.000653e+01 2.173494e+01 -4.000000e+00
    endloop
  endfacet
  facet normal -9.914449e-01 -1.305262e-01 0.000000e+00
    outer loop
      vertex   -2.000653e+01 2.173494e+01 -4.000000e+00
      vertex   -1.996053e+01 2.138553e+01 2.500000e-01
      vertex   -2.000653e+01 2.173494e+01 2.500000e-01
    endloop
  endfacet
  facet normal -9.238795e-01 -3.826834e-01 0.000000e+00
    outer loop
      vertex   -2.000653e+01 2.173494e+01 -4.000000e+00
      vertex   -2.000653e+01 2.173494e+01 2.500000e-01
      vertex   -2.014140e+01 2.206053e+01 -4.000000e+00
    endloop
  endfacet
  facet normal -9.238795e-01 -3.826834e-01 0.000000e+00
    outer loop
      vertex   -2.014140e+01 2.206053e+01 -4.000000e+00
      vertex   -2.000653e+01 2.173494e+01 2.500000e-01
      vertex   -2.014140e+01 2.206053e+01 2.500000e-01
    endloop
  endfacet
  facet normal -7.933533e-01 -6.087614e-01 0.000000e+00
    outer loop
      vertex   -2.014140e+01 2.206053e+01 -4.000000e+00
      vertex   -2.014140e+01 2.206053e+01 2.500000e-01
      vertex   -2.035594e+01 2.234013e+01 -4.000000e+00
    endloop
  endfacet
  facet normal -7.933533e-01 -6.087614e-01 0.000000e+00
    outer loop
      vertex   -2.035594e+01 2.234013e+01 -4.000000e+00
      vertex   -2.014140e+01 2.206053e+01 2.500000e-01
      vertex   -2.035594e+01 2.234013e+01 2.500000e-01
    endloop
  endfacet
  facet normal -6.087614e-01 -7.933533e-01 0.000000e+00
    outer loop
      vertex   -2.035594e+01 2.234013e+01 -4.000000e+00
      vertex   -2.035594e+01 2.234013e+01 2.500000e-01
      vertex   -2.063553e+01 2.255467e+01 -4.000000e+00
    endloop
  endfacet
  facet normal -6.087614e-01 -7.933533e-01 0.000000e+00
    outer loop
      vertex   -2.063553e+01 2.255467e+01 -4.000000e+00
      vertex   -2.035594e+01 2.234013e+01 2.500000e-01
      vertex   -2.063553e+01 2.255467e+01 2.500000e-01
    endloop
  endfacet
  facet normal -3.826834e-01 -9.238795e-01 0.000000e+00
    outer loop
      vertex   -2.063553e+01 2.255467e+01 -4.000000e+00
      vertex   -2.063553e+01 2.255467e+01 2.500000e-01
      vertex   -2.096113e+01 2.268953e+01 -4.000000e+00
    endloop
  endfacet
  facet normal -3.826834e-01 -9.238795e-01 0.000000e+00
    outer loop
      vertex   -2.096113e+01 2.268953e+01 -4.000000e+00
      vertex   -2.063553e+01 2.255467e+01 2.500000e-01
      vertex   -2.096113e+01 2.268953e+01 2.500000e-01
    endloop
  endfacet
  facet normal -1.305262e-01 -9.914449e-01 0.000000e+00
    outer loop
      vertex   -2.096113e+01 2.268953e+01 -4.000000e+00
      vertex   -2.096113e+01 2.268953e+01 2.500000e-01
      vertex   -2.131053e+01 2.273553e+01 -4.000000e+00
    endloop
  endfacet
  facet normal -1.305262e-01 -9.914449e-01 0.000000e+00
    outer loop
      vertex   -2.131053e+01 2.273553e+01 -4.000000e+00
      vertex   -2.096113e+01 2.268953e+01 2.500000e-01
      vertex   -2.131053e+01 2.273553e+01 2.500000e-01
    endloop
  endfacet
  facet normal 1.305262e-01 -9.914449e-01 0.000000e+00
    outer loop
      vertex   -2.131053e+01 2.273553e+01 -4.000000e+00
      vertex   -2.131053e+01 2.273553e+01 2.500000e-01
      vertex   -2.165994e+01 2.268953e+01 -4.000000e+00
    endloop
  endfacet
  facet normal 1.305262e-01 -9.914449e-01 0.000000e+00
    outer loop
      vertex   -2.165994e+01 2.268953e+01 -4.000000e+00
      vertex   -2.131053e+01 2.273553e+01 2.500000e-01
      vertex   -2.165994e+01 2.268953e+01 2.500000e-01
    endloop
  endfacet
  facet normal 3.826834e-01 -9.238795e-01 0.000000e+00
    outer loop
      vertex   -2.165994e+01 2.268953e+01 -4.000000e+00
      vertex   -2.165994e+01 2.268953e+01 2.500000e-01
      vertex   -2.198553e+01 2.255467e+01 -4.000000e+00
    endloop
  endfacet
  facet normal 3.826834e-01 -9.238795e-01 0.000000e+00
    outer loop
      vertex   -2.198553e+01 2.255467e+01 -4.000000e+00
      vertex   -2.165994e+01 2.268953e+01 2.500000e-01
      vertex   -2.198553e+01 2.255467e+01 2.500000e-01
    endloop
  endfacet
  facet normal 6.087614e-01 -7.933533e-01 0.000000e+00
    outer loop
      vertex   -2.198553e+01 2.255467e+01 -4.000000e+00
      vertex   -2.198553e+01 2.255467e+01 2.500000e-01
      vertex   -2.226513e+01 2.234013e+01 -4.000000e+00
    endloop
  endfacet
  facet normal 6.087614e-01 -7.933533e-01 0.000000e+00
    outer loop
      vertex   -2.226513e+01 2.234013e+01 -4.000000e+00
      vertex   -2.198553e+01 2.255467e+01 2.500000e-01
      vertex   -2.226513e+01 2.234013e+01 2.500000e-01
    endloop
  endfacet
  facet normal 7.933533e-01 -6.087614e-01 0.000000e+00
    outer loop
      vertex   -2.226513e+01 2.234013e+01 -4.000000e+00
      vertex   -2.226513e+01 2.234013e+01 2.500000e-01
      vertex   -2.247967e+01 2.206053e+01 -4.000000e+00
    endloop
  endfacet
  facet normal 7.933533e-01 -6.087614e-01 0.000000e+00
    outer loop
      vertex   -2.247967e+01 2.206053e+01 -4.000000e+00
      vertex   -2.226513e+01 2.234013e+01 2.500000e-01
      vertex   -2.247967e+01 2.206053e+01 2.500000e-01
    endloop
  endfacet
  facet normal 9.238795e-01 -3.826834e-01 0.000000e+00
    outer loop
      vertex   -2.247967e+01 2.206053e+01 -4.000000e+00
      vertex   -2.247967e+01 2.206053e+01 2.500000e-01
      vertex   -2.261453e+01 2.173494e+01 -4.000000e+00
    endloop
  endfacet
  facet normal 9.238795e-01 -3.826834e-01 0.000000e+00
    outer loop
      vertex   -2.261453e+01 2.173494e+01 -4.000000e+00
      vertex   -2.247967e+01 2.206053e+01 2.500000e-01
      vertex   -2.261453e+01 2.173494e+01 2.500000e-01
    endloop
  endfacet
  facet normal 9.914449e-01 1.305262e-01 0.000000e+00
    outer loop
      vertex   -2.261453e+01 2.103613e+01 4.500000e+00
      vertex   -2.261453e+01 2.103613e+01 2.500000e-01
      vertex   -2.266053e+01 2.138553e+01 4.500000e+00
    endloop
  endfacet
  facet normal 9.914449e-01 1.305262e-01 0.000000e+00
    outer loop
      vertex   -2.266053e+01 2.138553e+01 4.500000e+00
      vertex   -2.261453e+01 2.103613e+01 2.500000e-01
      vertex   -2.266053e+01 2.138553e+01 2.500000e-01
    endloop
  endfacet
  facet normal 9.914449e-01 -1.305262e-01 0.000000e+00
    outer loop
      vertex   -2.266053e+01 2.138553e+01 4.500000e+00
      vertex   -2.266053e+01 2.138553e+01 2.500000e-01
      vertex   -2.261453e+01 2.173494e+01 4.500000e+00
    endloop
  endfacet
  facet normal 9.914449e-01 -1.305262e-01 0.000000e+00
    outer loop
      vertex   -2.261453e+01 2.173494e+01 4.500000e+00
      vertex   -2.266053e+01 2.138553e+01 2.500000e-01
      vertex   -2.261453e+01 2.173494e+01 2.500000e-01
    endloop
  endfacet
  facet normal 9.238795e-01 -3.826834e-01 0.000000e+00
    outer loop
      vertex   -2.261453e+01 2.173494e+01 4.500000e+00
      vertex   -2.261453e+01 2.173494e+01 2.500000e-01
      vertex   -2.247967e+01 2.206053e+01 4.500000e+00
    endloop
  endfacet
  facet normal 9.238795e-01 -3.826834e-01 0.000000e+00
    outer loop
      vertex   -2.247967e+01 2.206053e+01 4.500000e+00
      vertex   -2.261453e+01 2.173494e+01 2.500000e-01
      vertex   -2.247967e+01 2.206053e+01 2.500000e-01
    endloop
  endfacet
  facet normal 7.933533e-01 -6.087614e-01 0.000000e+00
    outer loop
      vertex   -2.247967e+01 2.206053e+01 4.500000e+00
      vertex   -2.247967e+01 2.206053e+01 2.500000e-01
      vertex   -2.226513e+01 2.234013e+01 4.500000e+00
    endloop
  endfacet
  facet normal 7.933533e-01 -6.087614e-01 0.000000e+00
    outer loop
      vertex   -2.226513e+01 2.234013e+01 4.500000e+00
      vertex   -2.247967e+01 2.206053e+01 2.500000e-01
      vertex   -2.226513e+01 2.234013e+01 2.500000e-01
    endloop
  endfacet
  facet normal 6.087614e-01 -7.933533e-01 0.000000e+00
    outer loop
      vertex   -2.226513e+01 2.234013e+01 4.500000e+00
      vertex   -2.226513e+01 2.234013e+01 2.500000e-01
      vertex   -2.198553e+01 2.255467e+01 4.500000e+00
    endloop
  endfacet
  facet normal 6.087614e-01 -7.933533e-01 0.000000e+00
    outer loop
      vertex   -2.198553e+01 2.255467e+01 4.500000e+00
      vertex   -2.226513e+01 2.234013e+01 2.500000e-01
      vertex   -2.198553e+01 2.255467e+01 2.500000e-01
    endloop
  endfacet
  facet normal 3.826834e-01 -9.238795e-01 0.000000e+00
    outer loop
      vertex   -2.198553e+01 2.255467e+01 4.500000e+00
      vertex   -2.198553e+01 2.255467e+01 2.500000e-01
      vertex   -2.165994e+01 2.268953e+01 4.500000e+00
    endloop
  endfacet
  facet normal 3.826834e-01 -9.238795e-01 0.000000e+00
    outer loop
      vertex   -2.165994e+01 2.268953e+01 4.500000e+00
      vertex   -2.198553e+01 2.255467e+01 2.500000e-01
      vertex   -2.165994e+01 2.268953e+01 2.500000e-01
    endloop
  endfacet
  facet normal 1.305262e-01 -9.914449e-01 0.000000e+00
    outer loop
      vertex   -2.165994e+01 2.268953e+01 4.500000e+00
      vertex   -2.165994e+01 2.268953e+01 2.500000e-01
      vertex   -2.131053e+01 2.273553e+01 4.500000e+00
    endloop
  endfacet
  facet normal 1.305262e-01 -9.914449e-01 0.000000e+00
    outer loop
      vertex   -2.131053e+01 2.273553e+01 4.500000e+00
      vertex   -2.165994e+01 2.268953e+01 2.500000e-01
      vertex   -2.131053e+01 2.273553e+01 2.500000e-01
    endloop
  endfacet
  facet normal -1.305262e-01 -9.914449e-01 -0.000000e+00
    outer loop
      vertex   -2.131053e+01 2.273553e+01 4.500000e+00
      vertex   -2.131053e+01 2.273553e+01 2.500000e-01
      vertex   -2.096113e+01 2.268953e+01 4.500000e+00
    endloop
  endfacet
  facet normal -1.305262e-01 -9.914449e-01 -0.000000e+00
    outer loop
      vertex   -2.096113e+01 2.268953e+01 4.500000e+00
      vertex   -2.131053e+01 2.273553e+01 2.500000e-01
      vertex   -2.096113e+01 2.268953e+01 2.500000e-01
    endloop
  endfacet
  facet normal -3.826834e-01 -9.238795e-01 -0.000000e+00
    outer loop
      vertex   -2.096113e+01 2.268953e+01 4.500000e+00
      vertex   -2.096113e+01 2.268953e+01 2.500000e-01
      vertex   -2.063553e+01 2.255467e+01 4.500000e+00
    endloop
  endfacet
  facet normal -3.826834e-01 -9.238795e-01 -0.000000e+00
    outer loop
      vertex   -2.063553e+01 2.255467e+01 4.500000e+00
      vertex   -2.096113e+01 2.268953e+01 2.500000e-01
      vertex   -2.063553e+01 2.255467e+01 2.500000e-01
    endloop
  endfacet
  facet normal -6.087614e-01 -7.933533e-01 -0.000000e+00
    outer loop
      vertex   -2.063553e+01 2.255467e+01 4.500000e+00
      vertex   -2.063553e+01 2.255467e+01 2.500000e-01
      vertex   -2.035594e+01 2.234013e+01 4.500000e+00
    endloop
  endfacet
  facet normal -6.087614e-01 -7.933533e-01 -0.000000e+00
    outer loop
      vertex   -2.035594e+01 2.234013e+01 4.500000e+00
      vertex   -2.063553e+01 2.255467e+01 2.500000e-01
      vertex   -2.035594e+01 2.234013e+01 2.500000e-01
    endloop
  endfacet
  facet normal -7.933533e-01 -6.087614e-01 -0.000000e+00
    outer loop
      vertex   -2.035594e+01 2.234013e+01 4.500000e+00
      vertex   -2.035594e+01 2.234013e+01 2.500000e-01
      vertex   -2.014140e+01 2.206053e+01 4.500000e+00
    endloop
  endfacet
  facet normal -7.933533e-01 -6.087614e-01 -0.000000e+00
    outer loop
      vertex   -2.014140e+01 2.206053e+01 4.500000e+00
      vertex   -2.035594e+01 2.234013e+01 2.500000e-01
      vertex   -2.014140e+01 2.206053e+01 2.500000e-01
    endloop
  endfacet
  facet normal -9.238795e-01 -3.826834e-01 -0.000000e+00
    outer loop
      vertex   -2.014140e+01 2.206053e+01 4.500000e+00
      vertex   -2.014140e+01 2.206053e+01 2.500000e-01
      vertex   -2.000653e+01 2.173494e+01 4.500000e+00
    endloop
  endfacet
  facet normal -9.238795e-01 -3.826834e-01 -0.000000e+00
    outer loop
      vertex   -2.000653e+01 2.173494e+01 4.500000e+00
      vertex   -2.014140e+01 2.206053e+01 2.500000e-01
      vertex   -2.000653e+01 2.173494e+01 2.500000e-01
    endloop
  endfacet
  facet normal -9.914449e-01 -1.305262e-01 -0.000000e+00
    outer loop
      vertex   -2.000653e+01 2.173494e+01 4.500000e+00
      vertex   -2.000653e+01 2.173494e+01 2.500000e-01
      vertex   -1.996053e+01 2.138553e+01 4.500000e+00
    endloop
  endfacet
  facet normal -9.914449e-01 -1.305262e-01 -0.000000e+00
    outer loop
      vertex   -1.996053e+01 2.138553e+01 4.500000e+00
      vertex   -2.000653e+01 2.173494e+01 2.500000e-01
      vertex   -1.996053e+01 2.138553e+01 2.500000e-01
    endloop
  endfacet
  facet normal -9.914449e-01 1.305262e-01 0.000000e+00
    outer loop
      vertex   -1.996053e+01 2.138553e+01 4.500000e+00
      vertex   -1.996053e+01 2.138553e+01 2.500000e-01
      vertex   -2.000653e+01 2.103613e+01 4.500000e+00
    endloop
  endfacet
  facet normal -9.914449e-01 1.305262e-01 0.000000e+00
    outer loop
      vertex   -2.000653e+01 2.103613e+01 4.500000e+00
      vertex   -1.996053e+01 2.138553e+01 2.500000e-01
      vertex   -2.000653e+01 2.103613e+01 2.500000e-01
    endloop
  endfacet
  facet normal -9.238795e-01 3.826834e-01 0.000000e+00
    outer loop
      vertex   -2.000653e+01 2.103613e+01 4.500000e+00
      vertex   -2.000653e+01 2.103613e+01 2.500000e-01
      vertex   -2.014140e+01 2.071053e+01 4.500000e+00
    endloop
  endfacet
  facet normal -9.238795e-01 3.826834e-01 0.000000e+00
    outer loop
      vertex   -2.014140e+01 2.071053e+01 4.500000e+00
      vertex   -2.000653e+01 2.103613e+01 2.500000e-01
      vertex   -2.014140e+01 2.071053e+01 2.500000e-01
    endloop
  endfacet
  facet normal -7.933533e-01 6.087614e-01 0.000000e+00
    outer loop
      vertex   -2.014140e+01 2.071053e+01 4.500000e+00
      vertex   -2.014140e+01 2.071053e+01 2.500000e-01
      vertex   -2.035594e+01 2.043094e+01 4.500000e+00
    endloop
  endfacet
  facet normal -7.933533e-01 6.087614e-01 0.000000e+00
    outer loop
      vertex   -2.035594e+01 2.043094e+01 4.500000e+00
      vertex   -2.014140e+01 2.071053e+01 2.500000e-01
      vertex   -2.035594e+01 2.043094e+01 2.500000e-01
    endloop
  endfacet
  facet normal -6.087614e-01 7.933533e-01 0.000000e+00
    outer loop
      vertex   -2.035594e+01 2.043094e+01 4.500000e+00
      vertex   -2.035594e+01 2.043094e+01 2.500000e-01
      vertex   -2.063553e+01 2.021640e+01 4.500000e+00
    endloop
  endfacet
  facet normal -6.087614e-01 7.933533e-01 0.000000e+00
    outer loop
      vertex   -2.063553e+01 2.021640e+01 4.500000e+00
      vertex   -2.035594e+01 2.043094e+01 2.500000e-01
      vertex   -2.063553e+01 2.021640e+01 2.500000e-01
    endloop
  endfacet
  facet normal -3.826834e-01 9.238795e-01 0.000000e+00
    outer loop
      vertex   -2.063553e+01 2.021640e+01 4.500000e+00
      vertex   -2.063553e+01 2.021640e+01 2.500000e-01
      vertex   -2.096113e+01 2.008153e+01 4.500000e+00
    endloop
  endfacet
  facet normal -3.826834e-01 9.238795e-01 0.000000e+00
    outer loop
      vertex   -2.096113e+01 2.008153e+01 4.500000e+00
      vertex   -2.063553e+01 2.021640e+01 2.500000e-01
      vertex   -2.096113e+01 2.008153e+01 2.500000e-01
    endloop
  endfacet
  facet normal -1.305262e-01 9.914449e-01 0.000000e+00
    outer loop
      vertex   -2.096113e+01 2.008153e+01 4.500000e+00
      vertex   -2.096113e+01 2.008153e+01 2.500000e-01
      vertex   -2.131053e+01 2.003553e+01 4.500000e+00
    endloop
  endfacet
  facet normal -1.305262e-01 9.914449e-01 0.000000e+00
    outer loop
      vertex   -2.131053e+01 2.003553e+01 4.500000e+00
      vertex   -2.096113e+01 2.008153e+01 2.500000e-01
      vertex   -2.131053e+01 2.003553e+01 2.500000e-01
    endloop
  endfacet
  facet normal 1.305262e-01 9.914449e-01 0.000000e+00
    outer loop
      vertex   -2.131053e+01 2.003553e+01 4.500000e+00
      vertex   -2.131053e+01 2.003553e+01 2.500000e-01
      vertex   -2.165994e+01 2.008153e+01 4.500000e+00
    endloop
  endfacet
  facet normal 1.305262e-01 9.914449e-01 0.000000e+00
    outer loop
      vertex   -2.165994e+01 2.008153e+01 4.500000e+00
      vertex   -2.131053e+01 2.003553e+01 2.500000e-01
      vertex   -2.165994e+01 2.008153e+01 2.500000e-01
    endloop
  endfacet
  facet normal 3.826834e-01 9.238795e-01 0.000000e+00
    outer loop
      vertex   -2.165994e+01 2.008153e+01 4.500000e+00
      vertex   -2.165994e+01 2.008153e+01 2.500000e-01
      vertex   -2.198553e+01 2.021640e+01 4.500000e+00
    endloop
  endfacet
  facet normal 3.826834e-01 9.238795e-01 0.000000e+00
    outer loop
      vertex   -2.198553e+01 2.021640e+01 4.500000e+00
      vertex   -2.165994e+01 2.008153e+01 2.500000e-01
      vertex   -2.198553e+01 2.021640e+01 2.500000e-01
    endloop
  endfacet
  facet normal 6.087614e-01 7.933533e-01 0.000000e+00
    outer loop
      vertex   -2.198553e+01 2.021640e+01 4.500000e+00
      vertex   -2.198553e+01 2.021640e+01 2.500000e-01
      vertex   -2.226513e+01 2.043094e+01 4.500000e+00
    endloop
  endfacet
  facet normal 6.087614e-01 7.933533e-01 0.000000e+00
    outer loop
      vertex   -2.226513e+01 2.043094e+01 4.500000e+00
      vertex   -2.198553e+01 2.021640e+01 2.500000e-01
      vertex   -2.226513e+01 2.043094e+01 2.500000e-01
    endloop
  endfacet
  facet normal 7.933533e-01 6.087614e-01 0.000000e+00
    outer loop
      vertex   -2.226513e+01 2.043094e+01 4.500000e+00
      vertex   -2.226513e+01 2.043094e+01 2.500000e-01
      vertex   -2.247967e+01 2.071053e+01 4.500000e+00
    endloop
  endfacet
  facet normal 7.933533e-01 6.087614e-01 0.000000e+00
    outer loop
      vertex   -2.247967e+01 2.071053e+01 4.500000e+00
      vertex   -2.226513e+01 2.043094e+01 2.500000e-01
      vertex   -2.247967e+01 2.071053e+01 2.500000e-01
    endloop
  endfacet
  facet normal 9.238795e-01 3.826834e-01 0.000000e+00
    outer loop
      vertex   -2.247967e+01 2.071053e+01 4.500000e+00
      vertex   -2.247967e+01 2.071053e+01 2.500000e-01
      vertex   -2.261453e+01 2.103613e+01 4.500000e+00
    endloop
  endfacet
  facet normal 9.238795e-01 3.826834e-01 0.000000e+00
    outer loop
      vertex   -2.261453e+01 2.103613e+01 4.500000e+00
      vertex   -2.247967e+01 2.071053e+01 2.500000e-01
      vertex   -2.261453e+01 2.103613e+01 2.500000e-01
    endloop
  endfacet
  facet normal 0.000000e+00 -0.000000e+00 1.000000e+00
    outer loop
      vertex   -2.677500e+01 1.326053e+01 4.500000e+00
      vertex   -2.672411e+01 1.397211e+01 4.500000e+00
      vertex   -2.677500e+01 1.785000e+01 4.500000e+00
    endloop
  endfacet
  facet normal 0.000000e+00 0.000000e+00 1.000000e+00
    outer loop
      vertex   -2.677500e+01 1.785000e+01 4.500000e+00
      vertex   -2.672411e+01 1.397211e+01 4.500000e+00
      vertex   -2.657246e+01 1.466920e+01 4.500000e+00
    endloop
  endfacet
  facet normal 0.000000e+00 0.000000e+00 1.000000e+00
    outer loop
      vertex   -2.677500e+01 1.785000e+01 4.500000e+00
      vertex   -2.657246e+01 1.466920e+01 4.500000e+00
      vertex   -2.632316e+01 1.533761e+01 4.500000e+00
    endloop
  endfacet
  facet normal 0.000000e+00 -0.000000e+00 1.000000e+00
    outer loop
      vertex   -2.632316e+01 1.533761e+01 4.500000e+00
      vertex   -2.598127e+01 1.596374e+01 4.500000e+00
      vertex   -2.677500e+01 1.785000e+01 4.500000e+00
    endloop
  endfacet
  facet normal 0.000000e+00 0.000000e+00 1.000000e+00
    outer loop
      vertex   -2.677500e+01 1.785000e+01 4.500000e+00
      vertex   -2.598127e+01 1.596374e+01 4.500000e+00
      vertex   -2.555375e+01 1.653484e+01 4.500000e+00
    endloop
  endfacet
  facet normal 0.000000e+00 0.000000e+00 1.000000e+00
    outer loop
      vertex   -2.677500e+01 1.785000e+01 4.500000e+00
      vertex   -2.555375e+01 1.653484e+01 4.500000e+00
      vertex   -2.504930e+01 1.703928e+01 4.500000e+00
    endloop
  endfacet
  facet normal -0.000000e+00 0.000000e+00 1.000000e+00
    outer loop
      vertex   -2.677500e+01 1.785000e+01 4.500000e+00
      vertex   -2.504930e+01 1.703928e+01 4.500000e+00
      vertex   -2.672570e+01 1.879076e+01 4.500000e+00
    endloop
  endfacet
  facet normal 0.000000e+00 0.000000e+00 1.000000e+00
    outer loop
      vertex   -2.672570e+01 1.879076e+01 4.500000e+00
      vertex   -2.504930e+01 1.703928e+01 4.500000e+00
      vertex   -2.447820e+01 1.746680e+01 4.500000e+00
    endloop
  endfacet
  facet normal -0.000000e+00 0.000000e+00 1.000000e+00
    outer loop
      vertex   -2.672570e+01 1.879076e+01 4.500000e+00
      vertex   -2.447820e+01 1.746680e+01 4.500000e+00
      vertex   -2.657833e+01 1.972121e+01 4.500000e+00
    endloop
  endfacet
  facet normal 0.000000e+00 0.000000e+00 1.000000e+00
    outer loop
      vertex   -2.657833e+01 1.972121e+01 4.500000e+00
      vertex   -2.447820e+01 1.746680e+01 4.500000e+00
      vertex   -2.385208e+01 1.780869e+01 4.500000e+00
    endloop
  endfacet
  facet normal -0.000000e+00 0.000000e+00 1.000000e+00
    outer loop
      vertex   -2.657833e+01 1.972121e+01 4.500000e+00
      vertex   -2.385208e+01 1.780869e+01 4.500000e+00
      vertex   -2.633451e+01 2.063115e+01 4.500000e+00
    endloop
  endfacet
  facet normal -0.000000e+00 0.000000e+00 1.000000e+00
    outer loop
      vertex   -2.633451e+01 2.063115e+01 4.500000e+00
      vertex   -2.385208e+01 1.780869e+01 4.500000e+00
      vertex   -2.247967e+01 2.071053e+01 4.500000e+00
    endloop
  endfacet
  facet normal 0.000000e+00 0.000000e+00 1.000000e+00
    outer loop
      vertex   -2.633451e+01 2.063115e+01 4.500000e+00
      vertex   -2.247967e+01 2.071053e+01 4.500000e+00
      vertex   -2.261453e+01 2.103613e+01 4.500000e+00
    endloop
  endfacet
  facet normal 0.000000e+00 0.000000e+00 1.000000e+00
    outer loop
      vertex   -2.385208e+01 1.780869e+01 4.500000e+00
      vertex   -2.318366e+01 1.805800e+01 4.500000e+00
      vertex   -2.247967e+01 2.071053e+01 4.500000e+00
    endloop
  endfacet
  facet normal 0.000000e+00 0.000000e+00 1.000000e+00
    outer loop
      vertex   -2.247967e+01 2.071053e+01 4.500000e+00
      vertex   -2.318366e+01 1.805800e+01 4.500000e+00
      vertex   -2.226513e+01 2.043094e+01 4.500000e+00
    endloop
  endfacet
  facet normal 0.000000e+00 0.000000e+00 1.000000e+00
    outer loop
      vertex   -2.226513e+01 2.043094e+01 4.500000e+00
      vertex   -2.318366e+01 1.805800e+01 4.500000e+00
      vertex   -2.248657e+01 1.820964e+01 4.500000e+00
    endloop
  endfacet
  facet normal 0.000000e+00 0.000000e+00 1.000000e+00
    outer loop
      vertex   -2.226513e+01 2.043094e+01 4.500000e+00
      vertex   -2.248657e+01 1.820964e+01 4.500000e+00
      vertex   -2.198553e+01 2.021640e+01 4.500000e+00
    endloop
  endfacet
  facet normal 0.000000e+00 0.000000e+00 1.000000e+00
    outer loop
      vertex   -2.198553e+01 2.021640e+01 4.500000e+00
      vertex   -2.248657e+01 1.820964e+01 4.500000e+00
      vertex   -2.165994e+01 2.008153e+01 4.500000e+00
    endloop
  endfacet
  facet normal 0.000000e+00 0.000000e+00 1.000000e+00
    outer loop
      vertex   -2.165994e+01 2.008153e+01 4.500000e+00
      vertex   -2.248657e+01 1.820964e+01 4.500000e+00
      vertex   -2.177500e+01 1.826053e+01 4.500000e+00
    endloop
  endfacet
  facet normal 0.000000e+00 0.000000e+00 1.000000e+00
    outer loop
      vertex   -2.165994e+01 2.008153e+01 4.500000e+00
      vertex   -2.177500e+01 1.826053e+01 4.500000e+00
      vertex   -2.131053e+01 2.003553e+01 4.500000e+00
    endloop
  endfacet
  facet normal 0.000000e+00 0.000000e+00 1.000000e+00
    outer loop
      vertex   -2.131053e+01 2.003553e+01 4.500000e+00
      vertex   -2.177500e+01 1.826053e+01 4.500000e+00
      vertex   -2.131053e+01 1.826053e+01 4.500000e+00
    endloop
  endfacet
  facet normal 0.000000e+00 0.000000e+00 1.000000e+00
    outer loop
      vertex   -2.131053e+01 2.003553e+01 4.500000e+00
      vertex   -2.131053e+01 1.826053e+01 4.500000e+00
      vertex   -2.076788e+01 1.830801e+01 4.500000e+00
    endloop
  endfacet
  facet normal -0.000000e+00 0.000000e+00 1.000000e+00
    outer loop
      vertex   -2.131053e+01 2.003553e+01 4.500000e+00
      vertex   -2.076788e+01 1.830801e+01 4.500000e+00
      vertex   -2.096113e+01 2.008153e+01 4.500000e+00
    endloop
  endfacet
  facet normal 0.000000e+00 0.000000e+00 1.000000e+00
    outer loop
      vertex   -2.096113e+01 2.008153e+01 4.500000e+00
      vertex   -2.076788e+01 1.830801e+01 4.500000e+00
      vertex   -2.024172e+01 1.844899e+01 4.500000e+00
    endloop
  endfacet
  facet normal -0.000000e+00 0.000000e+00 1.000000e+00
    outer loop
      vertex   -2.096113e+01 2.008153e+01 4.500000e+00
      vertex   -2.024172e+01 1.844899e+01 4.500000e+00
      vertex   -2.063553e+01 2.021640e+01 4.500000e+00
    endloop
  endfacet
  facet normal 0.000000e+00 0.000000e+00 1.000000e+00
    outer loop
      vertex   -2.063553e+01 2.021640e+01 4.500000e+00
      vertex   -2.024172e+01 1.844899e+01 4.500000e+00
      vertex   -1.974803e+01 1.867920e+01 4.500000e+00
    endloop
  endfacet
  facet normal 0.000000e+00 0.000000e+00 1.000000e+00
    outer loop
      vertex   -2.063553e+01 2.021640e+01 4.500000e+00
      vertex   -1.974803e+01 1.867920e+01 4.500000e+00
      vertex   -1.930182e+01 1.899165e+01 4.500000e+00
    endloop
  endfacet
  facet normal -0.000000e+00 0.000000e+00 1.000000e+00
    outer loop
      vertex   -2.063553e+01 2.021640e+01 4.500000e+00
      vertex   -1.930182e+01 1.899165e+01 4.500000e+00
      vertex   -2.035594e+01 2.043094e+01 4.500000e+00
    endloop
  endfacet
  facet normal 0.000000e+00 0.000000e+00 1.000000e+00
    outer loop
      vertex   -2.035594e+01 2.043094e+01 4.500000e+00
      vertex   -1.930182e+01 1.899165e+01 4.500000e+00
      vertex   -1.891665e+01 1.937682e+01 4.500000e+00
    endloop
  endfacet
  facet normal -0.000000e+00 0.000000e+00 1.000000e+00
    outer loop
      vertex   -2.035594e+01 2.043094e+01 4.500000e+00
      vertex   -1.891665e+01 1.937682e+01 4.500000e+00
      vertex   -2.014140e+01 2.071053e+01 4.500000e+00
    endloop
  endfacet
  facet normal 0.000000e+00 0.000000e+00 1.000000e+00
    outer loop
      vertex   -2.014140e+01 2.071053e+01 4.500000e+00
      vertex   -1.891665e+01 1.937682e+01 4.500000e+00
      vertex   -1.860420e+01 1.982303e+01 4.500000e+00
    endloop
  endfacet
  facet normal 0.000000e+00 0.000000e+00 1.000000e+00
    outer loop
      vertex   -2.014140e+01 2.071053e+01 4.500000e+00
      vertex   -1.860420e+01 1.982303e+01 4.500000e+00
      vertex   -1.837399e+01 2.031672e+01 4.500000e+00
    endloop
  endfacet
  facet normal -0.000000e+00 0.000000e+00 1.000000e+00
    outer loop
      vertex   -2.014140e+01 2.071053e+01 4.500000e+00
      vertex   -1.837399e+01 2.031672e+01 4.500000e+00
      vertex   -2.000653e+01 2.103613e+01 4.500000e+00
    endloop
  endfacet
  facet normal 0.000000e+00 0.000000e+00 1.000000e+00
    outer loop
      vertex   -2.000653e+01 2.103613e+01 4.500000e+00
      vertex   -1.837399e+01 2.031672e+01 4.500000e+00
      vertex   -1.823301e+01 2.084288e+01 4.500000e+00
    endloop
  endfacet
  facet normal -0.000000e+00 0.000000e+00 1.000000e+00
    outer loop
      vertex   -2.000653e+01 2.103613e+01 4.500000e+00
      vertex   -1.823301e+01 2.084288e+01 4.500000e+00
      vertex   -1.996053e+01 2.138553e+01 4.500000e+00
    endloop
  endfacet
  facet normal -0.000000e+00 0.000000e+00 1.000000e+00
    outer loop
      vertex   -1.996053e+01 2.138553e+01 4.500000e+00
      vertex   -1.823301e+01 2.084288e+01 4.500000e+00
      vertex   -1.818553e+01 2.138553e+01 4.500000e+00
    endloop
  endfacet
  facet normal 0.000000e+00 0.000000e+00 1.000000e+00
    outer loop
      vertex   -1.996053e+01 2.138553e+01 4.500000e+00
      vertex   -1.818553e+01 2.138553e+01 4.500000e+00
      vertex   -1.818553e+01 2.185000e+01 4.500000e+00
    endloop
  endfacet
  facet normal 0.000000e+00 -0.000000e+00 1.000000e+00
    outer loop
      vertex   -1.996053e+01 2.138553e+01 4.500000e+00
      vertex   -1.818553e+01 2.185000e+01 4.500000e+00
      vertex   -2.000653e+01 2.173494e+01 4.500000e+00
    endloop
  endfacet
  facet normal 0.000000e+00 0.000000e+00 1.000000e+00
    outer loop
      vertex   -2.000653e+01 2.173494e+01 4.500000e+00
      vertex   -1.818553e+01 2.185000e+01 4.500000e+00
      vertex   -1.813464e+01 2.256157e+01 4.500000e+00
    endloop
  endfacet
  facet normal 0.000000e+00 -0.000000e+00 1.000000e+00
    outer loop
      vertex   -2.000653e+01 2.173494e+01 4.500000e+00
      vertex   -1.813464e+01 2.256157e+01 4.500000e+00
      vertex   -2.014140e+01 2.206053e+01 4.500000e+00
    endloop
  endfacet
  facet normal 0.000000e+00 -0.000000e+00 1.000000e+00
    outer loop
      vertex   -2.014140e+01 2.206053e+01 4.500000e+00
      vertex   -1.813464e+01 2.256157e+01 4.500000e+00
      vertex   -2.035594e+01 2.234013e+01 4.500000e+00
    endloop
  endfacet
  facet normal 0.000000e+00 0.000000e+00 1.000000e+00
    outer loop
      vertex   -2.035594e+01 2.234013e+01 4.500000e+00
      vertex   -1.813464e+01 2.256157e+01 4.500000e+00
      vertex   -1.798300e+01 2.325866e+01 4.500000e+00
    endloop
  endfacet
  facet normal 0.000000e+00 -0.000000e+00 1.000000e+00
    outer loop
      vertex   -2.035594e+01 2.234013e+01 4.500000e+00
      vertex   -1.798300e+01 2.325866e+01 4.500000e+00
      vertex   -2.063553e+01 2.255467e+01 4.500000e+00
    endloop
  endfacet
  facet normal 0.000000e+00 0.000000e+00 1.000000e+00
    outer loop
      vertex   -2.063553e+01 2.255467e+01 4.500000e+00
      vertex   -1.798300e+01 2.325866e+01 4.500000e+00
      vertex   -1.773369e+01 2.392708e+01 4.500000e+00
    endloop
  endfacet
  facet normal 0.000000e+00 0.000000e+00 1.000000e+00
    outer loop
      vertex   -2.063553e+01 2.255467e+01 4.500000e+00
      vertex   -1.773369e+01 2.392708e+01 4.500000e+00
      vertex   -2.055615e+01 2.640951e+01 4.500000e+00
    endloop
  endfacet
  facet normal -0.000000e+00 0.000000e+00 1.000000e+00
    outer loop
      vertex   -2.055615e+01 2.640951e+01 4.500000e+00
      vertex   -1.773369e+01 2.392708e+01 4.500000e+00
      vertex   -1.964621e+01 2.665333e+01 4.500000e+00
    endloop
  endfacet
  facet normal 0.000000e+00 0.000000e+00 1.000000e+00
    outer loop
      vertex   -1.964621e+01 2.665333e+01 4.500000e+00
      vertex   -1.773369e+01 2.392708e+01 4.500000e+00
      vertex   -1.739180e+01 2.455320e+01 4.500000e+00
    endloop
  endfacet
  facet normal -0.000000e+00 0.000000e+00 1.000000e+00
    outer loop
      vertex   -1.964621e+01 2.665333e+01 4.500000e+00
      vertex   -1.739180e+01 2.455320e+01 4.500000e+00
      vertex   -1.871576e+01 2.680070e+01 4.500000e+00
    endloop
  endfacet
  facet normal 0.000000e+00 0.000000e+00 1.000000e+00
    outer loop
      vertex   -1.871576e+01 2.680070e+01 4.500000e+00
      vertex   -1.739180e+01 2.455320e+01 4.500000e+00
      vertex   -1.696428e+01 2.512430e+01 4.500000e+00
    endloop
  endfacet
  facet normal -0.000000e+00 0.000000e+00 1.000000e+00
    outer loop
      vertex   -1.871576e+01 2.680070e+01 4.500000e+00
      vertex   -1.696428e+01 2.512430e+01 4.500000e+00
      vertex   -1.777500e+01 2.685000e+01 4.500000e+00
    endloop
  endfacet
  facet normal 0.000000e+00 0.000000e+00 1.000000e+00
    outer loop
      vertex   -1.777500e+01 2.685000e+01 4.500000e+00
      vertex   -1.696428e+01 2.512430e+01 4.500000e+00
      vertex   -1.645984e+01 2.562875e+01 4.500000e+00
    endloop
  endfacet
  facet normal 0.000000e+00 0.000000e+00 1.000000e+00
    outer loop
      vertex   -1.777500e+01 2.685000e+01 4.500000e+00
      vertex   -1.645984e+01 2.562875e+01 4.500000e+00
      vertex   -1.588874e+01 2.605627e+01 4.500000e+00
    endloop
  endfacet
  facet normal 0.000000e+00 -0.000000e+00 1.000000e+00
    outer loop
      vertex   -1.588874e+01 2.605627e+01 4.500000e+00
      vertex   -1.526261e+01 2.639816e+01 4.500000e+00
      vertex   -1.777500e+01 2.685000e+01 4.500000e+00
    endloop
  endfacet
  facet normal 0.000000e+00 0.000000e+00 1.000000e+00
    outer loop
      vertex   -1.777500e+01 2.685000e+01 4.500000e+00
      vertex   -1.526261e+01 2.639816e+01 4.500000e+00
      vertex   -1.459420e+01 2.664746e+01 4.500000e+00
    endloop
  endfacet
  facet normal 0.000000e+00 0.000000e+00 1.000000e+00
    outer loop
      vertex   -1.777500e+01 2.685000e+01 4.500000e+00
      vertex   -1.459420e+01 2.664746e+01 4.500000e+00
      vertex   -1.389711e+01 2.679911e+01 4.500000e+00
    endloop
  endfacet
  facet normal 0.000000e+00 -0.000000e+00 1.000000e+00
    outer loop
      vertex   -1.389711e+01 2.679911e+01 4.500000e+00
      vertex   -1.318553e+01 2.685000e+01 4.500000e+00
      vertex   -1.777500e+01 2.685000e+01 4.500000e+00
    endloop
  endfacet
  facet normal 0.000000e+00 -0.000000e+00 1.000000e+00
    outer loop
      vertex   -2.063553e+01 2.255467e+01 4.500000e+00
      vertex   -2.055615e+01 2.640951e+01 4.500000e+00
      vertex   -2.096113e+01 2.268953e+01 4.500000e+00
    endloop
  endfacet
  facet normal 0.000000e+00 -0.000000e+00 1.000000e+00
    outer loop
      vertex   -2.096113e+01 2.268953e+01 4.500000e+00
      vertex   -2.055615e+01 2.640951e+01 4.500000e+00
      vertex   -2.143563e+01 2.607191e+01 4.500000e+00
    endloop
  endfacet
  facet normal 0.000000e+00 0.000000e+00 1.000000e+00
    outer loop
      vertex   -2.096113e+01 2.268953e+01 4.500000e+00
      vertex   -2.143563e+01 2.607191e+01 4.500000e+00
      vertex   -2.131053e+01 2.273553e+01 4.500000e+00
    endloop
  endfacet
  facet normal 0.000000e+00 0.000000e+00 1.000000e+00
    outer loop
      vertex   -2.131053e+01 2.273553e+01 4.500000e+00
      vertex   -2.143563e+01 2.607191e+01 4.500000e+00
      vertex   -2.227500e+01 2.564423e+01 4.500000e+00
    endloop
  endfacet
  facet normal 0.000000e+00 0.000000e+00 1.000000e+00
    outer loop
      vertex   -2.131053e+01 2.273553e+01 4.500000e+00
      vertex   -2.227500e+01 2.564423e+01 4.500000e+00
      vertex   -2.165994e+01 2.268953e+01 4.500000e+00
    endloop
  endfacet
  facet normal 0.000000e+00 0.000000e+00 1.000000e+00
    outer loop
      vertex   -2.165994e+01 2.268953e+01 4.500000e+00
      vertex   -2.227500e+01 2.564423e+01 4.500000e+00
      vertex   -2.306507e+01 2.513115e+01 4.500000e+00
    endloop
  endfacet
  facet normal 0.000000e+00 0.000000e+00 1.000000e+00
    outer loop
      vertex   -2.165994e+01 2.268953e+01 4.500000e+00
      vertex   -2.306507e+01 2.513115e+01 4.500000e+00
      vertex   -2.198553e+01 2.255467e+01 4.500000e+00
    endloop
  endfacet
  facet normal 0.000000e+00 0.000000e+00 1.000000e+00
    outer loop
      vertex   -2.198553e+01 2.255467e+01 4.500000e+00
      vertex   -2.306507e+01 2.513115e+01 4.500000e+00
      vertex   -2.379718e+01 2.453830e+01 4.500000e+00
    endloop
  endfacet
  facet normal 0.000000e+00 0.000000e+00 1.000000e+00
    outer loop
      vertex   -2.198553e+01 2.255467e+01 4.500000e+00
      vertex   -2.379718e+01 2.453830e+01 4.500000e+00
      vertex   -2.226513e+01 2.234013e+01 4.500000e+00
    endloop
  endfacet
  facet normal 0.000000e+00 0.000000e+00 1.000000e+00
    outer loop
      vertex   -2.226513e+01 2.234013e+01 4.500000e+00
      vertex   -2.379718e+01 2.453830e+01 4.500000e+00
      vertex   -2.446330e+01 2.387218e+01 4.500000e+00
    endloop
  endfacet
  facet normal 0.000000e+00 0.000000e+00 1.000000e+00
    outer loop
      vertex   -2.226513e+01 2.234013e+01 4.500000e+00
      vertex   -2.446330e+01 2.387218e+01 4.500000e+00
      vertex   -2.247967e+01 2.206053e+01 4.500000e+00
    endloop
  endfacet
  facet normal 0.000000e+00 0.000000e+00 1.000000e+00
    outer loop
      vertex   -2.247967e+01 2.206053e+01 4.500000e+00
      vertex   -2.446330e+01 2.387218e+01 4.500000e+00
      vertex   -2.505615e+01 2.314007e+01 4.500000e+00
    endloop
  endfacet
  facet normal 0.000000e+00 0.000000e+00 1.000000e+00
    outer loop
      vertex   -2.247967e+01 2.206053e+01 4.500000e+00
      vertex   -2.505615e+01 2.314007e+01 4.500000e+00
      vertex   -2.261453e+01 2.173494e+01 4.500000e+00
    endloop
  endfacet
  facet normal 0.000000e+00 0.000000e+00 1.000000e+00
    outer loop
      vertex   -2.261453e+01 2.173494e+01 4.500000e+00
      vertex   -2.505615e+01 2.314007e+01 4.500000e+00
      vertex   -2.556923e+01 2.235000e+01 4.500000e+00
    endloop
  endfacet
  facet normal 0.000000e+00 0.000000e+00 1.000000e+00
    outer loop
      vertex   -2.261453e+01 2.173494e+01 4.500000e+00
      vertex   -2.556923e+01 2.235000e+01 4.500000e+00
      vertex   -2.266053e+01 2.138553e+01 4.500000e+00
    endloop
  endfacet
  facet normal 0.000000e+00 0.000000e+00 1.000000e+00
    outer loop
      vertex   -2.266053e+01 2.138553e+01 4.500000e+00
      vertex   -2.556923e+01 2.235000e+01 4.500000e+00
      vertex   -2.599691e+01 2.151063e+01 4.500000e+00
    endloop
  endfacet
  facet normal 0.000000e+00 0.000000e+00 1.000000e+00
    outer loop
      vertex   -2.266053e+01 2.138553e+01 4.500000e+00
      vertex   -2.599691e+01 2.151063e+01 4.500000e+00
      vertex   -2.261453e+01 2.103613e+01 4.500000e+00
    endloop
  endfacet
  facet normal 0.000000e+00 0.000000e+00 1.000000e+00
    outer loop
      vertex   -2.261453e+01 2.103613e+01 4.500000e+00
      vertex   -2.599691e+01 2.151063e+01 4.500000e+00
      vertex   -2.633451e+01 2.063115e+01 4.500000e+00
    endloop
  endfacet
endsolid
