solid ASCII
  facet normal 7.071068e-01 0.000000e+00 7.071068e-01
    outer loop
      vertex   -2.077500e+01 1.535000e+01 5.500000e+00
      vertex   -2.377500e+01 1.535000e+01 8.500000e+00
      vertex   -2.077500e+01 7.850000e+00 5.500000e+00
    endloop
  endfacet
  facet normal 7.071068e-01 -2.791275e-17 7.071068e-01
    outer loop
      vertex   -2.077500e+01 7.850000e+00 5.500000e+00
      vertex   -2.377500e+01 1.535000e+01 8.500000e+00
      vertex   -2.377500e+01 7.850000e+00 8.500000e+00
    endloop
  endfacet
  facet normal 6.029948e-01 -3.714215e-01 7.060052e-01
    outer loop
      vertex   -2.029368e+01 1.682476e+01 5.500000e+00
      vertex   -2.089929e+01 1.726719e+01 6.250000e+00
      vertex   -2.050028e+01 1.648935e+01 5.500000e+00
    endloop
  endfacet
  facet normal 6.029948e-01 -3.714215e-01 7.060052e-01
    outer loop
      vertex   -2.050028e+01 1.648935e+01 5.500000e+00
      vertex   -2.089929e+01 1.726719e+01 6.250000e+00
      vertex   -2.150489e+01 1.770962e+01 7.000000e+00
    endloop
  endfacet
  facet normal 5.982149e-01 -3.768305e-01 7.072042e-01
    outer loop
      vertex   -2.050028e+01 1.648935e+01 5.500000e+00
      vertex   -2.150489e+01 1.770962e+01 7.000000e+00
      vertex   -2.308912e+01 1.800975e+01 8.500000e+00
    endloop
  endfacet
  facet normal 5.967275e-01 -3.806732e-01 7.064022e-01
    outer loop
      vertex   -2.308912e+01 1.800975e+01 8.500000e+00
      vertex   -2.150489e+01 1.770962e+01 7.000000e+00
      vertex   -2.211050e+01 1.815205e+01 7.750000e+00
    endloop
  endfacet
  facet normal 5.967275e-01 -3.806732e-01 7.064022e-01
    outer loop
      vertex   -2.308912e+01 1.800975e+01 8.500000e+00
      vertex   -2.211050e+01 1.815205e+01 7.750000e+00
      vertex   -2.271610e+01 1.859448e+01 8.500000e+00
    endloop
  endfacet
  facet normal 6.402899e-01 -3.027343e-01 7.059609e-01
    outer loop
      vertex   -2.308912e+01 1.800975e+01 8.500000e+00
      vertex   -2.338558e+01 1.738273e+01 8.500000e+00
      vertex   -2.050028e+01 1.648935e+01 5.500000e+00
    endloop
  endfacet
  facet normal 6.520665e-01 -2.713477e-01 7.079405e-01
    outer loop
      vertex   -2.050028e+01 1.648935e+01 5.500000e+00
      vertex   -2.338558e+01 1.738273e+01 8.500000e+00
      vertex   -2.065163e+01 1.612566e+01 5.500000e+00
    endloop
  endfacet
  facet normal 6.734386e-01 -2.197901e-01 7.058135e-01
    outer loop
      vertex   -2.065163e+01 1.612566e+01 5.500000e+00
      vertex   -2.338558e+01 1.738273e+01 8.500000e+00
      vertex   -2.360077e+01 1.672338e+01 8.500000e+00
    endloop
  endfacet
  facet normal 6.865953e-01 -1.655512e-01 7.079405e-01
    outer loop
      vertex   -2.065163e+01 1.612566e+01 5.500000e+00
      vertex   -2.360077e+01 1.672338e+01 8.500000e+00
      vertex   -2.074396e+01 1.574270e+01 5.500000e+00
    endloop
  endfacet
  facet normal 6.956012e-01 -1.332602e-01 7.059609e-01
    outer loop
      vertex   -2.074396e+01 1.574270e+01 5.500000e+00
      vertex   -2.360077e+01 1.672338e+01 8.500000e+00
      vertex   -2.373127e+01 1.604219e+01 8.500000e+00
    endloop
  endfacet
  facet normal 7.047191e-01 -5.569503e-02 7.072970e-01
    outer loop
      vertex   -2.074396e+01 1.574270e+01 5.500000e+00
      vertex   -2.373127e+01 1.604219e+01 8.500000e+00
      vertex   -2.077500e+01 1.535000e+01 5.500000e+00
    endloop
  endfacet
  facet normal 7.064022e-01 -4.462903e-02 7.064022e-01
    outer loop
      vertex   -2.077500e+01 1.535000e+01 5.500000e+00
      vertex   -2.373127e+01 1.604219e+01 8.500000e+00
      vertex   -2.377500e+01 1.535000e+01 8.500000e+00
    endloop
  endfacet
  facet normal 0.000000e+00 -7.071068e-01 7.071068e-01
    outer loop
      vertex   -1.823176e+01 1.785000e+01 5.500000e+00
      vertex   1.677500e+01 1.785000e+01 5.500000e+00
      vertex   -1.823176e+01 2.085000e+01 8.500000e+00
    endloop
  endfacet
  facet normal 0.000000e+00 -7.071068e-01 7.071068e-01
    outer loop
      vertex   -1.823176e+01 2.085000e+01 8.500000e+00
      vertex   1.677500e+01 1.785000e+01 5.500000e+00
      vertex   1.677500e+01 2.085000e+01 8.500000e+00
    endloop
  endfacet
  facet normal -5.556454e-02 -7.060144e-01 7.060144e-01
    outer loop
      vertex   1.677500e+01 2.085000e+01 8.500000e+00
      vertex   1.677500e+01 1.785000e+01 5.500000e+00
      vertex   1.740074e+01 2.080075e+01 8.500000e+00
    endloop
  endfacet
  facet normal -9.218551e-02 -7.002184e-01 7.079520e-01
    outer loop
      vertex   1.740074e+01 2.080075e+01 8.500000e+00
      vertex   1.677500e+01 1.785000e+01 5.500000e+00
      vertex   1.703382e+01 1.781593e+01 5.500000e+00
    endloop
  endfacet
  facet normal -1.654009e-01 -6.889445e-01 7.056897e-01
    outer loop
      vertex   1.740074e+01 2.080075e+01 8.500000e+00
      vertex   1.703382e+01 1.781593e+01 5.500000e+00
      vertex   1.801107e+01 2.065423e+01 8.500000e+00
    endloop
  endfacet
  facet normal -2.707684e-01 -6.536927e-01 7.066614e-01
    outer loop
      vertex   1.801107e+01 2.065423e+01 8.500000e+00
      vertex   1.703382e+01 1.781593e+01 5.500000e+00
      vertex   1.727500e+01 1.771603e+01 5.500000e+00
    endloop
  endfacet
  facet normal -2.707684e-01 -6.536927e-01 7.066614e-01
    outer loop
      vertex   1.801107e+01 2.065423e+01 8.500000e+00
      vertex   1.727500e+01 1.771603e+01 5.500000e+00
      vertex   1.859096e+01 2.041403e+01 8.500000e+00
    endloop
  endfacet
  facet normal -3.702012e-01 -6.041135e-01 7.056897e-01
    outer loop
      vertex   1.859096e+01 2.041403e+01 8.500000e+00
      vertex   1.727500e+01 1.771603e+01 5.500000e+00
      vertex   1.912614e+01 2.008607e+01 8.500000e+00
    endloop
  endfacet
  facet normal -4.299442e-01 -5.603142e-01 7.079520e-01
    outer loop
      vertex   1.912614e+01 2.008607e+01 8.500000e+00
      vertex   1.727500e+01 1.771603e+01 5.500000e+00
      vertex   1.748211e+01 1.755711e+01 5.500000e+00
    endloop
  endfacet
  facet normal -4.599375e-01 -5.385176e-01 7.060144e-01
    outer loop
      vertex   1.912614e+01 2.008607e+01 8.500000e+00
      vertex   1.748211e+01 1.755711e+01 5.500000e+00
      vertex   1.960343e+01 1.967843e+01 8.500000e+00
    endloop
  endfacet
  facet normal -5.385176e-01 -4.599375e-01 7.060144e-01
    outer loop
      vertex   1.960343e+01 1.967843e+01 8.500000e+00
      vertex   1.748211e+01 1.755711e+01 5.500000e+00
      vertex   2.001107e+01 1.920114e+01 8.500000e+00
    endloop
  endfacet
  facet normal -5.603142e-01 -4.299442e-01 7.079520e-01
    outer loop
      vertex   2.001107e+01 1.920114e+01 8.500000e+00
      vertex   1.748211e+01 1.755711e+01 5.500000e+00
      vertex   1.764103e+01 1.735000e+01 5.500000e+00
    endloop
  endfacet
  facet normal -6.041135e-01 -3.702012e-01 7.056897e-01
    outer loop
      vertex   2.001107e+01 1.920114e+01 8.500000e+00
      vertex   1.764103e+01 1.735000e+01 5.500000e+00
      vertex   2.033903e+01 1.866596e+01 8.500000e+00
    endloop
  endfacet
  facet normal -6.536927e-01 -2.707684e-01 7.066614e-01
    outer loop
      vertex   2.033903e+01 1.866596e+01 8.500000e+00
      vertex   1.764103e+01 1.735000e+01 5.500000e+00
      vertex   1.774093e+01 1.710882e+01 5.500000e+00
    endloop
  endfacet
  facet normal -6.536927e-01 -2.707684e-01 7.066614e-01
    outer loop
      vertex   2.033903e+01 1.866596e+01 8.500000e+00
      vertex   1.774093e+01 1.710882e+01 5.500000e+00
      vertex   2.057923e+01 1.808607e+01 8.500000e+00
    endloop
  endfacet
  facet normal -6.889445e-01 -1.654009e-01 7.056897e-01
    outer loop
      vertex   2.057923e+01 1.808607e+01 8.500000e+00
      vertex   1.774093e+01 1.710882e+01 5.500000e+00
      vertex   2.072575e+01 1.747574e+01 8.500000e+00
    endloop
  endfacet
  facet normal -7.002184e-01 -9.218551e-02 7.079520e-01
    outer loop
      vertex   2.072575e+01 1.747574e+01 8.500000e+00
      vertex   1.774093e+01 1.710882e+01 5.500000e+00
      vertex   1.777500e+01 1.685000e+01 5.500000e+00
    endloop
  endfacet
  facet normal -7.060144e-01 -5.556454e-02 7.060144e-01
    outer loop
      vertex   2.072575e+01 1.747574e+01 8.500000e+00
      vertex   1.777500e+01 1.685000e+01 5.500000e+00
      vertex   2.077500e+01 1.685000e+01 8.500000e+00
    endloop
  endfacet
  facet normal -7.071068e-01 4.785044e-16 7.071068e-01
    outer loop
      vertex   1.777500e+01 6.350000e+00 5.500000e+00
      vertex   2.077500e+01 6.350000e+00 8.500000e+00
      vertex   1.777500e+01 1.685000e+01 5.500000e+00
    endloop
  endfacet
  facet normal -7.071068e-01 -7.376942e-16 7.071068e-01
    outer loop
      vertex   1.777500e+01 1.685000e+01 5.500000e+00
      vertex   2.077500e+01 6.350000e+00 8.500000e+00
      vertex   2.077500e+01 1.685000e+01 8.500000e+00
    endloop
  endfacet
  facet normal -7.060144e-01 5.556454e-02 7.060144e-01
    outer loop
      vertex   2.077500e+01 6.350000e+00 8.500000e+00
      vertex   1.777500e+01 6.350000e+00 5.500000e+00
      vertex   2.072575e+01 5.724262e+00 8.500000e+00
    endloop
  endfacet
  facet normal -7.002184e-01 9.218551e-02 7.079520e-01
    outer loop
      vertex   2.072575e+01 5.724262e+00 8.500000e+00
      vertex   1.777500e+01 6.350000e+00 5.500000e+00
      vertex   1.774093e+01 6.091181e+00 5.500000e+00
    endloop
  endfacet
  facet normal -6.889445e-01 1.654009e-01 7.056897e-01
    outer loop
      vertex   2.072575e+01 5.724262e+00 8.500000e+00
      vertex   1.774093e+01 6.091181e+00 5.500000e+00
      vertex   2.057923e+01 5.113932e+00 8.500000e+00
    endloop
  endfacet
  facet normal -6.536927e-01 2.707684e-01 7.066614e-01
    outer loop
      vertex   2.057923e+01 5.113932e+00 8.500000e+00
      vertex   1.774093e+01 6.091181e+00 5.500000e+00
      vertex   1.764103e+01 5.850000e+00 5.500000e+00
    endloop
  endfacet
  facet normal -6.536927e-01 2.707684e-01 7.066614e-01
    outer loop
      vertex   2.057923e+01 5.113932e+00 8.500000e+00
      vertex   1.764103e+01 5.850000e+00 5.500000e+00
      vertex   2.033903e+01 4.534038e+00 8.500000e+00
    endloop
  endfacet
  facet normal -6.041135e-01 3.702012e-01 7.056897e-01
    outer loop
      vertex   2.033903e+01 4.534038e+00 8.500000e+00
      vertex   1.764103e+01 5.850000e+00 5.500000e+00
      vertex   2.001107e+01 3.998859e+00 8.500000e+00
    endloop
  endfacet
  facet normal -5.603142e-01 4.299442e-01 7.079520e-01
    outer loop
      vertex   2.001107e+01 3.998859e+00 8.500000e+00
      vertex   1.764103e+01 5.850000e+00 5.500000e+00
      vertex   1.748211e+01 5.642893e+00 5.500000e+00
    endloop
  endfacet
  facet normal -5.385176e-01 4.599375e-01 7.060144e-01
    outer loop
      vertex   2.001107e+01 3.998859e+00 8.500000e+00
      vertex   1.748211e+01 5.642893e+00 5.500000e+00
      vertex   1.960343e+01 3.521573e+00 8.500000e+00
    endloop
  endfacet
  facet normal -4.599375e-01 5.385176e-01 7.060144e-01
    outer loop
      vertex   1.960343e+01 3.521573e+00 8.500000e+00
      vertex   1.748211e+01 5.642893e+00 5.500000e+00
      vertex   1.912614e+01 3.113932e+00 8.500000e+00
    endloop
  endfacet
  facet normal -4.299442e-01 5.603142e-01 7.079520e-01
    outer loop
      vertex   1.912614e+01 3.113932e+00 8.500000e+00
      vertex   1.748211e+01 5.642893e+00 5.500000e+00
      vertex   1.727500e+01 5.483975e+00 5.500000e+00
    endloop
  endfacet
  facet normal -3.702012e-01 6.041135e-01 7.056897e-01
    outer loop
      vertex   1.912614e+01 3.113932e+00 8.500000e+00
      vertex   1.727500e+01 5.483975e+00 5.500000e+00
      vertex   1.859096e+01 2.785974e+00 8.500000e+00
    endloop
  endfacet
  facet normal -2.707684e-01 6.536927e-01 7.066614e-01
    outer loop
      vertex   1.859096e+01 2.785974e+00 8.500000e+00
      vertex   1.727500e+01 5.483975e+00 5.500000e+00
      vertex   1.703382e+01 5.384074e+00 5.500000e+00
    endloop
  endfacet
  facet normal -2.707684e-01 6.536927e-01 7.066614e-01
    outer loop
      vertex   1.859096e+01 2.785974e+00 8.500000e+00
      vertex   1.703382e+01 5.384074e+00 5.500000e+00
      vertex   1.801107e+01 2.545774e+00 8.500000e+00
    endloop
  endfacet
  facet normal -1.654009e-01 6.889445e-01 7.056897e-01
    outer loop
      vertex   1.801107e+01 2.545774e+00 8.500000e+00
      vertex   1.703382e+01 5.384074e+00 5.500000e+00
      vertex   1.740074e+01 2.399247e+00 8.500000e+00
    endloop
  endfacet
  facet normal -9.218551e-02 7.002184e-01 7.079520e-01
    outer loop
      vertex   1.740074e+01 2.399247e+00 8.500000e+00
      vertex   1.703382e+01 5.384074e+00 5.500000e+00
      vertex   1.677500e+01 5.350000e+00 5.500000e+00
    endloop
  endfacet
  facet normal -5.556454e-02 7.060144e-01 7.060144e-01
    outer loop
      vertex   1.740074e+01 2.399247e+00 8.500000e+00
      vertex   1.677500e+01 5.350000e+00 5.500000e+00
      vertex   1.677500e+01 2.350000e+00 8.500000e+00
    endloop
  endfacet
  facet normal -2.239790e-16 7.071068e-01 7.071068e-01
    outer loop
      vertex   -1.827500e+01 2.350000e+00 8.500000e+00
      vertex   1.677500e+01 2.350000e+00 8.500000e+00
      vertex   -1.827500e+01 5.350000e+00 5.500000e+00
    endloop
  endfacet
  facet normal -2.150198e-16 7.071068e-01 7.071068e-01
    outer loop
      vertex   -1.827500e+01 5.350000e+00 5.500000e+00
      vertex   1.677500e+01 2.350000e+00 8.500000e+00
      vertex   1.677500e+01 5.350000e+00 5.500000e+00
    endloop
  endfacet
  facet normal 4.629653e-02 7.063486e-01 7.063486e-01
    outer loop
      vertex   -1.827500e+01 2.350000e+00 8.500000e+00
      vertex   -1.827500e+01 5.350000e+00 5.500000e+00
      vertex   -1.899289e+01 2.397053e+00 8.500000e+00
    endloop
  endfacet
  facet normal 6.920362e-02 7.026362e-01 7.081760e-01
    outer loop
      vertex   -1.899289e+01 2.397053e+00 8.500000e+00
      vertex   -1.827500e+01 5.350000e+00 5.500000e+00
      vertex   -1.876273e+01 5.398037e+00 5.500000e+00
    endloop
  endfacet
  facet normal 1.382207e-01 6.948824e-01 7.057149e-01
    outer loop
      vertex   -1.899289e+01 2.397053e+00 8.500000e+00
      vertex   -1.876273e+01 5.398037e+00 5.500000e+00
      vertex   -1.969850e+01 2.537408e+00 8.500000e+00
    endloop
  endfacet
  facet normal 2.049514e-01 6.756343e-01 7.081760e-01
    outer loop
      vertex   -1.969850e+01 2.537408e+00 8.500000e+00
      vertex   -1.876273e+01 5.398037e+00 5.500000e+00
      vertex   -1.923171e+01 5.540301e+00 5.500000e+00
    endloop
  endfacet
  facet normal 2.275355e-01 6.702979e-01 7.063486e-01
    outer loop
      vertex   -1.969850e+01 2.537408e+00 8.500000e+00
      vertex   -1.923171e+01 5.540301e+00 5.500000e+00
      vertex   -2.037976e+01 2.768663e+00 8.500000e+00
    endloop
  endfacet
  facet normal 3.130803e-01 6.348641e-01 7.063486e-01
    outer loop
      vertex   -2.037976e+01 2.768663e+00 8.500000e+00
      vertex   -1.923171e+01 5.540301e+00 5.500000e+00
      vertex   -2.102500e+01 3.086860e+00 8.500000e+00
    endloop
  endfacet
  facet normal 3.328230e-01 6.226681e-01 7.081760e-01
    outer loop
      vertex   -2.102500e+01 3.086860e+00 8.500000e+00
      vertex   -1.923171e+01 5.540301e+00 5.500000e+00
      vertex   -1.966393e+01 5.771326e+00 5.500000e+00
    endloop
  endfacet
  facet normal 3.936193e-01 5.890928e-01 7.057149e-01
    outer loop
      vertex   -2.102500e+01 3.086860e+00 8.500000e+00
      vertex   -1.966393e+01 5.771326e+00 5.500000e+00
      vertex   -2.162319e+01 3.486557e+00 8.500000e+00
    endloop
  endfacet
  facet normal 4.479044e-01 5.457732e-01 7.081760e-01
    outer loop
      vertex   -2.162319e+01 3.486557e+00 8.500000e+00
      vertex   -1.966393e+01 5.771326e+00 5.500000e+00
      vertex   -2.004277e+01 6.082233e+00 5.500000e+00
    endloop
  endfacet
  facet normal 4.667273e-01 5.322005e-01 7.063486e-01
    outer loop
      vertex   -2.162319e+01 3.486557e+00 8.500000e+00
      vertex   -2.004277e+01 6.082233e+00 5.500000e+00
      vertex   -2.216409e+01 3.960913e+00 8.500000e+00
    endloop
  endfacet
  facet normal 5.322005e-01 4.667273e-01 7.063486e-01
    outer loop
      vertex   -2.216409e+01 3.960913e+00 8.500000e+00
      vertex   -2.004277e+01 6.082233e+00 5.500000e+00
      vertex   -2.263844e+01 4.501812e+00 8.500000e+00
    endloop
  endfacet
  facet normal 5.457732e-01 4.479044e-01 7.081760e-01
    outer loop
      vertex   -2.263844e+01 4.501812e+00 8.500000e+00
      vertex   -2.004277e+01 6.082233e+00 5.500000e+00
      vertex   -2.035367e+01 6.461074e+00 5.500000e+00
    endloop
  endfacet
  facet normal 5.890928e-01 3.936193e-01 7.057149e-01
    outer loop
      vertex   -2.263844e+01 4.501812e+00 8.500000e+00
      vertex   -2.035367e+01 6.461074e+00 5.500000e+00
      vertex   -2.303814e+01 5.100000e+00 8.500000e+00
    endloop
  endfacet
  facet normal 6.226681e-01 3.328230e-01 7.081760e-01
    outer loop
      vertex   -2.303814e+01 5.100000e+00 8.500000e+00
      vertex   -2.035367e+01 6.461074e+00 5.500000e+00
      vertex   -2.058470e+01 6.893291e+00 5.500000e+00
    endloop
  endfacet
  facet normal 6.348641e-01 3.130803e-01 7.063486e-01
    outer loop
      vertex   -2.303814e+01 5.100000e+00 8.500000e+00
      vertex   -2.058470e+01 6.893291e+00 5.500000e+00
      vertex   -2.335634e+01 5.745241e+00 8.500000e+00
    endloop
  endfacet
  facet normal 6.702979e-01 2.275355e-01 7.063486e-01
    outer loop
      vertex   -2.335634e+01 5.745241e+00 8.500000e+00
      vertex   -2.058470e+01 6.893291e+00 5.500000e+00
      vertex   -2.358759e+01 6.426495e+00 8.500000e+00
    endloop
  endfacet
  facet normal 6.756343e-01 2.049514e-01 7.081760e-01
    outer loop
      vertex   -2.358759e+01 6.426495e+00 8.500000e+00
      vertex   -2.058470e+01 6.893291e+00 5.500000e+00
      vertex   -2.072696e+01 7.362274e+00 5.500000e+00
    endloop
  endfacet
  facet normal 6.948824e-01 1.382207e-01 7.057149e-01
    outer loop
      vertex   -2.358759e+01 6.426495e+00 8.500000e+00
      vertex   -2.072696e+01 7.362274e+00 5.500000e+00
      vertex   -2.372795e+01 7.132106e+00 8.500000e+00
    endloop
  endfacet
  facet normal 7.026362e-01 6.920362e-02 7.081760e-01
    outer loop
      vertex   -2.372795e+01 7.132106e+00 8.500000e+00
      vertex   -2.072696e+01 7.362274e+00 5.500000e+00
      vertex   -2.077500e+01 7.850000e+00 5.500000e+00
    endloop
  endfacet
  facet normal 7.063486e-01 4.629653e-02 7.063486e-01
    outer loop
      vertex   -2.372795e+01 7.132106e+00 8.500000e+00
      vertex   -2.077500e+01 7.850000e+00 5.500000e+00
      vertex   -2.377500e+01 7.850000e+00 8.500000e+00
    endloop
  endfacet
  facet normal 6.103906e-03 -7.070936e-01 7.070936e-01
    outer loop
      vertex   -1.827500e+01 2.064313e+01 8.293133e+00
      vertex   -1.837327e+01 2.031880e+01 7.969646e+00
      vertex   -1.827500e+01 1.994485e+01 7.594850e+00
    endloop
  endfacet
  facet normal 1.479544e-02 -7.058876e-01 7.081693e-01
    outer loop
      vertex   -1.827500e+01 1.994485e+01 7.594850e+00
      vertex   -1.837327e+01 2.031880e+01 7.969646e+00
      vertex   -1.848727e+01 1.971984e+01 7.375000e+00
    endloop
  endfacet
  facet normal 1.718566e-02 -7.070024e-01 7.070024e-01
    outer loop
      vertex   -1.827500e+01 1.994485e+01 7.594850e+00
      vertex   -1.848727e+01 1.971984e+01 7.375000e+00
      vertex   -1.827500e+01 1.924657e+01 6.896567e+00
    endloop
  endfacet
  facet normal 1.714045e-02 -7.070130e-01 7.069928e-01
    outer loop
      vertex   -1.827500e+01 1.924657e+01 6.896567e+00
      vertex   -1.848727e+01 1.971984e+01 7.375000e+00
      vertex   -1.846869e+01 1.934530e+01 7.000000e+00
    endloop
  endfacet
  facet normal 1.714229e-02 -7.070112e-01 7.069946e-01
    outer loop
      vertex   -1.827500e+01 1.924657e+01 6.896567e+00
      vertex   -1.846869e+01 1.934530e+01 7.000000e+00
      vertex   -1.845017e+01 1.897076e+01 6.625000e+00
    endloop
  endfacet
  facet normal 7.340375e-02 -7.038155e-01 7.065803e-01
    outer loop
      vertex   -1.845017e+01 1.897076e+01 6.625000e+00
      vertex   -1.846869e+01 1.934530e+01 7.000000e+00
      vertex   -1.885082e+01 1.892897e+01 6.625000e+00
    endloop
  endfacet
  facet normal 7.340588e-02 -7.038359e-01 7.065597e-01
    outer loop
      vertex   -1.845017e+01 1.897076e+01 6.625000e+00
      vertex   -1.885082e+01 1.892897e+01 6.625000e+00
      vertex   -1.879126e+01 1.855873e+01 6.250000e+00
    endloop
  endfacet
  facet normal 1.515876e-01 -6.912421e-01 7.065448e-01
    outer loop
      vertex   -1.879126e+01 1.855873e+01 6.250000e+00
      vertex   -1.885082e+01 1.892897e+01 6.625000e+00
      vertex   -1.914493e+01 1.848118e+01 6.250000e+00
    endloop
  endfacet
  facet normal 1.515876e-01 -6.912421e-01 7.065448e-01
    outer loop
      vertex   -1.879126e+01 1.855873e+01 6.250000e+00
      vertex   -1.914493e+01 1.848118e+01 6.250000e+00
      vertex   -1.904455e+01 1.811989e+01 5.875000e+00
    endloop
  endfacet
  facet normal 2.275329e-01 -6.701174e-01 7.065207e-01
    outer loop
      vertex   -1.904455e+01 1.811989e+01 5.875000e+00
      vertex   -1.914493e+01 1.848118e+01 6.250000e+00
      vertex   -1.934783e+01 1.801691e+01 5.875000e+00
    endloop
  endfacet
  facet normal 2.284549e-01 -6.728330e-01 7.036363e-01
    outer loop
      vertex   -1.904455e+01 1.811989e+01 5.875000e+00
      vertex   -1.934783e+01 1.801691e+01 5.875000e+00
      vertex   -1.913786e+01 1.769603e+01 5.500000e+00
    endloop
  endfacet
  facet normal 2.814179e-01 -6.455691e-01 7.099610e-01
    outer loop
      vertex   -1.913786e+01 1.769603e+01 5.500000e+00
      vertex   -1.934783e+01 1.801691e+01 5.875000e+00
      vertex   -1.940694e+01 1.757874e+01 5.500000e+00
    endloop
  endfacet
  facet normal 3.011168e-01 -6.431601e-01 7.040410e-01
    outer loop
      vertex   -1.940694e+01 1.757874e+01 5.500000e+00
      vertex   -1.934783e+01 1.801691e+01 5.875000e+00
      vertex   -1.963795e+01 1.788108e+01 5.875000e+00
    endloop
  endfacet
  facet normal 3.549591e-01 -6.087862e-01 7.094952e-01
    outer loop
      vertex   -1.940694e+01 1.757874e+01 5.500000e+00
      vertex   -1.963795e+01 1.788108e+01 5.875000e+00
      vertex   -1.966049e+01 1.743090e+01 5.500000e+00
    endloop
  endfacet
  facet normal 3.702697e-01 -6.054198e-01 7.045334e-01
    outer loop
      vertex   -1.966049e+01 1.743090e+01 5.500000e+00
      vertex   -1.963795e+01 1.788108e+01 5.875000e+00
      vertex   -1.991119e+01 1.771397e+01 5.875000e+00
    endloop
  endfacet
  facet normal 4.246047e-01 -5.631330e-01 7.089373e-01
    outer loop
      vertex   -1.966049e+01 1.743090e+01 5.500000e+00
      vertex   -1.991119e+01 1.771397e+01 5.875000e+00
      vertex   -1.989486e+01 1.725419e+01 5.500000e+00
    endloop
  endfacet
  facet normal 4.354120e-01 -5.596463e-01 7.051329e-01
    outer loop
      vertex   -1.989486e+01 1.725419e+01 5.500000e+00
      vertex   -1.991119e+01 1.771397e+01 5.875000e+00
      vertex   -2.016400e+01 1.751728e+01 5.875000e+00
    endloop
  endfacet
  facet normal 4.882825e-01 -5.099326e-01 7.082012e-01
    outer loop
      vertex   -1.989486e+01 1.725419e+01 5.500000e+00
      vertex   -2.016400e+01 1.751728e+01 5.875000e+00
      vertex   -2.010687e+01 1.705118e+01 5.500000e+00
    endloop
  endfacet
  facet normal 4.945159e-01 -5.072408e-01 7.058051e-01
    outer loop
      vertex   -2.010687e+01 1.705118e+01 5.500000e+00
      vertex   -2.016400e+01 1.751728e+01 5.875000e+00
      vertex   -2.039337e+01 1.729367e+01 5.875000e+00
    endloop
  endfacet
  facet normal 5.451974e-01 -4.498282e-01 7.073997e-01
    outer loop
      vertex   -2.010687e+01 1.705118e+01 5.500000e+00
      vertex   -2.039337e+01 1.729367e+01 5.875000e+00
      vertex   -2.029368e+01 1.682476e+01 5.500000e+00
    endloop
  endfacet
  facet normal 5.471987e-01 -4.487262e-01 7.065538e-01
    outer loop
      vertex   -2.029368e+01 1.682476e+01 5.500000e+00
      vertex   -2.039337e+01 1.729367e+01 5.875000e+00
      vertex   -2.089929e+01 1.726719e+01 6.250000e+00
    endloop
  endfacet
  facet normal 5.471987e-01 -4.487262e-01 7.065538e-01
    outer loop
      vertex   -2.089929e+01 1.726719e+01 6.250000e+00
      vertex   -2.039337e+01 1.729367e+01 5.875000e+00
      vertex   -2.066968e+01 1.754719e+01 6.250000e+00
    endloop
  endfacet
  facet normal 5.471987e-01 -4.487262e-01 7.065538e-01
    outer loop
      vertex   -2.089929e+01 1.726719e+01 6.250000e+00
      vertex   -2.066968e+01 1.754719e+01 6.250000e+00
      vertex   -2.094599e+01 1.780071e+01 6.625000e+00
    endloop
  endfacet
  facet normal 4.939961e-01 -5.067076e-01 7.065517e-01
    outer loop
      vertex   -2.094599e+01 1.780071e+01 6.625000e+00
      vertex   -2.066968e+01 1.754719e+01 6.250000e+00
      vertex   -2.065679e+01 1.808265e+01 6.625000e+00
    endloop
  endfacet
  facet normal 4.903418e-01 -5.029593e-01 7.117562e-01
    outer loop
      vertex   -2.094599e+01 1.780071e+01 6.625000e+00
      vertex   -2.065679e+01 1.808265e+01 6.625000e+00
      vertex   -2.105886e+01 1.827069e+01 7.034871e+00
    endloop
  endfacet
  facet normal 4.677271e-01 -5.344217e-01 7.040062e-01
    outer loop
      vertex   -2.105886e+01 1.827069e+01 7.034871e+00
      vertex   -2.065679e+01 1.808265e+01 6.625000e+00
      vertex   -2.071052e+01 1.831869e+01 6.839883e+00
    endloop
  endfacet
  facet normal 4.297691e-01 -5.523933e-01 7.142550e-01
    outer loop
      vertex   -2.071052e+01 1.831869e+01 6.839883e+00
      vertex   -2.065679e+01 1.808265e+01 6.625000e+00
      vertex   -2.033802e+01 1.833066e+01 6.625000e+00
    endloop
  endfacet
  facet normal 4.227801e-01 -5.744381e-01 7.009122e-01
    outer loop
      vertex   -2.071052e+01 1.831869e+01 6.839883e+00
      vertex   -2.033802e+01 1.833066e+01 6.625000e+00
      vertex   -2.034942e+01 1.841199e+01 6.698534e+00
    endloop
  endfacet
  facet normal 3.644446e-01 -5.958953e-01 7.156039e-01
    outer loop
      vertex   -2.034942e+01 1.841199e+01 6.698534e+00
      vertex   -2.033802e+01 1.833066e+01 6.625000e+00
      vertex   -1.999350e+01 1.854136e+01 6.625000e+00
    endloop
  endfacet
  facet normal 3.681310e-01 -6.178797e-01 6.947692e-01
    outer loop
      vertex   -2.034942e+01 1.841199e+01 6.698534e+00
      vertex   -1.999350e+01 1.854136e+01 6.625000e+00
      vertex   -1.998542e+01 1.855539e+01 6.633194e+00
    endloop
  endfacet
  facet normal 3.010556e-01 -6.043190e-01 7.376748e-01
    outer loop
      vertex   -1.998542e+01 1.855539e+01 6.633194e+00
      vertex   -1.999350e+01 1.854136e+01 6.625000e+00
      vertex   -1.980913e+01 1.864481e+01 6.634503e+00
    endloop
  endfacet
  facet normal 3.180270e-01 -6.317422e-01 7.069375e-01
    outer loop
      vertex   -1.980913e+01 1.864481e+01 6.634503e+00
      vertex   -1.999350e+01 1.854136e+01 6.625000e+00
      vertex   -1.981572e+01 1.821122e+01 6.250000e+00
    endloop
  endfacet
  facet normal 2.977273e-01 -6.359287e-01 7.120064e-01
    outer loop
      vertex   -1.980913e+01 1.864481e+01 6.634503e+00
      vertex   -1.981572e+01 1.821122e+01 6.250000e+00
      vertex   -1.948773e+01 1.836478e+01 6.250000e+00
    endloop
  endfacet
  facet normal 3.000706e-01 -6.409336e-01 7.065138e-01
    outer loop
      vertex   -1.948773e+01 1.836478e+01 6.250000e+00
      vertex   -1.981572e+01 1.821122e+01 6.250000e+00
      vertex   -1.934783e+01 1.801691e+01 5.875000e+00
    endloop
  endfacet
  facet normal 2.275291e-01 -6.701170e-01 7.065223e-01
    outer loop
      vertex   -1.948773e+01 1.836478e+01 6.250000e+00
      vertex   -1.934783e+01 1.801691e+01 5.875000e+00
      vertex   -1.914493e+01 1.848118e+01 6.250000e+00
    endloop
  endfacet
  facet normal 2.348817e-02 -7.066014e-01 7.072218e-01
    outer loop
      vertex   -1.837327e+01 2.031880e+01 7.969646e+00
      vertex   -1.850199e+01 2.001535e+01 7.670735e+00
      vertex   -1.848727e+01 1.971984e+01 7.375000e+00
    endloop
  endfacet
  facet normal 4.786109e-02 -7.053788e-01 7.072129e-01
    outer loop
      vertex   -1.848727e+01 1.971984e+01 7.375000e+00
      vertex   -1.850199e+01 2.001535e+01 7.670735e+00
      vertex   -1.865714e+01 1.973474e+01 7.401354e+00
    endloop
  endfacet
  facet normal 5.060296e-02 -6.938302e-01 7.183586e-01
    outer loop
      vertex   -1.848727e+01 1.971984e+01 7.375000e+00
      vertex   -1.865714e+01 1.973474e+01 7.401354e+00
      vertex   -1.884149e+01 1.947003e+01 7.158672e+00
    endloop
  endfacet
  facet normal 1.342268e-01 -7.029428e-01 6.984659e-01
    outer loop
      vertex   -1.906491e+01 1.921235e+01 6.942272e+00
      vertex   -1.891039e+01 1.929921e+01 7.000000e+00
      vertex   -1.884149e+01 1.947003e+01 7.158672e+00
    endloop
  endfacet
  facet normal 7.244787e-02 -6.943203e-01 7.160102e-01
    outer loop
      vertex   -1.884149e+01 1.947003e+01 7.158672e+00
      vertex   -1.891039e+01 1.929921e+01 7.000000e+00
      vertex   -1.846869e+01 1.934530e+01 7.000000e+00
    endloop
  endfacet
  facet normal 6.514153e-02 -7.044228e-01 7.067850e-01
    outer loop
      vertex   -1.884149e+01 1.947003e+01 7.158672e+00
      vertex   -1.846869e+01 1.934530e+01 7.000000e+00
      vertex   -1.848727e+01 1.971984e+01 7.375000e+00
    endloop
  endfacet
  facet normal 1.736288e-01 -6.885938e-01 7.040537e-01
    outer loop
      vertex   -1.932988e+01 1.896839e+01 6.769013e+00
      vertex   -1.924530e+01 1.884247e+01 6.625000e+00
      vertex   -1.906491e+01 1.921235e+01 6.942272e+00
    endloop
  endfacet
  facet normal 1.501880e-01 -6.848602e-01 7.130288e-01
    outer loop
      vertex   -1.906491e+01 1.921235e+01 6.942272e+00
      vertex   -1.924530e+01 1.884247e+01 6.625000e+00
      vertex   -1.885082e+01 1.892897e+01 6.625000e+00
    endloop
  endfacet
  facet normal 1.269536e-01 -6.956959e-01 7.070290e-01
    outer loop
      vertex   -1.906491e+01 1.921235e+01 6.942272e+00
      vertex   -1.885082e+01 1.892897e+01 6.625000e+00
      vertex   -1.891039e+01 1.929921e+01 7.000000e+00
    endloop
  endfacet
  facet normal 7.344028e-02 -7.038313e-01 7.065607e-01
    outer loop
      vertex   -1.891039e+01 1.929921e+01 7.000000e+00
      vertex   -1.885082e+01 1.892897e+01 6.625000e+00
      vertex   -1.846869e+01 1.934530e+01 7.000000e+00
    endloop
  endfacet
  facet normal 2.254410e-01 -6.639778e-01 7.129585e-01
    outer loop
      vertex   -1.924530e+01 1.884247e+01 6.625000e+00
      vertex   -1.932988e+01 1.896839e+01 6.769013e+00
      vertex   -1.962763e+01 1.871265e+01 6.625000e+00
    endloop
  endfacet
  facet normal 2.268944e-01 -6.649169e-01 7.116210e-01
    outer loop
      vertex   -1.962763e+01 1.871265e+01 6.625000e+00
      vertex   -1.932988e+01 1.896839e+01 6.769013e+00
      vertex   -1.964035e+01 1.874429e+01 6.658618e+00
    endloop
  endfacet
  facet normal 2.782507e-01 -6.446812e-01 7.120131e-01
    outer loop
      vertex   -1.962763e+01 1.871265e+01 6.625000e+00
      vertex   -1.964035e+01 1.874429e+01 6.658618e+00
      vertex   -1.980913e+01 1.864481e+01 6.634503e+00
    endloop
  endfacet
  facet normal 5.050349e-01 -4.952007e-01 7.069060e-01
    outer loop
      vertex   -2.094599e+01 1.780071e+01 6.625000e+00
      vertex   -2.105886e+01 1.827069e+01 7.034871e+00
      vertex   -2.122229e+01 1.805423e+01 7.000000e+00
    endloop
  endfacet
  facet normal 5.035988e-01 -4.943743e-01 7.085070e-01
    outer loop
      vertex   -2.122229e+01 1.805423e+01 7.000000e+00
      vertex   -2.105886e+01 1.827069e+01 7.034871e+00
      vertex   -2.139405e+01 1.826164e+01 7.266804e+00
    endloop
  endfacet
  facet normal 5.273946e-01 -4.720119e-01 7.064416e-01
    outer loop
      vertex   -2.122229e+01 1.805423e+01 7.000000e+00
      vertex   -2.139405e+01 1.826164e+01 7.266804e+00
      vertex   -2.173271e+01 1.828916e+01 7.538023e+00
    endloop
  endfacet
  facet normal 5.439193e-01 -4.460369e-01 7.107763e-01
    outer loop
      vertex   -2.122229e+01 1.805423e+01 7.000000e+00
      vertex   -2.173271e+01 1.828916e+01 7.538023e+00
      vertex   -2.150489e+01 1.770962e+01 7.000000e+00
    endloop
  endfacet
  facet normal 5.498093e-01 -4.419068e-01 7.088216e-01
    outer loop
      vertex   -2.150489e+01 1.770962e+01 7.000000e+00
      vertex   -2.173271e+01 1.828916e+01 7.538023e+00
      vertex   -2.207306e+01 1.835499e+01 7.843065e+00
    endloop
  endfacet
  facet normal 5.629082e-01 -4.280496e-01 7.070416e-01
    outer loop
      vertex   -2.150489e+01 1.770962e+01 7.000000e+00
      vertex   -2.207306e+01 1.835499e+01 7.843065e+00
      vertex   -2.211050e+01 1.815205e+01 7.750000e+00
    endloop
  endfacet
  facet normal 5.616645e-01 -4.282249e-01 7.079240e-01
    outer loop
      vertex   -2.211050e+01 1.815205e+01 7.750000e+00
      vertex   -2.207306e+01 1.835499e+01 7.843065e+00
      vertex   -2.240399e+01 1.845809e+01 8.167985e+00
    endloop
  endfacet
  facet normal 5.683787e-01 -4.206605e-01 7.071000e-01
    outer loop
      vertex   -2.211050e+01 1.815205e+01 7.750000e+00
      vertex   -2.240399e+01 1.845809e+01 8.167985e+00
      vertex   -2.271610e+01 1.859448e+01 8.500000e+00
    endloop
  endfacet
  facet normal 5.471987e-01 -4.487262e-01 7.065538e-01
    outer loop
      vertex   -2.122229e+01 1.805423e+01 7.000000e+00
      vertex   -2.150489e+01 1.770962e+01 7.000000e+00
      vertex   -2.094599e+01 1.780071e+01 6.625000e+00
    endloop
  endfacet
  facet normal 5.471987e-01 -4.487262e-01 7.065538e-01
    outer loop
      vertex   -2.094599e+01 1.780071e+01 6.625000e+00
      vertex   -2.150489e+01 1.770962e+01 7.000000e+00
      vertex   -2.089929e+01 1.726719e+01 6.250000e+00
    endloop
  endfacet
  facet normal 2.042537e-01 -6.734974e-01 7.104095e-01
    outer loop
      vertex   -1.913786e+01 1.769603e+01 5.500000e+00
      vertex   -1.885699e+01 1.778122e+01 5.500000e+00
      vertex   -1.904455e+01 1.811989e+01 5.875000e+00
    endloop
  endfacet
  facet normal 1.522801e-01 -6.944003e-01 7.032916e-01
    outer loop
      vertex   -1.904455e+01 1.811989e+01 5.875000e+00
      vertex   -1.885699e+01 1.778122e+01 5.500000e+00
      vertex   -1.873169e+01 1.818850e+01 5.875000e+00
    endloop
  endfacet
  facet normal 1.515876e-01 -6.912421e-01 7.065448e-01
    outer loop
      vertex   -1.904455e+01 1.811989e+01 5.875000e+00
      vertex   -1.873169e+01 1.818850e+01 5.875000e+00
      vertex   -1.879126e+01 1.855873e+01 6.250000e+00
    endloop
  endfacet
  facet normal 7.337148e-02 -7.038405e-01 7.065587e-01
    outer loop
      vertex   -1.879126e+01 1.855873e+01 6.250000e+00
      vertex   -1.873169e+01 1.818850e+01 5.875000e+00
      vertex   -1.843173e+01 1.859621e+01 6.250000e+00
    endloop
  endfacet
  facet normal 7.336955e-02 -7.038219e-01 7.065774e-01
    outer loop
      vertex   -1.879126e+01 1.855873e+01 6.250000e+00
      vertex   -1.843173e+01 1.859621e+01 6.250000e+00
      vertex   -1.845017e+01 1.897076e+01 6.625000e+00
    endloop
  endfacet
  facet normal 1.707637e-02 -7.070119e-01 7.069954e-01
    outer loop
      vertex   -1.845017e+01 1.897076e+01 6.625000e+00
      vertex   -1.843173e+01 1.859621e+01 6.250000e+00
      vertex   -1.827500e+01 1.854828e+01 6.198283e+00
    endloop
  endfacet
  facet normal 1.711629e-02 -7.070032e-01 7.070032e-01
    outer loop
      vertex   -1.845017e+01 1.897076e+01 6.625000e+00
      vertex   -1.827500e+01 1.854828e+01 6.198283e+00
      vertex   -1.827500e+01 1.924657e+01 6.896567e+00
    endloop
  endfacet
  facet normal 1.235304e-01 -6.924656e-01 7.107964e-01
    outer loop
      vertex   -1.885699e+01 1.778122e+01 5.500000e+00
      vertex   -1.856803e+01 1.783276e+01 5.500000e+00
      vertex   -1.873169e+01 1.818850e+01 5.875000e+00
    endloop
  endfacet
  facet normal 7.369404e-02 -7.072708e-01 7.030911e-01
    outer loop
      vertex   -1.873169e+01 1.818850e+01 5.875000e+00
      vertex   -1.856803e+01 1.783276e+01 5.500000e+00
      vertex   -1.841337e+01 1.822166e+01 5.875000e+00
    endloop
  endfacet
  facet normal 7.333535e-02 -7.038284e-01 7.065745e-01
    outer loop
      vertex   -1.873169e+01 1.818850e+01 5.875000e+00
      vertex   -1.841337e+01 1.822166e+01 5.875000e+00
      vertex   -1.843173e+01 1.859621e+01 6.250000e+00
    endloop
  endfacet
  facet normal 1.707747e-02 -7.070102e-01 7.069972e-01
    outer loop
      vertex   -1.843173e+01 1.859621e+01 6.250000e+00
      vertex   -1.841337e+01 1.822166e+01 5.875000e+00
      vertex   -1.827500e+01 1.854828e+01 6.198283e+00
    endloop
  endfacet
  facet normal 4.128954e-02 -7.019947e-01 7.109842e-01
    outer loop
      vertex   -1.856803e+01 1.783276e+01 5.500000e+00
      vertex   -1.827500e+01 1.785000e+01 5.500000e+00
      vertex   -1.841337e+01 1.822166e+01 5.875000e+00
    endloop
  endfacet
  facet normal 1.704692e-02 -7.070040e-01 7.070040e-01
    outer loop
      vertex   -1.841337e+01 1.822166e+01 5.875000e+00
      vertex   -1.827500e+01 1.785000e+01 5.500000e+00
      vertex   -1.827500e+01 1.854828e+01 6.198283e+00
    endloop
  endfacet
  facet normal 2.275295e-01 -6.701184e-01 7.065208e-01
    outer loop
      vertex   -1.948773e+01 1.836478e+01 6.250000e+00
      vertex   -1.914493e+01 1.848118e+01 6.250000e+00
      vertex   -1.924530e+01 1.884247e+01 6.625000e+00
    endloop
  endfacet
  facet normal 1.515876e-01 -6.912421e-01 7.065448e-01
    outer loop
      vertex   -1.924530e+01 1.884247e+01 6.625000e+00
      vertex   -1.914493e+01 1.848118e+01 6.250000e+00
      vertex   -1.885082e+01 1.892897e+01 6.625000e+00
    endloop
  endfacet
  facet normal 2.798082e-01 -6.495569e-01 7.069534e-01
    outer loop
      vertex   -1.980913e+01 1.864481e+01 6.634503e+00
      vertex   -1.948773e+01 1.836478e+01 6.250000e+00
      vertex   -1.962763e+01 1.871265e+01 6.625000e+00
    endloop
  endfacet
  facet normal 2.275257e-01 -6.701178e-01 7.065226e-01
    outer loop
      vertex   -1.962763e+01 1.871265e+01 6.625000e+00
      vertex   -1.948773e+01 1.836478e+01 6.250000e+00
      vertex   -1.924530e+01 1.884247e+01 6.625000e+00
    endloop
  endfacet
  facet normal 3.000730e-01 -6.409307e-01 7.065154e-01
    outer loop
      vertex   -1.963795e+01 1.788108e+01 5.875000e+00
      vertex   -1.934783e+01 1.801691e+01 5.875000e+00
      vertex   -1.981572e+01 1.821122e+01 6.250000e+00
    endloop
  endfacet
  facet normal 3.692284e-01 -6.037172e-01 7.065379e-01
    outer loop
      vertex   -1.991119e+01 1.771397e+01 5.875000e+00
      vertex   -1.963795e+01 1.788108e+01 5.875000e+00
      vertex   -1.981572e+01 1.821122e+01 6.250000e+00
    endloop
  endfacet
  facet normal 3.692284e-01 -6.037172e-01 7.065379e-01
    outer loop
      vertex   -1.981572e+01 1.821122e+01 6.250000e+00
      vertex   -1.999350e+01 1.854136e+01 6.625000e+00
      vertex   -2.012461e+01 1.802231e+01 6.250000e+00
    endloop
  endfacet
  facet normal 3.692284e-01 -6.037172e-01 7.065379e-01
    outer loop
      vertex   -2.012461e+01 1.802231e+01 6.250000e+00
      vertex   -1.999350e+01 1.854136e+01 6.625000e+00
      vertex   -2.033802e+01 1.833066e+01 6.625000e+00
    endloop
  endfacet
  facet normal 4.345430e-01 -5.585293e-01 7.065532e-01
    outer loop
      vertex   -2.012461e+01 1.802231e+01 6.250000e+00
      vertex   -2.033802e+01 1.833066e+01 6.625000e+00
      vertex   -2.041040e+01 1.779996e+01 6.250000e+00
    endloop
  endfacet
  facet normal 4.345430e-01 -5.585293e-01 7.065532e-01
    outer loop
      vertex   -2.041040e+01 1.779996e+01 6.250000e+00
      vertex   -2.033802e+01 1.833066e+01 6.625000e+00
      vertex   -2.065679e+01 1.808265e+01 6.625000e+00
    endloop
  endfacet
  facet normal 4.939961e-01 -5.067076e-01 7.065517e-01
    outer loop
      vertex   -2.041040e+01 1.779996e+01 6.250000e+00
      vertex   -2.065679e+01 1.808265e+01 6.625000e+00
      vertex   -2.066968e+01 1.754719e+01 6.250000e+00
    endloop
  endfacet
  facet normal 4.345430e-01 -5.585293e-01 7.065532e-01
    outer loop
      vertex   -2.016400e+01 1.751728e+01 5.875000e+00
      vertex   -1.991119e+01 1.771397e+01 5.875000e+00
      vertex   -2.012461e+01 1.802231e+01 6.250000e+00
    endloop
  endfacet
  facet normal 3.692284e-01 -6.037172e-01 7.065379e-01
    outer loop
      vertex   -2.012461e+01 1.802231e+01 6.250000e+00
      vertex   -1.991119e+01 1.771397e+01 5.875000e+00
      vertex   -1.981572e+01 1.821122e+01 6.250000e+00
    endloop
  endfacet
  facet normal 4.345430e-01 -5.585293e-01 7.065532e-01
    outer loop
      vertex   -2.016400e+01 1.751728e+01 5.875000e+00
      vertex   -2.012461e+01 1.802231e+01 6.250000e+00
      vertex   -2.041040e+01 1.779996e+01 6.250000e+00
    endloop
  endfacet
  facet normal 4.939961e-01 -5.067076e-01 7.065517e-01
    outer loop
      vertex   -2.039337e+01 1.729367e+01 5.875000e+00
      vertex   -2.016400e+01 1.751728e+01 5.875000e+00
      vertex   -2.041040e+01 1.779996e+01 6.250000e+00
    endloop
  endfacet
  facet normal 4.939961e-01 -5.067076e-01 7.065517e-01
    outer loop
      vertex   -2.039337e+01 1.729367e+01 5.875000e+00
      vertex   -2.041040e+01 1.779996e+01 6.250000e+00
      vertex   -2.066968e+01 1.754719e+01 6.250000e+00
    endloop
  endfacet
  facet normal -9.825600e-14 -7.071068e-01 7.071068e-01
    outer loop
      vertex   -1.827500e+01 2.064313e+01 8.293133e+00
      vertex   -1.825338e+01 2.047500e+01 8.125000e+00
      vertex   -1.823176e+01 2.085000e+01 8.500000e+00
    endloop
  endfacet
  facet normal -8.715332e-14 -7.071068e-01 7.071068e-01
    outer loop
      vertex   -1.823176e+01 2.085000e+01 8.500000e+00
      vertex   -1.825338e+01 2.047500e+01 8.125000e+00
      vertex   -1.825338e+01 2.010000e+01 7.750000e+00
    endloop
  endfacet
  facet normal -2.905111e-14 -7.071068e-01 7.071068e-01
    outer loop
      vertex   -1.823176e+01 2.085000e+01 8.500000e+00
      vertex   -1.825338e+01 2.010000e+01 7.750000e+00
      vertex   -1.825338e+01 1.972500e+01 7.375000e+00
    endloop
  endfacet
  facet normal -1.452555e-13 -7.071068e-01 7.071068e-01
    outer loop
      vertex   -1.825338e+01 1.972500e+01 7.375000e+00
      vertex   -1.825338e+01 2.010000e+01 7.750000e+00
      vertex   -1.827500e+01 1.994485e+01 7.594850e+00
    endloop
  endfacet
  facet normal -1.270209e-13 -7.071068e-01 7.071068e-01
    outer loop
      vertex   -1.825338e+01 1.972500e+01 7.375000e+00
      vertex   -1.827500e+01 1.994485e+01 7.594850e+00
      vertex   -1.827500e+01 1.924657e+01 6.896567e+00
    endloop
  endfacet
  facet normal -1.162862e-13 -7.071068e-01 7.071068e-01
    outer loop
      vertex   -1.827500e+01 2.064313e+01 8.293133e+00
      vertex   -1.827500e+01 1.994485e+01 7.594850e+00
      vertex   -1.825338e+01 2.047500e+01 8.125000e+00
    endloop
  endfacet
  facet normal -1.572750e-13 -7.071068e-01 7.071068e-01
    outer loop
      vertex   -1.825338e+01 2.047500e+01 8.125000e+00
      vertex   -1.827500e+01 1.994485e+01 7.594850e+00
      vertex   -1.825338e+01 2.010000e+01 7.750000e+00
    endloop
  endfacet
  facet normal -9.236541e-14 -7.071068e-01 7.071068e-01
    outer loop
      vertex   -1.827500e+01 1.854828e+01 6.198283e+00
      vertex   -1.825338e+01 1.897500e+01 6.625000e+00
      vertex   -1.827500e+01 1.924657e+01 6.896567e+00
    endloop
  endfacet
  facet normal -1.160795e-13 -7.071068e-01 7.071068e-01
    outer loop
      vertex   -1.827500e+01 1.924657e+01 6.896567e+00
      vertex   -1.825338e+01 1.897500e+01 6.625000e+00
      vertex   -1.825338e+01 1.935000e+01 7.000000e+00
    endloop
  endfacet
  facet normal -1.243951e-13 -7.071068e-01 7.071068e-01
    outer loop
      vertex   -1.827500e+01 1.924657e+01 6.896567e+00
      vertex   -1.825338e+01 1.935000e+01 7.000000e+00
      vertex   -1.825338e+01 1.972500e+01 7.375000e+00
    endloop
  endfacet
  facet normal -1.162044e-13 -7.071068e-01 7.071068e-01
    outer loop
      vertex   -1.825338e+01 1.972500e+01 7.375000e+00
      vertex   -1.825338e+01 1.935000e+01 7.000000e+00
      vertex   -1.823176e+01 2.085000e+01 8.500000e+00
    endloop
  endfacet
  facet normal 1.006031e-13 -7.071068e-01 7.071068e-01
    outer loop
      vertex   -1.827500e+01 1.785000e+01 5.500000e+00
      vertex   -1.825338e+01 1.822500e+01 5.875000e+00
      vertex   -1.827500e+01 1.854828e+01 6.198283e+00
    endloop
  endfacet
  facet normal -3.803544e-14 -7.071068e-01 7.071068e-01
    outer loop
      vertex   -1.827500e+01 1.854828e+01 6.198283e+00
      vertex   -1.825338e+01 1.822500e+01 5.875000e+00
      vertex   -1.825338e+01 1.860000e+01 6.250000e+00
    endloop
  endfacet
  facet normal -5.799534e-14 -7.071068e-01 7.071068e-01
    outer loop
      vertex   -1.827500e+01 1.854828e+01 6.198283e+00
      vertex   -1.825338e+01 1.860000e+01 6.250000e+00
      vertex   -1.825338e+01 1.897500e+01 6.625000e+00
    endloop
  endfacet
  facet normal 2.905111e-14 -7.071068e-01 7.071068e-01
    outer loop
      vertex   -1.825338e+01 1.897500e+01 6.625000e+00
      vertex   -1.825338e+01 1.860000e+01 6.250000e+00
      vertex   -1.823176e+01 1.785000e+01 5.500000e+00
    endloop
  endfacet
  facet normal 2.905111e-14 -7.071068e-01 7.071068e-01
    outer loop
      vertex   -1.825338e+01 1.897500e+01 6.625000e+00
      vertex   -1.823176e+01 1.785000e+01 5.500000e+00
      vertex   -1.825338e+01 1.935000e+01 7.000000e+00
    endloop
  endfacet
  facet normal 1.452555e-14 -7.071068e-01 7.071068e-01
    outer loop
      vertex   -1.825338e+01 1.935000e+01 7.000000e+00
      vertex   -1.823176e+01 1.785000e+01 5.500000e+00
      vertex   -1.823176e+01 2.085000e+01 8.500000e+00
    endloop
  endfacet
  facet normal 0.000000e+00 -7.071068e-01 7.071068e-01
    outer loop
      vertex   -1.827500e+01 1.785000e+01 5.500000e+00
      vertex   -1.823176e+01 1.785000e+01 5.500000e+00
      vertex   -1.825338e+01 1.822500e+01 5.875000e+00
    endloop
  endfacet
  facet normal -2.614600e-13 -7.071068e-01 7.071068e-01
    outer loop
      vertex   -1.825338e+01 1.822500e+01 5.875000e+00
      vertex   -1.823176e+01 1.785000e+01 5.500000e+00
      vertex   -1.825338e+01 1.860000e+01 6.250000e+00
    endloop
  endfacet
  facet normal -3.040839e-16 1.000000e+00 -8.881784e-16
    outer loop
      vertex   -1.827500e+01 5.350000e+00 5.500000e+00
      vertex   1.677500e+01 5.350000e+00 5.500000e+00
      vertex   -1.827500e+01 5.350000e+00 4.500000e+00
    endloop
  endfacet
  facet normal -2.787436e-16 1.000000e+00 -1.776357e-15
    outer loop
      vertex   -1.827500e+01 5.350000e+00 4.500000e+00
      vertex   1.677500e+01 5.350000e+00 5.500000e+00
      vertex   1.677500e+01 5.350000e+00 4.500000e+00
    endloop
  endfacet
  facet normal -1.305262e-01 9.914449e-01 -2.224882e-15
    outer loop
      vertex   1.677500e+01 5.350000e+00 4.500000e+00
      vertex   1.677500e+01 5.350000e+00 5.500000e+00
      vertex   1.703382e+01 5.384074e+00 4.500000e+00
    endloop
  endfacet
  facet normal -1.305262e-01 9.914449e-01 0.000000e+00
    outer loop
      vertex   1.703382e+01 5.384074e+00 4.500000e+00
      vertex   1.677500e+01 5.350000e+00 5.500000e+00
      vertex   1.703382e+01 5.384074e+00 5.500000e+00
    endloop
  endfacet
  facet normal -3.826834e-01 9.238795e-01 0.000000e+00
    outer loop
      vertex   1.703382e+01 5.384074e+00 4.500000e+00
      vertex   1.703382e+01 5.384074e+00 5.500000e+00
      vertex   1.727500e+01 5.483975e+00 4.500000e+00
    endloop
  endfacet
  facet normal -3.826834e-01 9.238795e-01 0.000000e+00
    outer loop
      vertex   1.727500e+01 5.483975e+00 4.500000e+00
      vertex   1.703382e+01 5.384074e+00 5.500000e+00
      vertex   1.727500e+01 5.483975e+00 5.500000e+00
    endloop
  endfacet
  facet normal -6.087614e-01 7.933533e-01 0.000000e+00
    outer loop
      vertex   1.727500e+01 5.483975e+00 4.500000e+00
      vertex   1.727500e+01 5.483975e+00 5.500000e+00
      vertex   1.748211e+01 5.642893e+00 4.500000e+00
    endloop
  endfacet
  facet normal -6.087614e-01 7.933533e-01 7.046393e-16
    outer loop
      vertex   1.748211e+01 5.642893e+00 4.500000e+00
      vertex   1.727500e+01 5.483975e+00 5.500000e+00
      vertex   1.748211e+01 5.642893e+00 5.500000e+00
    endloop
  endfacet
  facet normal -7.933533e-01 6.087614e-01 5.406888e-16
    outer loop
      vertex   1.748211e+01 5.642893e+00 4.500000e+00
      vertex   1.748211e+01 5.642893e+00 5.500000e+00
      vertex   1.764103e+01 5.850000e+00 4.500000e+00
    endloop
  endfacet
  facet normal -7.933533e-01 6.087614e-01 0.000000e+00
    outer loop
      vertex   1.764103e+01 5.850000e+00 4.500000e+00
      vertex   1.748211e+01 5.642893e+00 5.500000e+00
      vertex   1.764103e+01 5.850000e+00 5.500000e+00
    endloop
  endfacet
  facet normal -9.238795e-01 3.826834e-01 0.000000e+00
    outer loop
      vertex   1.764103e+01 5.850000e+00 4.500000e+00
      vertex   1.764103e+01 5.850000e+00 5.500000e+00
      vertex   1.774093e+01 6.091181e+00 4.500000e+00
    endloop
  endfacet
  facet normal -9.238795e-01 3.826834e-01 0.000000e+00
    outer loop
      vertex   1.774093e+01 6.091181e+00 4.500000e+00
      vertex   1.764103e+01 5.850000e+00 5.500000e+00
      vertex   1.774093e+01 6.091181e+00 5.500000e+00
    endloop
  endfacet
  facet normal -9.914449e-01 1.305262e-01 0.000000e+00
    outer loop
      vertex   1.774093e+01 6.091181e+00 4.500000e+00
      vertex   1.774093e+01 6.091181e+00 5.500000e+00
      vertex   1.777500e+01 6.350000e+00 4.500000e+00
    endloop
  endfacet
  facet normal -9.914449e-01 1.305262e-01 -1.761160e-14
    outer loop
      vertex   1.777500e+01 6.350000e+00 4.500000e+00
      vertex   1.774093e+01 6.091181e+00 5.500000e+00
      vertex   1.777500e+01 6.350000e+00 5.500000e+00
    endloop
  endfacet
  facet normal -1.000000e+00 6.767074e-16 -1.776357e-14
    outer loop
      vertex   1.777500e+01 6.350000e+00 5.500000e+00
      vertex   1.777500e+01 1.685000e+01 5.500000e+00
      vertex   1.777500e+01 6.350000e+00 4.500000e+00
    endloop
  endfacet
  facet normal -1.000000e+00 0.000000e+00 -1.065814e-14
    outer loop
      vertex   1.777500e+01 6.350000e+00 4.500000e+00
      vertex   1.777500e+01 1.685000e+01 5.500000e+00
      vertex   1.777500e+01 1.685000e+01 4.500000e+00
    endloop
  endfacet
  facet normal -9.914449e-01 -1.305262e-01 -1.056696e-14
    outer loop
      vertex   1.777500e+01 1.685000e+01 4.500000e+00
      vertex   1.777500e+01 1.685000e+01 5.500000e+00
      vertex   1.774093e+01 1.710882e+01 4.500000e+00
    endloop
  endfacet
  facet normal -9.914449e-01 -1.305262e-01 0.000000e+00
    outer loop
      vertex   1.774093e+01 1.710882e+01 4.500000e+00
      vertex   1.777500e+01 1.685000e+01 5.500000e+00
      vertex   1.774093e+01 1.710882e+01 5.500000e+00
    endloop
  endfacet
  facet normal -9.238795e-01 -3.826834e-01 0.000000e+00
    outer loop
      vertex   1.774093e+01 1.710882e+01 4.500000e+00
      vertex   1.774093e+01 1.710882e+01 5.500000e+00
      vertex   1.764103e+01 1.735000e+01 4.500000e+00
    endloop
  endfacet
  facet normal -9.238795e-01 -3.826834e-01 0.000000e+00
    outer loop
      vertex   1.764103e+01 1.735000e+01 4.500000e+00
      vertex   1.774093e+01 1.710882e+01 5.500000e+00
      vertex   1.764103e+01 1.735000e+01 5.500000e+00
    endloop
  endfacet
  facet normal -7.933533e-01 -6.087614e-01 0.000000e+00
    outer loop
      vertex   1.764103e+01 1.735000e+01 4.500000e+00
      vertex   1.764103e+01 1.735000e+01 5.500000e+00
      vertex   1.748211e+01 1.755711e+01 4.500000e+00
    endloop
  endfacet
  facet normal -7.933533e-01 -6.087614e-01 0.000000e+00
    outer loop
      vertex   1.748211e+01 1.755711e+01 4.500000e+00
      vertex   1.764103e+01 1.735000e+01 5.500000e+00
      vertex   1.748211e+01 1.755711e+01 5.500000e+00
    endloop
  endfacet
  facet normal -6.087614e-01 -7.933533e-01 0.000000e+00
    outer loop
      vertex   1.748211e+01 1.755711e+01 4.500000e+00
      vertex   1.748211e+01 1.755711e+01 5.500000e+00
      vertex   1.727500e+01 1.771603e+01 4.500000e+00
    endloop
  endfacet
  facet normal -6.087614e-01 -7.933533e-01 0.000000e+00
    outer loop
      vertex   1.727500e+01 1.771603e+01 4.500000e+00
      vertex   1.748211e+01 1.755711e+01 5.500000e+00
      vertex   1.727500e+01 1.771603e+01 5.500000e+00
    endloop
  endfacet
  facet normal -3.826834e-01 -9.238795e-01 0.000000e+00
    outer loop
      vertex   1.727500e+01 1.771603e+01 4.500000e+00
      vertex   1.727500e+01 1.771603e+01 5.500000e+00
      vertex   1.703382e+01 1.781593e+01 4.500000e+00
    endloop
  endfacet
  facet normal -3.826834e-01 -9.238795e-01 0.000000e+00
    outer loop
      vertex   1.703382e+01 1.781593e+01 4.500000e+00
      vertex   1.727500e+01 1.771603e+01 5.500000e+00
      vertex   1.703382e+01 1.781593e+01 5.500000e+00
    endloop
  endfacet
  facet normal -1.305262e-01 -9.914449e-01 0.000000e+00
    outer loop
      vertex   1.703382e+01 1.781593e+01 4.500000e+00
      vertex   1.703382e+01 1.781593e+01 5.500000e+00
      vertex   1.677500e+01 1.785000e+01 4.500000e+00
    endloop
  endfacet
  facet normal -1.305262e-01 -9.914449e-01 0.000000e+00
    outer loop
      vertex   1.677500e+01 1.785000e+01 4.500000e+00
      vertex   1.703382e+01 1.781593e+01 5.500000e+00
      vertex   1.677500e+01 1.785000e+01 5.500000e+00
    endloop
  endfacet
  facet normal 3.989819e-01 9.169574e-01 -1.617619e-03
    outer loop
      vertex   -2.240399e+01 1.845809e+01 8.167985e+00
      vertex   -2.253874e+01 1.851201e+01 5.500000e+00
      vertex   -2.271610e+01 1.859448e+01 8.500000e+00
    endloop
  endfacet
  facet normal 4.738652e-01 8.805891e-01 3.809290e-03
    outer loop
      vertex   -2.271610e+01 1.859448e+01 8.500000e+00
      vertex   -2.253874e+01 1.851201e+01 5.500000e+00
      vertex   -2.303209e+01 1.877749e+01 5.500000e+00
    endloop
  endfacet
  facet normal 5.268399e-01 8.499568e-01 -3.639207e-03
    outer loop
      vertex   -2.271610e+01 1.859448e+01 8.500000e+00
      vertex   -2.303209e+01 1.877749e+01 5.500000e+00
      vertex   -2.318489e+01 1.888505e+01 8.500000e+00
    endloop
  endfacet
  facet normal 6.234855e-01 7.818261e-01 3.726132e-03
    outer loop
      vertex   -2.318489e+01 1.888505e+01 8.500000e+00
      vertex   -2.303209e+01 1.877749e+01 5.500000e+00
      vertex   -2.347010e+01 1.912680e+01 5.500000e+00
    endloop
  endfacet
  facet normal 6.680613e-01 7.440978e-01 -3.551980e-03
    outer loop
      vertex   -2.318489e+01 1.888505e+01 8.500000e+00
      vertex   -2.347010e+01 1.912680e+01 5.500000e+00
      vertex   -2.359530e+01 1.925352e+01 8.500000e+00
    endloop
  endfacet
  facet normal 7.530665e-01 6.579344e-01 3.634836e-03
    outer loop
      vertex   -2.359530e+01 1.925352e+01 8.500000e+00
      vertex   -2.347010e+01 1.912680e+01 5.500000e+00
      vertex   -2.383871e+01 1.954870e+01 5.500000e+00
    endloop
  endfacet
  facet normal 7.884727e-01 6.150600e-01 -3.456614e-03
    outer loop
      vertex   -2.359530e+01 1.925352e+01 8.500000e+00
      vertex   -2.383871e+01 1.954870e+01 5.500000e+00
      vertex   -2.393453e+01 1.968840e+01 8.500000e+00
    endloop
  endfacet
  facet normal 8.584434e-01 5.128961e-01 3.535400e-03
    outer loop
      vertex   -2.393453e+01 1.968840e+01 8.500000e+00
      vertex   -2.383871e+01 1.954870e+01 5.500000e+00
      vertex   -2.412606e+01 2.002965e+01 5.500000e+00
    endloop
  endfacet
  facet normal 8.843233e-01 4.668631e-01 -3.353109e-03
    outer loop
      vertex   -2.393453e+01 1.968840e+01 8.500000e+00
      vertex   -2.412606e+01 2.002965e+01 5.500000e+00
      vertex   -2.419203e+01 2.017614e+01 8.500000e+00
    endloop
  endfacet
  facet normal 9.362294e-01 3.513728e-01 3.427826e-03
    outer loop
      vertex   -2.419203e+01 2.017614e+01 8.500000e+00
      vertex   -2.412606e+01 2.002965e+01 5.500000e+00
      vertex   -2.432292e+01 2.055417e+01 5.500000e+00
    endloop
  endfacet
  facet normal 9.526272e-01 3.041232e-01 -3.241466e-03
    outer loop
      vertex   -2.419203e+01 2.017614e+01 8.500000e+00
      vertex   -2.432292e+01 2.055417e+01 5.500000e+00
      vertex   -2.435976e+01 2.070156e+01 8.500000e+00
    endloop
  endfacet
  facet normal 9.839242e-01 1.785559e-01 3.312114e-03
    outer loop
      vertex   -2.435976e+01 2.070156e+01 8.500000e+00
      vertex   -2.432292e+01 2.055417e+01 5.500000e+00
      vertex   -2.442295e+01 2.110541e+01 5.500000e+00
    endloop
  endfacet
  facet normal 9.912568e-01 1.319098e-01 -3.121686e-03
    outer loop
      vertex   -2.435976e+01 2.070156e+01 8.500000e+00
      vertex   -2.442295e+01 2.110541e+01 5.500000e+00
      vertex   -2.443252e+01 2.124828e+01 8.500000e+00
    endloop
  endfacet
  facet normal 9.999949e-01 -9.260164e-19 3.188267e-03
    outer loop
      vertex   -2.443252e+01 2.124828e+01 8.500000e+00
      vertex   -2.442295e+01 2.110541e+01 5.500000e+00
      vertex   -2.442295e+01 2.166566e+01 5.500000e+00
    endloop
  endfacet
  facet normal 9.990088e-01 -4.441271e-02 -2.993770e-03
    outer loop
      vertex   -2.443252e+01 2.124828e+01 8.500000e+00
      vertex   -2.442295e+01 2.166566e+01 5.500000e+00
      vertex   -2.440802e+01 2.179928e+01 8.500000e+00
    endloop
  endfacet
  facet normal 9.839250e-01 -1.785561e-01 3.056283e-03
    outer loop
      vertex   -2.440802e+01 2.179928e+01 8.500000e+00
      vertex   -2.442295e+01 2.166566e+01 5.500000e+00
      vertex   -2.432292e+01 2.221690e+01 5.500000e+00
    endloop
  endfacet
  facet normal 9.756416e-01 -2.193519e-01 -2.857719e-03
    outer loop
      vertex   -2.440802e+01 2.179928e+01 8.500000e+00
      vertex   -2.432292e+01 2.221690e+01 5.500000e+00
      vertex   -2.428704e+01 2.233739e+01 8.500000e+00
    endloop
  endfacet
  facet normal 9.362309e-01 -3.513733e-01 2.916165e-03
    outer loop
      vertex   -2.428704e+01 2.233739e+01 8.500000e+00
      vertex   -2.432292e+01 2.221690e+01 5.500000e+00
      vertex   -2.412606e+01 2.274142e+01 5.500000e+00
    endloop
  endfacet
  facet normal 9.218832e-01 -3.874585e-01 -2.713534e-03
    outer loop
      vertex   -2.428704e+01 2.233739e+01 8.500000e+00
      vertex   -2.412606e+01 2.274142e+01 5.500000e+00
      vertex   -2.407334e+01 2.284585e+01 8.500000e+00
    endloop
  endfacet
  facet normal 8.584455e-01 -5.128973e-01 2.767914e-03
    outer loop
      vertex   -2.407334e+01 2.284585e+01 8.500000e+00
      vertex   -2.412606e+01 2.274142e+01 5.500000e+00
      vertex   -2.383871e+01 2.322236e+01 5.500000e+00
    endloop
  endfacet
  facet normal 8.394080e-01 -5.434958e-01 -2.561216e-03
    outer loop
      vertex   -2.407334e+01 2.284585e+01 8.500000e+00
      vertex   -2.383871e+01 2.322236e+01 5.500000e+00
      vertex   -2.377358e+01 2.330882e+01 8.500000e+00
    endloop
  endfacet
  facet normal 7.530689e-01 -6.579365e-01 2.611530e-03
    outer loop
      vertex   -2.377358e+01 2.330882e+01 8.500000e+00
      vertex   -2.383871e+01 2.322236e+01 5.500000e+00
      vertex   -2.347010e+01 2.364427e+01 5.500000e+00
    endloop
  endfacet
  facet normal 7.307851e-01 -6.826033e-01 -2.400766e-03
    outer loop
      vertex   -2.377358e+01 2.330882e+01 8.500000e+00
      vertex   -2.347010e+01 2.364427e+01 5.500000e+00
      vertex   -2.339709e+01 2.371188e+01 8.500000e+00
    endloop
  endfacet
  facet normal 6.234879e-01 -7.818291e-01 2.447015e-03
    outer loop
      vertex   -2.339709e+01 2.371188e+01 8.500000e+00
      vertex   -2.347010e+01 2.364427e+01 5.500000e+00
      vertex   -2.303209e+01 2.399358e+01 5.500000e+00
    endloop
  endfacet
  facet normal 5.993982e-01 -8.004479e-01 -2.232186e-03
    outer loop
      vertex   -2.339709e+01 2.371188e+01 8.500000e+00
      vertex   -2.303209e+01 2.399358e+01 5.500000e+00
      vertex   -2.295561e+01 2.404248e+01 8.500000e+00
    endloop
  endfacet
  facet normal 4.738674e-01 -8.805933e-01 2.274370e-03
    outer loop
      vertex   -2.295561e+01 2.404248e+01 8.500000e+00
      vertex   -2.303209e+01 2.399358e+01 5.500000e+00
      vertex   -2.253874e+01 2.425906e+01 5.500000e+00
    endloop
  endfacet
  facet normal 4.493399e-01 -8.933585e-01 -2.055476e-03
    outer loop
      vertex   -2.295561e+01 2.404248e+01 8.500000e+00
      vertex   -2.253874e+01 2.425906e+01 5.500000e+00
      vertex   -2.246288e+01 2.429031e+01 8.500000e+00
    endloop
  endfacet
  facet normal 3.090163e-01 -9.510544e-01 2.093596e-03
    outer loop
      vertex   -2.246288e+01 2.429031e+01 8.500000e+00
      vertex   -2.253874e+01 2.425906e+01 5.500000e+00
      vertex   -2.200591e+01 2.443218e+01 5.500000e+00
    endloop
  endfacet
  facet normal 2.852845e-01 -9.584410e-01 -1.870639e-03
    outer loop
      vertex   -2.246288e+01 2.429031e+01 8.500000e+00
      vertex   -2.200591e+01 2.443218e+01 5.500000e+00
      vertex   -2.193426e+01 2.444766e+01 8.500000e+00
    endloop
  endfacet
  facet normal 1.342330e-01 -9.909480e-01 1.904696e-03
    outer loop
      vertex   -2.193426e+01 2.444766e+01 8.500000e+00
      vertex   -2.200591e+01 2.443218e+01 5.500000e+00
      vertex   -2.145074e+01 2.450739e+01 5.500000e+00
    endloop
  endfacet
  facet normal 1.123424e-01 -9.936681e-01 -1.677675e-03
    outer loop
      vertex   -2.193426e+01 2.444766e+01 8.500000e+00
      vertex   -2.145074e+01 2.450739e+01 5.500000e+00
      vertex   -2.138621e+01 2.450962e+01 8.500000e+00
    endloop
  endfacet
  facet normal -4.486476e-02 -9.989916e-01 1.707669e-03
    outer loop
      vertex   -2.138621e+01 2.450962e+01 8.500000e+00
      vertex   -2.145074e+01 2.450739e+01 5.500000e+00
      vertex   -2.089105e+01 2.448225e+01 5.500000e+00
    endloop
  endfacet
  facet normal -6.409929e-02 -9.979424e-01 -1.476586e-03
    outer loop
      vertex   -2.138621e+01 2.450962e+01 8.500000e+00
      vertex   -2.089105e+01 2.448225e+01 5.500000e+00
      vertex   -2.083580e+01 2.447426e+01 8.500000e+00
    endloop
  endfacet
  facet normal -2.225207e-01 -9.749268e-01 1.502519e-03
    outer loop
      vertex   -2.083580e+01 2.447426e+01 8.500000e+00
      vertex   -2.089105e+01 2.448225e+01 5.500000e+00
      vertex   -2.034486e+01 2.435759e+01 5.500000e+00
    endloop
  endfacet
  facet normal -2.385444e-01 -9.711308e-01 -1.267374e-03
    outer loop
      vertex   -2.083580e+01 2.447426e+01 8.500000e+00
      vertex   -2.034486e+01 2.435759e+01 5.500000e+00
      vertex   -2.030018e+01 2.434270e+01 8.500000e+00
    endloop
  endfacet
  facet normal -3.930247e-01 -9.195270e-01 1.289246e-03
    outer loop
      vertex   -2.030018e+01 2.434270e+01 8.500000e+00
      vertex   -2.034486e+01 2.435759e+01 5.500000e+00
      vertex   -1.982969e+01 2.413739e+01 5.500000e+00
    endloop
  endfacet
  facet normal -4.055589e-01 -9.140683e-01 -1.050041e-03
    outer loop
      vertex   -2.030018e+01 2.434270e+01 8.500000e+00
      vertex   -1.982969e+01 2.413739e+01 5.500000e+00
      vertex   -1.979603e+01 2.411901e+01 8.500000e+00
    endloop
  endfacet
  facet normal -5.508967e-01 -8.345728e-01 1.067852e-03
    outer loop
      vertex   -1.979603e+01 2.411901e+01 8.500000e+00
      vertex   -1.982969e+01 2.413739e+01 5.500000e+00
      vertex   -1.936213e+01 2.382876e+01 5.500000e+00
    endloop
  endfacet
  facet normal -5.599404e-01 -8.285325e-01 -8.245871e-04
    outer loop
      vertex   -1.979603e+01 2.411901e+01 8.500000e+00
      vertex   -1.936213e+01 2.382876e+01 5.500000e+00
      vertex   -1.933906e+01 2.381018e+01 8.500000e+00
    endloop
  endfacet
  facet normal -6.910624e-01 -7.227946e-01 8.383395e-04
    outer loop
      vertex   -1.933906e+01 2.381018e+01 8.500000e+00
      vertex   -1.936213e+01 2.382876e+01 5.500000e+00
      vertex   -1.895719e+01 2.344159e+01 5.500000e+00
    endloop
  endfacet
  facet normal -6.968797e-01 -7.171878e-01 -5.910152e-04
    outer loop
      vertex   -1.933906e+01 2.381018e+01 8.500000e+00
      vertex   -1.895719e+01 2.344159e+01 5.500000e+00
      vertex   -1.894350e+01 2.342582e+01 8.500000e+00
    endloop
  endfacet
  facet normal -8.090168e-01 -5.877851e-01 6.007093e-04
    outer loop
      vertex   -1.894350e+01 2.342582e+01 8.500000e+00
      vertex   -1.895719e+01 2.344159e+01 5.500000e+00
      vertex   -1.862788e+01 2.298834e+01 5.500000e+00
    endloop
  endfacet
  facet normal -8.121111e-01 -5.835027e-01 -3.493270e-04
    outer loop
      vertex   -1.894350e+01 2.342582e+01 8.500000e+00
      vertex   -1.862788e+01 2.298834e+01 5.500000e+00
      vertex   -1.862167e+01 2.297791e+01 8.500000e+00
    endloop
  endfacet
  facet normal -9.009688e-01 -4.338837e-01 3.549637e-04
    outer loop
      vertex   -1.862167e+01 2.297791e+01 8.500000e+00
      vertex   -1.862788e+01 2.298834e+01 5.500000e+00
      vertex   -1.838480e+01 2.248358e+01 5.500000e+00
    endloop
  endfacet
  facet normal -9.020453e-01 -4.316413e-01 -9.952443e-05
    outer loop
      vertex   -1.862167e+01 2.297791e+01 8.500000e+00
      vertex   -1.838480e+01 2.248358e+01 5.500000e+00
      vertex   -1.838361e+01 2.248039e+01 8.500000e+00
    endloop
  endfacet
  facet normal -9.638807e-01 -2.663343e-01 1.007558e-04
    outer loop
      vertex   -1.838361e+01 2.248039e+01 8.500000e+00
      vertex   -1.838480e+01 2.248358e+01 5.500000e+00
      vertex   -1.823671e+01 2.194877e+01 8.500000e+00
    endloop
  endfacet
  facet normal -9.639628e-01 -2.660368e-01 1.578441e-04
    outer loop
      vertex   -1.823671e+01 2.194877e+01 8.500000e+00
      vertex   -1.838480e+01 2.248358e+01 5.500000e+00
      vertex   -1.823575e+01 2.194352e+01 5.500000e+00
    endloop
  endfacet
  facet normal -9.956912e-01 -9.273100e-02 -1.553685e-04
    outer loop
      vertex   -1.823671e+01 2.194877e+01 8.500000e+00
      vertex   -1.823575e+01 2.194352e+01 5.500000e+00
      vertex   -1.818557e+01 2.139960e+01 8.500000e+00
    endloop
  endfacet
  facet normal -9.959742e-01 -8.963930e-02 4.099122e-04
    outer loop
      vertex   -1.818557e+01 2.139960e+01 8.500000e+00
      vertex   -1.823575e+01 2.194352e+01 5.500000e+00
      vertex   -1.818553e+01 2.138553e+01 5.500000e+00
    endloop
  endfacet
  facet normal -9.964858e-01 8.376089e-02 -4.033799e-04
    outer loop
      vertex   -1.818557e+01 2.139960e+01 8.500000e+00
      vertex   -1.818553e+01 2.138553e+01 5.500000e+00
      vertex   -1.823176e+01 2.085000e+01 8.500000e+00
    endloop
  endfacet
  facet normal -9.959741e-01 8.963929e-02 6.538664e-04
    outer loop
      vertex   -1.823176e+01 2.085000e+01 8.500000e+00
      vertex   -1.818553e+01 2.138553e+01 5.500000e+00
      vertex   -1.823575e+01 2.082754e+01 5.500000e+00
    endloop
  endfacet
  facet normal -9.788022e-01 2.048079e-01 -2.310665e-04
    outer loop
      vertex   -1.823176e+01 2.085000e+01 8.500000e+00
      vertex   -1.823575e+01 2.082754e+01 5.500000e+00
      vertex   -1.827500e+01 2.064313e+01 8.293133e+00
    endloop
  endfacet
  facet normal -9.639551e-01 2.660347e-01 4.019911e-03
    outer loop
      vertex   -1.827500e+01 2.064313e+01 8.293133e+00
      vertex   -1.823575e+01 2.082754e+01 5.500000e+00
      vertex   -1.838480e+01 2.028749e+01 5.500000e+00
    endloop
  endfacet
  facet normal -9.572543e-01 2.892465e-01 8.009798e-04
    outer loop
      vertex   -1.827500e+01 2.064313e+01 8.293133e+00
      vertex   -1.838480e+01 2.028749e+01 5.500000e+00
      vertex   -1.837327e+01 2.031880e+01 7.969646e+00
    endloop
  endfacet
  facet normal -9.203707e-01 3.910464e-01 -6.617942e-04
    outer loop
      vertex   -1.837327e+01 2.031880e+01 7.969646e+00
      vertex   -1.838480e+01 2.028749e+01 5.500000e+00
      vertex   -1.850199e+01 2.001535e+01 7.670735e+00
    endloop
  endfacet
  facet normal -9.009539e-01 4.338766e-01 5.755985e-03
    outer loop
      vertex   -1.850199e+01 2.001535e+01 7.670735e+00
      vertex   -1.838480e+01 2.028749e+01 5.500000e+00
      vertex   -1.862788e+01 1.978272e+01 5.500000e+00
    endloop
  endfacet
  facet normal -8.746348e-01 4.847809e-01 -1.225457e-03
    outer loop
      vertex   -1.850199e+01 2.001535e+01 7.670735e+00
      vertex   -1.862788e+01 1.978272e+01 5.500000e+00
      vertex   -1.865714e+01 1.973474e+01 7.401354e+00
    endloop
  endfacet
  facet normal -8.213608e-01 5.704063e-01 1.755468e-03
    outer loop
      vertex   -1.865714e+01 1.973474e+01 7.401354e+00
      vertex   -1.862788e+01 1.978272e+01 5.500000e+00
      vertex   -1.884149e+01 1.947003e+01 7.158672e+00
    endloop
  endfacet
  facet normal -8.089993e-01 5.877724e-01 6.621300e-03
    outer loop
      vertex   -1.884149e+01 1.947003e+01 7.158672e+00
      vertex   -1.862788e+01 1.978272e+01 5.500000e+00
      vertex   -1.895719e+01 1.932948e+01 5.500000e+00
    endloop
  endfacet
  facet normal -7.542948e-01 6.565290e-01 -3.020784e-03
    outer loop
      vertex   -1.884149e+01 1.947003e+01 7.158672e+00
      vertex   -1.895719e+01 1.932948e+01 5.500000e+00
      vertex   -1.906491e+01 1.921235e+01 6.942272e+00
    endloop
  endfacet
  facet normal -6.910453e-01 7.227767e-01 7.083344e-03
    outer loop
      vertex   -1.906491e+01 1.921235e+01 6.942272e+00
      vertex   -1.895719e+01 1.932948e+01 5.500000e+00
      vertex   -1.936213e+01 1.894231e+01 5.500000e+00
    endloop
  endfacet
  facet normal -6.780923e-01 7.349737e-01 2.130376e-03
    outer loop
      vertex   -1.906491e+01 1.921235e+01 6.942272e+00
      vertex   -1.936213e+01 1.894231e+01 5.500000e+00
      vertex   -1.932988e+01 1.896839e+01 6.769013e+00
    endloop
  endfacet
  facet normal -5.848349e-01 8.111504e-01 -1.804937e-03
    outer loop
      vertex   -1.932988e+01 1.896839e+01 6.769013e+00
      vertex   -1.936213e+01 1.894231e+01 5.500000e+00
      vertex   -1.964035e+01 1.874429e+01 6.658618e+00
    endloop
  endfacet
  facet normal -5.508675e-01 8.345286e-01 1.034725e-02
    outer loop
      vertex   -1.964035e+01 1.874429e+01 6.658618e+00
      vertex   -1.936213e+01 1.894231e+01 5.500000e+00
      vertex   -1.982969e+01 1.863367e+01 5.500000e+00
    endloop
  endfacet
  facet normal -5.078502e-01 8.614451e-01 7.473825e-04
    outer loop
      vertex   -1.964035e+01 1.874429e+01 6.658618e+00
      vertex   -1.982969e+01 1.863367e+01 5.500000e+00
      vertex   -1.980913e+01 1.864481e+01 6.634503e+00
    endloop
  endfacet
  facet normal -4.523708e-01 8.918298e-01 -5.565848e-04
    outer loop
      vertex   -1.980913e+01 1.864481e+01 6.634503e+00
      vertex   -1.982969e+01 1.863367e+01 5.500000e+00
      vertex   -1.998542e+01 1.855539e+01 6.633194e+00
    endloop
  endfacet
  facet normal -3.930073e-01 9.194862e-01 9.512019e-03
    outer loop
      vertex   -1.998542e+01 1.855539e+01 6.633194e+00
      vertex   -1.982969e+01 1.863367e+01 5.500000e+00
      vertex   -2.034486e+01 1.841348e+01 5.500000e+00
    endloop
  endfacet
  facet normal -3.665698e-01 9.303905e-01 -2.390839e-04
    outer loop
      vertex   -1.998542e+01 1.855539e+01 6.633194e+00
      vertex   -2.034486e+01 1.841348e+01 5.500000e+00
      vertex   -2.034942e+01 1.841199e+01 6.698534e+00
    endloop
  endfacet
  facet normal -2.500663e-01 9.682287e-01 2.516420e-04
    outer loop
      vertex   -2.034942e+01 1.841199e+01 6.698534e+00
      vertex   -2.034486e+01 1.841348e+01 5.500000e+00
      vertex   -2.071052e+01 1.831869e+01 6.839883e+00
    endloop
  endfacet
  facet normal -2.225134e-01 9.748948e-01 8.242745e-03
    outer loop
      vertex   -2.071052e+01 1.831869e+01 6.839883e+00
      vertex   -2.034486e+01 1.841348e+01 5.500000e+00
      vertex   -2.089105e+01 1.828882e+01 5.500000e+00
    endloop
  endfacet
  facet normal -1.383933e-01 9.903714e-01 -3.436330e-03
    outer loop
      vertex   -2.071052e+01 1.831869e+01 6.839883e+00
      vertex   -2.089105e+01 1.828882e+01 5.500000e+00
      vertex   -2.105886e+01 1.827069e+01 7.034871e+00
    endloop
  endfacet
  facet normal -4.486377e-02 9.989694e-01 6.890520e-03
    outer loop
      vertex   -2.105886e+01 1.827069e+01 7.034871e+00
      vertex   -2.089105e+01 1.828882e+01 5.500000e+00
      vertex   -2.145074e+01 1.826368e+01 5.500000e+00
    endloop
  endfacet
  facet normal -2.563613e-02 9.996694e-01 1.978187e-03
    outer loop
      vertex   -2.105886e+01 1.827069e+01 7.034871e+00
      vertex   -2.145074e+01 1.826368e+01 5.500000e+00
      vertex   -2.139405e+01 1.826164e+01 7.266804e+00
    endloop
  endfacet
  facet normal 7.988295e-02 9.968033e-01 -1.410583e-03
    outer loop
      vertex   -2.139405e+01 1.826164e+01 7.266804e+00
      vertex   -2.145074e+01 1.826368e+01 5.500000e+00
      vertex   -2.173271e+01 1.828916e+01 7.538023e+00
    endloop
  endfacet
  facet normal 1.342307e-01 9.909308e-01 6.182264e-03
    outer loop
      vertex   -2.173271e+01 1.828916e+01 7.538023e+00
      vertex   -2.145074e+01 1.826368e+01 5.500000e+00
      vertex   -2.200591e+01 1.833888e+01 5.500000e+00
    endloop
  endfacet
  facet normal 1.887437e-01 9.820255e-01 -1.342537e-03
    outer loop
      vertex   -2.173271e+01 1.828916e+01 7.538023e+00
      vertex   -2.200591e+01 1.833888e+01 5.500000e+00
      vertex   -2.207306e+01 1.835499e+01 7.843065e+00
    endloop
  endfacet
  facet normal 2.992313e-01 9.541785e-01 2.015534e-03
    outer loop
      vertex   -2.207306e+01 1.835499e+01 7.843065e+00
      vertex   -2.200591e+01 1.833888e+01 5.500000e+00
      vertex   -2.240399e+01 1.845809e+01 8.167985e+00
    endloop
  endfacet
  facet normal 3.090150e-01 9.510503e-01 3.615087e-03
    outer loop
      vertex   -2.240399e+01 1.845809e+01 8.167985e+00
      vertex   -2.200591e+01 1.833888e+01 5.500000e+00
      vertex   -2.253874e+01 1.851201e+01 5.500000e+00
    endloop
  endfacet
  facet normal 9.951847e-01 9.801714e-02 -0.000000e+00
    outer loop
      vertex   -2.077500e+01 7.850000e+00 4.500000e+00
      vertex   -2.077500e+01 7.850000e+00 5.500000e+00
      vertex   -2.072696e+01 7.362274e+00 4.500000e+00
    endloop
  endfacet
  facet normal 9.951847e-01 9.801714e-02 -0.000000e+00
    outer loop
      vertex   -2.072696e+01 7.362274e+00 4.500000e+00
      vertex   -2.077500e+01 7.850000e+00 5.500000e+00
      vertex   -2.072696e+01 7.362274e+00 5.500000e+00
    endloop
  endfacet
  facet normal 9.569403e-01 2.902847e-01 -0.000000e+00
    outer loop
      vertex   -2.072696e+01 7.362274e+00 4.500000e+00
      vertex   -2.072696e+01 7.362274e+00 5.500000e+00
      vertex   -2.058470e+01 6.893291e+00 4.500000e+00
    endloop
  endfacet
  facet normal 9.569403e-01 2.902847e-01 -0.000000e+00
    outer loop
      vertex   -2.058470e+01 6.893291e+00 4.500000e+00
      vertex   -2.072696e+01 7.362274e+00 5.500000e+00
      vertex   -2.058470e+01 6.893291e+00 5.500000e+00
    endloop
  endfacet
  facet normal 8.819213e-01 4.713967e-01 -0.000000e+00
    outer loop
      vertex   -2.058470e+01 6.893291e+00 4.500000e+00
      vertex   -2.058470e+01 6.893291e+00 5.500000e+00
      vertex   -2.035367e+01 6.461074e+00 4.500000e+00
    endloop
  endfacet
  facet normal 8.819213e-01 4.713967e-01 -0.000000e+00
    outer loop
      vertex   -2.035367e+01 6.461074e+00 4.500000e+00
      vertex   -2.058470e+01 6.893291e+00 5.500000e+00
      vertex   -2.035367e+01 6.461074e+00 5.500000e+00
    endloop
  endfacet
  facet normal 7.730105e-01 6.343933e-01 -0.000000e+00
    outer loop
      vertex   -2.035367e+01 6.461074e+00 4.500000e+00
      vertex   -2.035367e+01 6.461074e+00 5.500000e+00
      vertex   -2.004277e+01 6.082233e+00 4.500000e+00
    endloop
  endfacet
  facet normal 7.730105e-01 6.343933e-01 -0.000000e+00
    outer loop
      vertex   -2.004277e+01 6.082233e+00 4.500000e+00
      vertex   -2.035367e+01 6.461074e+00 5.500000e+00
      vertex   -2.004277e+01 6.082233e+00 5.500000e+00
    endloop
  endfacet
  facet normal 6.343933e-01 7.730105e-01 -0.000000e+00
    outer loop
      vertex   -2.004277e+01 6.082233e+00 4.500000e+00
      vertex   -2.004277e+01 6.082233e+00 5.500000e+00
      vertex   -1.966393e+01 5.771326e+00 4.500000e+00
    endloop
  endfacet
  facet normal 6.343933e-01 7.730105e-01 -0.000000e+00
    outer loop
      vertex   -1.966393e+01 5.771326e+00 4.500000e+00
      vertex   -2.004277e+01 6.082233e+00 5.500000e+00
      vertex   -1.966393e+01 5.771326e+00 5.500000e+00
    endloop
  endfacet
  facet normal 4.713967e-01 8.819213e-01 -0.000000e+00
    outer loop
      vertex   -1.966393e+01 5.771326e+00 4.500000e+00
      vertex   -1.966393e+01 5.771326e+00 5.500000e+00
      vertex   -1.923171e+01 5.540301e+00 4.500000e+00
    endloop
  endfacet
  facet normal 4.713967e-01 8.819213e-01 -0.000000e+00
    outer loop
      vertex   -1.923171e+01 5.540301e+00 4.500000e+00
      vertex   -1.966393e+01 5.771326e+00 5.500000e+00
      vertex   -1.923171e+01 5.540301e+00 5.500000e+00
    endloop
  endfacet
  facet normal 2.902847e-01 9.569403e-01 -0.000000e+00
    outer loop
      vertex   -1.923171e+01 5.540301e+00 4.500000e+00
      vertex   -1.923171e+01 5.540301e+00 5.500000e+00
      vertex   -1.876273e+01 5.398037e+00 4.500000e+00
    endloop
  endfacet
  facet normal 2.902847e-01 9.569403e-01 -0.000000e+00
    outer loop
      vertex   -1.876273e+01 5.398037e+00 4.500000e+00
      vertex   -1.923171e+01 5.540301e+00 5.500000e+00
      vertex   -1.876273e+01 5.398037e+00 5.500000e+00
    endloop
  endfacet
  facet normal 9.801714e-02 9.951847e-01 -0.000000e+00
    outer loop
      vertex   -1.876273e+01 5.398037e+00 4.500000e+00
      vertex   -1.876273e+01 5.398037e+00 5.500000e+00
      vertex   -1.827500e+01 5.350000e+00 4.500000e+00
    endloop
  endfacet
  facet normal 9.801714e-02 9.951847e-01 -8.839016e-16
    outer loop
      vertex   -1.827500e+01 5.350000e+00 4.500000e+00
      vertex   -1.876273e+01 5.398037e+00 5.500000e+00
      vertex   -1.827500e+01 5.350000e+00 5.500000e+00
    endloop
  endfacet
  facet normal 1.000000e+00 0.000000e+00 0.000000e+00
    outer loop
      vertex   -2.077500e+01 1.535000e+01 5.500000e+00
      vertex   -2.077500e+01 7.850000e+00 5.500000e+00
      vertex   -2.077500e+01 1.535000e+01 4.500000e+00
    endloop
  endfacet
  facet normal 1.000000e+00 0.000000e+00 0.000000e+00
    outer loop
      vertex   -2.077500e+01 1.535000e+01 4.500000e+00
      vertex   -2.077500e+01 7.850000e+00 5.500000e+00
      vertex   -2.077500e+01 7.850000e+00 4.500000e+00
    endloop
  endfacet
  facet normal 8.514234e-01 -5.244439e-01 -6.062196e-03
    outer loop
      vertex   -2.050028e+01 1.648935e+01 5.500000e+00
      vertex   -2.035367e+01 1.673893e+01 4.500000e+00
      vertex   -2.029368e+01 1.682476e+01 5.500000e+00
    endloop
  endfacet
  facet normal 7.729852e-01 -6.343726e-01 8.079297e-03
    outer loop
      vertex   -2.029368e+01 1.682476e+01 5.500000e+00
      vertex   -2.035367e+01 1.673893e+01 4.500000e+00
      vertex   -2.004277e+01 1.711777e+01 4.500000e+00
    endloop
  endfacet
  facet normal 7.713260e-01 -6.364010e-01 7.068627e-03
    outer loop
      vertex   -2.029368e+01 1.682476e+01 5.500000e+00
      vertex   -2.004277e+01 1.711777e+01 4.500000e+00
      vertex   -2.010687e+01 1.705118e+01 5.500000e+00
    endloop
  endfacet
  facet normal 6.916029e-01 -7.222681e-01 -3.760110e-03
    outer loop
      vertex   -2.010687e+01 1.705118e+01 5.500000e+00
      vertex   -2.004277e+01 1.711777e+01 4.500000e+00
      vertex   -1.989486e+01 1.725419e+01 5.500000e+00
    endloop
  endfacet
  facet normal 6.343504e-01 -7.729582e-01 1.162300e-02
    outer loop
      vertex   -1.989486e+01 1.725419e+01 5.500000e+00
      vertex   -2.004277e+01 1.711777e+01 4.500000e+00
      vertex   -1.966393e+01 1.742867e+01 4.500000e+00
    endloop
  endfacet
  facet normal 6.020443e-01 -7.984626e-01 -2.878302e-04
    outer loop
      vertex   -1.989486e+01 1.725419e+01 5.500000e+00
      vertex   -1.966393e+01 1.742867e+01 4.500000e+00
      vertex   -1.966049e+01 1.743090e+01 5.500000e+00
    endloop
  endfacet
  facet normal 5.036950e-01 -8.638815e-01 1.952156e-04
    outer loop
      vertex   -1.966049e+01 1.743090e+01 5.500000e+00
      vertex   -1.966393e+01 1.742867e+01 4.500000e+00
      vertex   -1.940694e+01 1.757874e+01 5.500000e+00
    endloop
  endfacet
  facet normal 4.713672e-01 -8.818659e-01 1.120187e-02
    outer loop
      vertex   -1.940694e+01 1.757874e+01 5.500000e+00
      vertex   -1.966393e+01 1.742867e+01 4.500000e+00
      vertex   -1.923171e+01 1.765970e+01 4.500000e+00
    endloop
  endfacet
  facet normal 3.996009e-01 -9.166796e-01 -4.192265e-03
    outer loop
      vertex   -1.940694e+01 1.757874e+01 5.500000e+00
      vertex   -1.923171e+01 1.765970e+01 4.500000e+00
      vertex   -1.913786e+01 1.769603e+01 5.500000e+00
    endloop
  endfacet
  facet normal 2.902764e-01 -9.569132e-01 7.529052e-03
    outer loop
      vertex   -1.913786e+01 1.769603e+01 5.500000e+00
      vertex   -1.923171e+01 1.765970e+01 4.500000e+00
      vertex   -1.876273e+01 1.780196e+01 4.500000e+00
    endloop
  endfacet
  facet normal 2.902121e-01 -9.569329e-01 7.502822e-03
    outer loop
      vertex   -1.913786e+01 1.769603e+01 5.500000e+00
      vertex   -1.876273e+01 1.780196e+01 4.500000e+00
      vertex   -1.885699e+01 1.778122e+01 5.500000e+00
    endloop
  endfacet
  facet normal 1.756182e-01 -9.844507e-01 -3.869615e-03
    outer loop
      vertex   -1.885699e+01 1.778122e+01 5.500000e+00
      vertex   -1.876273e+01 1.780196e+01 4.500000e+00
      vertex   -1.856803e+01 1.783276e+01 5.500000e+00
    endloop
  endfacet
  facet normal 9.801058e-02 -9.951181e-01 1.156888e-02
    outer loop
      vertex   -1.856803e+01 1.783276e+01 5.500000e+00
      vertex   -1.876273e+01 1.780196e+01 4.500000e+00
      vertex   -1.827500e+01 1.785000e+01 4.500000e+00
    endloop
  endfacet
  facet normal 5.871597e-02 -9.982747e-01 -2.084359e-16
    outer loop
      vertex   -1.856803e+01 1.783276e+01 5.500000e+00
      vertex   -1.827500e+01 1.785000e+01 4.500000e+00
      vertex   -1.827500e+01 1.785000e+01 5.500000e+00
    endloop
  endfacet
  facet normal 8.818614e-01 -4.713648e-01 1.164719e-02
    outer loop
      vertex   -2.035367e+01 1.673893e+01 4.500000e+00
      vertex   -2.050028e+01 1.648935e+01 5.500000e+00
      vertex   -2.058470e+01 1.630671e+01 4.500000e+00
    endloop
  endfacet
  facet normal 9.232233e-01 -3.841855e-01 -7.767501e-03
    outer loop
      vertex   -2.058470e+01 1.630671e+01 4.500000e+00
      vertex   -2.050028e+01 1.648935e+01 5.500000e+00
      vertex   -2.065163e+01 1.612566e+01 5.500000e+00
    endloop
  endfacet
  facet normal 9.568772e-01 -2.902655e-01 1.148902e-02
    outer loop
      vertex   -2.058470e+01 1.630671e+01 4.500000e+00
      vertex   -2.065163e+01 1.612566e+01 5.500000e+00
      vertex   -2.072696e+01 1.583773e+01 4.500000e+00
    endloop
  endfacet
  facet normal 9.721238e-01 -2.343976e-01 -5.745867e-03
    outer loop
      vertex   -2.072696e+01 1.583773e+01 4.500000e+00
      vertex   -2.065163e+01 1.612566e+01 5.500000e+00
      vertex   -2.074396e+01 1.574270e+01 5.500000e+00
    endloop
  endfacet
  facet normal 9.951559e-01 -9.801431e-02 7.604969e-03
    outer loop
      vertex   -2.072696e+01 1.583773e+01 4.500000e+00
      vertex   -2.074396e+01 1.574270e+01 5.500000e+00
      vertex   -2.077500e+01 1.535000e+01 4.500000e+00
    endloop
  endfacet
  facet normal 9.968916e-01 -7.878586e-02 0.000000e+00
    outer loop
      vertex   -2.077500e+01 1.535000e+01 4.500000e+00
      vertex   -2.074396e+01 1.574270e+01 5.500000e+00
      vertex   -2.077500e+01 1.535000e+01 5.500000e+00
    endloop
  endfacet
  facet normal 0.000000e+00 -1.000000e+00 -0.000000e+00
    outer loop
      vertex   -1.827500e+01 1.785000e+01 5.500000e+00
      vertex   -1.827500e+01 1.785000e+01 4.500000e+00
      vertex   -1.823176e+01 1.785000e+01 5.500000e+00
    endloop
  endfacet
  facet normal 0.000000e+00 -1.000000e+00 -0.000000e+00
    outer loop
      vertex   -1.823176e+01 1.785000e+01 5.500000e+00
      vertex   -1.827500e+01 1.785000e+01 4.500000e+00
      vertex   1.677500e+01 1.785000e+01 4.500000e+00
    endloop
  endfacet
  facet normal 0.000000e+00 -1.000000e+00 0.000000e+00
    outer loop
      vertex   -1.823176e+01 1.785000e+01 5.500000e+00
      vertex   1.677500e+01 1.785000e+01 4.500000e+00
      vertex   1.677500e+01 1.785000e+01 5.500000e+00
    endloop
  endfacet
  facet normal -0.000000e+00 0.000000e+00 -1.000000e+00
    outer loop
      vertex   1.777500e+01 2.685000e+01 4.500000e+00
      vertex   1.677500e+01 1.785000e+01 4.500000e+00
      vertex   -1.777500e+01 2.685000e+01 4.500000e+00
    endloop
  endfacet
  facet normal 0.000000e+00 -0.000000e+00 -1.000000e+00
    outer loop
      vertex   -1.777500e+01 2.685000e+01 4.500000e+00
      vertex   1.677500e+01 1.785000e+01 4.500000e+00
      vertex   -1.827500e+01 1.785000e+01 4.500000e+00
    endloop
  endfacet
  facet normal 0.000000e+00 0.000000e+00 -1.000000e+00
    outer loop
      vertex   -1.777500e+01 2.685000e+01 4.500000e+00
      vertex   -1.827500e+01 1.785000e+01 4.500000e+00
      vertex   -1.996053e+01 2.138553e+01 4.500000e+00
    endloop
  endfacet
  facet normal 0.000000e+00 -0.000000e+00 -1.000000e+00
    outer loop
      vertex   -1.996053e+01 2.138553e+01 4.500000e+00
      vertex   -1.827500e+01 1.785000e+01 4.500000e+00
      vertex   -2.000653e+01 2.103613e+01 4.500000e+00
    endloop
  endfacet
  facet normal 0.000000e+00 -0.000000e+00 -1.000000e+00
    outer loop
      vertex   -2.000653e+01 2.103613e+01 4.500000e+00
      vertex   -1.827500e+01 1.785000e+01 4.500000e+00
      vertex   -2.014140e+01 2.071053e+01 4.500000e+00
    endloop
  endfacet
  facet normal 0.000000e+00 0.000000e+00 -1.000000e+00
    outer loop
      vertex   -2.014140e+01 2.071053e+01 4.500000e+00
      vertex   -1.827500e+01 1.785000e+01 4.500000e+00
      vertex   -1.876273e+01 1.780196e+01 4.500000e+00
    endloop
  endfacet
  facet normal 0.000000e+00 -0.000000e+00 -1.000000e+00
    outer loop
      vertex   -2.014140e+01 2.071053e+01 4.500000e+00
      vertex   -1.876273e+01 1.780196e+01 4.500000e+00
      vertex   -2.035594e+01 2.043094e+01 4.500000e+00
    endloop
  endfacet
  facet normal 0.000000e+00 0.000000e+00 -1.000000e+00
    outer loop
      vertex   -2.035594e+01 2.043094e+01 4.500000e+00
      vertex   -1.876273e+01 1.780196e+01 4.500000e+00
      vertex   -1.923171e+01 1.765970e+01 4.500000e+00
    endloop
  endfacet
  facet normal 0.000000e+00 -0.000000e+00 -1.000000e+00
    outer loop
      vertex   -2.035594e+01 2.043094e+01 4.500000e+00
      vertex   -1.923171e+01 1.765970e+01 4.500000e+00
      vertex   -2.063553e+01 2.021640e+01 4.500000e+00
    endloop
  endfacet
  facet normal 0.000000e+00 0.000000e+00 -1.000000e+00
    outer loop
      vertex   -2.063553e+01 2.021640e+01 4.500000e+00
      vertex   -1.923171e+01 1.765970e+01 4.500000e+00
      vertex   -1.966393e+01 1.742867e+01 4.500000e+00
    endloop
  endfacet
  facet normal 0.000000e+00 -0.000000e+00 -1.000000e+00
    outer loop
      vertex   -2.063553e+01 2.021640e+01 4.500000e+00
      vertex   -1.966393e+01 1.742867e+01 4.500000e+00
      vertex   -2.096113e+01 2.008153e+01 4.500000e+00
    endloop
  endfacet
  facet normal 0.000000e+00 0.000000e+00 -1.000000e+00
    outer loop
      vertex   -2.096113e+01 2.008153e+01 4.500000e+00
      vertex   -1.966393e+01 1.742867e+01 4.500000e+00
      vertex   -2.004277e+01 1.711777e+01 4.500000e+00
    endloop
  endfacet
  facet normal 0.000000e+00 -0.000000e+00 -1.000000e+00
    outer loop
      vertex   -2.096113e+01 2.008153e+01 4.500000e+00
      vertex   -2.004277e+01 1.711777e+01 4.500000e+00
      vertex   -2.131053e+01 2.003553e+01 4.500000e+00
    endloop
  endfacet
  facet normal 0.000000e+00 0.000000e+00 -1.000000e+00
    outer loop
      vertex   -2.131053e+01 2.003553e+01 4.500000e+00
      vertex   -2.004277e+01 1.711777e+01 4.500000e+00
      vertex   -2.035367e+01 1.673893e+01 4.500000e+00
    endloop
  endfacet
  facet normal -0.000000e+00 -0.000000e+00 -1.000000e+00
    outer loop
      vertex   -2.131053e+01 2.003553e+01 4.500000e+00
      vertex   -2.035367e+01 1.673893e+01 4.500000e+00
      vertex   -2.165994e+01 2.008153e+01 4.500000e+00
    endloop
  endfacet
  facet normal 0.000000e+00 0.000000e+00 -1.000000e+00
    outer loop
      vertex   -2.165994e+01 2.008153e+01 4.500000e+00
      vertex   -2.035367e+01 1.673893e+01 4.500000e+00
      vertex   -2.058470e+01 1.630671e+01 4.500000e+00
    endloop
  endfacet
  facet normal -0.000000e+00 -0.000000e+00 -1.000000e+00
    outer loop
      vertex   -2.165994e+01 2.008153e+01 4.500000e+00
      vertex   -2.058470e+01 1.630671e+01 4.500000e+00
      vertex   -2.198553e+01 2.021640e+01 4.500000e+00
    endloop
  endfacet
  facet normal 0.000000e+00 -0.000000e+00 -1.000000e+00
    outer loop
      vertex   -2.198553e+01 2.021640e+01 4.500000e+00
      vertex   -2.058470e+01 1.630671e+01 4.500000e+00
      vertex   -2.677500e+01 1.785000e+01 4.500000e+00
    endloop
  endfacet
  facet normal -0.000000e+00 0.000000e+00 -1.000000e+00
    outer loop
      vertex   -2.198553e+01 2.021640e+01 4.500000e+00
      vertex   -2.677500e+01 1.785000e+01 4.500000e+00
      vertex   -2.226513e+01 2.043094e+01 4.500000e+00
    endloop
  endfacet
  facet normal 0.000000e+00 0.000000e+00 -1.000000e+00
    outer loop
      vertex   -2.226513e+01 2.043094e+01 4.500000e+00
      vertex   -2.677500e+01 1.785000e+01 4.500000e+00
      vertex   -2.672570e+01 1.879076e+01 4.500000e+00
    endloop
  endfacet
  facet normal 0.000000e+00 0.000000e+00 -1.000000e+00
    outer loop
      vertex   -2.226513e+01 2.043094e+01 4.500000e+00
      vertex   -2.672570e+01 1.879076e+01 4.500000e+00
      vertex   -2.657833e+01 1.972121e+01 4.500000e+00
    endloop
  endfacet
  facet normal 0.000000e+00 0.000000e+00 -1.000000e+00
    outer loop
      vertex   1.677500e+01 1.785000e+01 4.500000e+00
      vertex   1.777500e+01 2.685000e+01 4.500000e+00
      vertex   1.703382e+01 1.781593e+01 4.500000e+00
    endloop
  endfacet
  facet normal 0.000000e+00 0.000000e+00 -1.000000e+00
    outer loop
      vertex   1.703382e+01 1.781593e+01 4.500000e+00
      vertex   1.777500e+01 2.685000e+01 4.500000e+00
      vertex   1.871576e+01 2.680070e+01 4.500000e+00
    endloop
  endfacet
  facet normal 0.000000e+00 0.000000e+00 -1.000000e+00
    outer loop
      vertex   1.703382e+01 1.781593e+01 4.500000e+00
      vertex   1.871576e+01 2.680070e+01 4.500000e+00
      vertex   1.964621e+01 2.665333e+01 4.500000e+00
    endloop
  endfacet
  facet normal 0.000000e+00 -0.000000e+00 -1.000000e+00
    outer loop
      vertex   1.964621e+01 2.665333e+01 4.500000e+00
      vertex   2.055615e+01 2.640951e+01 4.500000e+00
      vertex   1.703382e+01 1.781593e+01 4.500000e+00
    endloop
  endfacet
  facet normal 0.000000e+00 0.000000e+00 -1.000000e+00
    outer loop
      vertex   1.703382e+01 1.781593e+01 4.500000e+00
      vertex   2.055615e+01 2.640951e+01 4.500000e+00
      vertex   1.727500e+01 1.771603e+01 4.500000e+00
    endloop
  endfacet
  facet normal 0.000000e+00 0.000000e+00 -1.000000e+00
    outer loop
      vertex   1.727500e+01 1.771603e+01 4.500000e+00
      vertex   2.055615e+01 2.640951e+01 4.500000e+00
      vertex   2.143563e+01 2.607191e+01 4.500000e+00
    endloop
  endfacet
  facet normal 0.000000e+00 0.000000e+00 -1.000000e+00
    outer loop
      vertex   1.727500e+01 1.771603e+01 4.500000e+00
      vertex   2.143563e+01 2.607191e+01 4.500000e+00
      vertex   2.227500e+01 2.564423e+01 4.500000e+00
    endloop
  endfacet
  facet normal 0.000000e+00 -0.000000e+00 -1.000000e+00
    outer loop
      vertex   2.227500e+01 2.564423e+01 4.500000e+00
      vertex   2.306507e+01 2.513115e+01 4.500000e+00
      vertex   1.727500e+01 1.771603e+01 4.500000e+00
    endloop
  endfacet
  facet normal 0.000000e+00 0.000000e+00 -1.000000e+00
    outer loop
      vertex   1.727500e+01 1.771603e+01 4.500000e+00
      vertex   2.306507e+01 2.513115e+01 4.500000e+00
      vertex   1.748211e+01 1.755711e+01 4.500000e+00
    endloop
  endfacet
  facet normal 0.000000e+00 0.000000e+00 -1.000000e+00
    outer loop
      vertex   1.748211e+01 1.755711e+01 4.500000e+00
      vertex   2.306507e+01 2.513115e+01 4.500000e+00
      vertex   2.379718e+01 2.453830e+01 4.500000e+00
    endloop
  endfacet
  facet normal 0.000000e+00 0.000000e+00 -1.000000e+00
    outer loop
      vertex   1.748211e+01 1.755711e+01 4.500000e+00
      vertex   2.379718e+01 2.453830e+01 4.500000e+00
      vertex   2.446330e+01 2.387218e+01 4.500000e+00
    endloop
  endfacet
  facet normal 0.000000e+00 -0.000000e+00 -1.000000e+00
    outer loop
      vertex   2.446330e+01 2.387218e+01 4.500000e+00
      vertex   2.505615e+01 2.314007e+01 4.500000e+00
      vertex   1.748211e+01 1.755711e+01 4.500000e+00
    endloop
  endfacet
  facet normal 0.000000e+00 0.000000e+00 -1.000000e+00
    outer loop
      vertex   1.748211e+01 1.755711e+01 4.500000e+00
      vertex   2.505615e+01 2.314007e+01 4.500000e+00
      vertex   1.764103e+01 1.735000e+01 4.500000e+00
    endloop
  endfacet
  facet normal 0.000000e+00 0.000000e+00 -1.000000e+00
    outer loop
      vertex   1.764103e+01 1.735000e+01 4.500000e+00
      vertex   2.505615e+01 2.314007e+01 4.500000e+00
      vertex   2.556923e+01 2.235000e+01 4.500000e+00
    endloop
  endfacet
  facet normal 0.000000e+00 0.000000e+00 -1.000000e+00
    outer loop
      vertex   1.764103e+01 1.735000e+01 4.500000e+00
      vertex   2.556923e+01 2.235000e+01 4.500000e+00
      vertex   2.599691e+01 2.151063e+01 4.500000e+00
    endloop
  endfacet
  facet normal 0.000000e+00 -0.000000e+00 -1.000000e+00
    outer loop
      vertex   2.599691e+01 2.151063e+01 4.500000e+00
      vertex   2.633451e+01 2.063115e+01 4.500000e+00
      vertex   1.764103e+01 1.735000e+01 4.500000e+00
    endloop
  endfacet
  facet normal 0.000000e+00 0.000000e+00 -1.000000e+00
    outer loop
      vertex   1.764103e+01 1.735000e+01 4.500000e+00
      vertex   2.633451e+01 2.063115e+01 4.500000e+00
      vertex   1.774093e+01 1.710882e+01 4.500000e+00
    endloop
  endfacet
  facet normal 0.000000e+00 0.000000e+00 -1.000000e+00
    outer loop
      vertex   1.774093e+01 1.710882e+01 4.500000e+00
      vertex   2.633451e+01 2.063115e+01 4.500000e+00
      vertex   2.657833e+01 1.972121e+01 4.500000e+00
    endloop
  endfacet
  facet normal 0.000000e+00 0.000000e+00 -1.000000e+00
    outer loop
      vertex   1.774093e+01 1.710882e+01 4.500000e+00
      vertex   2.657833e+01 1.972121e+01 4.500000e+00
      vertex   2.672570e+01 1.879076e+01 4.500000e+00
    endloop
  endfacet
  facet normal 0.000000e+00 -0.000000e+00 -1.000000e+00
    outer loop
      vertex   2.672570e+01 1.879076e+01 4.500000e+00
      vertex   2.677500e+01 1.785000e+01 4.500000e+00
      vertex   1.774093e+01 1.710882e+01 4.500000e+00
    endloop
  endfacet
  facet normal 0.000000e+00 0.000000e+00 -1.000000e+00
    outer loop
      vertex   1.774093e+01 1.710882e+01 4.500000e+00
      vertex   2.677500e+01 1.785000e+01 4.500000e+00
      vertex   1.777500e+01 1.685000e+01 4.500000e+00
    endloop
  endfacet
  facet normal 0.000000e+00 0.000000e+00 -1.000000e+00
    outer loop
      vertex   1.777500e+01 1.685000e+01 4.500000e+00
      vertex   2.677500e+01 1.785000e+01 4.500000e+00
      vertex   1.777500e+01 6.350000e+00 4.500000e+00
    endloop
  endfacet
  facet normal 0.000000e+00 -0.000000e+00 -1.000000e+00
    outer loop
      vertex   1.777500e+01 6.350000e+00 4.500000e+00
      vertex   2.677500e+01 1.785000e+01 4.500000e+00
      vertex   1.774093e+01 6.091181e+00 4.500000e+00
    endloop
  endfacet
  facet normal 0.000000e+00 0.000000e+00 -1.000000e+00
    outer loop
      vertex   1.774093e+01 6.091181e+00 4.500000e+00
      vertex   2.677500e+01 1.785000e+01 4.500000e+00
      vertex   2.217959e+01 -7.795406e+00 4.500000e+00
    endloop
  endfacet
  facet normal 0.000000e+00 0.000000e+00 -1.000000e+00
    outer loop
      vertex   1.774093e+01 6.091181e+00 4.500000e+00
      vertex   2.217959e+01 -7.795406e+00 4.500000e+00
      vertex   2.190000e+01 -7.580866e+00 4.500000e+00
    endloop
  endfacet
  facet normal 0.000000e+00 0.000000e+00 -1.000000e+00
    outer loop
      vertex   2.677500e+01 -1.785000e+01 4.500000e+00
      vertex   2.252900e+01 -8.400594e+00 4.500000e+00
      vertex   2.677500e+01 1.785000e+01 4.500000e+00
    endloop
  endfacet
  facet normal 0.000000e+00 0.000000e+00 -1.000000e+00
    outer loop
      vertex   2.677500e+01 1.785000e+01 4.500000e+00
      vertex   2.252900e+01 -8.400594e+00 4.500000e+00
      vertex   2.239413e+01 -8.075000e+00 4.500000e+00
    endloop
  endfacet
  facet normal 0.000000e+00 0.000000e+00 -1.000000e+00
    outer loop
      vertex   2.677500e+01 1.785000e+01 4.500000e+00
      vertex   2.239413e+01 -8.075000e+00 4.500000e+00
      vertex   2.217959e+01 -7.795406e+00 4.500000e+00
    endloop
  endfacet
  facet normal 0.000000e+00 0.000000e+00 -1.000000e+00
    outer loop
      vertex   2.672570e+01 -1.879076e+01 4.500000e+00
      vertex   2.087559e+01 -1.005400e+01 4.500000e+00
      vertex   2.677500e+01 -1.785000e+01 4.500000e+00
    endloop
  endfacet
  facet normal 0.000000e+00 0.000000e+00 -1.000000e+00
    outer loop
      vertex   2.677500e+01 -1.785000e+01 4.500000e+00
      vertex   2.087559e+01 -1.005400e+01 4.500000e+00
      vertex   2.122500e+01 -1.010000e+01 4.500000e+00
    endloop
  endfacet
  facet normal 0.000000e+00 0.000000e+00 -1.000000e+00
    outer loop
      vertex   2.677500e+01 -1.785000e+01 4.500000e+00
      vertex   2.122500e+01 -1.010000e+01 4.500000e+00
      vertex   2.157441e+01 -1.005400e+01 4.500000e+00
    endloop
  endfacet
  facet normal -0.000000e+00 0.000000e+00 -1.000000e+00
    outer loop
      vertex   2.672570e+01 -1.879076e+01 4.500000e+00
      vertex   2.657833e+01 -1.972121e+01 4.500000e+00
      vertex   2.087559e+01 -1.005400e+01 4.500000e+00
    endloop
  endfacet
  facet normal 0.000000e+00 0.000000e+00 -1.000000e+00
    outer loop
      vertex   2.087559e+01 -1.005400e+01 4.500000e+00
      vertex   2.657833e+01 -1.972121e+01 4.500000e+00
      vertex   2.633451e+01 -2.063115e+01 4.500000e+00
    endloop
  endfacet
  facet normal 0.000000e+00 0.000000e+00 -1.000000e+00
    outer loop
      vertex   2.087559e+01 -1.005400e+01 4.500000e+00
      vertex   2.633451e+01 -2.063115e+01 4.500000e+00
      vertex   2.599691e+01 -2.151063e+01 4.500000e+00
    endloop
  endfacet
  facet normal -0.000000e+00 0.000000e+00 -1.000000e+00
    outer loop
      vertex   2.599691e+01 -2.151063e+01 4.500000e+00
      vertex   2.556923e+01 -2.235000e+01 4.500000e+00
      vertex   2.087559e+01 -1.005400e+01 4.500000e+00
    endloop
  endfacet
  facet normal 0.000000e+00 0.000000e+00 -1.000000e+00
    outer loop
      vertex   2.087559e+01 -1.005400e+01 4.500000e+00
      vertex   2.556923e+01 -2.235000e+01 4.500000e+00
      vertex   2.505615e+01 -2.314007e+01 4.500000e+00
    endloop
  endfacet
  facet normal 0.000000e+00 0.000000e+00 -1.000000e+00
    outer loop
      vertex   2.087559e+01 -1.005400e+01 4.500000e+00
      vertex   2.505615e+01 -2.314007e+01 4.500000e+00
      vertex   2.446330e+01 -2.387218e+01 4.500000e+00
    endloop
  endfacet
  facet normal -0.000000e+00 0.000000e+00 -1.000000e+00
    outer loop
      vertex   2.446330e+01 -2.387218e+01 4.500000e+00
      vertex   2.379718e+01 -2.453830e+01 4.500000e+00
      vertex   2.087559e+01 -1.005400e+01 4.500000e+00
    endloop
  endfacet
  facet normal 0.000000e+00 0.000000e+00 -1.000000e+00
    outer loop
      vertex   2.087559e+01 -1.005400e+01 4.500000e+00
      vertex   2.379718e+01 -2.453830e+01 4.500000e+00
      vertex   2.306507e+01 -2.513115e+01 4.500000e+00
    endloop
  endfacet
  facet normal 0.000000e+00 0.000000e+00 -1.000000e+00
    outer loop
      vertex   2.087559e+01 -1.005400e+01 4.500000e+00
      vertex   2.306507e+01 -2.513115e+01 4.500000e+00
      vertex   2.227500e+01 -2.564423e+01 4.500000e+00
    endloop
  endfacet
  facet normal -0.000000e+00 0.000000e+00 -1.000000e+00
    outer loop
      vertex   2.227500e+01 -2.564423e+01 4.500000e+00
      vertex   2.143563e+01 -2.607191e+01 4.500000e+00
      vertex   2.087559e+01 -1.005400e+01 4.500000e+00
    endloop
  endfacet
  facet normal 0.000000e+00 -0.000000e+00 -1.000000e+00
    outer loop
      vertex   2.087559e+01 -1.005400e+01 4.500000e+00
      vertex   2.143563e+01 -2.607191e+01 4.500000e+00
      vertex   2.055615e+01 -2.640951e+01 4.500000e+00
    endloop
  endfacet
  facet normal 0.000000e+00 0.000000e+00 -1.000000e+00
    outer loop
      vertex   2.087559e+01 -1.005400e+01 4.500000e+00
      vertex   2.055615e+01 -2.640951e+01 4.500000e+00
      vertex   1.964621e+01 -2.665333e+01 4.500000e+00
    endloop
  endfacet
  facet normal -0.000000e+00 0.000000e+00 -1.000000e+00
    outer loop
      vertex   1.964621e+01 -2.665333e+01 4.500000e+00
      vertex   1.871576e+01 -2.680070e+01 4.500000e+00
      vertex   2.087559e+01 -1.005400e+01 4.500000e+00
    endloop
  endfacet
  facet normal 0.000000e+00 0.000000e+00 -1.000000e+00
    outer loop
      vertex   2.087559e+01 -1.005400e+01 4.500000e+00
      vertex   1.871576e+01 -2.680070e+01 4.500000e+00
      vertex   1.777500e+01 -2.685000e+01 4.500000e+00
    endloop
  endfacet
  facet normal -0.000000e+00 0.000000e+00 -1.000000e+00
    outer loop
      vertex   2.087559e+01 -1.005400e+01 4.500000e+00
      vertex   1.777500e+01 -2.685000e+01 4.500000e+00
      vertex   2.055000e+01 -9.919134e+00 4.500000e+00
    endloop
  endfacet
  facet normal 0.000000e+00 0.000000e+00 -1.000000e+00
    outer loop
      vertex   2.055000e+01 -9.919134e+00 4.500000e+00
      vertex   1.777500e+01 -2.685000e+01 4.500000e+00
      vertex   1.027404e+01 -1.124098e+01 4.500000e+00
    endloop
  endfacet
  facet normal -0.000000e+00 0.000000e+00 -1.000000e+00
    outer loop
      vertex   2.055000e+01 -9.919134e+00 4.500000e+00
      vertex   1.027404e+01 -1.124098e+01 4.500000e+00
      vertex   2.027041e+01 -9.704594e+00 4.500000e+00
    endloop
  endfacet
  facet normal 0.000000e+00 0.000000e+00 -1.000000e+00
    outer loop
      vertex   2.027041e+01 -9.704594e+00 4.500000e+00
      vertex   1.027404e+01 -1.124098e+01 4.500000e+00
      vertex   1.065763e+01 -1.076591e+01 4.500000e+00
    endloop
  endfacet
  facet normal 0.000000e+00 0.000000e+00 -1.000000e+00
    outer loop
      vertex   2.027041e+01 -9.704594e+00 4.500000e+00
      vertex   1.065763e+01 -1.076591e+01 4.500000e+00
      vertex   1.095542e+01 -1.023284e+01 4.500000e+00
    endloop
  endfacet
  facet normal 0.000000e+00 0.000000e+00 -1.000000e+00
    outer loop
      vertex   -1.777500e+01 -2.685000e+01 4.500000e+00
      vertex   6.332717e+00 -1.209040e+01 4.500000e+00
      vertex   1.777500e+01 -2.685000e+01 4.500000e+00
    endloop
  endfacet
  facet normal 0.000000e+00 0.000000e+00 -1.000000e+00
    outer loop
      vertex   1.777500e+01 -2.685000e+01 4.500000e+00
      vertex   6.332717e+00 -1.209040e+01 4.500000e+00
      vertex   6.916555e+00 -1.226920e+01 4.500000e+00
    endloop
  endfacet
  facet normal 0.000000e+00 0.000000e+00 -1.000000e+00
    outer loop
      vertex   1.777500e+01 -2.685000e+01 4.500000e+00
      vertex   6.916555e+00 -1.226920e+01 4.500000e+00
      vertex   7.522212e+00 -1.234676e+01 4.500000e+00
    endloop
  endfacet
  facet normal 0.000000e+00 0.000000e+00 -1.000000e+00
    outer loop
      vertex   -1.871576e+01 -2.680070e+01 4.500000e+00
      vertex   -2.677500e+01 -1.785000e+01 4.500000e+00
      vertex   -1.777500e+01 -2.685000e+01 4.500000e+00
    endloop
  endfacet
  facet normal 0.000000e+00 0.000000e+00 -1.000000e+00
    outer loop
      vertex   -1.777500e+01 -2.685000e+01 4.500000e+00
      vertex   -2.677500e+01 -1.785000e+01 4.500000e+00
      vertex   4.126783e+00 -9.358403e+00 4.500000e+00
    endloop
  endfacet
  facet normal 0.000000e+00 0.000000e+00 -1.000000e+00
    outer loop
      vertex   -1.777500e+01 -2.685000e+01 4.500000e+00
      vertex   4.126783e+00 -9.358403e+00 4.500000e+00
      vertex   4.280641e+00 -9.949303e+00 4.500000e+00
    endloop
  endfacet
  facet normal 0.000000e+00 0.000000e+00 -1.000000e+00
    outer loop
      vertex   -1.871576e+01 -2.680070e+01 4.500000e+00
      vertex   -1.964621e+01 -2.665333e+01 4.500000e+00
      vertex   -2.677500e+01 -1.785000e+01 4.500000e+00
    endloop
  endfacet
  facet normal 0.000000e+00 0.000000e+00 -1.000000e+00
    outer loop
      vertex   -2.677500e+01 -1.785000e+01 4.500000e+00
      vertex   -1.964621e+01 -2.665333e+01 4.500000e+00
      vertex   -2.055615e+01 -2.640951e+01 4.500000e+00
    endloop
  endfacet
  facet normal 0.000000e+00 0.000000e+00 -1.000000e+00
    outer loop
      vertex   -2.677500e+01 -1.785000e+01 4.500000e+00
      vertex   -2.055615e+01 -2.640951e+01 4.500000e+00
      vertex   -2.143563e+01 -2.607191e+01 4.500000e+00
    endloop
  endfacet
  facet normal 0.000000e+00 0.000000e+00 -1.000000e+00
    outer loop
      vertex   -2.143563e+01 -2.607191e+01 4.500000e+00
      vertex   -2.227500e+01 -2.564423e+01 4.500000e+00
      vertex   -2.677500e+01 -1.785000e+01 4.500000e+00
    endloop
  endfacet
  facet normal 0.000000e+00 0.000000e+00 -1.000000e+00
    outer loop
      vertex   -2.677500e+01 -1.785000e+01 4.500000e+00
      vertex   -2.227500e+01 -2.564423e+01 4.500000e+00
      vertex   -2.306507e+01 -2.513115e+01 4.500000e+00
    endloop
  endfacet
  facet normal 0.000000e+00 0.000000e+00 -1.000000e+00
    outer loop
      vertex   -2.677500e+01 -1.785000e+01 4.500000e+00
      vertex   -2.306507e+01 -2.513115e+01 4.500000e+00
      vertex   -2.379718e+01 -2.453830e+01 4.500000e+00
    endloop
  endfacet
  facet normal 0.000000e+00 0.000000e+00 -1.000000e+00
    outer loop
      vertex   -2.379718e+01 -2.453830e+01 4.500000e+00
      vertex   -2.446330e+01 -2.387218e+01 4.500000e+00
      vertex   -2.677500e+01 -1.785000e+01 4.500000e+00
    endloop
  endfacet
  facet normal 0.000000e+00 0.000000e+00 -1.000000e+00
    outer loop
      vertex   -2.677500e+01 -1.785000e+01 4.500000e+00
      vertex   -2.446330e+01 -2.387218e+01 4.500000e+00
      vertex   -2.505615e+01 -2.314007e+01 4.500000e+00
    endloop
  endfacet
  facet normal 0.000000e+00 0.000000e+00 -1.000000e+00
    outer loop
      vertex   -2.677500e+01 -1.785000e+01 4.500000e+00
      vertex   -2.505615e+01 -2.314007e+01 4.500000e+00
      vertex   -2.556923e+01 -2.235000e+01 4.500000e+00
    endloop
  endfacet
  facet normal 0.000000e+00 0.000000e+00 -1.000000e+00
    outer loop
      vertex   -2.556923e+01 -2.235000e+01 4.500000e+00
      vertex   -2.599691e+01 -2.151063e+01 4.500000e+00
      vertex   -2.677500e+01 -1.785000e+01 4.500000e+00
    endloop
  endfacet
  facet normal 0.000000e+00 0.000000e+00 -1.000000e+00
    outer loop
      vertex   -2.677500e+01 -1.785000e+01 4.500000e+00
      vertex   -2.599691e+01 -2.151063e+01 4.500000e+00
      vertex   -2.633451e+01 -2.063115e+01 4.500000e+00
    endloop
  endfacet
  facet normal 0.000000e+00 0.000000e+00 -1.000000e+00
    outer loop
      vertex   -2.677500e+01 -1.785000e+01 4.500000e+00
      vertex   -2.633451e+01 -2.063115e+01 4.500000e+00
      vertex   -2.657833e+01 -1.972121e+01 4.500000e+00
    endloop
  endfacet
  facet normal 0.000000e+00 0.000000e+00 -1.000000e+00
    outer loop
      vertex   -2.657833e+01 -1.972121e+01 4.500000e+00
      vertex   -2.672570e+01 -1.879076e+01 4.500000e+00
      vertex   -2.677500e+01 -1.785000e+01 4.500000e+00
    endloop
  endfacet
  facet normal 0.000000e+00 0.000000e+00 -1.000000e+00
    outer loop
      vertex   -2.677500e+01 1.785000e+01 4.500000e+00
      vertex   -2.072696e+01 7.362274e+00 4.500000e+00
      vertex   -2.677500e+01 -1.785000e+01 4.500000e+00
    endloop
  endfacet
  facet normal 0.000000e+00 0.000000e+00 -1.000000e+00
    outer loop
      vertex   -2.677500e+01 -1.785000e+01 4.500000e+00
      vertex   -2.072696e+01 7.362274e+00 4.500000e+00
      vertex   -2.058470e+01 6.893291e+00 4.500000e+00
    endloop
  endfacet
  facet normal 0.000000e+00 0.000000e+00 -1.000000e+00
    outer loop
      vertex   -2.677500e+01 -1.785000e+01 4.500000e+00
      vertex   -2.058470e+01 6.893291e+00 4.500000e+00
      vertex   -2.035367e+01 6.461074e+00 4.500000e+00
    endloop
  endfacet
  facet normal -0.000000e+00 0.000000e+00 -1.000000e+00
    outer loop
      vertex   -2.226513e+01 2.043094e+01 4.500000e+00
      vertex   -2.657833e+01 1.972121e+01 4.500000e+00
      vertex   -2.247967e+01 2.071053e+01 4.500000e+00
    endloop
  endfacet
  facet normal 0.000000e+00 0.000000e+00 -1.000000e+00
    outer loop
      vertex   -2.247967e+01 2.071053e+01 4.500000e+00
      vertex   -2.657833e+01 1.972121e+01 4.500000e+00
      vertex   -2.633451e+01 2.063115e+01 4.500000e+00
    endloop
  endfacet
  facet normal -0.000000e+00 0.000000e+00 -1.000000e+00
    outer loop
      vertex   -2.247967e+01 2.071053e+01 4.500000e+00
      vertex   -2.633451e+01 2.063115e+01 4.500000e+00
      vertex   -2.261453e+01 2.103613e+01 4.500000e+00
    endloop
  endfacet
  facet normal -0.000000e+00 0.000000e+00 -1.000000e+00
    outer loop
      vertex   -2.261453e+01 2.103613e+01 4.500000e+00
      vertex   -2.633451e+01 2.063115e+01 4.500000e+00
      vertex   -2.599691e+01 2.151063e+01 4.500000e+00
    endloop
  endfacet
  facet normal 0.000000e+00 0.000000e+00 -1.000000e+00
    outer loop
      vertex   -2.261453e+01 2.103613e+01 4.500000e+00
      vertex   -2.599691e+01 2.151063e+01 4.500000e+00
      vertex   -2.266053e+01 2.138553e+01 4.500000e+00
    endloop
  endfacet
  facet normal 0.000000e+00 0.000000e+00 -1.000000e+00
    outer loop
      vertex   -2.266053e+01 2.138553e+01 4.500000e+00
      vertex   -2.599691e+01 2.151063e+01 4.500000e+00
      vertex   -2.556923e+01 2.235000e+01 4.500000e+00
    endloop
  endfacet
  facet normal 0.000000e+00 0.000000e+00 -1.000000e+00
    outer loop
      vertex   -2.266053e+01 2.138553e+01 4.500000e+00
      vertex   -2.556923e+01 2.235000e+01 4.500000e+00
      vertex   -2.261453e+01 2.173494e+01 4.500000e+00
    endloop
  endfacet
  facet normal 0.000000e+00 0.000000e+00 -1.000000e+00
    outer loop
      vertex   -2.261453e+01 2.173494e+01 4.500000e+00
      vertex   -2.556923e+01 2.235000e+01 4.500000e+00
      vertex   -2.505615e+01 2.314007e+01 4.500000e+00
    endloop
  endfacet
  facet normal 0.000000e+00 0.000000e+00 -1.000000e+00
    outer loop
      vertex   -2.261453e+01 2.173494e+01 4.500000e+00
      vertex   -2.505615e+01 2.314007e+01 4.500000e+00
      vertex   -2.247967e+01 2.206053e+01 4.500000e+00
    endloop
  endfacet
  facet normal 0.000000e+00 0.000000e+00 -1.000000e+00
    outer loop
      vertex   -2.247967e+01 2.206053e+01 4.500000e+00
      vertex   -2.505615e+01 2.314007e+01 4.500000e+00
      vertex   -2.446330e+01 2.387218e+01 4.500000e+00
    endloop
  endfacet
  facet normal 0.000000e+00 0.000000e+00 -1.000000e+00
    outer loop
      vertex   -2.247967e+01 2.206053e+01 4.500000e+00
      vertex   -2.446330e+01 2.387218e+01 4.500000e+00
      vertex   -2.226513e+01 2.234013e+01 4.500000e+00
    endloop
  endfacet
  facet normal 0.000000e+00 0.000000e+00 -1.000000e+00
    outer loop
      vertex   -2.226513e+01 2.234013e+01 4.500000e+00
      vertex   -2.446330e+01 2.387218e+01 4.500000e+00
      vertex   -2.379718e+01 2.453830e+01 4.500000e+00
    endloop
  endfacet
  facet normal 0.000000e+00 0.000000e+00 -1.000000e+00
    outer loop
      vertex   -2.226513e+01 2.234013e+01 4.500000e+00
      vertex   -2.379718e+01 2.453830e+01 4.500000e+00
      vertex   -2.198553e+01 2.255467e+01 4.500000e+00
    endloop
  endfacet
  facet normal 0.000000e+00 0.000000e+00 -1.000000e+00
    outer loop
      vertex   -2.198553e+01 2.255467e+01 4.500000e+00
      vertex   -2.379718e+01 2.453830e+01 4.500000e+00
      vertex   -2.306507e+01 2.513115e+01 4.500000e+00
    endloop
  endfacet
  facet normal 0.000000e+00 0.000000e+00 -1.000000e+00
    outer loop
      vertex   -2.198553e+01 2.255467e+01 4.500000e+00
      vertex   -2.306507e+01 2.513115e+01 4.500000e+00
      vertex   -2.165994e+01 2.268953e+01 4.500000e+00
    endloop
  endfacet
  facet normal 0.000000e+00 0.000000e+00 -1.000000e+00
    outer loop
      vertex   -2.165994e+01 2.268953e+01 4.500000e+00
      vertex   -2.306507e+01 2.513115e+01 4.500000e+00
      vertex   -2.227500e+01 2.564423e+01 4.500000e+00
    endloop
  endfacet
  facet normal 0.000000e+00 0.000000e+00 -1.000000e+00
    outer loop
      vertex   -2.165994e+01 2.268953e+01 4.500000e+00
      vertex   -2.227500e+01 2.564423e+01 4.500000e+00
      vertex   -2.131053e+01 2.273553e+01 4.500000e+00
    endloop
  endfacet
  facet normal 0.000000e+00 0.000000e+00 -1.000000e+00
    outer loop
      vertex   -2.131053e+01 2.273553e+01 4.500000e+00
      vertex   -2.227500e+01 2.564423e+01 4.500000e+00
      vertex   -2.143563e+01 2.607191e+01 4.500000e+00
    endloop
  endfacet
  facet normal 0.000000e+00 0.000000e+00 -1.000000e+00
    outer loop
      vertex   -2.131053e+01 2.273553e+01 4.500000e+00
      vertex   -2.143563e+01 2.607191e+01 4.500000e+00
      vertex   -2.096113e+01 2.268953e+01 4.500000e+00
    endloop
  endfacet
  facet normal 0.000000e+00 0.000000e+00 -1.000000e+00
    outer loop
      vertex   -2.096113e+01 2.268953e+01 4.500000e+00
      vertex   -2.143563e+01 2.607191e+01 4.500000e+00
      vertex   -2.055615e+01 2.640951e+01 4.500000e+00
    endloop
  endfacet
  facet normal 0.000000e+00 0.000000e+00 -1.000000e+00
    outer loop
      vertex   -2.096113e+01 2.268953e+01 4.500000e+00
      vertex   -2.055615e+01 2.640951e+01 4.500000e+00
      vertex   -2.063553e+01 2.255467e+01 4.500000e+00
    endloop
  endfacet
  facet normal 0.000000e+00 0.000000e+00 -1.000000e+00
    outer loop
      vertex   -2.063553e+01 2.255467e+01 4.500000e+00
      vertex   -2.055615e+01 2.640951e+01 4.500000e+00
      vertex   -1.964621e+01 2.665333e+01 4.500000e+00
    endloop
  endfacet
  facet normal 0.000000e+00 0.000000e+00 -1.000000e+00
    outer loop
      vertex   -2.063553e+01 2.255467e+01 4.500000e+00
      vertex   -1.964621e+01 2.665333e+01 4.500000e+00
      vertex   -2.035594e+01 2.234013e+01 4.500000e+00
    endloop
  endfacet
  facet normal 0.000000e+00 0.000000e+00 -1.000000e+00
    outer loop
      vertex   -2.035594e+01 2.234013e+01 4.500000e+00
      vertex   -1.964621e+01 2.665333e+01 4.500000e+00
      vertex   -1.871576e+01 2.680070e+01 4.500000e+00
    endloop
  endfacet
  facet normal 0.000000e+00 0.000000e+00 -1.000000e+00
    outer loop
      vertex   -2.035594e+01 2.234013e+01 4.500000e+00
      vertex   -1.871576e+01 2.680070e+01 4.500000e+00
      vertex   -1.777500e+01 2.685000e+01 4.500000e+00
    endloop
  endfacet
  facet normal 0.000000e+00 0.000000e+00 -1.000000e+00
    outer loop
      vertex   1.992100e+01 -9.099406e+00 4.500000e+00
      vertex   1.126203e+01 -9.055301e+00 4.500000e+00
      vertex   1.987500e+01 -8.750000e+00 4.500000e+00
    endloop
  endfacet
  facet normal -0.000000e+00 0.000000e+00 -1.000000e+00
    outer loop
      vertex   1.987500e+01 -8.750000e+00 4.500000e+00
      vertex   1.126203e+01 -9.055301e+00 4.500000e+00
      vertex   1.126203e+01 -8.444699e+00 4.500000e+00
    endloop
  endfacet
  facet normal 0.000000e+00 0.000000e+00 -1.000000e+00
    outer loop
      vertex   1.987500e+01 -8.750000e+00 4.500000e+00
      vertex   1.126203e+01 -8.444699e+00 4.500000e+00
      vertex   1.992100e+01 -8.400594e+00 4.500000e+00
    endloop
  endfacet
  facet normal -0.000000e+00 0.000000e+00 -1.000000e+00
    outer loop
      vertex   1.992100e+01 -8.400594e+00 4.500000e+00
      vertex   1.126203e+01 -8.444699e+00 4.500000e+00
      vertex   1.115884e+01 -7.842879e+00 4.500000e+00
    endloop
  endfacet
  facet normal 0.000000e+00 0.000000e+00 -1.000000e+00
    outer loop
      vertex   1.992100e+01 -8.400594e+00 4.500000e+00
      vertex   1.115884e+01 -7.842879e+00 4.500000e+00
      vertex   2.005587e+01 -8.075000e+00 4.500000e+00
    endloop
  endfacet
  facet normal 0.000000e+00 0.000000e+00 -1.000000e+00
    outer loop
      vertex   2.005587e+01 -8.075000e+00 4.500000e+00
      vertex   1.115884e+01 -7.842879e+00 4.500000e+00
      vertex   1.095542e+01 -7.267156e+00 4.500000e+00
    endloop
  endfacet
  facet normal 0.000000e+00 0.000000e+00 -1.000000e+00
    outer loop
      vertex   2.005587e+01 -8.075000e+00 4.500000e+00
      vertex   1.095542e+01 -7.267156e+00 4.500000e+00
      vertex   2.027041e+01 -7.795406e+00 4.500000e+00
    endloop
  endfacet
  facet normal 0.000000e+00 0.000000e+00 -1.000000e+00
    outer loop
      vertex   2.027041e+01 -7.795406e+00 4.500000e+00
      vertex   1.095542e+01 -7.267156e+00 4.500000e+00
      vertex   1.065763e+01 -6.734091e+00 4.500000e+00
    endloop
  endfacet
  facet normal 0.000000e+00 0.000000e+00 -1.000000e+00
    outer loop
      vertex   2.027041e+01 -7.795406e+00 4.500000e+00
      vertex   1.065763e+01 -6.734091e+00 4.500000e+00
      vertex   1.027404e+01 -6.259020e+00 4.500000e+00
    endloop
  endfacet
  facet normal 0.000000e+00 -0.000000e+00 -1.000000e+00
    outer loop
      vertex   1.126203e+01 -9.055301e+00 4.500000e+00
      vertex   1.992100e+01 -9.099406e+00 4.500000e+00
      vertex   1.115884e+01 -9.657121e+00 4.500000e+00
    endloop
  endfacet
  facet normal 0.000000e+00 0.000000e+00 -1.000000e+00
    outer loop
      vertex   1.115884e+01 -9.657121e+00 4.500000e+00
      vertex   1.992100e+01 -9.099406e+00 4.500000e+00
      vertex   2.005587e+01 -9.425000e+00 4.500000e+00
    endloop
  endfacet
  facet normal 0.000000e+00 -0.000000e+00 -1.000000e+00
    outer loop
      vertex   1.115884e+01 -9.657121e+00 4.500000e+00
      vertex   2.005587e+01 -9.425000e+00 4.500000e+00
      vertex   1.095542e+01 -1.023284e+01 4.500000e+00
    endloop
  endfacet
  facet normal 0.000000e+00 0.000000e+00 -1.000000e+00
    outer loop
      vertex   1.095542e+01 -1.023284e+01 4.500000e+00
      vertex   2.005587e+01 -9.425000e+00 4.500000e+00
      vertex   2.027041e+01 -9.704594e+00 4.500000e+00
    endloop
  endfacet
  facet normal 0.000000e+00 0.000000e+00 -1.000000e+00
    outer loop
      vertex   2.157441e+01 -1.005400e+01 4.500000e+00
      vertex   2.190000e+01 -9.919134e+00 4.500000e+00
      vertex   2.677500e+01 -1.785000e+01 4.500000e+00
    endloop
  endfacet
  facet normal 0.000000e+00 0.000000e+00 -1.000000e+00
    outer loop
      vertex   2.677500e+01 -1.785000e+01 4.500000e+00
      vertex   2.190000e+01 -9.919134e+00 4.500000e+00
      vertex   2.217959e+01 -9.704594e+00 4.500000e+00
    endloop
  endfacet
  facet normal 0.000000e+00 0.000000e+00 -1.000000e+00
    outer loop
      vertex   2.677500e+01 -1.785000e+01 4.500000e+00
      vertex   2.217959e+01 -9.704594e+00 4.500000e+00
      vertex   2.239413e+01 -9.425000e+00 4.500000e+00
    endloop
  endfacet
  facet normal 0.000000e+00 0.000000e+00 -1.000000e+00
    outer loop
      vertex   2.239413e+01 -9.425000e+00 4.500000e+00
      vertex   2.252900e+01 -9.099406e+00 4.500000e+00
      vertex   2.677500e+01 -1.785000e+01 4.500000e+00
    endloop
  endfacet
  facet normal 0.000000e+00 0.000000e+00 -1.000000e+00
    outer loop
      vertex   2.677500e+01 -1.785000e+01 4.500000e+00
      vertex   2.252900e+01 -9.099406e+00 4.500000e+00
      vertex   2.257500e+01 -8.750000e+00 4.500000e+00
    endloop
  endfacet
  facet normal 0.000000e+00 0.000000e+00 -1.000000e+00
    outer loop
      vertex   2.677500e+01 -1.785000e+01 4.500000e+00
      vertex   2.257500e+01 -8.750000e+00 4.500000e+00
      vertex   2.252900e+01 -8.400594e+00 4.500000e+00
    endloop
  endfacet
  facet normal 0.000000e+00 -0.000000e+00 -1.000000e+00
    outer loop
      vertex   1.774093e+01 6.091181e+00 4.500000e+00
      vertex   2.190000e+01 -7.580866e+00 4.500000e+00
      vertex   1.764103e+01 5.850000e+00 4.500000e+00
    endloop
  endfacet
  facet normal 0.000000e+00 0.000000e+00 -1.000000e+00
    outer loop
      vertex   1.764103e+01 5.850000e+00 4.500000e+00
      vertex   2.190000e+01 -7.580866e+00 4.500000e+00
      vertex   2.157441e+01 -7.446000e+00 4.500000e+00
    endloop
  endfacet
  facet normal 0.000000e+00 -0.000000e+00 -1.000000e+00
    outer loop
      vertex   1.764103e+01 5.850000e+00 4.500000e+00
      vertex   2.157441e+01 -7.446000e+00 4.500000e+00
      vertex   1.748211e+01 5.642893e+00 4.500000e+00
    endloop
  endfacet
  facet normal 0.000000e+00 0.000000e+00 -1.000000e+00
    outer loop
      vertex   1.748211e+01 5.642893e+00 4.500000e+00
      vertex   2.157441e+01 -7.446000e+00 4.500000e+00
      vertex   2.122500e+01 -7.400000e+00 4.500000e+00
    endloop
  endfacet
  facet normal 0.000000e+00 -0.000000e+00 -1.000000e+00
    outer loop
      vertex   1.748211e+01 5.642893e+00 4.500000e+00
      vertex   2.122500e+01 -7.400000e+00 4.500000e+00
      vertex   1.727500e+01 5.483975e+00 4.500000e+00
    endloop
  endfacet
  facet normal 0.000000e+00 0.000000e+00 -1.000000e+00
    outer loop
      vertex   1.727500e+01 5.483975e+00 4.500000e+00
      vertex   2.122500e+01 -7.400000e+00 4.500000e+00
      vertex   2.087559e+01 -7.446000e+00 4.500000e+00
    endloop
  endfacet
  facet normal 0.000000e+00 -0.000000e+00 -1.000000e+00
    outer loop
      vertex   1.727500e+01 5.483975e+00 4.500000e+00
      vertex   2.087559e+01 -7.446000e+00 4.500000e+00
      vertex   1.703382e+01 5.384074e+00 4.500000e+00
    endloop
  endfacet
  facet normal 0.000000e+00 0.000000e+00 -1.000000e+00
    outer loop
      vertex   1.703382e+01 5.384074e+00 4.500000e+00
      vertex   2.087559e+01 -7.446000e+00 4.500000e+00
      vertex   2.055000e+01 -7.580866e+00 4.500000e+00
    endloop
  endfacet
  facet normal 0.000000e+00 -0.000000e+00 -1.000000e+00
    outer loop
      vertex   1.703382e+01 5.384074e+00 4.500000e+00
      vertex   2.055000e+01 -7.580866e+00 4.500000e+00
      vertex   1.677500e+01 5.350000e+00 4.500000e+00
    endloop
  endfacet
  facet normal 0.000000e+00 -0.000000e+00 -1.000000e+00
    outer loop
      vertex   1.677500e+01 5.350000e+00 4.500000e+00
      vertex   2.055000e+01 -7.580866e+00 4.500000e+00
      vertex   1.027404e+01 -6.259020e+00 4.500000e+00
    endloop
  endfacet
  facet normal 0.000000e+00 0.000000e+00 -1.000000e+00
    outer loop
      vertex   1.677500e+01 5.350000e+00 4.500000e+00
      vertex   1.027404e+01 -6.259020e+00 4.500000e+00
      vertex   9.815679e+00 -5.855610e+00 4.500000e+00
    endloop
  endfacet
  facet normal -0.000000e+00 0.000000e+00 -1.000000e+00
    outer loop
      vertex   2.055000e+01 -7.580866e+00 4.500000e+00
      vertex   2.027041e+01 -7.795406e+00 4.500000e+00
      vertex   1.027404e+01 -6.259020e+00 4.500000e+00
    endloop
  endfacet
  facet normal 0.000000e+00 0.000000e+00 -1.000000e+00
    outer loop
      vertex   -1.996053e+01 2.138553e+01 4.500000e+00
      vertex   -2.000653e+01 2.173494e+01 4.500000e+00
      vertex   -1.777500e+01 2.685000e+01 4.500000e+00
    endloop
  endfacet
  facet normal 0.000000e+00 0.000000e+00 -1.000000e+00
    outer loop
      vertex   -1.777500e+01 2.685000e+01 4.500000e+00
      vertex   -2.000653e+01 2.173494e+01 4.500000e+00
      vertex   -2.014140e+01 2.206053e+01 4.500000e+00
    endloop
  endfacet
  facet normal 0.000000e+00 0.000000e+00 -1.000000e+00
    outer loop
      vertex   -1.777500e+01 2.685000e+01 4.500000e+00
      vertex   -2.014140e+01 2.206053e+01 4.500000e+00
      vertex   -2.035594e+01 2.234013e+01 4.500000e+00
    endloop
  endfacet
  facet normal -0.000000e+00 0.000000e+00 -1.000000e+00
    outer loop
      vertex   4.126783e+00 -9.358403e+00 4.500000e+00
      vertex   -2.677500e+01 -1.785000e+01 4.500000e+00
      vertex   4.075000e+00 -8.750000e+00 4.500000e+00
    endloop
  endfacet
  facet normal -0.000000e+00 0.000000e+00 -1.000000e+00
    outer loop
      vertex   4.075000e+00 -8.750000e+00 4.500000e+00
      vertex   -2.677500e+01 -1.785000e+01 4.500000e+00
      vertex   -1.827500e+01 5.350000e+00 4.500000e+00
    endloop
  endfacet
  facet normal 0.000000e+00 0.000000e+00 -1.000000e+00
    outer loop
      vertex   4.075000e+00 -8.750000e+00 4.500000e+00
      vertex   -1.827500e+01 5.350000e+00 4.500000e+00
      vertex   4.126783e+00 -8.141597e+00 4.500000e+00
    endloop
  endfacet
  facet normal 0.000000e+00 0.000000e+00 -1.000000e+00
    outer loop
      vertex   4.126783e+00 -8.141597e+00 4.500000e+00
      vertex   -1.827500e+01 5.350000e+00 4.500000e+00
      vertex   4.280641e+00 -7.550697e+00 4.500000e+00
    endloop
  endfacet
  facet normal 0.000000e+00 0.000000e+00 -1.000000e+00
    outer loop
      vertex   4.280641e+00 -7.550697e+00 4.500000e+00
      vertex   -1.827500e+01 5.350000e+00 4.500000e+00
      vertex   4.532149e+00 -6.994298e+00 4.500000e+00
    endloop
  endfacet
  facet normal 0.000000e+00 0.000000e+00 -1.000000e+00
    outer loop
      vertex   4.532149e+00 -6.994298e+00 4.500000e+00
      vertex   -1.827500e+01 5.350000e+00 4.500000e+00
      vertex   4.874071e+00 -6.488408e+00 4.500000e+00
    endloop
  endfacet
  facet normal 0.000000e+00 0.000000e+00 -1.000000e+00
    outer loop
      vertex   4.874071e+00 -6.488408e+00 4.500000e+00
      vertex   -1.827500e+01 5.350000e+00 4.500000e+00
      vertex   5.296571e+00 -6.047580e+00 4.500000e+00
    endloop
  endfacet
  facet normal 0.000000e+00 0.000000e+00 -1.000000e+00
    outer loop
      vertex   5.296571e+00 -6.047580e+00 4.500000e+00
      vertex   -1.827500e+01 5.350000e+00 4.500000e+00
      vertex   5.787494e+00 -5.684495e+00 4.500000e+00
    endloop
  endfacet
  facet normal 0.000000e+00 0.000000e+00 -1.000000e+00
    outer loop
      vertex   5.787494e+00 -5.684495e+00 4.500000e+00
      vertex   -1.827500e+01 5.350000e+00 4.500000e+00
      vertex   6.332717e+00 -5.409600e+00 4.500000e+00
    endloop
  endfacet
  facet normal 0.000000e+00 0.000000e+00 -1.000000e+00
    outer loop
      vertex   6.332717e+00 -5.409600e+00 4.500000e+00
      vertex   -1.827500e+01 5.350000e+00 4.500000e+00
      vertex   1.677500e+01 5.350000e+00 4.500000e+00
    endloop
  endfacet
  facet normal 0.000000e+00 0.000000e+00 -1.000000e+00
    outer loop
      vertex   6.332717e+00 -5.409600e+00 4.500000e+00
      vertex   1.677500e+01 5.350000e+00 4.500000e+00
      vertex   6.916555e+00 -5.230801e+00 4.500000e+00
    endloop
  endfacet
  facet normal 0.000000e+00 0.000000e+00 -1.000000e+00
    outer loop
      vertex   6.916555e+00 -5.230801e+00 4.500000e+00
      vertex   1.677500e+01 5.350000e+00 4.500000e+00
      vertex   7.522212e+00 -5.153244e+00 4.500000e+00
    endloop
  endfacet
  facet normal 0.000000e+00 0.000000e+00 -1.000000e+00
    outer loop
      vertex   7.522212e+00 -5.153244e+00 4.500000e+00
      vertex   1.677500e+01 5.350000e+00 4.500000e+00
      vertex   8.132264e+00 -5.179158e+00 4.500000e+00
    endloop
  endfacet
  facet normal 0.000000e+00 0.000000e+00 -1.000000e+00
    outer loop
      vertex   8.132264e+00 -5.179158e+00 4.500000e+00
      vertex   1.677500e+01 5.350000e+00 4.500000e+00
      vertex   8.729162e+00 -5.307800e+00 4.500000e+00
    endloop
  endfacet
  facet normal 0.000000e+00 0.000000e+00 -1.000000e+00
    outer loop
      vertex   8.729162e+00 -5.307800e+00 4.500000e+00
      vertex   1.677500e+01 5.350000e+00 4.500000e+00
      vertex   9.295733e+00 -5.535467e+00 4.500000e+00
    endloop
  endfacet
  facet normal 0.000000e+00 0.000000e+00 -1.000000e+00
    outer loop
      vertex   9.295733e+00 -5.535467e+00 4.500000e+00
      vertex   1.677500e+01 5.350000e+00 4.500000e+00
      vertex   9.815679e+00 -5.855610e+00 4.500000e+00
    endloop
  endfacet
  facet normal 0.000000e+00 -0.000000e+00 -1.000000e+00
    outer loop
      vertex   4.280641e+00 -9.949303e+00 4.500000e+00
      vertex   4.532149e+00 -1.050570e+01 4.500000e+00
      vertex   -1.777500e+01 -2.685000e+01 4.500000e+00
    endloop
  endfacet
  facet normal 0.000000e+00 0.000000e+00 -1.000000e+00
    outer loop
      vertex   -1.777500e+01 -2.685000e+01 4.500000e+00
      vertex   4.532149e+00 -1.050570e+01 4.500000e+00
      vertex   4.874071e+00 -1.101159e+01 4.500000e+00
    endloop
  endfacet
  facet normal 0.000000e+00 0.000000e+00 -1.000000e+00
    outer loop
      vertex   -1.777500e+01 -2.685000e+01 4.500000e+00
      vertex   4.874071e+00 -1.101159e+01 4.500000e+00
      vertex   5.296571e+00 -1.145242e+01 4.500000e+00
    endloop
  endfacet
  facet normal 0.000000e+00 -0.000000e+00 -1.000000e+00
    outer loop
      vertex   5.296571e+00 -1.145242e+01 4.500000e+00
      vertex   5.787494e+00 -1.181550e+01 4.500000e+00
      vertex   -1.777500e+01 -2.685000e+01 4.500000e+00
    endloop
  endfacet
  facet normal 0.000000e+00 0.000000e+00 -1.000000e+00
    outer loop
      vertex   -1.777500e+01 -2.685000e+01 4.500000e+00
      vertex   5.787494e+00 -1.181550e+01 4.500000e+00
      vertex   6.332717e+00 -1.209040e+01 4.500000e+00
    endloop
  endfacet
  facet normal 0.000000e+00 0.000000e+00 -1.000000e+00
    outer loop
      vertex   7.522212e+00 -1.234676e+01 4.500000e+00
      vertex   8.132264e+00 -1.232084e+01 4.500000e+00
      vertex   1.777500e+01 -2.685000e+01 4.500000e+00
    endloop
  endfacet
  facet normal 0.000000e+00 0.000000e+00 -1.000000e+00
    outer loop
      vertex   1.777500e+01 -2.685000e+01 4.500000e+00
      vertex   8.132264e+00 -1.232084e+01 4.500000e+00
      vertex   8.729162e+00 -1.219220e+01 4.500000e+00
    endloop
  endfacet
  facet normal 0.000000e+00 0.000000e+00 -1.000000e+00
    outer loop
      vertex   1.777500e+01 -2.685000e+01 4.500000e+00
      vertex   8.729162e+00 -1.219220e+01 4.500000e+00
      vertex   9.295733e+00 -1.196453e+01 4.500000e+00
    endloop
  endfacet
  facet normal 0.000000e+00 0.000000e+00 -1.000000e+00
    outer loop
      vertex   9.295733e+00 -1.196453e+01 4.500000e+00
      vertex   9.815679e+00 -1.164439e+01 4.500000e+00
      vertex   1.777500e+01 -2.685000e+01 4.500000e+00
    endloop
  endfacet
  facet normal 0.000000e+00 0.000000e+00 -1.000000e+00
    outer loop
      vertex   1.777500e+01 -2.685000e+01 4.500000e+00
      vertex   9.815679e+00 -1.164439e+01 4.500000e+00
      vertex   1.027404e+01 -1.124098e+01 4.500000e+00
    endloop
  endfacet
  facet normal -0.000000e+00 0.000000e+00 -1.000000e+00
    outer loop
      vertex   -2.058470e+01 1.630671e+01 4.500000e+00
      vertex   -2.072696e+01 1.583773e+01 4.500000e+00
      vertex   -2.677500e+01 1.785000e+01 4.500000e+00
    endloop
  endfacet
  facet normal 0.000000e+00 0.000000e+00 -1.000000e+00
    outer loop
      vertex   -2.677500e+01 1.785000e+01 4.500000e+00
      vertex   -2.072696e+01 1.583773e+01 4.500000e+00
      vertex   -2.077500e+01 1.535000e+01 4.500000e+00
    endloop
  endfacet
  facet normal 0.000000e+00 0.000000e+00 -1.000000e+00
    outer loop
      vertex   -2.677500e+01 1.785000e+01 4.500000e+00
      vertex   -2.077500e+01 1.535000e+01 4.500000e+00
      vertex   -2.077500e+01 7.850000e+00 4.500000e+00
    endloop
  endfacet
  facet normal -0.000000e+00 -0.000000e+00 -1.000000e+00
    outer loop
      vertex   -2.077500e+01 7.850000e+00 4.500000e+00
      vertex   -2.072696e+01 7.362274e+00 4.500000e+00
      vertex   -2.677500e+01 1.785000e+01 4.500000e+00
    endloop
  endfacet
  facet normal 0.000000e+00 -0.000000e+00 -1.000000e+00
    outer loop
      vertex   -2.035367e+01 6.461074e+00 4.500000e+00
      vertex   -2.004277e+01 6.082233e+00 4.500000e+00
      vertex   -2.677500e+01 -1.785000e+01 4.500000e+00
    endloop
  endfacet
  facet normal 0.000000e+00 0.000000e+00 -1.000000e+00
    outer loop
      vertex   -2.677500e+01 -1.785000e+01 4.500000e+00
      vertex   -2.004277e+01 6.082233e+00 4.500000e+00
      vertex   -1.966393e+01 5.771326e+00 4.500000e+00
    endloop
  endfacet
  facet normal 0.000000e+00 0.000000e+00 -1.000000e+00
    outer loop
      vertex   -2.677500e+01 -1.785000e+01 4.500000e+00
      vertex   -1.966393e+01 5.771326e+00 4.500000e+00
      vertex   -1.923171e+01 5.540301e+00 4.500000e+00
    endloop
  endfacet
  facet normal 0.000000e+00 -0.000000e+00 -1.000000e+00
    outer loop
      vertex   -1.923171e+01 5.540301e+00 4.500000e+00
      vertex   -1.876273e+01 5.398037e+00 4.500000e+00
      vertex   -2.677500e+01 -1.785000e+01 4.500000e+00
    endloop
  endfacet
  facet normal 0.000000e+00 0.000000e+00 -1.000000e+00
    outer loop
      vertex   -2.677500e+01 -1.785000e+01 4.500000e+00
      vertex   -1.876273e+01 5.398037e+00 4.500000e+00
      vertex   -1.827500e+01 5.350000e+00 4.500000e+00
    endloop
  endfacet
  facet normal 7.037486e-01 -5.989784e-02 7.079196e-01
    outer loop
      vertex   4.126783e+00 -8.141597e+00 4.500000e+00
      vertex   1.263885e-01 -7.867694e+00 8.500000e+00
      vertex   4.075000e+00 -8.750000e+00 4.500000e+00
    endloop
  endfacet
  facet normal 7.065079e-01 -4.114940e-02 7.065079e-01
    outer loop
      vertex   4.075000e+00 -8.750000e+00 4.500000e+00
      vertex   1.263885e-01 -7.867694e+00 8.500000e+00
      vertex   7.500000e-02 -8.750000e+00 8.500000e+00
    endloop
  endfacet
  facet normal 7.065079e-01 4.114940e-02 7.065079e-01
    outer loop
      vertex   4.075000e+00 -8.750000e+00 4.500000e+00
      vertex   7.500000e-02 -8.750000e+00 8.500000e+00
      vertex   1.263885e-01 -9.632306e+00 8.500000e+00
    endloop
  endfacet
  facet normal 6.974809e-01 -1.229847e-01 7.059711e-01
    outer loop
      vertex   1.263885e-01 -7.867694e+00 8.500000e+00
      vertex   4.126783e+00 -8.141597e+00 4.500000e+00
      vertex   2.798590e-01 -6.997319e+00 8.500000e+00
    endloop
  endfacet
  facet normal 6.833394e-01 -1.779277e-01 7.080883e-01
    outer loop
      vertex   2.798590e-01 -6.997319e+00 8.500000e+00
      vertex   4.126783e+00 -8.141597e+00 4.500000e+00
      vertex   4.280641e+00 -7.550697e+00 4.500000e+00
    endloop
  endfacet
  facet normal 6.781280e-01 -2.030182e-01 7.063470e-01
    outer loop
      vertex   2.798590e-01 -6.997319e+00 8.500000e+00
      vertex   4.280641e+00 -7.550697e+00 4.500000e+00
      vertex   5.333361e-01 -6.150647e+00 8.500000e+00
    endloop
  endfacet
  facet normal 6.496529e-01 -2.802329e-01 7.066970e-01
    outer loop
      vertex   5.333361e-01 -6.150647e+00 8.500000e+00
      vertex   4.280641e+00 -7.550697e+00 4.500000e+00
      vertex   8.833919e-01 -5.339126e+00 8.500000e+00
    endloop
  endfacet
  facet normal 6.438030e-01 -2.910173e-01 7.076911e-01
    outer loop
      vertex   8.833919e-01 -5.339126e+00 8.500000e+00
      vertex   4.280641e+00 -7.550697e+00 4.500000e+00
      vertex   4.532149e+00 -6.994298e+00 4.500000e+00
    endloop
  endfacet
  facet normal 6.133298e-01 -3.541061e-01 7.059996e-01
    outer loop
      vertex   8.833919e-01 -5.339126e+00 8.500000e+00
      vertex   4.532149e+00 -6.994298e+00 4.500000e+00
      vertex   1.325293e+00 -4.573732e+00 8.500000e+00
    endloop
  endfacet
  facet normal 5.849398e-01 -3.953503e-01 7.081974e-01
    outer loop
      vertex   1.325293e+00 -4.573732e+00 8.500000e+00
      vertex   4.532149e+00 -6.994298e+00 4.500000e+00
      vertex   4.874071e+00 -6.488408e+00 4.500000e+00
    endloop
  endfacet
  facet normal 5.679016e-01 -4.227871e-01 7.062144e-01
    outer loop
      vertex   1.325293e+00 -4.573732e+00 8.500000e+00
      vertex   4.874071e+00 -6.488408e+00 4.500000e+00
      vertex   1.853062e+00 -3.864814e+00 8.500000e+00
    endloop
  endfacet
  facet normal 5.144709e-01 -4.853783e-01 7.069142e-01
    outer loop
      vertex   1.853062e+00 -3.864814e+00 8.500000e+00
      vertex   4.874071e+00 -6.488408e+00 4.500000e+00
      vertex   2.459564e+00 -3.221960e+00 8.500000e+00
    endloop
  endfacet
  facet normal 5.102863e-01 -4.890698e-01 7.074028e-01
    outer loop
      vertex   2.459564e+00 -3.221960e+00 8.500000e+00
      vertex   4.874071e+00 -6.488408e+00 4.500000e+00
      vertex   5.296571e+00 -6.047580e+00 4.500000e+00
    endloop
  endfacet
  facet normal 4.551936e-01 -5.424786e-01 7.060564e-01
    outer loop
      vertex   2.459564e+00 -3.221960e+00 8.500000e+00
      vertex   5.296571e+00 -6.047580e+00 4.500000e+00
      vertex   3.136595e+00 -2.653864e+00 8.500000e+00
    endloop
  endfacet
  facet normal 4.197900e-01 -5.675936e-01 7.082470e-01
    outer loop
      vertex   3.136595e+00 -2.653864e+00 8.500000e+00
      vertex   5.296571e+00 -6.047580e+00 4.500000e+00
      vertex   5.787494e+00 -5.684495e+00 4.500000e+00
    endloop
  endfacet
  facet normal 3.891084e-01 -5.916106e-01 7.061102e-01
    outer loop
      vertex   3.136595e+00 -2.653864e+00 8.500000e+00
      vertex   5.787494e+00 -5.684495e+00 4.500000e+00
      vertex   3.875000e+00 -2.168207e+00 8.500000e+00
    endloop
  endfacet
  facet normal 3.183104e-01 -6.313311e-01 7.071772e-01
    outer loop
      vertex   3.875000e+00 -2.168207e+00 8.500000e+00
      vertex   5.787494e+00 -5.684495e+00 4.500000e+00
      vertex   6.332717e+00 -5.409600e+00 4.500000e+00
    endloop
  endfacet
  facet normal 3.173634e-01 -6.319225e-01 7.070746e-01
    outer loop
      vertex   3.875000e+00 -2.168207e+00 8.500000e+00
      vertex   6.332717e+00 -5.409600e+00 4.500000e+00
      vertex   4.664794e+00 -1.771558e+00 8.500000e+00
    endloop
  endfacet
  facet normal 2.421744e-01 -6.653686e-01 7.061418e-01
    outer loop
      vertex   4.664794e+00 -1.771558e+00 8.500000e+00
      vertex   6.332717e+00 -5.409600e+00 4.500000e+00
      vertex   5.495295e+00 -1.469280e+00 8.500000e+00
    endloop
  endfacet
  facet normal 2.067255e-01 -6.750295e-01 7.082371e-01
    outer loop
      vertex   5.495295e+00 -1.469280e+00 8.500000e+00
      vertex   6.332717e+00 -5.409600e+00 4.500000e+00
      vertex   6.916555e+00 -5.230801e+00 4.500000e+00
    endloop
  endfacet
  facet normal 1.633170e-01 -6.890886e-01 7.060343e-01
    outer loop
      vertex   5.495295e+00 -1.469280e+00 8.500000e+00
      vertex   6.916555e+00 -5.230801e+00 4.500000e+00
      vertex   6.355274e+00 -1.265461e+00 8.500000e+00
    endloop
  endfacet
  facet normal 8.976448e-02 -7.009838e-01 7.075055e-01
    outer loop
      vertex   6.355274e+00 -1.265461e+00 8.500000e+00
      vertex   6.916555e+00 -5.230801e+00 4.500000e+00
      vertex   7.522212e+00 -5.153244e+00 4.500000e+00
    endloop
  endfacet
  facet normal 8.212120e-02 -7.025918e-01 7.068386e-01
    outer loop
      vertex   6.355274e+00 -1.265461e+00 8.500000e+00
      vertex   7.522212e+00 -5.153244e+00 4.500000e+00
      vertex   7.233099e+00 -1.162858e+00 8.500000e+00
    endloop
  endfacet
  facet normal 0.000000e+00 -7.079571e-01 7.062555e-01
    outer loop
      vertex   7.233099e+00 -1.162858e+00 8.500000e+00
      vertex   7.522212e+00 -5.153244e+00 4.500000e+00
      vertex   8.116901e+00 -1.162858e+00 8.500000e+00
    endloop
  endfacet
  facet normal -2.996537e-02 -7.054081e-01 7.081677e-01
    outer loop
      vertex   8.116901e+00 -1.162858e+00 8.500000e+00
      vertex   7.522212e+00 -5.153244e+00 4.500000e+00
      vertex   8.132264e+00 -5.179158e+00 4.500000e+00
    endloop
  endfacet
  facet normal -8.221989e-02 -7.034361e-01 7.059869e-01
    outer loop
      vertex   8.116901e+00 -1.162858e+00 8.500000e+00
      vertex   8.132264e+00 -5.179158e+00 4.500000e+00
      vertex   8.994726e+00 -1.265461e+00 8.500000e+00
    endloop
  endfacet
  facet normal -1.488321e-01 -6.905832e-01 7.077739e-01
    outer loop
      vertex   8.994726e+00 -1.265461e+00 8.500000e+00
      vertex   8.132264e+00 -5.179158e+00 4.500000e+00
      vertex   8.729162e+00 -5.307800e+00 4.500000e+00
    endloop
  endfacet
  facet normal -1.631797e-01 -6.885095e-01 7.066308e-01
    outer loop
      vertex   8.994726e+00 -1.265461e+00 8.500000e+00
      vertex   8.729162e+00 -5.307800e+00 4.500000e+00
      vertex   9.854705e+00 -1.469280e+00 8.500000e+00
    endloop
  endfacet
  facet normal -2.420871e-01 -6.651289e-01 7.063975e-01
    outer loop
      vertex   9.854705e+00 -1.469280e+00 8.500000e+00
      vertex   8.729162e+00 -5.307800e+00 4.500000e+00
      vertex   1.068521e+01 -1.771558e+00 8.500000e+00
    endloop
  endfacet
  facet normal -2.633014e-01 -6.552508e-01 7.080387e-01
    outer loop
      vertex   1.068521e+01 -1.771558e+00 8.500000e+00
      vertex   8.729162e+00 -5.307800e+00 4.500000e+00
      vertex   9.295733e+00 -5.535467e+00 4.500000e+00
    endloop
  endfacet
  facet normal -3.178592e-01 -6.329098e-01 7.059679e-01
    outer loop
      vertex   1.068521e+01 -1.771558e+00 8.500000e+00
      vertex   9.295733e+00 -5.535467e+00 4.500000e+00
      vertex   1.147500e+01 -2.168207e+00 8.500000e+00
    endloop
  endfacet
  facet normal -3.702816e-01 -6.013755e-01 7.079824e-01
    outer loop
      vertex   1.147500e+01 -2.168207e+00 8.500000e+00
      vertex   9.295733e+00 -5.535467e+00 4.500000e+00
      vertex   9.815679e+00 -5.855610e+00 4.500000e+00
    endloop
  endfacet
  facet normal -3.889215e-01 -5.913264e-01 7.064511e-01
    outer loop
      vertex   1.147500e+01 -2.168207e+00 8.500000e+00
      vertex   9.815679e+00 -5.855610e+00 4.500000e+00
      vertex   1.221341e+01 -2.653864e+00 8.500000e+00
    endloop
  endfacet
  facet normal -4.548657e-01 -5.420878e-01 7.065678e-01
    outer loop
      vertex   1.221341e+01 -2.653864e+00 8.500000e+00
      vertex   9.815679e+00 -5.855610e+00 4.500000e+00
      vertex   1.289044e+01 -3.221960e+00 8.500000e+00
    endloop
  endfacet
  facet normal -4.666760e-01 -5.302469e-01 7.078500e-01
    outer loop
      vertex   1.289044e+01 -3.221960e+00 8.500000e+00
      vertex   9.815679e+00 -5.855610e+00 4.500000e+00
      vertex   1.027404e+01 -6.259020e+00 4.500000e+00
    endloop
  endfacet
  facet normal -5.151510e-01 -4.860199e-01 7.059774e-01
    outer loop
      vertex   1.289044e+01 -3.221960e+00 8.500000e+00
      vertex   1.027404e+01 -6.259020e+00 4.500000e+00
      vertex   1.349694e+01 -3.864814e+00 8.500000e+00
    endloop
  endfacet
  facet normal -5.493561e-01 -4.435741e-01 7.081313e-01
    outer loop
      vertex   1.349694e+01 -3.864814e+00 8.500000e+00
      vertex   1.027404e+01 -6.259020e+00 4.500000e+00
      vertex   1.065763e+01 -6.734091e+00 4.500000e+00
    endloop
  endfacet
  facet normal -5.678334e-01 -4.227363e-01 7.062997e-01
    outer loop
      vertex   1.349694e+01 -3.864814e+00 8.500000e+00
      vertex   1.065763e+01 -6.734091e+00 4.500000e+00
      vertex   1.402471e+01 -4.573732e+00 8.500000e+00
    endloop
  endfacet
  facet normal -6.126672e-01 -3.537236e-01 7.067662e-01
    outer loop
      vertex   1.402471e+01 -4.573732e+00 8.500000e+00
      vertex   1.065763e+01 -6.734091e+00 4.500000e+00
      vertex   1.446661e+01 -5.339126e+00 8.500000e+00
    endloop
  endfacet
  facet normal -6.168819e-01 -3.446109e-01 7.076016e-01
    outer loop
      vertex   1.446661e+01 -5.339126e+00 8.500000e+00
      vertex   1.065763e+01 -6.734091e+00 4.500000e+00
      vertex   1.095542e+01 -7.267156e+00 4.500000e+00
    endloop
  endfacet
  facet normal -6.502775e-01 -2.805023e-01 7.060154e-01
    outer loop
      vertex   1.446661e+01 -5.339126e+00 8.500000e+00
      vertex   1.095542e+01 -7.267156e+00 4.500000e+00
      vertex   1.481666e+01 -6.150647e+00 8.500000e+00
    endloop
  endfacet
  facet normal -6.656632e-01 -2.351938e-01 7.082206e-01
    outer loop
      vertex   1.481666e+01 -6.150647e+00 8.500000e+00
      vertex   1.095542e+01 -7.267156e+00 4.500000e+00
      vertex   1.115884e+01 -7.842879e+00 4.500000e+00
    endloop
  endfacet
  facet normal -6.782909e-01 -2.030670e-01 7.061765e-01
    outer loop
      vertex   1.481666e+01 -6.150647e+00 8.500000e+00
      vertex   1.115884e+01 -7.842879e+00 4.500000e+00
      vertex   1.507014e+01 -6.997319e+00 8.500000e+00
    endloop
  endfacet
  facet normal -6.964765e-01 -1.228076e-01 7.069928e-01
    outer loop
      vertex   1.507014e+01 -6.997319e+00 8.500000e+00
      vertex   1.115884e+01 -7.842879e+00 4.500000e+00
      vertex   1.522361e+01 -7.867694e+00 8.500000e+00
    endloop
  endfacet
  facet normal -6.967518e-01 -1.194701e-01 7.072933e-01
    outer loop
      vertex   1.522361e+01 -7.867694e+00 8.500000e+00
      vertex   1.115884e+01 -7.842879e+00 4.500000e+00
      vertex   1.126203e+01 -8.444699e+00 4.500000e+00
    endloop
  endfacet
  facet normal -7.069323e-01 -4.117412e-02 7.060817e-01
    outer loop
      vertex   1.522361e+01 -7.867694e+00 8.500000e+00
      vertex   1.126203e+01 -8.444699e+00 4.500000e+00
      vertex   1.527500e+01 -8.750000e+00 8.500000e+00
    endloop
  endfacet
  facet normal -7.059614e-01 0.000000e+00 7.082503e-01
    outer loop
      vertex   1.527500e+01 -8.750000e+00 8.500000e+00
      vertex   1.126203e+01 -8.444699e+00 4.500000e+00
      vertex   1.126203e+01 -9.055301e+00 4.500000e+00
    endloop
  endfacet
  facet normal -7.069323e-01 4.117412e-02 7.060817e-01
    outer loop
      vertex   1.527500e+01 -8.750000e+00 8.500000e+00
      vertex   1.126203e+01 -9.055301e+00 4.500000e+00
      vertex   1.522361e+01 -9.632306e+00 8.500000e+00
    endloop
  endfacet
  facet normal -6.967518e-01 1.194701e-01 7.072933e-01
    outer loop
      vertex   1.522361e+01 -9.632306e+00 8.500000e+00
      vertex   1.126203e+01 -9.055301e+00 4.500000e+00
      vertex   1.115884e+01 -9.657121e+00 4.500000e+00
    endloop
  endfacet
  facet normal -6.964765e-01 1.228076e-01 7.069928e-01
    outer loop
      vertex   1.522361e+01 -9.632306e+00 8.500000e+00
      vertex   1.115884e+01 -9.657121e+00 4.500000e+00
      vertex   1.507014e+01 -1.050268e+01 8.500000e+00
    endloop
  endfacet
  facet normal -6.782909e-01 2.030670e-01 7.061765e-01
    outer loop
      vertex   1.507014e+01 -1.050268e+01 8.500000e+00
      vertex   1.115884e+01 -9.657121e+00 4.500000e+00
      vertex   1.481666e+01 -1.134935e+01 8.500000e+00
    endloop
  endfacet
  facet normal -6.656632e-01 2.351938e-01 7.082206e-01
    outer loop
      vertex   1.481666e+01 -1.134935e+01 8.500000e+00
      vertex   1.115884e+01 -9.657121e+00 4.500000e+00
      vertex   1.095542e+01 -1.023284e+01 4.500000e+00
    endloop
  endfacet
  facet normal -6.502775e-01 2.805023e-01 7.060154e-01
    outer loop
      vertex   1.481666e+01 -1.134935e+01 8.500000e+00
      vertex   1.095542e+01 -1.023284e+01 4.500000e+00
      vertex   1.446661e+01 -1.216087e+01 8.500000e+00
    endloop
  endfacet
  facet normal -6.168819e-01 3.446109e-01 7.076016e-01
    outer loop
      vertex   1.446661e+01 -1.216087e+01 8.500000e+00
      vertex   1.095542e+01 -1.023284e+01 4.500000e+00
      vertex   1.065763e+01 -1.076591e+01 4.500000e+00
    endloop
  endfacet
  facet normal -6.126672e-01 3.537236e-01 7.067662e-01
    outer loop
      vertex   1.446661e+01 -1.216087e+01 8.500000e+00
      vertex   1.065763e+01 -1.076591e+01 4.500000e+00
      vertex   1.402471e+01 -1.292627e+01 8.500000e+00
    endloop
  endfacet
  facet normal -5.678334e-01 4.227363e-01 7.062997e-01
    outer loop
      vertex   1.402471e+01 -1.292627e+01 8.500000e+00
      vertex   1.065763e+01 -1.076591e+01 4.500000e+00
      vertex   1.349694e+01 -1.363519e+01 8.500000e+00
    endloop
  endfacet
  facet normal -5.493561e-01 4.435741e-01 7.081313e-01
    outer loop
      vertex   1.349694e+01 -1.363519e+01 8.500000e+00
      vertex   1.065763e+01 -1.076591e+01 4.500000e+00
      vertex   1.027404e+01 -1.124098e+01 4.500000e+00
    endloop
  endfacet
  facet normal -5.151510e-01 4.860199e-01 7.059774e-01
    outer loop
      vertex   1.349694e+01 -1.363519e+01 8.500000e+00
      vertex   1.027404e+01 -1.124098e+01 4.500000e+00
      vertex   1.289044e+01 -1.427804e+01 8.500000e+00
    endloop
  endfacet
  facet normal -4.666760e-01 5.302469e-01 7.078500e-01
    outer loop
      vertex   1.289044e+01 -1.427804e+01 8.500000e+00
      vertex   1.027404e+01 -1.124098e+01 4.500000e+00
      vertex   9.815679e+00 -1.164439e+01 4.500000e+00
    endloop
  endfacet
  facet normal -4.548657e-01 5.420878e-01 7.065678e-01
    outer loop
      vertex   1.289044e+01 -1.427804e+01 8.500000e+00
      vertex   9.815679e+00 -1.164439e+01 4.500000e+00
      vertex   1.221341e+01 -1.484614e+01 8.500000e+00
    endloop
  endfacet
  facet normal -3.889215e-01 5.913264e-01 7.064511e-01
    outer loop
      vertex   1.221341e+01 -1.484614e+01 8.500000e+00
      vertex   9.815679e+00 -1.164439e+01 4.500000e+00
      vertex   1.147500e+01 -1.533179e+01 8.500000e+00
    endloop
  endfacet
  facet normal -3.702816e-01 6.013755e-01 7.079824e-01
    outer loop
      vertex   1.147500e+01 -1.533179e+01 8.500000e+00
      vertex   9.815679e+00 -1.164439e+01 4.500000e+00
      vertex   9.295733e+00 -1.196453e+01 4.500000e+00
    endloop
  endfacet
  facet normal -3.178592e-01 6.329098e-01 7.059679e-01
    outer loop
      vertex   1.147500e+01 -1.533179e+01 8.500000e+00
      vertex   9.295733e+00 -1.196453e+01 4.500000e+00
      vertex   1.068521e+01 -1.572844e+01 8.500000e+00
    endloop
  endfacet
  facet normal -2.633014e-01 6.552508e-01 7.080387e-01
    outer loop
      vertex   1.068521e+01 -1.572844e+01 8.500000e+00
      vertex   9.295733e+00 -1.196453e+01 4.500000e+00
      vertex   8.729162e+00 -1.219220e+01 4.500000e+00
    endloop
  endfacet
  facet normal -2.420871e-01 6.651289e-01 7.063975e-01
    outer loop
      vertex   1.068521e+01 -1.572844e+01 8.500000e+00
      vertex   8.729162e+00 -1.219220e+01 4.500000e+00
      vertex   9.854705e+00 -1.603072e+01 8.500000e+00
    endloop
  endfacet
  facet normal -1.631797e-01 6.885095e-01 7.066308e-01
    outer loop
      vertex   9.854705e+00 -1.603072e+01 8.500000e+00
      vertex   8.729162e+00 -1.219220e+01 4.500000e+00
      vertex   8.994726e+00 -1.623454e+01 8.500000e+00
    endloop
  endfacet
  facet normal -1.488321e-01 6.905832e-01 7.077739e-01
    outer loop
      vertex   8.994726e+00 -1.623454e+01 8.500000e+00
      vertex   8.729162e+00 -1.219220e+01 4.500000e+00
      vertex   8.132264e+00 -1.232084e+01 4.500000e+00
    endloop
  endfacet
  facet normal -8.221989e-02 7.034361e-01 7.059869e-01
    outer loop
      vertex   8.994726e+00 -1.623454e+01 8.500000e+00
      vertex   8.132264e+00 -1.232084e+01 4.500000e+00
      vertex   8.116901e+00 -1.633714e+01 8.500000e+00
    endloop
  endfacet
  facet normal -2.996537e-02 7.054081e-01 7.081677e-01
    outer loop
      vertex   8.116901e+00 -1.633714e+01 8.500000e+00
      vertex   8.132264e+00 -1.232084e+01 4.500000e+00
      vertex   7.522212e+00 -1.234676e+01 4.500000e+00
    endloop
  endfacet
  facet normal 0.000000e+00 7.079571e-01 7.062555e-01
    outer loop
      vertex   8.116901e+00 -1.633714e+01 8.500000e+00
      vertex   7.522212e+00 -1.234676e+01 4.500000e+00
      vertex   7.233099e+00 -1.633714e+01 8.500000e+00
    endloop
  endfacet
  facet normal 8.212120e-02 7.025918e-01 7.068386e-01
    outer loop
      vertex   7.233099e+00 -1.633714e+01 8.500000e+00
      vertex   7.522212e+00 -1.234676e+01 4.500000e+00
      vertex   6.355274e+00 -1.623454e+01 8.500000e+00
    endloop
  endfacet
  facet normal 8.976448e-02 7.009838e-01 7.075055e-01
    outer loop
      vertex   6.355274e+00 -1.623454e+01 8.500000e+00
      vertex   7.522212e+00 -1.234676e+01 4.500000e+00
      vertex   6.916555e+00 -1.226920e+01 4.500000e+00
    endloop
  endfacet
  facet normal 1.633170e-01 6.890886e-01 7.060343e-01
    outer loop
      vertex   6.355274e+00 -1.623454e+01 8.500000e+00
      vertex   6.916555e+00 -1.226920e+01 4.500000e+00
      vertex   5.495295e+00 -1.603072e+01 8.500000e+00
    endloop
  endfacet
  facet normal 2.067255e-01 6.750295e-01 7.082371e-01
    outer loop
      vertex   5.495295e+00 -1.603072e+01 8.500000e+00
      vertex   6.916555e+00 -1.226920e+01 4.500000e+00
      vertex   6.332717e+00 -1.209040e+01 4.500000e+00
    endloop
  endfacet
  facet normal 2.421744e-01 6.653686e-01 7.061418e-01
    outer loop
      vertex   5.495295e+00 -1.603072e+01 8.500000e+00
      vertex   6.332717e+00 -1.209040e+01 4.500000e+00
      vertex   4.664794e+00 -1.572844e+01 8.500000e+00
    endloop
  endfacet
  facet normal 3.173634e-01 6.319225e-01 7.070746e-01
    outer loop
      vertex   4.664794e+00 -1.572844e+01 8.500000e+00
      vertex   6.332717e+00 -1.209040e+01 4.500000e+00
      vertex   3.875000e+00 -1.533179e+01 8.500000e+00
    endloop
  endfacet
  facet normal 3.183104e-01 6.313311e-01 7.071772e-01
    outer loop
      vertex   3.875000e+00 -1.533179e+01 8.500000e+00
      vertex   6.332717e+00 -1.209040e+01 4.500000e+00
      vertex   5.787494e+00 -1.181550e+01 4.500000e+00
    endloop
  endfacet
  facet normal 3.891084e-01 5.916106e-01 7.061102e-01
    outer loop
      vertex   3.875000e+00 -1.533179e+01 8.500000e+00
      vertex   5.787494e+00 -1.181550e+01 4.500000e+00
      vertex   3.136595e+00 -1.484614e+01 8.500000e+00
    endloop
  endfacet
  facet normal 4.197900e-01 5.675936e-01 7.082470e-01
    outer loop
      vertex   3.136595e+00 -1.484614e+01 8.500000e+00
      vertex   5.787494e+00 -1.181550e+01 4.500000e+00
      vertex   5.296571e+00 -1.145242e+01 4.500000e+00
    endloop
  endfacet
  facet normal 4.551936e-01 5.424786e-01 7.060564e-01
    outer loop
      vertex   3.136595e+00 -1.484614e+01 8.500000e+00
      vertex   5.296571e+00 -1.145242e+01 4.500000e+00
      vertex   2.459564e+00 -1.427804e+01 8.500000e+00
    endloop
  endfacet
  facet normal 5.102863e-01 4.890698e-01 7.074028e-01
    outer loop
      vertex   2.459564e+00 -1.427804e+01 8.500000e+00
      vertex   5.296571e+00 -1.145242e+01 4.500000e+00
      vertex   4.874071e+00 -1.101159e+01 4.500000e+00
    endloop
  endfacet
  facet normal 5.144709e-01 4.853783e-01 7.069142e-01
    outer loop
      vertex   2.459564e+00 -1.427804e+01 8.500000e+00
      vertex   4.874071e+00 -1.101159e+01 4.500000e+00
      vertex   1.853062e+00 -1.363519e+01 8.500000e+00
    endloop
  endfacet
  facet normal 5.679016e-01 4.227871e-01 7.062144e-01
    outer loop
      vertex   1.853062e+00 -1.363519e+01 8.500000e+00
      vertex   4.874071e+00 -1.101159e+01 4.500000e+00
      vertex   1.325293e+00 -1.292627e+01 8.500000e+00
    endloop
  endfacet
  facet normal 5.849398e-01 3.953503e-01 7.081974e-01
    outer loop
      vertex   1.325293e+00 -1.292627e+01 8.500000e+00
      vertex   4.874071e+00 -1.101159e+01 4.500000e+00
      vertex   4.532149e+00 -1.050570e+01 4.500000e+00
    endloop
  endfacet
  facet normal 6.133298e-01 3.541061e-01 7.059996e-01
    outer loop
      vertex   1.325293e+00 -1.292627e+01 8.500000e+00
      vertex   4.532149e+00 -1.050570e+01 4.500000e+00
      vertex   8.833919e-01 -1.216087e+01 8.500000e+00
    endloop
  endfacet
  facet normal 6.438030e-01 2.910173e-01 7.076911e-01
    outer loop
      vertex   8.833919e-01 -1.216087e+01 8.500000e+00
      vertex   4.532149e+00 -1.050570e+01 4.500000e+00
      vertex   4.280641e+00 -9.949303e+00 4.500000e+00
    endloop
  endfacet
  facet normal 6.496529e-01 2.802329e-01 7.066970e-01
    outer loop
      vertex   8.833919e-01 -1.216087e+01 8.500000e+00
      vertex   4.280641e+00 -9.949303e+00 4.500000e+00
      vertex   5.333361e-01 -1.134935e+01 8.500000e+00
    endloop
  endfacet
  facet normal 6.781280e-01 2.030182e-01 7.063470e-01
    outer loop
      vertex   5.333361e-01 -1.134935e+01 8.500000e+00
      vertex   4.280641e+00 -9.949303e+00 4.500000e+00
      vertex   2.798590e-01 -1.050268e+01 8.500000e+00
    endloop
  endfacet
  facet normal 6.833394e-01 1.779277e-01 7.080883e-01
    outer loop
      vertex   2.798590e-01 -1.050268e+01 8.500000e+00
      vertex   4.280641e+00 -9.949303e+00 4.500000e+00
      vertex   4.126783e+00 -9.358403e+00 4.500000e+00
    endloop
  endfacet
  facet normal 6.974809e-01 1.229847e-01 7.059711e-01
    outer loop
      vertex   2.798590e-01 -1.050268e+01 8.500000e+00
      vertex   4.126783e+00 -9.358403e+00 4.500000e+00
      vertex   1.263885e-01 -9.632306e+00 8.500000e+00
    endloop
  endfacet
  facet normal 7.037486e-01 5.989784e-02 7.079196e-01
    outer loop
      vertex   1.263885e-01 -9.632306e+00 8.500000e+00
      vertex   4.126783e+00 -9.358403e+00 4.500000e+00
      vertex   4.075000e+00 -8.750000e+00 4.500000e+00
    endloop
  endfacet
  facet normal 0.000000e+00 -0.000000e+00 1.000000e+00
    outer loop
      vertex   -2.377500e+01 7.850000e+00 8.500000e+00
      vertex   -2.377500e+01 1.535000e+01 8.500000e+00
      vertex   -2.677500e+01 1.785000e+01 8.500000e+00
    endloop
  endfacet
  facet normal 0.000000e+00 0.000000e+00 1.000000e+00
    outer loop
      vertex   -2.677500e+01 1.785000e+01 8.500000e+00
      vertex   -2.377500e+01 1.535000e+01 8.500000e+00
      vertex   -2.373127e+01 1.604219e+01 8.500000e+00
    endloop
  endfacet
  facet normal 0.000000e+00 0.000000e+00 1.000000e+00
    outer loop
      vertex   -2.677500e+01 1.785000e+01 8.500000e+00
      vertex   -2.373127e+01 1.604219e+01 8.500000e+00
      vertex   -2.360077e+01 1.672338e+01 8.500000e+00
    endloop
  endfacet
  facet normal 0.000000e+00 -0.000000e+00 1.000000e+00
    outer loop
      vertex   -2.360077e+01 1.672338e+01 8.500000e+00
      vertex   -2.338558e+01 1.738273e+01 8.500000e+00
      vertex   -2.677500e+01 1.785000e+01 8.500000e+00
    endloop
  endfacet
  facet normal -0.000000e+00 0.000000e+00 1.000000e+00
    outer loop
      vertex   -2.677500e+01 1.785000e+01 8.500000e+00
      vertex   -2.338558e+01 1.738273e+01 8.500000e+00
      vertex   -2.359530e+01 1.925352e+01 8.500000e+00
    endloop
  endfacet
  facet normal 0.000000e+00 0.000000e+00 1.000000e+00
    outer loop
      vertex   -2.677500e+01 1.785000e+01 8.500000e+00
      vertex   -2.359530e+01 1.925352e+01 8.500000e+00
      vertex   -2.672570e+01 1.879076e+01 8.500000e+00
    endloop
  endfacet
  facet normal 0.000000e+00 0.000000e+00 1.000000e+00
    outer loop
      vertex   -2.672570e+01 1.879076e+01 8.500000e+00
      vertex   -2.359530e+01 1.925352e+01 8.500000e+00
      vertex   -2.393453e+01 1.968840e+01 8.500000e+00
    endloop
  endfacet
  facet normal 0.000000e+00 0.000000e+00 1.000000e+00
    outer loop
      vertex   -2.672570e+01 1.879076e+01 8.500000e+00
      vertex   -2.393453e+01 1.968840e+01 8.500000e+00
      vertex   -2.657833e+01 1.972121e+01 8.500000e+00
    endloop
  endfacet
  facet normal -0.000000e+00 0.000000e+00 1.000000e+00
    outer loop
      vertex   -2.657833e+01 1.972121e+01 8.500000e+00
      vertex   -2.393453e+01 1.968840e+01 8.500000e+00
      vertex   -2.419203e+01 2.017614e+01 8.500000e+00
    endloop
  endfacet
  facet normal 0.000000e+00 0.000000e+00 1.000000e+00
    outer loop
      vertex   -2.657833e+01 1.972121e+01 8.500000e+00
      vertex   -2.419203e+01 2.017614e+01 8.500000e+00
      vertex   -2.633451e+01 2.063115e+01 8.500000e+00
    endloop
  endfacet
  facet normal -0.000000e+00 0.000000e+00 1.000000e+00
    outer loop
      vertex   -2.633451e+01 2.063115e+01 8.500000e+00
      vertex   -2.419203e+01 2.017614e+01 8.500000e+00
      vertex   -2.435976e+01 2.070156e+01 8.500000e+00
    endloop
  endfacet
  facet normal 0.000000e+00 0.000000e+00 1.000000e+00
    outer loop
      vertex   -2.633451e+01 2.063115e+01 8.500000e+00
      vertex   -2.435976e+01 2.070156e+01 8.500000e+00
      vertex   -2.599691e+01 2.151063e+01 8.500000e+00
    endloop
  endfacet
  facet normal 0.000000e+00 0.000000e+00 1.000000e+00
    outer loop
      vertex   -2.599691e+01 2.151063e+01 8.500000e+00
      vertex   -2.435976e+01 2.070156e+01 8.500000e+00
      vertex   -2.443252e+01 2.124828e+01 8.500000e+00
    endloop
  endfacet
  facet normal -0.000000e+00 0.000000e+00 1.000000e+00
    outer loop
      vertex   -2.599691e+01 2.151063e+01 8.500000e+00
      vertex   -2.443252e+01 2.124828e+01 8.500000e+00
      vertex   -2.440802e+01 2.179928e+01 8.500000e+00
    endloop
  endfacet
  facet normal 0.000000e+00 -0.000000e+00 1.000000e+00
    outer loop
      vertex   -2.338558e+01 1.738273e+01 8.500000e+00
      vertex   -2.308912e+01 1.800975e+01 8.500000e+00
      vertex   -2.359530e+01 1.925352e+01 8.500000e+00
    endloop
  endfacet
  facet normal 0.000000e+00 0.000000e+00 1.000000e+00
    outer loop
      vertex   -2.359530e+01 1.925352e+01 8.500000e+00
      vertex   -2.308912e+01 1.800975e+01 8.500000e+00
      vertex   -2.318489e+01 1.888505e+01 8.500000e+00
    endloop
  endfacet
  facet normal 0.000000e+00 0.000000e+00 1.000000e+00
    outer loop
      vertex   -2.318489e+01 1.888505e+01 8.500000e+00
      vertex   -2.308912e+01 1.800975e+01 8.500000e+00
      vertex   -2.271610e+01 1.859448e+01 8.500000e+00
    endloop
  endfacet
  facet normal 0.000000e+00 0.000000e+00 1.000000e+00
    outer loop
      vertex   -2.599691e+01 2.151063e+01 8.500000e+00
      vertex   -2.440802e+01 2.179928e+01 8.500000e+00
      vertex   -2.556923e+01 2.235000e+01 8.500000e+00
    endloop
  endfacet
  facet normal 0.000000e+00 0.000000e+00 1.000000e+00
    outer loop
      vertex   -2.556923e+01 2.235000e+01 8.500000e+00
      vertex   -2.440802e+01 2.179928e+01 8.500000e+00
      vertex   -2.428704e+01 2.233739e+01 8.500000e+00
    endloop
  endfacet
  facet normal -0.000000e+00 0.000000e+00 1.000000e+00
    outer loop
      vertex   -2.556923e+01 2.235000e+01 8.500000e+00
      vertex   -2.428704e+01 2.233739e+01 8.500000e+00
      vertex   -2.505615e+01 2.314007e+01 8.500000e+00
    endloop
  endfacet
  facet normal 0.000000e+00 0.000000e+00 1.000000e+00
    outer loop
      vertex   -2.505615e+01 2.314007e+01 8.500000e+00
      vertex   -2.428704e+01 2.233739e+01 8.500000e+00
      vertex   -2.407334e+01 2.284585e+01 8.500000e+00
    endloop
  endfacet
  facet normal -0.000000e+00 0.000000e+00 1.000000e+00
    outer loop
      vertex   -2.505615e+01 2.314007e+01 8.500000e+00
      vertex   -2.407334e+01 2.284585e+01 8.500000e+00
      vertex   -2.446330e+01 2.387218e+01 8.500000e+00
    endloop
  endfacet
  facet normal 0.000000e+00 0.000000e+00 1.000000e+00
    outer loop
      vertex   -2.446330e+01 2.387218e+01 8.500000e+00
      vertex   -2.407334e+01 2.284585e+01 8.500000e+00
      vertex   -2.377358e+01 2.330882e+01 8.500000e+00
    endloop
  endfacet
  facet normal 0.000000e+00 0.000000e+00 1.000000e+00
    outer loop
      vertex   -2.446330e+01 2.387218e+01 8.500000e+00
      vertex   -2.377358e+01 2.330882e+01 8.500000e+00
      vertex   -2.339709e+01 2.371188e+01 8.500000e+00
    endloop
  endfacet
  facet normal -0.000000e+00 0.000000e+00 1.000000e+00
    outer loop
      vertex   -2.446330e+01 2.387218e+01 8.500000e+00
      vertex   -2.339709e+01 2.371188e+01 8.500000e+00
      vertex   -2.379718e+01 2.453830e+01 8.500000e+00
    endloop
  endfacet
  facet normal 0.000000e+00 0.000000e+00 1.000000e+00
    outer loop
      vertex   -2.379718e+01 2.453830e+01 8.500000e+00
      vertex   -2.339709e+01 2.371188e+01 8.500000e+00
      vertex   -2.295561e+01 2.404248e+01 8.500000e+00
    endloop
  endfacet
  facet normal -0.000000e+00 0.000000e+00 1.000000e+00
    outer loop
      vertex   -2.379718e+01 2.453830e+01 8.500000e+00
      vertex   -2.295561e+01 2.404248e+01 8.500000e+00
      vertex   -2.306507e+01 2.513115e+01 8.500000e+00
    endloop
  endfacet
  facet normal 0.000000e+00 0.000000e+00 1.000000e+00
    outer loop
      vertex   -2.306507e+01 2.513115e+01 8.500000e+00
      vertex   -2.295561e+01 2.404248e+01 8.500000e+00
      vertex   -2.246288e+01 2.429031e+01 8.500000e+00
    endloop
  endfacet
  facet normal -0.000000e+00 0.000000e+00 1.000000e+00
    outer loop
      vertex   -2.306507e+01 2.513115e+01 8.500000e+00
      vertex   -2.246288e+01 2.429031e+01 8.500000e+00
      vertex   -2.227500e+01 2.564423e+01 8.500000e+00
    endloop
  endfacet
  facet normal 0.000000e+00 0.000000e+00 1.000000e+00
    outer loop
      vertex   -2.227500e+01 2.564423e+01 8.500000e+00
      vertex   -2.246288e+01 2.429031e+01 8.500000e+00
      vertex   -2.193426e+01 2.444766e+01 8.500000e+00
    endloop
  endfacet
  facet normal 0.000000e+00 0.000000e+00 1.000000e+00
    outer loop
      vertex   -2.227500e+01 2.564423e+01 8.500000e+00
      vertex   -2.193426e+01 2.444766e+01 8.500000e+00
      vertex   -2.138621e+01 2.450962e+01 8.500000e+00
    endloop
  endfacet
  facet normal -0.000000e+00 0.000000e+00 1.000000e+00
    outer loop
      vertex   -2.227500e+01 2.564423e+01 8.500000e+00
      vertex   -2.138621e+01 2.450962e+01 8.500000e+00
      vertex   -2.143563e+01 2.607191e+01 8.500000e+00
    endloop
  endfacet
  facet normal 0.000000e+00 0.000000e+00 1.000000e+00
    outer loop
      vertex   -2.143563e+01 2.607191e+01 8.500000e+00
      vertex   -2.138621e+01 2.450962e+01 8.500000e+00
      vertex   -2.083580e+01 2.447426e+01 8.500000e+00
    endloop
  endfacet
  facet normal -0.000000e+00 0.000000e+00 1.000000e+00
    outer loop
      vertex   -2.143563e+01 2.607191e+01 8.500000e+00
      vertex   -2.083580e+01 2.447426e+01 8.500000e+00
      vertex   -2.055615e+01 2.640951e+01 8.500000e+00
    endloop
  endfacet
  facet normal 0.000000e+00 0.000000e+00 1.000000e+00
    outer loop
      vertex   -2.055615e+01 2.640951e+01 8.500000e+00
      vertex   -2.083580e+01 2.447426e+01 8.500000e+00
      vertex   -2.030018e+01 2.434270e+01 8.500000e+00
    endloop
  endfacet
  facet normal -0.000000e+00 0.000000e+00 1.000000e+00
    outer loop
      vertex   -2.055615e+01 2.640951e+01 8.500000e+00
      vertex   -2.030018e+01 2.434270e+01 8.500000e+00
      vertex   -1.964621e+01 2.665333e+01 8.500000e+00
    endloop
  endfacet
  facet normal 0.000000e+00 0.000000e+00 1.000000e+00
    outer loop
      vertex   -1.964621e+01 2.665333e+01 8.500000e+00
      vertex   -2.030018e+01 2.434270e+01 8.500000e+00
      vertex   -1.979603e+01 2.411901e+01 8.500000e+00
    endloop
  endfacet
  facet normal -0.000000e+00 0.000000e+00 1.000000e+00
    outer loop
      vertex   -1.964621e+01 2.665333e+01 8.500000e+00
      vertex   -1.979603e+01 2.411901e+01 8.500000e+00
      vertex   -1.871576e+01 2.680070e+01 8.500000e+00
    endloop
  endfacet
  facet normal 0.000000e+00 0.000000e+00 1.000000e+00
    outer loop
      vertex   -1.871576e+01 2.680070e+01 8.500000e+00
      vertex   -1.979603e+01 2.411901e+01 8.500000e+00
      vertex   -1.933906e+01 2.381018e+01 8.500000e+00
    endloop
  endfacet
  facet normal -0.000000e+00 0.000000e+00 1.000000e+00
    outer loop
      vertex   -1.871576e+01 2.680070e+01 8.500000e+00
      vertex   -1.933906e+01 2.381018e+01 8.500000e+00
      vertex   -1.777500e+01 2.685000e+01 8.500000e+00
    endloop
  endfacet
  facet normal 0.000000e+00 0.000000e+00 1.000000e+00
    outer loop
      vertex   -1.777500e+01 2.685000e+01 8.500000e+00
      vertex   -1.933906e+01 2.381018e+01 8.500000e+00
      vertex   -1.894350e+01 2.342582e+01 8.500000e+00
    endloop
  endfacet
  facet normal 0.000000e+00 0.000000e+00 1.000000e+00
    outer loop
      vertex   -1.777500e+01 2.685000e+01 8.500000e+00
      vertex   -1.894350e+01 2.342582e+01 8.500000e+00
      vertex   -1.862167e+01 2.297791e+01 8.500000e+00
    endloop
  endfacet
  facet normal -0.000000e+00 0.000000e+00 1.000000e+00
    outer loop
      vertex   -1.862167e+01 2.297791e+01 8.500000e+00
      vertex   -1.838361e+01 2.248039e+01 8.500000e+00
      vertex   -1.777500e+01 2.685000e+01 8.500000e+00
    endloop
  endfacet
  facet normal 0.000000e+00 0.000000e+00 1.000000e+00
    outer loop
      vertex   -1.777500e+01 2.685000e+01 8.500000e+00
      vertex   -1.838361e+01 2.248039e+01 8.500000e+00
      vertex   -1.823671e+01 2.194877e+01 8.500000e+00
    endloop
  endfacet
  facet normal 0.000000e+00 0.000000e+00 1.000000e+00
    outer loop
      vertex   -1.777500e+01 2.685000e+01 8.500000e+00
      vertex   -1.823671e+01 2.194877e+01 8.500000e+00
      vertex   -1.818557e+01 2.139960e+01 8.500000e+00
    endloop
  endfacet
  facet normal 0.000000e+00 0.000000e+00 1.000000e+00
    outer loop
      vertex   -1.823176e+01 2.085000e+01 8.500000e+00
      vertex   1.677500e+01 2.085000e+01 8.500000e+00
      vertex   -1.818557e+01 2.139960e+01 8.500000e+00
    endloop
  endfacet
  facet normal -0.000000e+00 0.000000e+00 1.000000e+00
    outer loop
      vertex   -1.818557e+01 2.139960e+01 8.500000e+00
      vertex   1.677500e+01 2.085000e+01 8.500000e+00
      vertex   -1.777500e+01 2.685000e+01 8.500000e+00
    endloop
  endfacet
  facet normal -0.000000e+00 0.000000e+00 1.000000e+00
    outer loop
      vertex   -1.777500e+01 2.685000e+01 8.500000e+00
      vertex   1.677500e+01 2.085000e+01 8.500000e+00
      vertex   1.777500e+01 2.685000e+01 8.500000e+00
    endloop
  endfacet
  facet normal 0.000000e+00 0.000000e+00 1.000000e+00
    outer loop
      vertex   1.777500e+01 2.685000e+01 8.500000e+00
      vertex   1.677500e+01 2.085000e+01 8.500000e+00
      vertex   1.740074e+01 2.080075e+01 8.500000e+00
    endloop
  endfacet
  facet normal 0.000000e+00 0.000000e+00 1.000000e+00
    outer loop
      vertex   1.777500e+01 2.685000e+01 8.500000e+00
      vertex   1.740074e+01 2.080075e+01 8.500000e+00
      vertex   1.871576e+01 2.680070e+01 8.500000e+00
    endloop
  endfacet
  facet normal 0.000000e+00 0.000000e+00 1.000000e+00
    outer loop
      vertex   1.871576e+01 2.680070e+01 8.500000e+00
      vertex   1.740074e+01 2.080075e+01 8.500000e+00
      vertex   1.801107e+01 2.065423e+01 8.500000e+00
    endloop
  endfacet
  facet normal 0.000000e+00 0.000000e+00 1.000000e+00
    outer loop
      vertex   1.871576e+01 2.680070e+01 8.500000e+00
      vertex   1.801107e+01 2.065423e+01 8.500000e+00
      vertex   1.964621e+01 2.665333e+01 8.500000e+00
    endloop
  endfacet
  facet normal 0.000000e+00 0.000000e+00 1.000000e+00
    outer loop
      vertex   1.964621e+01 2.665333e+01 8.500000e+00
      vertex   1.801107e+01 2.065423e+01 8.500000e+00
      vertex   2.055615e+01 2.640951e+01 8.500000e+00
    endloop
  endfacet
  facet normal 0.000000e+00 0.000000e+00 1.000000e+00
    outer loop
      vertex   2.055615e+01 2.640951e+01 8.500000e+00
      vertex   1.801107e+01 2.065423e+01 8.500000e+00
      vertex   1.859096e+01 2.041403e+01 8.500000e+00
    endloop
  endfacet
  facet normal 0.000000e+00 0.000000e+00 1.000000e+00
    outer loop
      vertex   2.055615e+01 2.640951e+01 8.500000e+00
      vertex   1.859096e+01 2.041403e+01 8.500000e+00
      vertex   2.143563e+01 2.607191e+01 8.500000e+00
    endloop
  endfacet
  facet normal 0.000000e+00 0.000000e+00 1.000000e+00
    outer loop
      vertex   2.143563e+01 2.607191e+01 8.500000e+00
      vertex   1.859096e+01 2.041403e+01 8.500000e+00
      vertex   2.227500e+01 2.564423e+01 8.500000e+00
    endloop
  endfacet
  facet normal 0.000000e+00 0.000000e+00 1.000000e+00
    outer loop
      vertex   2.227500e+01 2.564423e+01 8.500000e+00
      vertex   1.859096e+01 2.041403e+01 8.500000e+00
      vertex   1.912614e+01 2.008607e+01 8.500000e+00
    endloop
  endfacet
  facet normal 0.000000e+00 0.000000e+00 1.000000e+00
    outer loop
      vertex   2.227500e+01 2.564423e+01 8.500000e+00
      vertex   1.912614e+01 2.008607e+01 8.500000e+00
      vertex   2.306507e+01 2.513115e+01 8.500000e+00
    endloop
  endfacet
  facet normal 0.000000e+00 0.000000e+00 1.000000e+00
    outer loop
      vertex   2.306507e+01 2.513115e+01 8.500000e+00
      vertex   1.912614e+01 2.008607e+01 8.500000e+00
      vertex   2.379718e+01 2.453830e+01 8.500000e+00
    endloop
  endfacet
  facet normal 0.000000e+00 0.000000e+00 1.000000e+00
    outer loop
      vertex   2.379718e+01 2.453830e+01 8.500000e+00
      vertex   1.912614e+01 2.008607e+01 8.500000e+00
      vertex   1.960343e+01 1.967843e+01 8.500000e+00
    endloop
  endfacet
  facet normal 0.000000e+00 0.000000e+00 1.000000e+00
    outer loop
      vertex   2.379718e+01 2.453830e+01 8.500000e+00
      vertex   1.960343e+01 1.967843e+01 8.500000e+00
      vertex   2.446330e+01 2.387218e+01 8.500000e+00
    endloop
  endfacet
  facet normal 0.000000e+00 0.000000e+00 1.000000e+00
    outer loop
      vertex   2.446330e+01 2.387218e+01 8.500000e+00
      vertex   1.960343e+01 1.967843e+01 8.500000e+00
      vertex   2.001107e+01 1.920114e+01 8.500000e+00
    endloop
  endfacet
  facet normal 0.000000e+00 0.000000e+00 1.000000e+00
    outer loop
      vertex   2.446330e+01 2.387218e+01 8.500000e+00
      vertex   2.001107e+01 1.920114e+01 8.500000e+00
      vertex   2.505615e+01 2.314007e+01 8.500000e+00
    endloop
  endfacet
  facet normal 0.000000e+00 0.000000e+00 1.000000e+00
    outer loop
      vertex   2.505615e+01 2.314007e+01 8.500000e+00
      vertex   2.001107e+01 1.920114e+01 8.500000e+00
      vertex   2.556923e+01 2.235000e+01 8.500000e+00
    endloop
  endfacet
  facet normal 0.000000e+00 0.000000e+00 1.000000e+00
    outer loop
      vertex   2.556923e+01 2.235000e+01 8.500000e+00
      vertex   2.001107e+01 1.920114e+01 8.500000e+00
      vertex   2.033903e+01 1.866596e+01 8.500000e+00
    endloop
  endfacet
  facet normal 0.000000e+00 0.000000e+00 1.000000e+00
    outer loop
      vertex   2.556923e+01 2.235000e+01 8.500000e+00
      vertex   2.033903e+01 1.866596e+01 8.500000e+00
      vertex   2.599691e+01 2.151063e+01 8.500000e+00
    endloop
  endfacet
  facet normal 0.000000e+00 0.000000e+00 1.000000e+00
    outer loop
      vertex   2.599691e+01 2.151063e+01 8.500000e+00
      vertex   2.033903e+01 1.866596e+01 8.500000e+00
      vertex   2.633451e+01 2.063115e+01 8.500000e+00
    endloop
  endfacet
  facet normal 0.000000e+00 0.000000e+00 1.000000e+00
    outer loop
      vertex   2.633451e+01 2.063115e+01 8.500000e+00
      vertex   2.033903e+01 1.866596e+01 8.500000e+00
      vertex   2.057923e+01 1.808607e+01 8.500000e+00
    endloop
  endfacet
  facet normal 0.000000e+00 0.000000e+00 1.000000e+00
    outer loop
      vertex   2.633451e+01 2.063115e+01 8.500000e+00
      vertex   2.057923e+01 1.808607e+01 8.500000e+00
      vertex   2.657833e+01 1.972121e+01 8.500000e+00
    endloop
  endfacet
  facet normal 0.000000e+00 0.000000e+00 1.000000e+00
    outer loop
      vertex   2.657833e+01 1.972121e+01 8.500000e+00
      vertex   2.057923e+01 1.808607e+01 8.500000e+00
      vertex   2.672570e+01 1.879076e+01 8.500000e+00
    endloop
  endfacet
  facet normal 0.000000e+00 0.000000e+00 1.000000e+00
    outer loop
      vertex   2.672570e+01 1.879076e+01 8.500000e+00
      vertex   2.057923e+01 1.808607e+01 8.500000e+00
      vertex   2.072575e+01 1.747574e+01 8.500000e+00
    endloop
  endfacet
  facet normal 0.000000e+00 0.000000e+00 1.000000e+00
    outer loop
      vertex   2.672570e+01 1.879076e+01 8.500000e+00
      vertex   2.072575e+01 1.747574e+01 8.500000e+00
      vertex   2.677500e+01 1.785000e+01 8.500000e+00
    endloop
  endfacet
  facet normal 0.000000e+00 0.000000e+00 1.000000e+00
    outer loop
      vertex   2.677500e+01 1.785000e+01 8.500000e+00
      vertex   2.072575e+01 1.747574e+01 8.500000e+00
      vertex   2.077500e+01 1.685000e+01 8.500000e+00
    endloop
  endfacet
  facet normal 0.000000e+00 0.000000e+00 1.000000e+00
    outer loop
      vertex   2.677500e+01 1.785000e+01 8.500000e+00
      vertex   2.077500e+01 1.685000e+01 8.500000e+00
      vertex   2.077500e+01 6.350000e+00 8.500000e+00
    endloop
  endfacet
  facet normal -0.000000e+00 0.000000e+00 1.000000e+00
    outer loop
      vertex   2.077500e+01 6.350000e+00 8.500000e+00
      vertex   2.072575e+01 5.724262e+00 8.500000e+00
      vertex   2.677500e+01 1.785000e+01 8.500000e+00
    endloop
  endfacet
  facet normal 0.000000e+00 0.000000e+00 1.000000e+00
    outer loop
      vertex   2.677500e+01 1.785000e+01 8.500000e+00
      vertex   2.072575e+01 5.724262e+00 8.500000e+00
      vertex   2.390765e+01 -7.147190e+00 8.500000e+00
    endloop
  endfacet
  facet normal 0.000000e+00 0.000000e+00 1.000000e+00
    outer loop
      vertex   2.677500e+01 1.785000e+01 8.500000e+00
      vertex   2.390765e+01 -7.147190e+00 8.500000e+00
      vertex   2.415073e+01 -7.651954e+00 8.500000e+00
    endloop
  endfacet
  facet normal 0.000000e+00 0.000000e+00 1.000000e+00
    outer loop
      vertex   2.390765e+01 -7.147190e+00 8.500000e+00
      vertex   2.072575e+01 5.724262e+00 8.500000e+00
      vertex   2.357835e+01 -6.693941e+00 8.500000e+00
    endloop
  endfacet
  facet normal 0.000000e+00 0.000000e+00 1.000000e+00
    outer loop
      vertex   2.357835e+01 -6.693941e+00 8.500000e+00
      vertex   2.072575e+01 5.724262e+00 8.500000e+00
      vertex   2.057923e+01 5.113932e+00 8.500000e+00
    endloop
  endfacet
  facet normal 0.000000e+00 0.000000e+00 1.000000e+00
    outer loop
      vertex   2.357835e+01 -6.693941e+00 8.500000e+00
      vertex   2.057923e+01 5.113932e+00 8.500000e+00
      vertex   2.317341e+01 -6.306777e+00 8.500000e+00
    endloop
  endfacet
  facet normal 0.000000e+00 0.000000e+00 1.000000e+00
    outer loop
      vertex   2.317341e+01 -6.306777e+00 8.500000e+00
      vertex   2.057923e+01 5.113932e+00 8.500000e+00
      vertex   2.033903e+01 4.534038e+00 8.500000e+00
    endloop
  endfacet
  facet normal 0.000000e+00 0.000000e+00 1.000000e+00
    outer loop
      vertex   2.317341e+01 -6.306777e+00 8.500000e+00
      vertex   2.033903e+01 4.534038e+00 8.500000e+00
      vertex   2.270584e+01 -5.998139e+00 8.500000e+00
    endloop
  endfacet
  facet normal 0.000000e+00 0.000000e+00 1.000000e+00
    outer loop
      vertex   2.270584e+01 -5.998139e+00 8.500000e+00
      vertex   2.033903e+01 4.534038e+00 8.500000e+00
      vertex   2.001107e+01 3.998859e+00 8.500000e+00
    endloop
  endfacet
  facet normal 0.000000e+00 0.000000e+00 1.000000e+00
    outer loop
      vertex   2.270584e+01 -5.998139e+00 8.500000e+00
      vertex   2.001107e+01 3.998859e+00 8.500000e+00
      vertex   2.219068e+01 -5.777948e+00 8.500000e+00
    endloop
  endfacet
  facet normal 0.000000e+00 0.000000e+00 1.000000e+00
    outer loop
      vertex   2.219068e+01 -5.777948e+00 8.500000e+00
      vertex   2.001107e+01 3.998859e+00 8.500000e+00
      vertex   1.960343e+01 3.521573e+00 8.500000e+00
    endloop
  endfacet
  facet normal 0.000000e+00 0.000000e+00 1.000000e+00
    outer loop
      vertex   2.219068e+01 -5.777948e+00 8.500000e+00
      vertex   1.960343e+01 3.521573e+00 8.500000e+00
      vertex   2.164448e+01 -5.653282e+00 8.500000e+00
    endloop
  endfacet
  facet normal 0.000000e+00 0.000000e+00 1.000000e+00
    outer loop
      vertex   2.164448e+01 -5.653282e+00 8.500000e+00
      vertex   1.960343e+01 3.521573e+00 8.500000e+00
      vertex   1.912614e+01 3.113932e+00 8.500000e+00
    endloop
  endfacet
  facet normal 0.000000e+00 0.000000e+00 1.000000e+00
    outer loop
      vertex   2.164448e+01 -5.653282e+00 8.500000e+00
      vertex   1.912614e+01 3.113932e+00 8.500000e+00
      vertex   2.108480e+01 -5.628147e+00 8.500000e+00
    endloop
  endfacet
  facet normal 0.000000e+00 0.000000e+00 1.000000e+00
    outer loop
      vertex   2.108480e+01 -5.628147e+00 8.500000e+00
      vertex   1.912614e+01 3.113932e+00 8.500000e+00
      vertex   1.859096e+01 2.785974e+00 8.500000e+00
    endloop
  endfacet
  facet normal 0.000000e+00 0.000000e+00 1.000000e+00
    outer loop
      vertex   2.108480e+01 -5.628147e+00 8.500000e+00
      vertex   1.859096e+01 2.785974e+00 8.500000e+00
      vertex   2.052962e+01 -5.703350e+00 8.500000e+00
    endloop
  endfacet
  facet normal 0.000000e+00 0.000000e+00 1.000000e+00
    outer loop
      vertex   2.052962e+01 -5.703350e+00 8.500000e+00
      vertex   1.859096e+01 2.785974e+00 8.500000e+00
      vertex   1.801107e+01 2.545774e+00 8.500000e+00
    endloop
  endfacet
  facet normal 0.000000e+00 0.000000e+00 1.000000e+00
    outer loop
      vertex   2.052962e+01 -5.703350e+00 8.500000e+00
      vertex   1.801107e+01 2.545774e+00 8.500000e+00
      vertex   1.999680e+01 -5.876476e+00 8.500000e+00
    endloop
  endfacet
  facet normal 0.000000e+00 0.000000e+00 1.000000e+00
    outer loop
      vertex   1.999680e+01 -5.876476e+00 8.500000e+00
      vertex   1.801107e+01 2.545774e+00 8.500000e+00
      vertex   1.740074e+01 2.399247e+00 8.500000e+00
    endloop
  endfacet
  facet normal 0.000000e+00 0.000000e+00 1.000000e+00
    outer loop
      vertex   1.999680e+01 -5.876476e+00 8.500000e+00
      vertex   1.740074e+01 2.399247e+00 8.500000e+00
      vertex   1.402471e+01 -4.573732e+00 8.500000e+00
    endloop
  endfacet
  facet normal 0.000000e+00 0.000000e+00 1.000000e+00
    outer loop
      vertex   1.402471e+01 -4.573732e+00 8.500000e+00
      vertex   1.740074e+01 2.399247e+00 8.500000e+00
      vertex   1.677500e+01 2.350000e+00 8.500000e+00
    endloop
  endfacet
  facet normal 0.000000e+00 -0.000000e+00 1.000000e+00
    outer loop
      vertex   1.402471e+01 -4.573732e+00 8.500000e+00
      vertex   1.677500e+01 2.350000e+00 8.500000e+00
      vertex   1.349694e+01 -3.864814e+00 8.500000e+00
    endloop
  endfacet
  facet normal 0.000000e+00 -0.000000e+00 1.000000e+00
    outer loop
      vertex   1.349694e+01 -3.864814e+00 8.500000e+00
      vertex   1.677500e+01 2.350000e+00 8.500000e+00
      vertex   1.289044e+01 -3.221960e+00 8.500000e+00
    endloop
  endfacet
  facet normal 0.000000e+00 -0.000000e+00 1.000000e+00
    outer loop
      vertex   1.289044e+01 -3.221960e+00 8.500000e+00
      vertex   1.677500e+01 2.350000e+00 8.500000e+00
      vertex   1.221341e+01 -2.653864e+00 8.500000e+00
    endloop
  endfacet
  facet normal 0.000000e+00 -0.000000e+00 1.000000e+00
    outer loop
      vertex   1.221341e+01 -2.653864e+00 8.500000e+00
      vertex   1.677500e+01 2.350000e+00 8.500000e+00
      vertex   1.147500e+01 -2.168207e+00 8.500000e+00
    endloop
  endfacet
  facet normal 0.000000e+00 -0.000000e+00 1.000000e+00
    outer loop
      vertex   1.147500e+01 -2.168207e+00 8.500000e+00
      vertex   1.677500e+01 2.350000e+00 8.500000e+00
      vertex   1.068521e+01 -1.771558e+00 8.500000e+00
    endloop
  endfacet
  facet normal 0.000000e+00 -0.000000e+00 1.000000e+00
    outer loop
      vertex   1.068521e+01 -1.771558e+00 8.500000e+00
      vertex   1.677500e+01 2.350000e+00 8.500000e+00
      vertex   9.854705e+00 -1.469280e+00 8.500000e+00
    endloop
  endfacet
  facet normal 0.000000e+00 -0.000000e+00 1.000000e+00
    outer loop
      vertex   9.854705e+00 -1.469280e+00 8.500000e+00
      vertex   1.677500e+01 2.350000e+00 8.500000e+00
      vertex   8.994726e+00 -1.265461e+00 8.500000e+00
    endloop
  endfacet
  facet normal 0.000000e+00 -0.000000e+00 1.000000e+00
    outer loop
      vertex   8.994726e+00 -1.265461e+00 8.500000e+00
      vertex   1.677500e+01 2.350000e+00 8.500000e+00
      vertex   8.116901e+00 -1.162858e+00 8.500000e+00
    endloop
  endfacet
  facet normal 0.000000e+00 -0.000000e+00 1.000000e+00
    outer loop
      vertex   8.116901e+00 -1.162858e+00 8.500000e+00
      vertex   1.677500e+01 2.350000e+00 8.500000e+00
      vertex   7.233099e+00 -1.162858e+00 8.500000e+00
    endloop
  endfacet
  facet normal 0.000000e+00 -0.000000e+00 1.000000e+00
    outer loop
      vertex   7.233099e+00 -1.162858e+00 8.500000e+00
      vertex   1.677500e+01 2.350000e+00 8.500000e+00
      vertex   6.355274e+00 -1.265461e+00 8.500000e+00
    endloop
  endfacet
  facet normal 0.000000e+00 -0.000000e+00 1.000000e+00
    outer loop
      vertex   6.355274e+00 -1.265461e+00 8.500000e+00
      vertex   1.677500e+01 2.350000e+00 8.500000e+00
      vertex   -1.827500e+01 2.350000e+00 8.500000e+00
    endloop
  endfacet
  facet normal 0.000000e+00 0.000000e+00 1.000000e+00
    outer loop
      vertex   6.355274e+00 -1.265461e+00 8.500000e+00
      vertex   -1.827500e+01 2.350000e+00 8.500000e+00
      vertex   5.495295e+00 -1.469280e+00 8.500000e+00
    endloop
  endfacet
  facet normal 0.000000e+00 0.000000e+00 1.000000e+00
    outer loop
      vertex   5.495295e+00 -1.469280e+00 8.500000e+00
      vertex   -1.827500e+01 2.350000e+00 8.500000e+00
      vertex   4.664794e+00 -1.771558e+00 8.500000e+00
    endloop
  endfacet
  facet normal 0.000000e+00 0.000000e+00 1.000000e+00
    outer loop
      vertex   4.664794e+00 -1.771558e+00 8.500000e+00
      vertex   -1.827500e+01 2.350000e+00 8.500000e+00
      vertex   -2.550000e+00 -3.600000e+00 8.500000e+00
    endloop
  endfacet
  facet normal 0.000000e+00 0.000000e+00 1.000000e+00
    outer loop
      vertex   4.664794e+00 -1.771558e+00 8.500000e+00
      vertex   -2.550000e+00 -3.600000e+00 8.500000e+00
      vertex   3.875000e+00 -2.168207e+00 8.500000e+00
    endloop
  endfacet
  facet normal 0.000000e+00 0.000000e+00 1.000000e+00
    outer loop
      vertex   3.875000e+00 -2.168207e+00 8.500000e+00
      vertex   -2.550000e+00 -3.600000e+00 8.500000e+00
      vertex   3.136595e+00 -2.653864e+00 8.500000e+00
    endloop
  endfacet
  facet normal 0.000000e+00 0.000000e+00 1.000000e+00
    outer loop
      vertex   3.136595e+00 -2.653864e+00 8.500000e+00
      vertex   -2.550000e+00 -3.600000e+00 8.500000e+00
      vertex   2.459564e+00 -3.221960e+00 8.500000e+00
    endloop
  endfacet
  facet normal 0.000000e+00 0.000000e+00 1.000000e+00
    outer loop
      vertex   2.459564e+00 -3.221960e+00 8.500000e+00
      vertex   -2.550000e+00 -3.600000e+00 8.500000e+00
      vertex   1.853062e+00 -3.864814e+00 8.500000e+00
    endloop
  endfacet
  facet normal 0.000000e+00 0.000000e+00 1.000000e+00
    outer loop
      vertex   1.853062e+00 -3.864814e+00 8.500000e+00
      vertex   -2.550000e+00 -3.600000e+00 8.500000e+00
      vertex   -1.756250e+00 -4.393750e+00 8.500000e+00
    endloop
  endfacet
  facet normal 0.000000e+00 0.000000e+00 1.000000e+00
    outer loop
      vertex   1.853062e+00 -3.864814e+00 8.500000e+00
      vertex   -1.756250e+00 -4.393750e+00 8.500000e+00
      vertex   1.325293e+00 -4.573732e+00 8.500000e+00
    endloop
  endfacet
  facet normal 0.000000e+00 0.000000e+00 1.000000e+00
    outer loop
      vertex   1.325293e+00 -4.573732e+00 8.500000e+00
      vertex   -1.756250e+00 -4.393750e+00 8.500000e+00
      vertex   8.833919e-01 -5.339126e+00 8.500000e+00
    endloop
  endfacet
  facet normal 0.000000e+00 0.000000e+00 1.000000e+00
    outer loop
      vertex   8.833919e-01 -5.339126e+00 8.500000e+00
      vertex   -1.756250e+00 -4.393750e+00 8.500000e+00
      vertex   5.333361e-01 -6.150647e+00 8.500000e+00
    endloop
  endfacet
  facet normal 0.000000e+00 0.000000e+00 1.000000e+00
    outer loop
      vertex   5.333361e-01 -6.150647e+00 8.500000e+00
      vertex   -1.756250e+00 -4.393750e+00 8.500000e+00
      vertex   2.798590e-01 -6.997319e+00 8.500000e+00
    endloop
  endfacet
  facet normal 0.000000e+00 0.000000e+00 1.000000e+00
    outer loop
      vertex   2.798590e-01 -6.997319e+00 8.500000e+00
      vertex   -1.756250e+00 -4.393750e+00 8.500000e+00
      vertex   -1.756250e+00 -8.765625e+00 8.500000e+00
    endloop
  endfacet
  facet normal 0.000000e+00 0.000000e+00 1.000000e+00
    outer loop
      vertex   2.798590e-01 -6.997319e+00 8.500000e+00
      vertex   -1.756250e+00 -8.765625e+00 8.500000e+00
      vertex   1.263885e-01 -7.867694e+00 8.500000e+00
    endloop
  endfacet
  facet normal 0.000000e+00 0.000000e+00 1.000000e+00
    outer loop
      vertex   1.263885e-01 -7.867694e+00 8.500000e+00
      vertex   -1.756250e+00 -8.765625e+00 8.500000e+00
      vertex   7.500000e-02 -8.750000e+00 8.500000e+00
    endloop
  endfacet
  facet normal 0.000000e+00 0.000000e+00 1.000000e+00
    outer loop
      vertex   7.500000e-02 -8.750000e+00 8.500000e+00
      vertex   -1.756250e+00 -8.765625e+00 8.500000e+00
      vertex   1.263885e-01 -9.632306e+00 8.500000e+00
    endloop
  endfacet
  facet normal 0.000000e+00 0.000000e+00 1.000000e+00
    outer loop
      vertex   1.263885e-01 -9.632306e+00 8.500000e+00
      vertex   -1.756250e+00 -8.765625e+00 8.500000e+00
      vertex   2.798590e-01 -1.050268e+01 8.500000e+00
    endloop
  endfacet
  facet normal 0.000000e+00 0.000000e+00 1.000000e+00
    outer loop
      vertex   2.798590e-01 -1.050268e+01 8.500000e+00
      vertex   -1.756250e+00 -8.765625e+00 8.500000e+00
      vertex   -3.343750e+00 -1.035313e+01 8.500000e+00
    endloop
  endfacet
  facet normal 0.000000e+00 0.000000e+00 1.000000e+00
    outer loop
      vertex   2.798590e-01 -1.050268e+01 8.500000e+00
      vertex   -3.343750e+00 -1.035313e+01 8.500000e+00
      vertex   5.333361e-01 -1.134935e+01 8.500000e+00
    endloop
  endfacet
  facet normal 0.000000e+00 0.000000e+00 1.000000e+00
    outer loop
      vertex   5.333361e-01 -1.134935e+01 8.500000e+00
      vertex   -3.343750e+00 -1.035313e+01 8.500000e+00
      vertex   8.833919e-01 -1.216087e+01 8.500000e+00
    endloop
  endfacet
  facet normal 0.000000e+00 0.000000e+00 1.000000e+00
    outer loop
      vertex   8.833919e-01 -1.216087e+01 8.500000e+00
      vertex   -3.343750e+00 -1.035313e+01 8.500000e+00
      vertex   -4.931250e+00 -1.352813e+01 8.500000e+00
    endloop
  endfacet
  facet normal 0.000000e+00 0.000000e+00 1.000000e+00
    outer loop
      vertex   8.833919e-01 -1.216087e+01 8.500000e+00
      vertex   -4.931250e+00 -1.352813e+01 8.500000e+00
      vertex   1.325293e+00 -1.292627e+01 8.500000e+00
    endloop
  endfacet
  facet normal 0.000000e+00 0.000000e+00 1.000000e+00
    outer loop
      vertex   1.325293e+00 -1.292627e+01 8.500000e+00
      vertex   -4.931250e+00 -1.352813e+01 8.500000e+00
      vertex   1.853062e+00 -1.363519e+01 8.500000e+00
    endloop
  endfacet
  facet normal 0.000000e+00 0.000000e+00 1.000000e+00
    outer loop
      vertex   1.853062e+00 -1.363519e+01 8.500000e+00
      vertex   -4.931250e+00 -1.352813e+01 8.500000e+00
      vertex   3.400000e+00 -1.789063e+01 8.500000e+00
    endloop
  endfacet
  facet normal 0.000000e+00 0.000000e+00 1.000000e+00
    outer loop
      vertex   1.853062e+00 -1.363519e+01 8.500000e+00
      vertex   3.400000e+00 -1.789063e+01 8.500000e+00
      vertex   2.459564e+00 -1.427804e+01 8.500000e+00
    endloop
  endfacet
  facet normal 0.000000e+00 0.000000e+00 1.000000e+00
    outer loop
      vertex   2.459564e+00 -1.427804e+01 8.500000e+00
      vertex   3.400000e+00 -1.789063e+01 8.500000e+00
      vertex   3.136595e+00 -1.484614e+01 8.500000e+00
    endloop
  endfacet
  facet normal 0.000000e+00 0.000000e+00 1.000000e+00
    outer loop
      vertex   3.136595e+00 -1.484614e+01 8.500000e+00
      vertex   3.400000e+00 -1.789063e+01 8.500000e+00
      vertex   3.875000e+00 -1.533179e+01 8.500000e+00
    endloop
  endfacet
  facet normal 0.000000e+00 0.000000e+00 1.000000e+00
    outer loop
      vertex   3.875000e+00 -1.533179e+01 8.500000e+00
      vertex   3.400000e+00 -1.789063e+01 8.500000e+00
      vertex   4.664794e+00 -1.572844e+01 8.500000e+00
    endloop
  endfacet
  facet normal 0.000000e+00 0.000000e+00 1.000000e+00
    outer loop
      vertex   4.664794e+00 -1.572844e+01 8.500000e+00
      vertex   3.400000e+00 -1.789063e+01 8.500000e+00
      vertex   5.495295e+00 -1.603072e+01 8.500000e+00
    endloop
  endfacet
  facet normal 0.000000e+00 0.000000e+00 1.000000e+00
    outer loop
      vertex   5.495295e+00 -1.603072e+01 8.500000e+00
      vertex   3.400000e+00 -1.789063e+01 8.500000e+00
      vertex   6.355274e+00 -1.623454e+01 8.500000e+00
    endloop
  endfacet
  facet normal 0.000000e+00 0.000000e+00 1.000000e+00
    outer loop
      vertex   6.355274e+00 -1.623454e+01 8.500000e+00
      vertex   3.400000e+00 -1.789063e+01 8.500000e+00
      vertex   3.400000e+00 -1.828750e+01 8.500000e+00
    endloop
  endfacet
  facet normal 0.000000e+00 0.000000e+00 1.000000e+00
    outer loop
      vertex   6.355274e+00 -1.623454e+01 8.500000e+00
      vertex   3.400000e+00 -1.828750e+01 8.500000e+00
      vertex   7.233099e+00 -1.633714e+01 8.500000e+00
    endloop
  endfacet
  facet normal -0.000000e+00 0.000000e+00 1.000000e+00
    outer loop
      vertex   7.233099e+00 -1.633714e+01 8.500000e+00
      vertex   3.400000e+00 -1.828750e+01 8.500000e+00
      vertex   8.116901e+00 -1.633714e+01 8.500000e+00
    endloop
  endfacet
  facet normal 0.000000e+00 0.000000e+00 1.000000e+00
    outer loop
      vertex   8.116901e+00 -1.633714e+01 8.500000e+00
      vertex   3.400000e+00 -1.828750e+01 8.500000e+00
      vertex   1.777500e+01 -2.685000e+01 8.500000e+00
    endloop
  endfacet
  facet normal -0.000000e+00 0.000000e+00 1.000000e+00
    outer loop
      vertex   8.116901e+00 -1.633714e+01 8.500000e+00
      vertex   1.777500e+01 -2.685000e+01 8.500000e+00
      vertex   8.994726e+00 -1.623454e+01 8.500000e+00
    endloop
  endfacet
  facet normal -0.000000e+00 0.000000e+00 1.000000e+00
    outer loop
      vertex   8.994726e+00 -1.623454e+01 8.500000e+00
      vertex   1.777500e+01 -2.685000e+01 8.500000e+00
      vertex   9.854705e+00 -1.603072e+01 8.500000e+00
    endloop
  endfacet
  facet normal -0.000000e+00 0.000000e+00 1.000000e+00
    outer loop
      vertex   9.854705e+00 -1.603072e+01 8.500000e+00
      vertex   1.777500e+01 -2.685000e+01 8.500000e+00
      vertex   1.068521e+01 -1.572844e+01 8.500000e+00
    endloop
  endfacet
  facet normal -0.000000e+00 0.000000e+00 1.000000e+00
    outer loop
      vertex   1.068521e+01 -1.572844e+01 8.500000e+00
      vertex   1.777500e+01 -2.685000e+01 8.500000e+00
      vertex   1.147500e+01 -1.533179e+01 8.500000e+00
    endloop
  endfacet
  facet normal -0.000000e+00 0.000000e+00 1.000000e+00
    outer loop
      vertex   1.147500e+01 -1.533179e+01 8.500000e+00
      vertex   1.777500e+01 -2.685000e+01 8.500000e+00
      vertex   1.221341e+01 -1.484614e+01 8.500000e+00
    endloop
  endfacet
  facet normal -0.000000e+00 0.000000e+00 1.000000e+00
    outer loop
      vertex   1.221341e+01 -1.484614e+01 8.500000e+00
      vertex   1.777500e+01 -2.685000e+01 8.500000e+00
      vertex   1.289044e+01 -1.427804e+01 8.500000e+00
    endloop
  endfacet
  facet normal 0.000000e+00 0.000000e+00 1.000000e+00
    outer loop
      vertex   1.289044e+01 -1.427804e+01 8.500000e+00
      vertex   1.777500e+01 -2.685000e+01 8.500000e+00
      vertex   1.871576e+01 -2.680070e+01 8.500000e+00
    endloop
  endfacet
  facet normal 0.000000e+00 0.000000e+00 1.000000e+00
    outer loop
      vertex   1.289044e+01 -1.427804e+01 8.500000e+00
      vertex   1.871576e+01 -2.680070e+01 8.500000e+00
      vertex   1.964621e+01 -2.665333e+01 8.500000e+00
    endloop
  endfacet
  facet normal 0.000000e+00 0.000000e+00 1.000000e+00
    outer loop
      vertex   -1.899289e+01 2.397053e+00 8.500000e+00
      vertex   -1.843125e+01 -9.553125e+00 8.500000e+00
      vertex   -1.827500e+01 2.350000e+00 8.500000e+00
    endloop
  endfacet
  facet normal 0.000000e+00 0.000000e+00 1.000000e+00
    outer loop
      vertex   -1.827500e+01 2.350000e+00 8.500000e+00
      vertex   -1.843125e+01 -9.553125e+00 8.500000e+00
      vertex   -1.683750e+01 -9.553125e+00 8.500000e+00
    endloop
  endfacet
  facet normal 0.000000e+00 0.000000e+00 1.000000e+00
    outer loop
      vertex   -1.827500e+01 2.350000e+00 8.500000e+00
      vertex   -1.683750e+01 -9.553125e+00 8.500000e+00
      vertex   -1.049375e+01 -4.393750e+00 8.500000e+00
    endloop
  endfacet
  facet normal 0.000000e+00 0.000000e+00 1.000000e+00
    outer loop
      vertex   -1.049375e+01 -4.393750e+00 8.500000e+00
      vertex   -1.683750e+01 -9.553125e+00 8.500000e+00
      vertex   -1.128750e+01 -9.553125e+00 8.500000e+00
    endloop
  endfacet
  facet normal 0.000000e+00 0.000000e+00 1.000000e+00
    outer loop
      vertex   -1.049375e+01 -4.393750e+00 8.500000e+00
      vertex   -1.128750e+01 -9.553125e+00 8.500000e+00
      vertex   -1.049375e+01 -9.553125e+00 8.500000e+00
    endloop
  endfacet
  facet normal 0.000000e+00 0.000000e+00 1.000000e+00
    outer loop
      vertex   -1.899289e+01 2.397053e+00 8.500000e+00
      vertex   -1.969850e+01 2.537408e+00 8.500000e+00
      vertex   -1.843125e+01 -9.553125e+00 8.500000e+00
    endloop
  endfacet
  facet normal 0.000000e+00 0.000000e+00 1.000000e+00
    outer loop
      vertex   -1.843125e+01 -9.553125e+00 8.500000e+00
      vertex   -1.969850e+01 2.537408e+00 8.500000e+00
      vertex   -2.037976e+01 2.768663e+00 8.500000e+00
    endloop
  endfacet
  facet normal 0.000000e+00 0.000000e+00 1.000000e+00
    outer loop
      vertex   -1.843125e+01 -9.553125e+00 8.500000e+00
      vertex   -2.037976e+01 2.768663e+00 8.500000e+00
      vertex   -2.102500e+01 3.086860e+00 8.500000e+00
    endloop
  endfacet
  facet normal 0.000000e+00 0.000000e+00 1.000000e+00
    outer loop
      vertex   -2.102500e+01 3.086860e+00 8.500000e+00
      vertex   -2.162319e+01 3.486557e+00 8.500000e+00
      vertex   -1.843125e+01 -9.553125e+00 8.500000e+00
    endloop
  endfacet
  facet normal 0.000000e+00 0.000000e+00 1.000000e+00
    outer loop
      vertex   -1.843125e+01 -9.553125e+00 8.500000e+00
      vertex   -2.162319e+01 3.486557e+00 8.500000e+00
      vertex   -2.216409e+01 3.960913e+00 8.500000e+00
    endloop
  endfacet
  facet normal 0.000000e+00 0.000000e+00 1.000000e+00
    outer loop
      vertex   -1.843125e+01 -9.553125e+00 8.500000e+00
      vertex   -2.216409e+01 3.960913e+00 8.500000e+00
      vertex   -2.677500e+01 -1.785000e+01 8.500000e+00
    endloop
  endfacet
  facet normal 0.000000e+00 0.000000e+00 1.000000e+00
    outer loop
      vertex   -2.677500e+01 -1.785000e+01 8.500000e+00
      vertex   -2.216409e+01 3.960913e+00 8.500000e+00
      vertex   -2.263844e+01 4.501812e+00 8.500000e+00
    endloop
  endfacet
  facet normal 0.000000e+00 0.000000e+00 1.000000e+00
    outer loop
      vertex   -2.677500e+01 -1.785000e+01 8.500000e+00
      vertex   -2.263844e+01 4.501812e+00 8.500000e+00
      vertex   -2.303814e+01 5.100000e+00 8.500000e+00
    endloop
  endfacet
  facet normal 0.000000e+00 0.000000e+00 1.000000e+00
    outer loop
      vertex   -2.303814e+01 5.100000e+00 8.500000e+00
      vertex   -2.335634e+01 5.745241e+00 8.500000e+00
      vertex   -2.677500e+01 -1.785000e+01 8.500000e+00
    endloop
  endfacet
  facet normal 0.000000e+00 0.000000e+00 1.000000e+00
    outer loop
      vertex   -2.677500e+01 -1.785000e+01 8.500000e+00
      vertex   -2.335634e+01 5.745241e+00 8.500000e+00
      vertex   -2.358759e+01 6.426495e+00 8.500000e+00
    endloop
  endfacet
  facet normal 0.000000e+00 0.000000e+00 1.000000e+00
    outer loop
      vertex   -2.677500e+01 -1.785000e+01 8.500000e+00
      vertex   -2.358759e+01 6.426495e+00 8.500000e+00
      vertex   -2.372795e+01 7.132106e+00 8.500000e+00
    endloop
  endfacet
  facet normal 0.000000e+00 -0.000000e+00 1.000000e+00
    outer loop
      vertex   -2.677500e+01 -1.785000e+01 8.500000e+00
      vertex   -2.372795e+01 7.132106e+00 8.500000e+00
      vertex   -2.677500e+01 1.785000e+01 8.500000e+00
    endloop
  endfacet
  facet normal 0.000000e+00 0.000000e+00 1.000000e+00
    outer loop
      vertex   -2.677500e+01 1.785000e+01 8.500000e+00
      vertex   -2.372795e+01 7.132106e+00 8.500000e+00
      vertex   -2.377500e+01 7.850000e+00 8.500000e+00
    endloop
  endfacet
  facet normal 0.000000e+00 0.000000e+00 1.000000e+00
    outer loop
      vertex   1.999680e+01 -5.876476e+00 8.500000e+00
      vertex   1.402471e+01 -4.573732e+00 8.500000e+00
      vertex   1.950345e+01 -6.141959e+00 8.500000e+00
    endloop
  endfacet
  facet normal 0.000000e+00 0.000000e+00 1.000000e+00
    outer loop
      vertex   1.950345e+01 -6.141959e+00 8.500000e+00
      vertex   1.402471e+01 -4.573732e+00 8.500000e+00
      vertex   1.446661e+01 -5.339126e+00 8.500000e+00
    endloop
  endfacet
  facet normal 0.000000e+00 0.000000e+00 1.000000e+00
    outer loop
      vertex   1.950345e+01 -6.141959e+00 8.500000e+00
      vertex   1.446661e+01 -5.339126e+00 8.500000e+00
      vertex   1.906543e+01 -6.491266e+00 8.500000e+00
    endloop
  endfacet
  facet normal 0.000000e+00 0.000000e+00 1.000000e+00
    outer loop
      vertex   1.906543e+01 -6.491266e+00 8.500000e+00
      vertex   1.446661e+01 -5.339126e+00 8.500000e+00
      vertex   1.481666e+01 -6.150647e+00 8.500000e+00
    endloop
  endfacet
  facet normal 0.000000e+00 0.000000e+00 1.000000e+00
    outer loop
      vertex   1.906543e+01 -6.491266e+00 8.500000e+00
      vertex   1.481666e+01 -6.150647e+00 8.500000e+00
      vertex   1.869682e+01 -6.913171e+00 8.500000e+00
    endloop
  endfacet
  facet normal 0.000000e+00 0.000000e+00 1.000000e+00
    outer loop
      vertex   1.869682e+01 -6.913171e+00 8.500000e+00
      vertex   1.481666e+01 -6.150647e+00 8.500000e+00
      vertex   1.507014e+01 -6.997319e+00 8.500000e+00
    endloop
  endfacet
  facet normal 0.000000e+00 0.000000e+00 1.000000e+00
    outer loop
      vertex   1.869682e+01 -6.913171e+00 8.500000e+00
      vertex   1.507014e+01 -6.997319e+00 8.500000e+00
      vertex   1.840947e+01 -7.394113e+00 8.500000e+00
    endloop
  endfacet
  facet normal 0.000000e+00 0.000000e+00 1.000000e+00
    outer loop
      vertex   1.840947e+01 -7.394113e+00 8.500000e+00
      vertex   1.507014e+01 -6.997319e+00 8.500000e+00
      vertex   1.821262e+01 -7.918635e+00 8.500000e+00
    endloop
  endfacet
  facet normal 0.000000e+00 0.000000e+00 1.000000e+00
    outer loop
      vertex   1.821262e+01 -7.918635e+00 8.500000e+00
      vertex   1.507014e+01 -6.997319e+00 8.500000e+00
      vertex   1.522361e+01 -7.867694e+00 8.500000e+00
    endloop
  endfacet
  facet normal 0.000000e+00 0.000000e+00 1.000000e+00
    outer loop
      vertex   1.821262e+01 -7.918635e+00 8.500000e+00
      vertex   1.522361e+01 -7.867694e+00 8.500000e+00
      vertex   1.811258e+01 -8.469877e+00 8.500000e+00
    endloop
  endfacet
  facet normal 0.000000e+00 0.000000e+00 1.000000e+00
    outer loop
      vertex   1.811258e+01 -8.469877e+00 8.500000e+00
      vertex   1.522361e+01 -7.867694e+00 8.500000e+00
      vertex   1.527500e+01 -8.750000e+00 8.500000e+00
    endloop
  endfacet
  facet normal 0.000000e+00 0.000000e+00 1.000000e+00
    outer loop
      vertex   1.811258e+01 -8.469877e+00 8.500000e+00
      vertex   1.527500e+01 -8.750000e+00 8.500000e+00
      vertex   1.811258e+01 -9.030123e+00 8.500000e+00
    endloop
  endfacet
  facet normal 0.000000e+00 0.000000e+00 1.000000e+00
    outer loop
      vertex   1.811258e+01 -9.030123e+00 8.500000e+00
      vertex   1.527500e+01 -8.750000e+00 8.500000e+00
      vertex   1.522361e+01 -9.632306e+00 8.500000e+00
    endloop
  endfacet
  facet normal 0.000000e+00 0.000000e+00 1.000000e+00
    outer loop
      vertex   1.811258e+01 -9.030123e+00 8.500000e+00
      vertex   1.522361e+01 -9.632306e+00 8.500000e+00
      vertex   1.821262e+01 -9.581365e+00 8.500000e+00
    endloop
  endfacet
  facet normal 0.000000e+00 0.000000e+00 1.000000e+00
    outer loop
      vertex   1.821262e+01 -9.581365e+00 8.500000e+00
      vertex   1.522361e+01 -9.632306e+00 8.500000e+00
      vertex   1.507014e+01 -1.050268e+01 8.500000e+00
    endloop
  endfacet
  facet normal 0.000000e+00 0.000000e+00 1.000000e+00
    outer loop
      vertex   1.821262e+01 -9.581365e+00 8.500000e+00
      vertex   1.507014e+01 -1.050268e+01 8.500000e+00
      vertex   1.840947e+01 -1.010589e+01 8.500000e+00
    endloop
  endfacet
  facet normal 0.000000e+00 0.000000e+00 1.000000e+00
    outer loop
      vertex   1.840947e+01 -1.010589e+01 8.500000e+00
      vertex   1.507014e+01 -1.050268e+01 8.500000e+00
      vertex   1.869682e+01 -1.058683e+01 8.500000e+00
    endloop
  endfacet
  facet normal 0.000000e+00 0.000000e+00 1.000000e+00
    outer loop
      vertex   1.869682e+01 -1.058683e+01 8.500000e+00
      vertex   1.507014e+01 -1.050268e+01 8.500000e+00
      vertex   1.481666e+01 -1.134935e+01 8.500000e+00
    endloop
  endfacet
  facet normal 0.000000e+00 0.000000e+00 1.000000e+00
    outer loop
      vertex   1.869682e+01 -1.058683e+01 8.500000e+00
      vertex   1.481666e+01 -1.134935e+01 8.500000e+00
      vertex   1.906543e+01 -1.100873e+01 8.500000e+00
    endloop
  endfacet
  facet normal 0.000000e+00 0.000000e+00 1.000000e+00
    outer loop
      vertex   1.906543e+01 -1.100873e+01 8.500000e+00
      vertex   1.481666e+01 -1.134935e+01 8.500000e+00
      vertex   1.446661e+01 -1.216087e+01 8.500000e+00
    endloop
  endfacet
  facet normal 0.000000e+00 0.000000e+00 1.000000e+00
    outer loop
      vertex   1.906543e+01 -1.100873e+01 8.500000e+00
      vertex   1.446661e+01 -1.216087e+01 8.500000e+00
      vertex   1.950345e+01 -1.135804e+01 8.500000e+00
    endloop
  endfacet
  facet normal 0.000000e+00 0.000000e+00 1.000000e+00
    outer loop
      vertex   1.950345e+01 -1.135804e+01 8.500000e+00
      vertex   1.446661e+01 -1.216087e+01 8.500000e+00
      vertex   1.402471e+01 -1.292627e+01 8.500000e+00
    endloop
  endfacet
  facet normal 0.000000e+00 0.000000e+00 1.000000e+00
    outer loop
      vertex   1.950345e+01 -1.135804e+01 8.500000e+00
      vertex   1.402471e+01 -1.292627e+01 8.500000e+00
      vertex   1.999680e+01 -1.162352e+01 8.500000e+00
    endloop
  endfacet
  facet normal 0.000000e+00 0.000000e+00 1.000000e+00
    outer loop
      vertex   1.999680e+01 -1.162352e+01 8.500000e+00
      vertex   1.402471e+01 -1.292627e+01 8.500000e+00
      vertex   1.349694e+01 -1.363519e+01 8.500000e+00
    endloop
  endfacet
  facet normal 0.000000e+00 0.000000e+00 1.000000e+00
    outer loop
      vertex   1.999680e+01 -1.162352e+01 8.500000e+00
      vertex   1.349694e+01 -1.363519e+01 8.500000e+00
      vertex   2.052962e+01 -1.179665e+01 8.500000e+00
    endloop
  endfacet
  facet normal 0.000000e+00 0.000000e+00 1.000000e+00
    outer loop
      vertex   2.052962e+01 -1.179665e+01 8.500000e+00
      vertex   1.349694e+01 -1.363519e+01 8.500000e+00
      vertex   2.306507e+01 -2.513115e+01 8.500000e+00
    endloop
  endfacet
  facet normal 0.000000e+00 0.000000e+00 1.000000e+00
    outer loop
      vertex   2.052962e+01 -1.179665e+01 8.500000e+00
      vertex   2.306507e+01 -2.513115e+01 8.500000e+00
      vertex   2.379718e+01 -2.453830e+01 8.500000e+00
    endloop
  endfacet
  facet normal 0.000000e+00 0.000000e+00 1.000000e+00
    outer loop
      vertex   1.349694e+01 -1.363519e+01 8.500000e+00
      vertex   1.289044e+01 -1.427804e+01 8.500000e+00
      vertex   2.306507e+01 -2.513115e+01 8.500000e+00
    endloop
  endfacet
  facet normal 0.000000e+00 0.000000e+00 1.000000e+00
    outer loop
      vertex   2.306507e+01 -2.513115e+01 8.500000e+00
      vertex   1.289044e+01 -1.427804e+01 8.500000e+00
      vertex   2.227500e+01 -2.564423e+01 8.500000e+00
    endloop
  endfacet
  facet normal 0.000000e+00 0.000000e+00 1.000000e+00
    outer loop
      vertex   2.227500e+01 -2.564423e+01 8.500000e+00
      vertex   1.289044e+01 -1.427804e+01 8.500000e+00
      vertex   2.143563e+01 -2.607191e+01 8.500000e+00
    endloop
  endfacet
  facet normal 0.000000e+00 0.000000e+00 1.000000e+00
    outer loop
      vertex   2.143563e+01 -2.607191e+01 8.500000e+00
      vertex   1.289044e+01 -1.427804e+01 8.500000e+00
      vertex   2.055615e+01 -2.640951e+01 8.500000e+00
    endloop
  endfacet
  facet normal 0.000000e+00 0.000000e+00 1.000000e+00
    outer loop
      vertex   2.055615e+01 -2.640951e+01 8.500000e+00
      vertex   1.289044e+01 -1.427804e+01 8.500000e+00
      vertex   1.964621e+01 -2.665333e+01 8.500000e+00
    endloop
  endfacet
  facet normal 0.000000e+00 -0.000000e+00 1.000000e+00
    outer loop
      vertex   -2.672570e+01 -1.879076e+01 8.500000e+00
      vertex   -2.200000e+01 -1.828750e+01 8.500000e+00
      vertex   -2.677500e+01 -1.785000e+01 8.500000e+00
    endloop
  endfacet
  facet normal 0.000000e+00 0.000000e+00 1.000000e+00
    outer loop
      vertex   -2.677500e+01 -1.785000e+01 8.500000e+00
      vertex   -2.200000e+01 -1.828750e+01 8.500000e+00
      vertex   -2.200000e+01 -1.789062e+01 8.500000e+00
    endloop
  endfacet
  facet normal -0.000000e+00 0.000000e+00 1.000000e+00
    outer loop
      vertex   -2.677500e+01 -1.785000e+01 8.500000e+00
      vertex   -2.200000e+01 -1.789062e+01 8.500000e+00
      vertex   -1.843125e+01 -9.553125e+00 8.500000e+00
    endloop
  endfacet
  facet normal 0.000000e+00 0.000000e+00 1.000000e+00
    outer loop
      vertex   -1.843125e+01 -9.553125e+00 8.500000e+00
      vertex   -2.200000e+01 -1.789062e+01 8.500000e+00
      vertex   -1.843125e+01 -1.511563e+01 8.500000e+00
    endloop
  endfacet
  facet normal 0.000000e+00 0.000000e+00 1.000000e+00
    outer loop
      vertex   -1.843125e+01 -1.511563e+01 8.500000e+00
      vertex   -2.200000e+01 -1.789062e+01 8.500000e+00
      vertex   -1.763750e+01 -1.590937e+01 8.500000e+00
    endloop
  endfacet
  facet normal -0.000000e+00 0.000000e+00 1.000000e+00
    outer loop
      vertex   -1.843125e+01 -1.511563e+01 8.500000e+00
      vertex   -1.763750e+01 -1.590937e+01 8.500000e+00
      vertex   -1.763750e+01 -1.511563e+01 8.500000e+00
    endloop
  endfacet
  facet normal -0.000000e+00 0.000000e+00 1.000000e+00
    outer loop
      vertex   -2.672570e+01 -1.879076e+01 8.500000e+00
      vertex   -2.657833e+01 -1.972121e+01 8.500000e+00
      vertex   -2.200000e+01 -1.828750e+01 8.500000e+00
    endloop
  endfacet
  facet normal 0.000000e+00 0.000000e+00 1.000000e+00
    outer loop
      vertex   -2.200000e+01 -1.828750e+01 8.500000e+00
      vertex   -2.657833e+01 -1.972121e+01 8.500000e+00
      vertex   -2.200000e+01 -2.066875e+01 8.500000e+00
    endloop
  endfacet
  facet normal 0.000000e+00 0.000000e+00 1.000000e+00
    outer loop
      vertex   -2.200000e+01 -1.828750e+01 8.500000e+00
      vertex   -2.200000e+01 -2.066875e+01 8.500000e+00
      vertex   -2.041250e+01 -2.066875e+01 8.500000e+00
    endloop
  endfacet
  facet normal 0.000000e+00 0.000000e+00 1.000000e+00
    outer loop
      vertex   -2.657833e+01 -1.972121e+01 8.500000e+00
      vertex   -2.633451e+01 -2.063115e+01 8.500000e+00
      vertex   -2.200000e+01 -2.066875e+01 8.500000e+00
    endloop
  endfacet
  facet normal 0.000000e+00 0.000000e+00 1.000000e+00
    outer loop
      vertex   -2.200000e+01 -2.066875e+01 8.500000e+00
      vertex   -2.633451e+01 -2.063115e+01 8.500000e+00
      vertex   -2.599691e+01 -2.151063e+01 8.500000e+00
    endloop
  endfacet
  facet normal 0.000000e+00 0.000000e+00 1.000000e+00
    outer loop
      vertex   -2.200000e+01 -2.066875e+01 8.500000e+00
      vertex   -2.599691e+01 -2.151063e+01 8.500000e+00
      vertex   -2.200000e+01 -2.106563e+01 8.500000e+00
    endloop
  endfacet
  facet normal 0.000000e+00 0.000000e+00 1.000000e+00
    outer loop
      vertex   -2.200000e+01 -2.106563e+01 8.500000e+00
      vertex   -2.599691e+01 -2.151063e+01 8.500000e+00
      vertex   -2.556923e+01 -2.235000e+01 8.500000e+00
    endloop
  endfacet
  facet normal 0.000000e+00 0.000000e+00 1.000000e+00
    outer loop
      vertex   -2.200000e+01 -2.106563e+01 8.500000e+00
      vertex   -2.556923e+01 -2.235000e+01 8.500000e+00
      vertex   -2.505615e+01 -2.314007e+01 8.500000e+00
    endloop
  endfacet
  facet normal -0.000000e+00 0.000000e+00 1.000000e+00
    outer loop
      vertex   -2.505615e+01 -2.314007e+01 8.500000e+00
      vertex   -2.446330e+01 -2.387218e+01 8.500000e+00
      vertex   -2.200000e+01 -2.106563e+01 8.500000e+00
    endloop
  endfacet
  facet normal 0.000000e+00 0.000000e+00 1.000000e+00
    outer loop
      vertex   -2.200000e+01 -2.106563e+01 8.500000e+00
      vertex   -2.446330e+01 -2.387218e+01 8.500000e+00
      vertex   -2.379718e+01 -2.453830e+01 8.500000e+00
    endloop
  endfacet
  facet normal 0.000000e+00 0.000000e+00 1.000000e+00
    outer loop
      vertex   -2.200000e+01 -2.106563e+01 8.500000e+00
      vertex   -2.379718e+01 -2.453830e+01 8.500000e+00
      vertex   -2.306507e+01 -2.513115e+01 8.500000e+00
    endloop
  endfacet
  facet normal -0.000000e+00 0.000000e+00 1.000000e+00
    outer loop
      vertex   -2.306507e+01 -2.513115e+01 8.500000e+00
      vertex   -2.227500e+01 -2.564423e+01 8.500000e+00
      vertex   -2.200000e+01 -2.106563e+01 8.500000e+00
    endloop
  endfacet
  facet normal -0.000000e+00 0.000000e+00 1.000000e+00
    outer loop
      vertex   -2.200000e+01 -2.106563e+01 8.500000e+00
      vertex   -2.227500e+01 -2.564423e+01 8.500000e+00
      vertex   -2.041250e+01 -2.106562e+01 8.500000e+00
    endloop
  endfacet
  facet normal 0.000000e+00 0.000000e+00 1.000000e+00
    outer loop
      vertex   -2.041250e+01 -2.106562e+01 8.500000e+00
      vertex   -2.227500e+01 -2.564423e+01 8.500000e+00
      vertex   -2.143563e+01 -2.607191e+01 8.500000e+00
    endloop
  endfacet
  facet normal 0.000000e+00 0.000000e+00 1.000000e+00
    outer loop
      vertex   -2.041250e+01 -2.106562e+01 8.500000e+00
      vertex   -2.143563e+01 -2.607191e+01 8.500000e+00
      vertex   -2.055615e+01 -2.640951e+01 8.500000e+00
    endloop
  endfacet
  facet normal -0.000000e+00 0.000000e+00 1.000000e+00
    outer loop
      vertex   -2.055615e+01 -2.640951e+01 8.500000e+00
      vertex   -1.964621e+01 -2.665333e+01 8.500000e+00
      vertex   -2.041250e+01 -2.106562e+01 8.500000e+00
    endloop
  endfacet
  facet normal 0.000000e+00 0.000000e+00 1.000000e+00
    outer loop
      vertex   -2.041250e+01 -2.106562e+01 8.500000e+00
      vertex   -1.964621e+01 -2.665333e+01 8.500000e+00
      vertex   -1.871576e+01 -2.680070e+01 8.500000e+00
    endloop
  endfacet
  facet normal 0.000000e+00 0.000000e+00 1.000000e+00
    outer loop
      vertex   -2.041250e+01 -2.106562e+01 8.500000e+00
      vertex   -1.871576e+01 -2.680070e+01 8.500000e+00
      vertex   -1.644375e+01 -2.106563e+01 8.500000e+00
    endloop
  endfacet
  facet normal 0.000000e+00 0.000000e+00 1.000000e+00
    outer loop
      vertex   -1.644375e+01 -2.106563e+01 8.500000e+00
      vertex   -1.871576e+01 -2.680070e+01 8.500000e+00
      vertex   -1.777500e+01 -2.685000e+01 8.500000e+00
    endloop
  endfacet
  facet normal -0.000000e+00 0.000000e+00 1.000000e+00
    outer loop
      vertex   -1.644375e+01 -2.106563e+01 8.500000e+00
      vertex   -1.777500e+01 -2.685000e+01 8.500000e+00
      vertex   -1.565000e+01 -2.106562e+01 8.500000e+00
    endloop
  endfacet
  facet normal 0.000000e+00 0.000000e+00 1.000000e+00
    outer loop
      vertex   -1.565000e+01 -2.106562e+01 8.500000e+00
      vertex   -1.777500e+01 -2.685000e+01 8.500000e+00
      vertex   -1.446250e+01 -2.146563e+01 8.500000e+00
    endloop
  endfacet
  facet normal -0.000000e+00 0.000000e+00 1.000000e+00
    outer loop
      vertex   -1.565000e+01 -2.106562e+01 8.500000e+00
      vertex   -1.446250e+01 -2.146563e+01 8.500000e+00
      vertex   -1.565000e+01 -2.066875e+01 8.500000e+00
    endloop
  endfacet
  facet normal -0.000000e+00 0.000000e+00 1.000000e+00
    outer loop
      vertex   -1.565000e+01 -2.066875e+01 8.500000e+00
      vertex   -1.446250e+01 -2.146563e+01 8.500000e+00
      vertex   -1.446250e+01 -1.829062e+01 8.500000e+00
    endloop
  endfacet
  facet normal 0.000000e+00 0.000000e+00 1.000000e+00
    outer loop
      vertex   -1.565000e+01 -2.066875e+01 8.500000e+00
      vertex   -1.446250e+01 -1.829062e+01 8.500000e+00
      vertex   -1.525625e+01 -1.829062e+01 8.500000e+00
    endloop
  endfacet
  facet normal 0.000000e+00 0.000000e+00 1.000000e+00
    outer loop
      vertex   1.777500e+01 -2.685000e+01 8.500000e+00
      vertex   -1.362500e+00 -2.106563e+01 8.500000e+00
      vertex   -1.777500e+01 -2.685000e+01 8.500000e+00
    endloop
  endfacet
  facet normal 0.000000e+00 0.000000e+00 1.000000e+00
    outer loop
      vertex   -1.777500e+01 -2.685000e+01 8.500000e+00
      vertex   -1.362500e+00 -2.106563e+01 8.500000e+00
      vertex   -2.950000e+00 -2.106563e+01 8.500000e+00
    endloop
  endfacet
  facet normal 0.000000e+00 0.000000e+00 1.000000e+00
    outer loop
      vertex   -1.777500e+01 -2.685000e+01 8.500000e+00
      vertex   -2.950000e+00 -2.106563e+01 8.500000e+00
      vertex   -8.106250e+00 -2.146563e+01 8.500000e+00
    endloop
  endfacet
  facet normal 0.000000e+00 0.000000e+00 1.000000e+00
    outer loop
      vertex   -8.106250e+00 -2.146563e+01 8.500000e+00
      vertex   -2.950000e+00 -2.106563e+01 8.500000e+00
      vertex   -5.331250e+00 -2.066875e+01 8.500000e+00
    endloop
  endfacet
  facet normal 0.000000e+00 0.000000e+00 1.000000e+00
    outer loop
      vertex   -8.106250e+00 -2.146563e+01 8.500000e+00
      vertex   -5.331250e+00 -2.066875e+01 8.500000e+00
      vertex   -5.728125e+00 -2.066875e+01 8.500000e+00
    endloop
  endfacet
  facet normal 0.000000e+00 -0.000000e+00 1.000000e+00
    outer loop
      vertex   2.379718e+01 -2.453830e+01 8.500000e+00
      vertex   2.446330e+01 -2.387218e+01 8.500000e+00
      vertex   2.052962e+01 -1.179665e+01 8.500000e+00
    endloop
  endfacet
  facet normal 0.000000e+00 0.000000e+00 1.000000e+00
    outer loop
      vertex   2.052962e+01 -1.179665e+01 8.500000e+00
      vertex   2.446330e+01 -2.387218e+01 8.500000e+00
      vertex   2.505615e+01 -2.314007e+01 8.500000e+00
    endloop
  endfacet
  facet normal 0.000000e+00 0.000000e+00 1.000000e+00
    outer loop
      vertex   2.052962e+01 -1.179665e+01 8.500000e+00
      vertex   2.505615e+01 -2.314007e+01 8.500000e+00
      vertex   2.556923e+01 -2.235000e+01 8.500000e+00
    endloop
  endfacet
  facet normal 0.000000e+00 -0.000000e+00 1.000000e+00
    outer loop
      vertex   2.556923e+01 -2.235000e+01 8.500000e+00
      vertex   2.599691e+01 -2.151063e+01 8.500000e+00
      vertex   2.052962e+01 -1.179665e+01 8.500000e+00
    endloop
  endfacet
  facet normal 0.000000e+00 0.000000e+00 1.000000e+00
    outer loop
      vertex   2.052962e+01 -1.179665e+01 8.500000e+00
      vertex   2.599691e+01 -2.151063e+01 8.500000e+00
      vertex   2.633451e+01 -2.063115e+01 8.500000e+00
    endloop
  endfacet
  facet normal 0.000000e+00 0.000000e+00 1.000000e+00
    outer loop
      vertex   2.052962e+01 -1.179665e+01 8.500000e+00
      vertex   2.633451e+01 -2.063115e+01 8.500000e+00
      vertex   2.108480e+01 -1.187185e+01 8.500000e+00
    endloop
  endfacet
  facet normal 0.000000e+00 0.000000e+00 1.000000e+00
    outer loop
      vertex   2.108480e+01 -1.187185e+01 8.500000e+00
      vertex   2.633451e+01 -2.063115e+01 8.500000e+00
      vertex   2.657833e+01 -1.972121e+01 8.500000e+00
    endloop
  endfacet
  facet normal 0.000000e+00 0.000000e+00 1.000000e+00
    outer loop
      vertex   2.108480e+01 -1.187185e+01 8.500000e+00
      vertex   2.657833e+01 -1.972121e+01 8.500000e+00
      vertex   2.672570e+01 -1.879076e+01 8.500000e+00
    endloop
  endfacet
  facet normal 0.000000e+00 -0.000000e+00 1.000000e+00
    outer loop
      vertex   2.672570e+01 -1.879076e+01 8.500000e+00
      vertex   2.677500e+01 -1.785000e+01 8.500000e+00
      vertex   2.108480e+01 -1.187185e+01 8.500000e+00
    endloop
  endfacet
  facet normal -0.000000e+00 0.000000e+00 1.000000e+00
    outer loop
      vertex   2.108480e+01 -1.187185e+01 8.500000e+00
      vertex   2.677500e+01 -1.785000e+01 8.500000e+00
      vertex   2.164448e+01 -1.184672e+01 8.500000e+00
    endloop
  endfacet
  facet normal -0.000000e+00 0.000000e+00 1.000000e+00
    outer loop
      vertex   2.164448e+01 -1.184672e+01 8.500000e+00
      vertex   2.677500e+01 -1.785000e+01 8.500000e+00
      vertex   2.219068e+01 -1.172205e+01 8.500000e+00
    endloop
  endfacet
  facet normal -0.000000e+00 0.000000e+00 1.000000e+00
    outer loop
      vertex   2.219068e+01 -1.172205e+01 8.500000e+00
      vertex   2.677500e+01 -1.785000e+01 8.500000e+00
      vertex   2.270584e+01 -1.150186e+01 8.500000e+00
    endloop
  endfacet
  facet normal -0.000000e+00 0.000000e+00 1.000000e+00
    outer loop
      vertex   2.270584e+01 -1.150186e+01 8.500000e+00
      vertex   2.677500e+01 -1.785000e+01 8.500000e+00
      vertex   2.317341e+01 -1.119322e+01 8.500000e+00
    endloop
  endfacet
  facet normal -0.000000e+00 0.000000e+00 1.000000e+00
    outer loop
      vertex   2.317341e+01 -1.119322e+01 8.500000e+00
      vertex   2.677500e+01 -1.785000e+01 8.500000e+00
      vertex   2.357835e+01 -1.080606e+01 8.500000e+00
    endloop
  endfacet
  facet normal -0.000000e+00 0.000000e+00 1.000000e+00
    outer loop
      vertex   2.357835e+01 -1.080606e+01 8.500000e+00
      vertex   2.677500e+01 -1.785000e+01 8.500000e+00
      vertex   2.390765e+01 -1.035281e+01 8.500000e+00
    endloop
  endfacet
  facet normal -0.000000e+00 0.000000e+00 1.000000e+00
    outer loop
      vertex   2.390765e+01 -1.035281e+01 8.500000e+00
      vertex   2.677500e+01 -1.785000e+01 8.500000e+00
      vertex   2.415073e+01 -9.848046e+00 8.500000e+00
    endloop
  endfacet
  facet normal -0.000000e+00 0.000000e+00 1.000000e+00
    outer loop
      vertex   2.415073e+01 -9.848046e+00 8.500000e+00
      vertex   2.677500e+01 -1.785000e+01 8.500000e+00
      vertex   2.429978e+01 -9.307990e+00 8.500000e+00
    endloop
  endfacet
  facet normal -0.000000e+00 0.000000e+00 1.000000e+00
    outer loop
      vertex   2.429978e+01 -9.307990e+00 8.500000e+00
      vertex   2.677500e+01 -1.785000e+01 8.500000e+00
      vertex   2.435000e+01 -8.750000e+00 8.500000e+00
    endloop
  endfacet
  facet normal -0.000000e+00 -0.000000e+00 1.000000e+00
    outer loop
      vertex   2.435000e+01 -8.750000e+00 8.500000e+00
      vertex   2.677500e+01 -1.785000e+01 8.500000e+00
      vertex   2.429978e+01 -8.192010e+00 8.500000e+00
    endloop
  endfacet
  facet normal -0.000000e+00 0.000000e+00 1.000000e+00
    outer loop
      vertex   2.429978e+01 -8.192010e+00 8.500000e+00
      vertex   2.677500e+01 -1.785000e+01 8.500000e+00
      vertex   2.677500e+01 1.785000e+01 8.500000e+00
    endloop
  endfacet
  facet normal 0.000000e+00 -0.000000e+00 1.000000e+00
    outer loop
      vertex   2.429978e+01 -8.192010e+00 8.500000e+00
      vertex   2.677500e+01 1.785000e+01 8.500000e+00
      vertex   2.415073e+01 -7.651954e+00 8.500000e+00
    endloop
  endfacet
  facet normal 0.000000e+00 0.000000e+00 1.000000e+00
    outer loop
      vertex   -1.718750e-01 -1.908125e+01 8.500000e+00
      vertex   1.018750e+00 -1.908125e+01 8.500000e+00
      vertex   3.400000e+00 -1.828750e+01 8.500000e+00
    endloop
  endfacet
  facet normal 0.000000e+00 0.000000e+00 1.000000e+00
    outer loop
      vertex   3.400000e+00 -1.828750e+01 8.500000e+00
      vertex   1.018750e+00 -1.908125e+01 8.500000e+00
      vertex   1.018750e+00 -1.947813e+01 8.500000e+00
    endloop
  endfacet
  facet normal 0.000000e+00 0.000000e+00 1.000000e+00
    outer loop
      vertex   3.400000e+00 -1.828750e+01 8.500000e+00
      vertex   1.018750e+00 -1.947813e+01 8.500000e+00
      vertex   1.777500e+01 -2.685000e+01 8.500000e+00
    endloop
  endfacet
  facet normal 0.000000e+00 0.000000e+00 1.000000e+00
    outer loop
      vertex   1.777500e+01 -2.685000e+01 8.500000e+00
      vertex   1.018750e+00 -1.947813e+01 8.500000e+00
      vertex   -1.362500e+00 -2.106563e+01 8.500000e+00
    endloop
  endfacet
  facet normal 0.000000e+00 0.000000e+00 1.000000e+00
    outer loop
      vertex   1.018750e+00 -1.947813e+01 8.500000e+00
      vertex   -1.718750e-01 -1.947813e+01 8.500000e+00
      vertex   -1.362500e+00 -2.106563e+01 8.500000e+00
    endloop
  endfacet
  facet normal 0.000000e+00 -0.000000e+00 1.000000e+00
    outer loop
      vertex   -1.362500e+00 -2.106563e+01 8.500000e+00
      vertex   -1.718750e-01 -1.947813e+01 8.500000e+00
      vertex   -1.362500e+00 -2.066875e+01 8.500000e+00
    endloop
  endfacet
  facet normal 0.000000e+00 0.000000e+00 1.000000e+00
    outer loop
      vertex   -1.362500e+00 -2.066875e+01 8.500000e+00
      vertex   -1.718750e-01 -1.947813e+01 8.500000e+00
      vertex   -1.718750e-01 -1.908125e+01 8.500000e+00
    endloop
  endfacet
  facet normal 0.000000e+00 -0.000000e+00 1.000000e+00
    outer loop
      vertex   -1.362500e+00 -2.066875e+01 8.500000e+00
      vertex   -1.718750e-01 -1.908125e+01 8.500000e+00
      vertex   -2.950000e+00 -2.066875e+01 8.500000e+00
    endloop
  endfacet
  facet normal 0.000000e+00 -0.000000e+00 1.000000e+00
    outer loop
      vertex   -2.950000e+00 -2.066875e+01 8.500000e+00
      vertex   -1.718750e-01 -1.908125e+01 8.500000e+00
      vertex   -5.331250e+00 -2.027188e+01 8.500000e+00
    endloop
  endfacet
  facet normal 0.000000e+00 0.000000e+00 1.000000e+00
    outer loop
      vertex   -2.950000e+00 -2.066875e+01 8.500000e+00
      vertex   -5.331250e+00 -2.027188e+01 8.500000e+00
      vertex   -5.331250e+00 -2.066875e+01 8.500000e+00
    endloop
  endfacet
  facet normal 0.000000e+00 0.000000e+00 1.000000e+00
    outer loop
      vertex   -2.041250e+01 -2.106562e+01 8.500000e+00
      vertex   -1.961875e+01 -1.987500e+01 8.500000e+00
      vertex   -2.041250e+01 -2.066875e+01 8.500000e+00
    endloop
  endfacet
  facet normal 0.000000e+00 0.000000e+00 1.000000e+00
    outer loop
      vertex   -2.041250e+01 -2.066875e+01 8.500000e+00
      vertex   -1.961875e+01 -1.987500e+01 8.500000e+00
      vertex   -1.961875e+01 -1.947812e+01 8.500000e+00
    endloop
  endfacet
  facet normal 0.000000e+00 -0.000000e+00 1.000000e+00
    outer loop
      vertex   -2.041250e+01 -2.066875e+01 8.500000e+00
      vertex   -1.961875e+01 -1.947812e+01 8.500000e+00
      vertex   -2.200000e+01 -1.828750e+01 8.500000e+00
    endloop
  endfacet
  facet normal 0.000000e+00 0.000000e+00 1.000000e+00
    outer loop
      vertex   -2.200000e+01 -1.828750e+01 8.500000e+00
      vertex   -1.961875e+01 -1.947812e+01 8.500000e+00
      vertex   -1.803125e+01 -1.947812e+01 8.500000e+00
    endloop
  endfacet
  facet normal 0.000000e+00 0.000000e+00 1.000000e+00
    outer loop
      vertex   -2.200000e+01 -1.828750e+01 8.500000e+00
      vertex   -1.803125e+01 -1.947812e+01 8.500000e+00
      vertex   -1.565000e+01 -1.828750e+01 8.500000e+00
    endloop
  endfacet
  facet normal 0.000000e+00 0.000000e+00 1.000000e+00
    outer loop
      vertex   -1.565000e+01 -1.828750e+01 8.500000e+00
      vertex   -1.803125e+01 -1.947812e+01 8.500000e+00
      vertex   -1.644375e+01 -2.066875e+01 8.500000e+00
    endloop
  endfacet
  facet normal 0.000000e+00 0.000000e+00 1.000000e+00
    outer loop
      vertex   -1.565000e+01 -1.828750e+01 8.500000e+00
      vertex   -1.644375e+01 -2.066875e+01 8.500000e+00
      vertex   -1.565000e+01 -2.066875e+01 8.500000e+00
    endloop
  endfacet
  facet normal 0.000000e+00 0.000000e+00 1.000000e+00
    outer loop
      vertex   3.400000e+00 -1.828750e+01 8.500000e+00
      vertex   -7.712500e+00 -1.828750e+01 8.500000e+00
      vertex   -1.718750e-01 -1.908125e+01 8.500000e+00
    endloop
  endfacet
  facet normal 0.000000e+00 0.000000e+00 1.000000e+00
    outer loop
      vertex   -1.718750e-01 -1.908125e+01 8.500000e+00
      vertex   -7.712500e+00 -1.828750e+01 8.500000e+00
      vertex   -5.331250e+00 -2.027188e+01 8.500000e+00
    endloop
  endfacet
  facet normal 0.000000e+00 0.000000e+00 1.000000e+00
    outer loop
      vertex   -7.712500e+00 -1.789063e+01 8.500000e+00
      vertex   -8.106250e+00 -1.749687e+01 8.500000e+00
      vertex   -7.712500e+00 -1.828750e+01 8.500000e+00
    endloop
  endfacet
  facet normal 0.000000e+00 0.000000e+00 1.000000e+00
    outer loop
      vertex   -7.712500e+00 -1.828750e+01 8.500000e+00
      vertex   -8.106250e+00 -1.749687e+01 8.500000e+00
      vertex   -8.900000e+00 -1.749687e+01 8.500000e+00
    endloop
  endfacet
  facet normal 0.000000e+00 0.000000e+00 1.000000e+00
    outer loop
      vertex   -7.712500e+00 -1.828750e+01 8.500000e+00
      vertex   -8.900000e+00 -1.749687e+01 8.500000e+00
      vertex   -8.900000e+00 -1.987188e+01 8.500000e+00
    endloop
  endfacet
  facet normal -0.000000e+00 0.000000e+00 1.000000e+00
    outer loop
      vertex   -8.106250e+00 -1.749687e+01 8.500000e+00
      vertex   -7.712500e+00 -1.789063e+01 8.500000e+00
      vertex   -7.312500e+00 -1.670313e+01 8.500000e+00
    endloop
  endfacet
  facet normal 0.000000e+00 0.000000e+00 1.000000e+00
    outer loop
      vertex   -7.312500e+00 -1.670313e+01 8.500000e+00
      vertex   -7.712500e+00 -1.789063e+01 8.500000e+00
      vertex   3.400000e+00 -1.789063e+01 8.500000e+00
    endloop
  endfacet
  facet normal -0.000000e+00 0.000000e+00 1.000000e+00
    outer loop
      vertex   -7.312500e+00 -1.670313e+01 8.500000e+00
      vertex   3.400000e+00 -1.789063e+01 8.500000e+00
      vertex   -6.518750e+00 -1.551250e+01 8.500000e+00
    endloop
  endfacet
  facet normal -0.000000e+00 0.000000e+00 1.000000e+00
    outer loop
      vertex   -6.518750e+00 -1.551250e+01 8.500000e+00
      vertex   3.400000e+00 -1.789063e+01 8.500000e+00
      vertex   -4.931250e+00 -1.352813e+01 8.500000e+00
    endloop
  endfacet
  facet normal 0.000000e+00 0.000000e+00 1.000000e+00
    outer loop
      vertex   -6.518750e+00 -1.551250e+01 8.500000e+00
      vertex   -4.931250e+00 -1.352813e+01 8.500000e+00
      vertex   -6.518750e+00 -1.352813e+01 8.500000e+00
    endloop
  endfacet
  facet normal -0.000000e+00 0.000000e+00 1.000000e+00
    outer loop
      vertex   -2.041250e+01 -2.106562e+01 8.500000e+00
      vertex   -1.644375e+01 -2.106563e+01 8.500000e+00
      vertex   -1.803125e+01 -1.987500e+01 8.500000e+00
    endloop
  endfacet
  facet normal 0.000000e+00 0.000000e+00 1.000000e+00
    outer loop
      vertex   -1.803125e+01 -1.987500e+01 8.500000e+00
      vertex   -1.644375e+01 -2.106563e+01 8.500000e+00
      vertex   -1.644375e+01 -2.066875e+01 8.500000e+00
    endloop
  endfacet
  facet normal -0.000000e+00 0.000000e+00 1.000000e+00
    outer loop
      vertex   -1.803125e+01 -1.987500e+01 8.500000e+00
      vertex   -1.644375e+01 -2.066875e+01 8.500000e+00
      vertex   -1.803125e+01 -1.947812e+01 8.500000e+00
    endloop
  endfacet
  facet normal 0.000000e+00 0.000000e+00 1.000000e+00
    outer loop
      vertex   -2.950000e+00 -2.106563e+01 8.500000e+00
      vertex   -2.950000e+00 -2.066875e+01 8.500000e+00
      vertex   -5.331250e+00 -2.066875e+01 8.500000e+00
    endloop
  endfacet
  facet normal 0.000000e+00 0.000000e+00 1.000000e+00
    outer loop
      vertex   -1.803125e+01 -1.987500e+01 8.500000e+00
      vertex   -1.961875e+01 -1.987500e+01 8.500000e+00
      vertex   -2.041250e+01 -2.106562e+01 8.500000e+00
    endloop
  endfacet
  facet normal 0.000000e+00 0.000000e+00 1.000000e+00
    outer loop
      vertex   -6.518750e+00 -1.551250e+01 8.500000e+00
      vertex   -7.312500e+00 -1.551250e+01 8.500000e+00
      vertex   -7.312500e+00 -1.670313e+01 8.500000e+00
    endloop
  endfacet
  facet normal 0.000000e+00 0.000000e+00 1.000000e+00
    outer loop
      vertex   -7.312500e+00 -1.670313e+01 8.500000e+00
      vertex   -8.106250e+00 -1.670313e+01 8.500000e+00
      vertex   -8.106250e+00 -1.749687e+01 8.500000e+00
    endloop
  endfacet
  facet normal 0.000000e+00 0.000000e+00 1.000000e+00
    outer loop
      vertex   -8.900000e+00 -1.987188e+01 8.500000e+00
      vertex   -8.106250e+00 -1.987188e+01 8.500000e+00
      vertex   -7.712500e+00 -1.828750e+01 8.500000e+00
    endloop
  endfacet
  facet normal 0.000000e+00 0.000000e+00 1.000000e+00
    outer loop
      vertex   -7.712500e+00 -1.828750e+01 8.500000e+00
      vertex   -8.106250e+00 -1.987188e+01 8.500000e+00
      vertex   -5.728125e+00 -2.027188e+01 8.500000e+00
    endloop
  endfacet
  facet normal 0.000000e+00 0.000000e+00 1.000000e+00
    outer loop
      vertex   -7.712500e+00 -1.828750e+01 8.500000e+00
      vertex   -5.728125e+00 -2.027188e+01 8.500000e+00
      vertex   -5.331250e+00 -2.027188e+01 8.500000e+00
    endloop
  endfacet
  facet normal 0.000000e+00 0.000000e+00 1.000000e+00
    outer loop
      vertex   -5.728125e+00 -2.027188e+01 8.500000e+00
      vertex   -8.106250e+00 -1.987188e+01 8.500000e+00
      vertex   -5.728125e+00 -2.066875e+01 8.500000e+00
    endloop
  endfacet
  facet normal 0.000000e+00 0.000000e+00 1.000000e+00
    outer loop
      vertex   -5.728125e+00 -2.066875e+01 8.500000e+00
      vertex   -8.106250e+00 -1.987188e+01 8.500000e+00
      vertex   -8.106250e+00 -2.146563e+01 8.500000e+00
    endloop
  endfacet
  facet normal 0.000000e+00 0.000000e+00 1.000000e+00
    outer loop
      vertex   -8.106250e+00 -2.146563e+01 8.500000e+00
      vertex   -1.049375e+01 -2.146563e+01 8.500000e+00
      vertex   -1.777500e+01 -2.685000e+01 8.500000e+00
    endloop
  endfacet
  facet normal 0.000000e+00 0.000000e+00 1.000000e+00
    outer loop
      vertex   -1.777500e+01 -2.685000e+01 8.500000e+00
      vertex   -1.049375e+01 -2.146563e+01 8.500000e+00
      vertex   -1.207500e+01 -2.146563e+01 8.500000e+00
    endloop
  endfacet
  facet normal 0.000000e+00 0.000000e+00 1.000000e+00
    outer loop
      vertex   -1.777500e+01 -2.685000e+01 8.500000e+00
      vertex   -1.207500e+01 -2.146563e+01 8.500000e+00
      vertex   -1.446250e+01 -2.146563e+01 8.500000e+00
    endloop
  endfacet
  facet normal 0.000000e+00 0.000000e+00 1.000000e+00
    outer loop
      vertex   -1.049375e+01 -1.908438e+01 8.500000e+00
      vertex   -1.207500e+01 -1.908438e+01 8.500000e+00
      vertex   -1.049375e+01 -2.146563e+01 8.500000e+00
    endloop
  endfacet
  facet normal 0.000000e+00 0.000000e+00 1.000000e+00
    outer loop
      vertex   -1.049375e+01 -2.146563e+01 8.500000e+00
      vertex   -1.207500e+01 -1.908438e+01 8.500000e+00
      vertex   -1.207500e+01 -2.146563e+01 8.500000e+00
    endloop
  endfacet
  facet normal 0.000000e+00 0.000000e+00 1.000000e+00
    outer loop
      vertex   -1.525625e+01 -1.749688e+01 8.500000e+00
      vertex   -1.565000e+01 -1.789062e+01 8.500000e+00
      vertex   -1.525625e+01 -1.829062e+01 8.500000e+00
    endloop
  endfacet
  facet normal 0.000000e+00 0.000000e+00 1.000000e+00
    outer loop
      vertex   -1.525625e+01 -1.829062e+01 8.500000e+00
      vertex   -1.565000e+01 -1.789062e+01 8.500000e+00
      vertex   -1.565000e+01 -1.828750e+01 8.500000e+00
    endloop
  endfacet
  facet normal 0.000000e+00 0.000000e+00 1.000000e+00
    outer loop
      vertex   -1.525625e+01 -1.829062e+01 8.500000e+00
      vertex   -1.565000e+01 -1.828750e+01 8.500000e+00
      vertex   -1.565000e+01 -2.066875e+01 8.500000e+00
    endloop
  endfacet
  facet normal 0.000000e+00 0.000000e+00 1.000000e+00
    outer loop
      vertex   -1.525625e+01 -1.749688e+01 8.500000e+00
      vertex   -1.605000e+01 -1.749688e+01 8.500000e+00
      vertex   -1.565000e+01 -1.789062e+01 8.500000e+00
    endloop
  endfacet
  facet normal 0.000000e+00 0.000000e+00 1.000000e+00
    outer loop
      vertex   -1.565000e+01 -1.789062e+01 8.500000e+00
      vertex   -1.605000e+01 -1.749688e+01 8.500000e+00
      vertex   -2.200000e+01 -1.789062e+01 8.500000e+00
    endloop
  endfacet
  facet normal 0.000000e+00 0.000000e+00 1.000000e+00
    outer loop
      vertex   -2.200000e+01 -1.789062e+01 8.500000e+00
      vertex   -1.605000e+01 -1.749688e+01 8.500000e+00
      vertex   -1.684375e+01 -1.670312e+01 8.500000e+00
    endloop
  endfacet
  facet normal 0.000000e+00 0.000000e+00 1.000000e+00
    outer loop
      vertex   -2.200000e+01 -1.789062e+01 8.500000e+00
      vertex   -1.684375e+01 -1.670312e+01 8.500000e+00
      vertex   -1.763750e+01 -1.590937e+01 8.500000e+00
    endloop
  endfacet
  facet normal 0.000000e+00 0.000000e+00 1.000000e+00
    outer loop
      vertex   -1.763750e+01 -1.590937e+01 8.500000e+00
      vertex   -1.684375e+01 -1.670312e+01 8.500000e+00
      vertex   -1.684375e+01 -1.590937e+01 8.500000e+00
    endloop
  endfacet
  facet normal 0.000000e+00 -0.000000e+00 1.000000e+00
    outer loop
      vertex   -1.605000e+01 -1.749688e+01 8.500000e+00
      vertex   -1.605000e+01 -1.670312e+01 8.500000e+00
      vertex   -1.684375e+01 -1.670312e+01 8.500000e+00
    endloop
  endfacet
  facet normal -0.000000e+00 0.000000e+00 1.000000e+00
    outer loop
      vertex   -1.683750e+01 -1.114063e+01 8.500000e+00
      vertex   -1.604375e+01 -1.114063e+01 8.500000e+00
      vertex   -1.683750e+01 -9.553125e+00 8.500000e+00
    endloop
  endfacet
  facet normal 0.000000e+00 0.000000e+00 1.000000e+00
    outer loop
      vertex   -1.683750e+01 -9.553125e+00 8.500000e+00
      vertex   -1.604375e+01 -1.114063e+01 8.500000e+00
      vertex   -1.366875e+01 -1.114062e+01 8.500000e+00
    endloop
  endfacet
  facet normal 0.000000e+00 0.000000e+00 1.000000e+00
    outer loop
      vertex   -1.683750e+01 -9.553125e+00 8.500000e+00
      vertex   -1.366875e+01 -1.114062e+01 8.500000e+00
      vertex   -1.247813e+01 -1.034688e+01 8.500000e+00
    endloop
  endfacet
  facet normal 0.000000e+00 0.000000e+00 1.000000e+00
    outer loop
      vertex   -1.247813e+01 -1.034688e+01 8.500000e+00
      vertex   -1.366875e+01 -1.114062e+01 8.500000e+00
      vertex   -1.247813e+01 -1.114063e+01 8.500000e+00
    endloop
  endfacet
  facet normal 0.000000e+00 -0.000000e+00 1.000000e+00
    outer loop
      vertex   -1.604375e+01 -1.193437e+01 8.500000e+00
      vertex   -1.525000e+01 -1.193437e+01 8.500000e+00
      vertex   -1.604375e+01 -1.114063e+01 8.500000e+00
    endloop
  endfacet
  facet normal 0.000000e+00 0.000000e+00 1.000000e+00
    outer loop
      vertex   -1.604375e+01 -1.114063e+01 8.500000e+00
      vertex   -1.525000e+01 -1.193437e+01 8.500000e+00
      vertex   -1.446250e+01 -1.193438e+01 8.500000e+00
    endloop
  endfacet
  facet normal -0.000000e+00 0.000000e+00 1.000000e+00
    outer loop
      vertex   -1.604375e+01 -1.114063e+01 8.500000e+00
      vertex   -1.446250e+01 -1.193438e+01 8.500000e+00
      vertex   -1.366875e+01 -1.114062e+01 8.500000e+00
    endloop
  endfacet
  facet normal 0.000000e+00 0.000000e+00 1.000000e+00
    outer loop
      vertex   -1.366875e+01 -1.114062e+01 8.500000e+00
      vertex   -1.446250e+01 -1.193438e+01 8.500000e+00
      vertex   -1.366875e+01 -1.193438e+01 8.500000e+00
    endloop
  endfacet
  facet normal -0.000000e+00 0.000000e+00 1.000000e+00
    outer loop
      vertex   -1.525000e+01 -1.272812e+01 8.500000e+00
      vertex   -1.446250e+01 -1.272813e+01 8.500000e+00
      vertex   -1.525000e+01 -1.193437e+01 8.500000e+00
    endloop
  endfacet
  facet normal 0.000000e+00 0.000000e+00 1.000000e+00
    outer loop
      vertex   -1.525000e+01 -1.193437e+01 8.500000e+00
      vertex   -1.446250e+01 -1.272813e+01 8.500000e+00
      vertex   -1.446250e+01 -1.193438e+01 8.500000e+00
    endloop
  endfacet
  facet normal 0.000000e+00 -0.000000e+00 1.000000e+00
    outer loop
      vertex   -1.128750e+01 -1.034688e+01 8.500000e+00
      vertex   -1.128750e+01 -9.553125e+00 8.500000e+00
      vertex   -1.247813e+01 -1.034688e+01 8.500000e+00
    endloop
  endfacet
  facet normal 0.000000e+00 -0.000000e+00 1.000000e+00
    outer loop
      vertex   -1.247813e+01 -1.034688e+01 8.500000e+00
      vertex   -1.128750e+01 -9.553125e+00 8.500000e+00
      vertex   -1.683750e+01 -9.553125e+00 8.500000e+00
    endloop
  endfacet
  facet normal 0.000000e+00 -0.000000e+00 1.000000e+00
    outer loop
      vertex   -9.700000e+00 -4.393750e+00 8.500000e+00
      vertex   -9.700000e+00 -3.600000e+00 8.500000e+00
      vertex   -1.049375e+01 -4.393750e+00 8.500000e+00
    endloop
  endfacet
  facet normal 0.000000e+00 -0.000000e+00 1.000000e+00
    outer loop
      vertex   -1.049375e+01 -4.393750e+00 8.500000e+00
      vertex   -9.700000e+00 -3.600000e+00 8.500000e+00
      vertex   -1.827500e+01 2.350000e+00 8.500000e+00
    endloop
  endfacet
  facet normal -0.000000e+00 -0.000000e+00 1.000000e+00
    outer loop
      vertex   -9.700000e+00 -3.600000e+00 8.500000e+00
      vertex   -2.550000e+00 -3.600000e+00 8.500000e+00
      vertex   -1.827500e+01 2.350000e+00 8.500000e+00
    endloop
  endfacet
  facet normal 0.000000e+00 0.000000e+00 1.000000e+00
    outer loop
      vertex   -2.550000e+00 -3.600000e+00 8.500000e+00
      vertex   -2.550000e+00 -4.393750e+00 8.500000e+00
      vertex   -1.756250e+00 -4.393750e+00 8.500000e+00
    endloop
  endfacet
  facet normal 0.000000e+00 0.000000e+00 1.000000e+00
    outer loop
      vertex   -1.756250e+00 -8.765625e+00 8.500000e+00
      vertex   -3.343750e+00 -8.765625e+00 8.500000e+00
      vertex   -3.343750e+00 -1.035313e+01 8.500000e+00
    endloop
  endfacet
  facet normal 0.000000e+00 0.000000e+00 1.000000e+00
    outer loop
      vertex   -4.931250e+00 -1.352813e+01 8.500000e+00
      vertex   -3.343750e+00 -1.035313e+01 8.500000e+00
      vertex   -4.931250e+00 -1.114063e+01 8.500000e+00
    endloop
  endfacet
  facet normal 0.000000e+00 -0.000000e+00 1.000000e+00
    outer loop
      vertex   -4.931250e+00 -1.114063e+01 8.500000e+00
      vertex   -3.343750e+00 -1.035313e+01 8.500000e+00
      vertex   -6.518750e+00 -1.035313e+01 8.500000e+00
    endloop
  endfacet
  facet normal 0.000000e+00 0.000000e+00 1.000000e+00
    outer loop
      vertex   -4.931250e+00 -1.114063e+01 8.500000e+00
      vertex   -6.518750e+00 -1.035313e+01 8.500000e+00
      vertex   -6.518750e+00 -1.114063e+01 8.500000e+00
    endloop
  endfacet
  facet normal -1.000000e+00 -2.237930e-15 -0.000000e+00
    outer loop
      vertex   -5.331250e+00 -2.066875e+01 8.500000e+00
      vertex   -5.331250e+00 -2.027188e+01 8.500000e+00
      vertex   -5.331250e+00 -2.066875e+01 8.100000e+00
    endloop
  endfacet
  facet normal -1.000000e+00 -2.237930e-15 0.000000e+00
    outer loop
      vertex   -5.331250e+00 -2.066875e+01 8.100000e+00
      vertex   -5.331250e+00 -2.027188e+01 8.500000e+00
      vertex   -5.331250e+00 -2.027188e+01 8.100000e+00
    endloop
  endfacet
  facet normal -0.000000e+00 -1.000000e+00 -0.000000e+00
    outer loop
      vertex   -5.331250e+00 -2.027188e+01 8.500000e+00
      vertex   -5.728125e+00 -2.027188e+01 8.500000e+00
      vertex   -5.331250e+00 -2.027188e+01 8.100000e+00
    endloop
  endfacet
  facet normal 0.000000e+00 -1.000000e+00 0.000000e+00
    outer loop
      vertex   -5.331250e+00 -2.027188e+01 8.100000e+00
      vertex   -5.728125e+00 -2.027188e+01 8.500000e+00
      vertex   -5.728125e+00 -2.027188e+01 8.100000e+00
    endloop
  endfacet
  facet normal 1.000000e+00 4.475860e-15 0.000000e+00
    outer loop
      vertex   -5.728125e+00 -2.027188e+01 8.500000e+00
      vertex   -5.728125e+00 -2.066875e+01 8.500000e+00
      vertex   -5.728125e+00 -2.027188e+01 8.100000e+00
    endloop
  endfacet
  facet normal 1.000000e+00 4.475860e-15 0.000000e+00
    outer loop
      vertex   -5.728125e+00 -2.027188e+01 8.100000e+00
      vertex   -5.728125e+00 -2.066875e+01 8.500000e+00
      vertex   -5.728125e+00 -2.066875e+01 8.100000e+00
    endloop
  endfacet
  facet normal -8.951720e-15 1.000000e+00 0.000000e+00
    outer loop
      vertex   -5.728125e+00 -2.066875e+01 8.500000e+00
      vertex   -5.331250e+00 -2.066875e+01 8.500000e+00
      vertex   -5.728125e+00 -2.066875e+01 8.100000e+00
    endloop
  endfacet
  facet normal -8.951720e-15 1.000000e+00 0.000000e+00
    outer loop
      vertex   -5.728125e+00 -2.066875e+01 8.100000e+00
      vertex   -5.331250e+00 -2.066875e+01 8.500000e+00
      vertex   -5.331250e+00 -2.066875e+01 8.100000e+00
    endloop
  endfacet
  facet normal 0.000000e+00 -0.000000e+00 1.000000e+00
    outer loop
      vertex   -5.728125e+00 -2.066875e+01 8.100000e+00
      vertex   -5.331250e+00 -2.066875e+01 8.100000e+00
      vertex   -5.728125e+00 -2.027188e+01 8.100000e+00
    endloop
  endfacet
  facet normal -0.000000e+00 0.000000e+00 1.000000e+00
    outer loop
      vertex   -5.728125e+00 -2.027188e+01 8.100000e+00
      vertex   -5.331250e+00 -2.066875e+01 8.100000e+00
      vertex   -5.331250e+00 -2.027188e+01 8.100000e+00
    endloop
  endfacet
  facet normal -1.000000e+00 1.342758e-14 0.000000e+00
    outer loop
      vertex   -1.565000e+01 -1.828750e+01 8.500000e+00
      vertex   -1.565000e+01 -1.789062e+01 8.500000e+00
      vertex   -1.565000e+01 -1.828750e+01 8.100000e+00
    endloop
  endfacet
  facet normal -1.000000e+00 1.342758e-14 0.000000e+00
    outer loop
      vertex   -1.565000e+01 -1.828750e+01 8.100000e+00
      vertex   -1.565000e+01 -1.789062e+01 8.500000e+00
      vertex   -1.565000e+01 -1.789062e+01 8.100000e+00
    endloop
  endfacet
  facet normal -0.000000e+00 -1.000000e+00 -0.000000e+00
    outer loop
      vertex   -1.565000e+01 -1.789062e+01 8.500000e+00
      vertex   -2.200000e+01 -1.789062e+01 8.500000e+00
      vertex   -1.565000e+01 -1.789062e+01 8.100000e+00
    endloop
  endfacet
  facet normal 0.000000e+00 -1.000000e+00 0.000000e+00
    outer loop
      vertex   -1.565000e+01 -1.789062e+01 8.100000e+00
      vertex   -2.200000e+01 -1.789062e+01 8.500000e+00
      vertex   -2.200000e+01 -1.789062e+01 8.100000e+00
    endloop
  endfacet
  facet normal 1.000000e+00 -1.790344e-14 0.000000e+00
    outer loop
      vertex   -2.200000e+01 -1.789062e+01 8.500000e+00
      vertex   -2.200000e+01 -1.828750e+01 8.500000e+00
      vertex   -2.200000e+01 -1.789062e+01 8.100000e+00
    endloop
  endfacet
  facet normal 1.000000e+00 -1.790344e-14 0.000000e+00
    outer loop
      vertex   -2.200000e+01 -1.789062e+01 8.100000e+00
      vertex   -2.200000e+01 -1.828750e+01 8.500000e+00
      vertex   -2.200000e+01 -1.828750e+01 8.100000e+00
    endloop
  endfacet
  facet normal 5.594825e-16 1.000000e+00 0.000000e+00
    outer loop
      vertex   -2.200000e+01 -1.828750e+01 8.500000e+00
      vertex   -1.565000e+01 -1.828750e+01 8.500000e+00
      vertex   -2.200000e+01 -1.828750e+01 8.100000e+00
    endloop
  endfacet
  facet normal 5.594825e-16 1.000000e+00 0.000000e+00
    outer loop
      vertex   -2.200000e+01 -1.828750e+01 8.100000e+00
      vertex   -1.565000e+01 -1.828750e+01 8.500000e+00
      vertex   -1.565000e+01 -1.828750e+01 8.100000e+00
    endloop
  endfacet
  facet normal -0.000000e+00 0.000000e+00 1.000000e+00
    outer loop
      vertex   -2.200000e+01 -1.828750e+01 8.100000e+00
      vertex   -1.565000e+01 -1.828750e+01 8.100000e+00
      vertex   -2.200000e+01 -1.789062e+01 8.100000e+00
    endloop
  endfacet
  facet normal -0.000000e+00 0.000000e+00 1.000000e+00
    outer loop
      vertex   -2.200000e+01 -1.789062e+01 8.100000e+00
      vertex   -1.565000e+01 -1.828750e+01 8.100000e+00
      vertex   -1.565000e+01 -1.789062e+01 8.100000e+00
    endloop
  endfacet
  facet normal -0.000000e+00 1.000000e+00 0.000000e+00
    outer loop
      vertex   -6.518750e+00 -1.352813e+01 8.500000e+00
      vertex   -4.931250e+00 -1.352813e+01 8.500000e+00
      vertex   -6.518750e+00 -1.352813e+01 8.100000e+00
    endloop
  endfacet
  facet normal 0.000000e+00 1.000000e+00 0.000000e+00
    outer loop
      vertex   -6.518750e+00 -1.352813e+01 8.100000e+00
      vertex   -4.931250e+00 -1.352813e+01 8.500000e+00
      vertex   -4.931250e+00 -1.352813e+01 8.100000e+00
    endloop
  endfacet
  facet normal -1.000000e+00 7.440238e-16 0.000000e+00
    outer loop
      vertex   -4.931250e+00 -1.352813e+01 8.500000e+00
      vertex   -4.931250e+00 -1.114063e+01 8.500000e+00
      vertex   -4.931250e+00 -1.352813e+01 8.100000e+00
    endloop
  endfacet
  facet normal -1.000000e+00 1.116036e-15 -2.220446e-15
    outer loop
      vertex   -4.931250e+00 -1.352813e+01 8.100000e+00
      vertex   -4.931250e+00 -1.114063e+01 8.500000e+00
      vertex   -4.931250e+00 -1.114063e+01 8.100000e+00
    endloop
  endfacet
  facet normal -0.000000e+00 -1.000000e+00 -0.000000e+00
    outer loop
      vertex   -4.931250e+00 -1.114063e+01 8.500000e+00
      vertex   -6.518750e+00 -1.114063e+01 8.500000e+00
      vertex   -4.931250e+00 -1.114063e+01 8.100000e+00
    endloop
  endfacet
  facet normal 0.000000e+00 -1.000000e+00 0.000000e+00
    outer loop
      vertex   -4.931250e+00 -1.114063e+01 8.100000e+00
      vertex   -6.518750e+00 -1.114063e+01 8.500000e+00
      vertex   -6.518750e+00 -1.114063e+01 8.100000e+00
    endloop
  endfacet
  facet normal -1.000000e+00 -1.127846e-15 -0.000000e+00
    outer loop
      vertex   -6.518750e+00 -1.114063e+01 8.500000e+00
      vertex   -6.518750e+00 -1.035313e+01 8.500000e+00
      vertex   -6.518750e+00 -1.114063e+01 8.100000e+00
    endloop
  endfacet
  facet normal -1.000000e+00 -1.127846e-15 0.000000e+00
    outer loop
      vertex   -6.518750e+00 -1.114063e+01 8.100000e+00
      vertex   -6.518750e+00 -1.035313e+01 8.500000e+00
      vertex   -6.518750e+00 -1.035313e+01 8.100000e+00
    endloop
  endfacet
  facet normal -0.000000e+00 1.000000e+00 0.000000e+00
    outer loop
      vertex   -6.518750e+00 -1.035313e+01 8.500000e+00
      vertex   -3.343750e+00 -1.035313e+01 8.500000e+00
      vertex   -6.518750e+00 -1.035313e+01 8.100000e+00
    endloop
  endfacet
  facet normal 0.000000e+00 1.000000e+00 0.000000e+00
    outer loop
      vertex   -6.518750e+00 -1.035313e+01 8.100000e+00
      vertex   -3.343750e+00 -1.035313e+01 8.500000e+00
      vertex   -3.343750e+00 -1.035313e+01 8.100000e+00
    endloop
  endfacet
  facet normal -1.000000e+00 1.398706e-15 -1.110223e-15
    outer loop
      vertex   -3.343750e+00 -1.035313e+01 8.500000e+00
      vertex   -3.343750e+00 -8.765625e+00 8.500000e+00
      vertex   -3.343750e+00 -1.035313e+01 8.100000e+00
    endloop
  endfacet
  facet normal -1.000000e+00 1.398706e-15 -1.110223e-15
    outer loop
      vertex   -3.343750e+00 -1.035313e+01 8.100000e+00
      vertex   -3.343750e+00 -8.765625e+00 8.500000e+00
      vertex   -3.343750e+00 -8.765625e+00 8.100000e+00
    endloop
  endfacet
  facet normal -0.000000e+00 1.000000e+00 0.000000e+00
    outer loop
      vertex   -3.343750e+00 -8.765625e+00 8.500000e+00
      vertex   -1.756250e+00 -8.765625e+00 8.500000e+00
      vertex   -3.343750e+00 -8.765625e+00 8.100000e+00
    endloop
  endfacet
  facet normal 0.000000e+00 1.000000e+00 0.000000e+00
    outer loop
      vertex   -3.343750e+00 -8.765625e+00 8.100000e+00
      vertex   -1.756250e+00 -8.765625e+00 8.500000e+00
      vertex   -1.756250e+00 -8.765625e+00 8.100000e+00
    endloop
  endfacet
  facet normal -1.000000e+00 -2.539467e-16 5.551115e-16
    outer loop
      vertex   -1.756250e+00 -8.765625e+00 8.500000e+00
      vertex   -1.756250e+00 -4.393750e+00 8.500000e+00
      vertex   -1.756250e+00 -8.765625e+00 8.100000e+00
    endloop
  endfacet
  facet normal -1.000000e+00 -2.539467e-16 5.551115e-16
    outer loop
      vertex   -1.756250e+00 -8.765625e+00 8.100000e+00
      vertex   -1.756250e+00 -4.393750e+00 8.500000e+00
      vertex   -1.756250e+00 -4.393750e+00 8.100000e+00
    endloop
  endfacet
  facet normal -0.000000e+00 -1.000000e+00 0.000000e+00
    outer loop
      vertex   -1.756250e+00 -4.393750e+00 8.500000e+00
      vertex   -2.550000e+00 -4.393750e+00 8.500000e+00
      vertex   -1.756250e+00 -4.393750e+00 8.100000e+00
    endloop
  endfacet
  facet normal 0.000000e+00 -1.000000e+00 0.000000e+00
    outer loop
      vertex   -1.756250e+00 -4.393750e+00 8.100000e+00
      vertex   -2.550000e+00 -4.393750e+00 8.500000e+00
      vertex   -2.550000e+00 -4.393750e+00 8.100000e+00
    endloop
  endfacet
  facet normal -1.000000e+00 2.237930e-15 1.110223e-15
    outer loop
      vertex   -2.550000e+00 -4.393750e+00 8.500000e+00
      vertex   -2.550000e+00 -3.600000e+00 8.500000e+00
      vertex   -2.550000e+00 -4.393750e+00 8.100000e+00
    endloop
  endfacet
  facet normal -1.000000e+00 2.797412e-15 0.000000e+00
    outer loop
      vertex   -2.550000e+00 -4.393750e+00 8.100000e+00
      vertex   -2.550000e+00 -3.600000e+00 8.500000e+00
      vertex   -2.550000e+00 -3.600000e+00 8.100000e+00
    endloop
  endfacet
  facet normal -1.242208e-16 -1.000000e+00 -0.000000e+00
    outer loop
      vertex   -2.550000e+00 -3.600000e+00 8.500000e+00
      vertex   -9.700000e+00 -3.600000e+00 8.500000e+00
      vertex   -2.550000e+00 -3.600000e+00 8.100000e+00
    endloop
  endfacet
  facet normal -1.242208e-16 -1.000000e+00 0.000000e+00
    outer loop
      vertex   -2.550000e+00 -3.600000e+00 8.100000e+00
      vertex   -9.700000e+00 -3.600000e+00 8.500000e+00
      vertex   -9.700000e+00 -3.600000e+00 8.100000e+00
    endloop
  endfacet
  facet normal 1.000000e+00 0.000000e+00 0.000000e+00
    outer loop
      vertex   -9.700000e+00 -3.600000e+00 8.500000e+00
      vertex   -9.700000e+00 -4.393750e+00 8.500000e+00
      vertex   -9.700000e+00 -3.600000e+00 8.100000e+00
    endloop
  endfacet
  facet normal 1.000000e+00 0.000000e+00 0.000000e+00
    outer loop
      vertex   -9.700000e+00 -3.600000e+00 8.100000e+00
      vertex   -9.700000e+00 -4.393750e+00 8.500000e+00
      vertex   -9.700000e+00 -4.393750e+00 8.100000e+00
    endloop
  endfacet
  facet normal -0.000000e+00 -1.000000e+00 -0.000000e+00
    outer loop
      vertex   -9.700000e+00 -4.393750e+00 8.500000e+00
      vertex   -1.049375e+01 -4.393750e+00 8.500000e+00
      vertex   -9.700000e+00 -4.393750e+00 8.100000e+00
    endloop
  endfacet
  facet normal 0.000000e+00 -1.000000e+00 0.000000e+00
    outer loop
      vertex   -9.700000e+00 -4.393750e+00 8.100000e+00
      vertex   -1.049375e+01 -4.393750e+00 8.500000e+00
      vertex   -1.049375e+01 -4.393750e+00 8.100000e+00
    endloop
  endfacet
  facet normal 1.000000e+00 0.000000e+00 0.000000e+00
    outer loop
      vertex   -1.049375e+01 -4.393750e+00 8.500000e+00
      vertex   -1.049375e+01 -9.553125e+00 8.500000e+00
      vertex   -1.049375e+01 -4.393750e+00 8.100000e+00
    endloop
  endfacet
  facet normal 1.000000e+00 0.000000e+00 0.000000e+00
    outer loop
      vertex   -1.049375e+01 -4.393750e+00 8.100000e+00
      vertex   -1.049375e+01 -9.553125e+00 8.500000e+00
      vertex   -1.049375e+01 -9.553125e+00 8.100000e+00
    endloop
  endfacet
  facet normal -0.000000e+00 -1.000000e+00 -0.000000e+00
    outer loop
      vertex   -1.049375e+01 -9.553125e+00 8.500000e+00
      vertex   -1.128750e+01 -9.553125e+00 8.500000e+00
      vertex   -1.049375e+01 -9.553125e+00 8.100000e+00
    endloop
  endfacet
  facet normal 0.000000e+00 -1.000000e+00 0.000000e+00
    outer loop
      vertex   -1.049375e+01 -9.553125e+00 8.100000e+00
      vertex   -1.128750e+01 -9.553125e+00 8.500000e+00
      vertex   -1.128750e+01 -9.553125e+00 8.100000e+00
    endloop
  endfacet
  facet normal 1.000000e+00 -4.475860e-15 0.000000e+00
    outer loop
      vertex   -1.128750e+01 -9.553125e+00 8.500000e+00
      vertex   -1.128750e+01 -1.034688e+01 8.500000e+00
      vertex   -1.128750e+01 -9.553125e+00 8.100000e+00
    endloop
  endfacet
  facet normal 1.000000e+00 -4.475860e-15 0.000000e+00
    outer loop
      vertex   -1.128750e+01 -9.553125e+00 8.100000e+00
      vertex   -1.128750e+01 -1.034688e+01 8.500000e+00
      vertex   -1.128750e+01 -1.034688e+01 8.100000e+00
    endloop
  endfacet
  facet normal 1.491953e-15 -1.000000e+00 0.000000e+00
    outer loop
      vertex   -1.128750e+01 -1.034688e+01 8.500000e+00
      vertex   -1.247813e+01 -1.034688e+01 8.500000e+00
      vertex   -1.128750e+01 -1.034688e+01 8.100000e+00
    endloop
  endfacet
  facet normal 1.491953e-15 -1.000000e+00 0.000000e+00
    outer loop
      vertex   -1.128750e+01 -1.034688e+01 8.100000e+00
      vertex   -1.247813e+01 -1.034688e+01 8.500000e+00
      vertex   -1.247813e+01 -1.034688e+01 8.100000e+00
    endloop
  endfacet
  facet normal 1.000000e+00 0.000000e+00 0.000000e+00
    outer loop
      vertex   -1.247813e+01 -1.034688e+01 8.500000e+00
      vertex   -1.247813e+01 -1.114063e+01 8.500000e+00
      vertex   -1.247813e+01 -1.034688e+01 8.100000e+00
    endloop
  endfacet
  facet normal 1.000000e+00 0.000000e+00 0.000000e+00
    outer loop
      vertex   -1.247813e+01 -1.034688e+01 8.100000e+00
      vertex   -1.247813e+01 -1.114063e+01 8.500000e+00
      vertex   -1.247813e+01 -1.114063e+01 8.100000e+00
    endloop
  endfacet
  facet normal -1.491953e-15 -1.000000e+00 -0.000000e+00
    outer loop
      vertex   -1.247813e+01 -1.114063e+01 8.500000e+00
      vertex   -1.366875e+01 -1.114062e+01 8.500000e+00
      vertex   -1.247813e+01 -1.114063e+01 8.100000e+00
    endloop
  endfacet
  facet normal -1.491953e-15 -1.000000e+00 0.000000e+00
    outer loop
      vertex   -1.247813e+01 -1.114063e+01 8.100000e+00
      vertex   -1.366875e+01 -1.114062e+01 8.500000e+00
      vertex   -1.366875e+01 -1.114062e+01 8.100000e+00
    endloop
  endfacet
  facet normal 1.000000e+00 2.237930e-15 0.000000e+00
    outer loop
      vertex   -1.366875e+01 -1.114062e+01 8.500000e+00
      vertex   -1.366875e+01 -1.193438e+01 8.500000e+00
      vertex   -1.366875e+01 -1.114062e+01 8.100000e+00
    endloop
  endfacet
  facet normal 1.000000e+00 2.237930e-15 0.000000e+00
    outer loop
      vertex   -1.366875e+01 -1.114062e+01 8.100000e+00
      vertex   -1.366875e+01 -1.193438e+01 8.500000e+00
      vertex   -1.366875e+01 -1.193438e+01 8.100000e+00
    endloop
  endfacet
  facet normal 2.237930e-15 -1.000000e+00 0.000000e+00
    outer loop
      vertex   -1.366875e+01 -1.193438e+01 8.500000e+00
      vertex   -1.446250e+01 -1.193438e+01 8.500000e+00
      vertex   -1.366875e+01 -1.193438e+01 8.100000e+00
    endloop
  endfacet
  facet normal 2.237930e-15 -1.000000e+00 0.000000e+00
    outer loop
      vertex   -1.366875e+01 -1.193438e+01 8.100000e+00
      vertex   -1.446250e+01 -1.193438e+01 8.500000e+00
      vertex   -1.446250e+01 -1.193438e+01 8.100000e+00
    endloop
  endfacet
  facet normal 1.000000e+00 -2.237930e-15 0.000000e+00
    outer loop
      vertex   -1.446250e+01 -1.193438e+01 8.500000e+00
      vertex   -1.446250e+01 -1.272813e+01 8.500000e+00
      vertex   -1.446250e+01 -1.193438e+01 8.100000e+00
    endloop
  endfacet
  facet normal 1.000000e+00 -2.237930e-15 0.000000e+00
    outer loop
      vertex   -1.446250e+01 -1.193438e+01 8.100000e+00
      vertex   -1.446250e+01 -1.272813e+01 8.500000e+00
      vertex   -1.446250e+01 -1.272813e+01 8.100000e+00
    endloop
  endfacet
  facet normal -4.511382e-15 -1.000000e+00 -0.000000e+00
    outer loop
      vertex   -1.446250e+01 -1.272813e+01 8.500000e+00
      vertex   -1.525000e+01 -1.272812e+01 8.500000e+00
      vertex   -1.446250e+01 -1.272813e+01 8.100000e+00
    endloop
  endfacet
  facet normal -4.511382e-15 -1.000000e+00 0.000000e+00
    outer loop
      vertex   -1.446250e+01 -1.272813e+01 8.100000e+00
      vertex   -1.525000e+01 -1.272812e+01 8.500000e+00
      vertex   -1.525000e+01 -1.272812e+01 8.100000e+00
    endloop
  endfacet
  facet normal -1.000000e+00 0.000000e+00 0.000000e+00
    outer loop
      vertex   -1.525000e+01 -1.272812e+01 8.500000e+00
      vertex   -1.525000e+01 -1.193437e+01 8.500000e+00
      vertex   -1.525000e+01 -1.272812e+01 8.100000e+00
    endloop
  endfacet
  facet normal -1.000000e+00 0.000000e+00 0.000000e+00
    outer loop
      vertex   -1.525000e+01 -1.272812e+01 8.100000e+00
      vertex   -1.525000e+01 -1.193437e+01 8.500000e+00
      vertex   -1.525000e+01 -1.193437e+01 8.100000e+00
    endloop
  endfacet
  facet normal 2.237930e-15 -1.000000e+00 0.000000e+00
    outer loop
      vertex   -1.525000e+01 -1.193437e+01 8.500000e+00
      vertex   -1.604375e+01 -1.193437e+01 8.500000e+00
      vertex   -1.525000e+01 -1.193437e+01 8.100000e+00
    endloop
  endfacet
  facet normal 2.237930e-15 -1.000000e+00 0.000000e+00
    outer loop
      vertex   -1.525000e+01 -1.193437e+01 8.100000e+00
      vertex   -1.604375e+01 -1.193437e+01 8.500000e+00
      vertex   -1.604375e+01 -1.193437e+01 8.100000e+00
    endloop
  endfacet
  facet normal -1.000000e+00 -4.475860e-15 -0.000000e+00
    outer loop
      vertex   -1.604375e+01 -1.193437e+01 8.500000e+00
      vertex   -1.604375e+01 -1.114063e+01 8.500000e+00
      vertex   -1.604375e+01 -1.193437e+01 8.100000e+00
    endloop
  endfacet
  facet normal -1.000000e+00 -4.475860e-15 0.000000e+00
    outer loop
      vertex   -1.604375e+01 -1.193437e+01 8.100000e+00
      vertex   -1.604375e+01 -1.114063e+01 8.500000e+00
      vertex   -1.604375e+01 -1.114063e+01 8.100000e+00
    endloop
  endfacet
  facet normal -2.237930e-15 -1.000000e+00 -0.000000e+00
    outer loop
      vertex   -1.604375e+01 -1.114063e+01 8.500000e+00
      vertex   -1.683750e+01 -1.114063e+01 8.500000e+00
      vertex   -1.604375e+01 -1.114063e+01 8.100000e+00
    endloop
  endfacet
  facet normal -2.237930e-15 -1.000000e+00 0.000000e+00
    outer loop
      vertex   -1.604375e+01 -1.114063e+01 8.100000e+00
      vertex   -1.683750e+01 -1.114063e+01 8.500000e+00
      vertex   -1.683750e+01 -1.114063e+01 8.100000e+00
    endloop
  endfacet
  facet normal -1.000000e+00 0.000000e+00 0.000000e+00
    outer loop
      vertex   -1.683750e+01 -1.114063e+01 8.500000e+00
      vertex   -1.683750e+01 -9.553125e+00 8.500000e+00
      vertex   -1.683750e+01 -1.114063e+01 8.100000e+00
    endloop
  endfacet
  facet normal -1.000000e+00 0.000000e+00 0.000000e+00
    outer loop
      vertex   -1.683750e+01 -1.114063e+01 8.100000e+00
      vertex   -1.683750e+01 -9.553125e+00 8.500000e+00
      vertex   -1.683750e+01 -9.553125e+00 8.100000e+00
    endloop
  endfacet
  facet normal 2.229154e-15 -1.000000e+00 0.000000e+00
    outer loop
      vertex   -1.683750e+01 -9.553125e+00 8.500000e+00
      vertex   -1.843125e+01 -9.553125e+00 8.500000e+00
      vertex   -1.683750e+01 -9.553125e+00 8.100000e+00
    endloop
  endfacet
  facet normal 2.229154e-15 -1.000000e+00 0.000000e+00
    outer loop
      vertex   -1.683750e+01 -9.553125e+00 8.100000e+00
      vertex   -1.843125e+01 -9.553125e+00 8.500000e+00
      vertex   -1.843125e+01 -9.553125e+00 8.100000e+00
    endloop
  endfacet
  facet normal 1.000000e+00 0.000000e+00 0.000000e+00
    outer loop
      vertex   -1.843125e+01 -9.553125e+00 8.500000e+00
      vertex   -1.843125e+01 -1.511563e+01 8.500000e+00
      vertex   -1.843125e+01 -9.553125e+00 8.100000e+00
    endloop
  endfacet
  facet normal 1.000000e+00 0.000000e+00 0.000000e+00
    outer loop
      vertex   -1.843125e+01 -9.553125e+00 8.100000e+00
      vertex   -1.843125e+01 -1.511563e+01 8.500000e+00
      vertex   -1.843125e+01 -1.511563e+01 8.100000e+00
    endloop
  endfacet
  facet normal -2.237930e-15 1.000000e+00 -4.440892e-15
    outer loop
      vertex   -1.843125e+01 -1.511563e+01 8.500000e+00
      vertex   -1.763750e+01 -1.511563e+01 8.500000e+00
      vertex   -1.843125e+01 -1.511563e+01 8.100000e+00
    endloop
  endfacet
  facet normal -4.475860e-15 1.000000e+00 0.000000e+00
    outer loop
      vertex   -1.843125e+01 -1.511563e+01 8.100000e+00
      vertex   -1.763750e+01 -1.511563e+01 8.500000e+00
      vertex   -1.763750e+01 -1.511563e+01 8.100000e+00
    endloop
  endfacet
  facet normal 1.000000e+00 4.475860e-15 0.000000e+00
    outer loop
      vertex   -1.763750e+01 -1.511563e+01 8.500000e+00
      vertex   -1.763750e+01 -1.590937e+01 8.500000e+00
      vertex   -1.763750e+01 -1.511563e+01 8.100000e+00
    endloop
  endfacet
  facet normal 1.000000e+00 4.475860e-15 -1.987681e-29
    outer loop
      vertex   -1.763750e+01 -1.511563e+01 8.100000e+00
      vertex   -1.763750e+01 -1.590937e+01 8.500000e+00
      vertex   -1.763750e+01 -1.590937e+01 8.100000e+00
    endloop
  endfacet
  facet normal 2.237930e-15 1.000000e+00 -4.440892e-15
    outer loop
      vertex   -1.763750e+01 -1.590937e+01 8.500000e+00
      vertex   -1.684375e+01 -1.590937e+01 8.500000e+00
      vertex   -1.763750e+01 -1.590937e+01 8.100000e+00
    endloop
  endfacet
  facet normal 0.000000e+00 1.000000e+00 0.000000e+00
    outer loop
      vertex   -1.763750e+01 -1.590937e+01 8.100000e+00
      vertex   -1.684375e+01 -1.590937e+01 8.500000e+00
      vertex   -1.684375e+01 -1.590937e+01 8.100000e+00
    endloop
  endfacet
  facet normal 1.000000e+00 0.000000e+00 0.000000e+00
    outer loop
      vertex   -1.684375e+01 -1.590937e+01 8.500000e+00
      vertex   -1.684375e+01 -1.670312e+01 8.500000e+00
      vertex   -1.684375e+01 -1.590937e+01 8.100000e+00
    endloop
  endfacet
  facet normal 1.000000e+00 0.000000e+00 0.000000e+00
    outer loop
      vertex   -1.684375e+01 -1.590937e+01 8.100000e+00
      vertex   -1.684375e+01 -1.670312e+01 8.500000e+00
      vertex   -1.684375e+01 -1.670312e+01 8.100000e+00
    endloop
  endfacet
  facet normal -0.000000e+00 1.000000e+00 0.000000e+00
    outer loop
      vertex   -1.684375e+01 -1.670312e+01 8.500000e+00
      vertex   -1.605000e+01 -1.670312e+01 8.500000e+00
      vertex   -1.684375e+01 -1.670312e+01 8.100000e+00
    endloop
  endfacet
  facet normal 0.000000e+00 1.000000e+00 0.000000e+00
    outer loop
      vertex   -1.684375e+01 -1.670312e+01 8.100000e+00
      vertex   -1.605000e+01 -1.670312e+01 8.500000e+00
      vertex   -1.605000e+01 -1.670312e+01 8.100000e+00
    endloop
  endfacet
  facet normal 1.000000e+00 0.000000e+00 0.000000e+00
    outer loop
      vertex   -1.605000e+01 -1.670312e+01 8.500000e+00
      vertex   -1.605000e+01 -1.749688e+01 8.500000e+00
      vertex   -1.605000e+01 -1.670312e+01 8.100000e+00
    endloop
  endfacet
  facet normal 1.000000e+00 0.000000e+00 0.000000e+00
    outer loop
      vertex   -1.605000e+01 -1.670312e+01 8.100000e+00
      vertex   -1.605000e+01 -1.749688e+01 8.500000e+00
      vertex   -1.605000e+01 -1.749688e+01 8.100000e+00
    endloop
  endfacet
  facet normal -4.475860e-15 1.000000e+00 0.000000e+00
    outer loop
      vertex   -1.605000e+01 -1.749688e+01 8.500000e+00
      vertex   -1.525625e+01 -1.749688e+01 8.500000e+00
      vertex   -1.605000e+01 -1.749688e+01 8.100000e+00
    endloop
  endfacet
  facet normal -4.475860e-15 1.000000e+00 0.000000e+00
    outer loop
      vertex   -1.605000e+01 -1.749688e+01 8.100000e+00
      vertex   -1.525625e+01 -1.749688e+01 8.500000e+00
      vertex   -1.525625e+01 -1.749688e+01 8.100000e+00
    endloop
  endfacet
  facet normal 1.000000e+00 0.000000e+00 0.000000e+00
    outer loop
      vertex   -1.525625e+01 -1.749688e+01 8.500000e+00
      vertex   -1.525625e+01 -1.829062e+01 8.500000e+00
      vertex   -1.525625e+01 -1.749688e+01 8.100000e+00
    endloop
  endfacet
  facet normal 1.000000e+00 0.000000e+00 0.000000e+00
    outer loop
      vertex   -1.525625e+01 -1.749688e+01 8.100000e+00
      vertex   -1.525625e+01 -1.829062e+01 8.500000e+00
      vertex   -1.525625e+01 -1.829062e+01 8.100000e+00
    endloop
  endfacet
  facet normal -0.000000e+00 1.000000e+00 0.000000e+00
    outer loop
      vertex   -1.525625e+01 -1.829062e+01 8.500000e+00
      vertex   -1.446250e+01 -1.829062e+01 8.500000e+00
      vertex   -1.525625e+01 -1.829062e+01 8.100000e+00
    endloop
  endfacet
  facet normal 0.000000e+00 1.000000e+00 0.000000e+00
    outer loop
      vertex   -1.525625e+01 -1.829062e+01 8.100000e+00
      vertex   -1.446250e+01 -1.829062e+01 8.500000e+00
      vertex   -1.446250e+01 -1.829062e+01 8.100000e+00
    endloop
  endfacet
  facet normal 1.000000e+00 0.000000e+00 0.000000e+00
    outer loop
      vertex   -1.446250e+01 -1.829062e+01 8.500000e+00
      vertex   -1.446250e+01 -2.146563e+01 8.500000e+00
      vertex   -1.446250e+01 -1.829062e+01 8.100000e+00
    endloop
  endfacet
  facet normal 1.000000e+00 0.000000e+00 0.000000e+00
    outer loop
      vertex   -1.446250e+01 -1.829062e+01 8.100000e+00
      vertex   -1.446250e+01 -2.146563e+01 8.500000e+00
      vertex   -1.446250e+01 -2.146563e+01 8.100000e+00
    endloop
  endfacet
  facet normal -0.000000e+00 1.000000e+00 0.000000e+00
    outer loop
      vertex   -1.446250e+01 -2.146563e+01 8.500000e+00
      vertex   -1.207500e+01 -2.146563e+01 8.500000e+00
      vertex   -1.446250e+01 -2.146563e+01 8.100000e+00
    endloop
  endfacet
  facet normal 0.000000e+00 1.000000e+00 0.000000e+00
    outer loop
      vertex   -1.446250e+01 -2.146563e+01 8.100000e+00
      vertex   -1.207500e+01 -2.146563e+01 8.500000e+00
      vertex   -1.207500e+01 -2.146563e+01 8.100000e+00
    endloop
  endfacet
  facet normal -1.000000e+00 0.000000e+00 0.000000e+00
    outer loop
      vertex   -1.207500e+01 -2.146563e+01 8.500000e+00
      vertex   -1.207500e+01 -1.908438e+01 8.500000e+00
      vertex   -1.207500e+01 -2.146563e+01 8.100000e+00
    endloop
  endfacet
  facet normal -1.000000e+00 0.000000e+00 0.000000e+00
    outer loop
      vertex   -1.207500e+01 -2.146563e+01 8.100000e+00
      vertex   -1.207500e+01 -1.908438e+01 8.500000e+00
      vertex   -1.207500e+01 -1.908438e+01 8.100000e+00
    endloop
  endfacet
  facet normal -2.246775e-15 1.000000e+00 -8.881784e-15
    outer loop
      vertex   -1.207500e+01 -1.908438e+01 8.500000e+00
      vertex   -1.049375e+01 -1.908438e+01 8.500000e+00
      vertex   -1.207500e+01 -1.908438e+01 8.100000e+00
    endloop
  endfacet
  facet normal -4.493551e-15 1.000000e+00 0.000000e+00
    outer loop
      vertex   -1.207500e+01 -1.908438e+01 8.100000e+00
      vertex   -1.049375e+01 -1.908438e+01 8.500000e+00
      vertex   -1.049375e+01 -1.908438e+01 8.100000e+00
    endloop
  endfacet
  facet normal 1.000000e+00 0.000000e+00 0.000000e+00
    outer loop
      vertex   -1.049375e+01 -1.908438e+01 8.500000e+00
      vertex   -1.049375e+01 -2.146563e+01 8.500000e+00
      vertex   -1.049375e+01 -1.908438e+01 8.100000e+00
    endloop
  endfacet
  facet normal 1.000000e+00 0.000000e+00 0.000000e+00
    outer loop
      vertex   -1.049375e+01 -1.908438e+01 8.100000e+00
      vertex   -1.049375e+01 -2.146563e+01 8.500000e+00
      vertex   -1.049375e+01 -2.146563e+01 8.100000e+00
    endloop
  endfacet
  facet normal -0.000000e+00 1.000000e+00 0.000000e+00
    outer loop
      vertex   -1.049375e+01 -2.146563e+01 8.500000e+00
      vertex   -8.106250e+00 -2.146563e+01 8.500000e+00
      vertex   -1.049375e+01 -2.146563e+01 8.100000e+00
    endloop
  endfacet
  facet normal 0.000000e+00 1.000000e+00 0.000000e+00
    outer loop
      vertex   -1.049375e+01 -2.146563e+01 8.100000e+00
      vertex   -8.106250e+00 -2.146563e+01 8.500000e+00
      vertex   -8.106250e+00 -2.146563e+01 8.100000e+00
    endloop
  endfacet
  facet normal -1.000000e+00 0.000000e+00 0.000000e+00
    outer loop
      vertex   -8.106250e+00 -2.146563e+01 8.500000e+00
      vertex   -8.106250e+00 -1.987188e+01 8.500000e+00
      vertex   -8.106250e+00 -2.146563e+01 8.100000e+00
    endloop
  endfacet
  facet normal -1.000000e+00 0.000000e+00 0.000000e+00
    outer loop
      vertex   -8.106250e+00 -2.146563e+01 8.100000e+00
      vertex   -8.106250e+00 -1.987188e+01 8.500000e+00
      vertex   -8.106250e+00 -1.987188e+01 8.100000e+00
    endloop
  endfacet
  facet normal -0.000000e+00 -1.000000e+00 -0.000000e+00
    outer loop
      vertex   -8.106250e+00 -1.987188e+01 8.500000e+00
      vertex   -8.900000e+00 -1.987188e+01 8.500000e+00
      vertex   -8.106250e+00 -1.987188e+01 8.100000e+00
    endloop
  endfacet
  facet normal 0.000000e+00 -1.000000e+00 0.000000e+00
    outer loop
      vertex   -8.106250e+00 -1.987188e+01 8.100000e+00
      vertex   -8.900000e+00 -1.987188e+01 8.500000e+00
      vertex   -8.900000e+00 -1.987188e+01 8.100000e+00
    endloop
  endfacet
  facet normal -1.000000e+00 0.000000e+00 0.000000e+00
    outer loop
      vertex   -8.900000e+00 -1.987188e+01 8.500000e+00
      vertex   -8.900000e+00 -1.749687e+01 8.500000e+00
      vertex   -8.900000e+00 -1.987188e+01 8.100000e+00
    endloop
  endfacet
  facet normal -1.000000e+00 0.000000e+00 0.000000e+00
    outer loop
      vertex   -8.900000e+00 -1.987188e+01 8.100000e+00
      vertex   -8.900000e+00 -1.749687e+01 8.500000e+00
      vertex   -8.900000e+00 -1.749688e+01 8.100000e+00
    endloop
  endfacet
  facet normal 0.000000e+00 1.000000e+00 -8.881784e-15
    outer loop
      vertex   -8.900000e+00 -1.749687e+01 8.500000e+00
      vertex   -8.106250e+00 -1.749687e+01 8.500000e+00
      vertex   -8.900000e+00 -1.749688e+01 8.100000e+00
    endloop
  endfacet
  facet normal -4.475860e-15 1.000000e+00 0.000000e+00
    outer loop
      vertex   -8.900000e+00 -1.749688e+01 8.100000e+00
      vertex   -8.106250e+00 -1.749687e+01 8.500000e+00
      vertex   -8.106250e+00 -1.749687e+01 8.100000e+00
    endloop
  endfacet
  facet normal -1.000000e+00 0.000000e+00 0.000000e+00
    outer loop
      vertex   -8.106250e+00 -1.749687e+01 8.500000e+00
      vertex   -8.106250e+00 -1.670313e+01 8.500000e+00
      vertex   -8.106250e+00 -1.749687e+01 8.100000e+00
    endloop
  endfacet
  facet normal -1.000000e+00 0.000000e+00 0.000000e+00
    outer loop
      vertex   -8.106250e+00 -1.749687e+01 8.100000e+00
      vertex   -8.106250e+00 -1.670313e+01 8.500000e+00
      vertex   -8.106250e+00 -1.670313e+01 8.100000e+00
    endloop
  endfacet
  facet normal 4.475860e-15 1.000000e+00 -8.881784e-15
    outer loop
      vertex   -8.106250e+00 -1.670313e+01 8.500000e+00
      vertex   -7.312500e+00 -1.670313e+01 8.500000e+00
      vertex   -8.106250e+00 -1.670313e+01 8.100000e+00
    endloop
  endfacet
  facet normal 4.475860e-15 1.000000e+00 -8.881784e-15
    outer loop
      vertex   -8.106250e+00 -1.670313e+01 8.100000e+00
      vertex   -7.312500e+00 -1.670313e+01 8.500000e+00
      vertex   -7.312500e+00 -1.670313e+01 8.100000e+00
    endloop
  endfacet
  facet normal -1.000000e+00 1.491953e-15 -1.325121e-29
    outer loop
      vertex   -7.312500e+00 -1.670313e+01 8.500000e+00
      vertex   -7.312500e+00 -1.551250e+01 8.500000e+00
      vertex   -7.312500e+00 -1.670313e+01 8.100000e+00
    endloop
  endfacet
  facet normal -1.000000e+00 1.491953e-15 -6.625603e-30
    outer loop
      vertex   -7.312500e+00 -1.670313e+01 8.100000e+00
      vertex   -7.312500e+00 -1.551250e+01 8.500000e+00
      vertex   -7.312500e+00 -1.551250e+01 8.100000e+00
    endloop
  endfacet
  facet normal -4.475860e-15 1.000000e+00 -4.440892e-15
    outer loop
      vertex   -7.312500e+00 -1.551250e+01 8.500000e+00
      vertex   -6.518750e+00 -1.551250e+01 8.500000e+00
      vertex   -7.312500e+00 -1.551250e+01 8.100000e+00
    endloop
  endfacet
  facet normal -6.713790e-15 1.000000e+00 0.000000e+00
    outer loop
      vertex   -7.312500e+00 -1.551250e+01 8.100000e+00
      vertex   -6.518750e+00 -1.551250e+01 8.500000e+00
      vertex   -6.518750e+00 -1.551250e+01 8.100000e+00
    endloop
  endfacet
  facet normal -1.000000e+00 0.000000e+00 0.000000e+00
    outer loop
      vertex   -6.518750e+00 -1.551250e+01 8.500000e+00
      vertex   -6.518750e+00 -1.352813e+01 8.500000e+00
      vertex   -6.518750e+00 -1.551250e+01 8.100000e+00
    endloop
  endfacet
  facet normal -1.000000e+00 0.000000e+00 0.000000e+00
    outer loop
      vertex   -6.518750e+00 -1.551250e+01 8.100000e+00
      vertex   -6.518750e+00 -1.352813e+01 8.500000e+00
      vertex   -6.518750e+00 -1.352813e+01 8.100000e+00
    endloop
  endfacet
  facet normal -1.000000e+00 0.000000e+00 0.000000e+00
    outer loop
      vertex   -1.803125e+01 -1.987500e+01 8.500000e+00
      vertex   -1.803125e+01 -1.947812e+01 8.500000e+00
      vertex   -1.803125e+01 -1.987500e+01 8.100000e+00
    endloop
  endfacet
  facet normal -1.000000e+00 0.000000e+00 0.000000e+00
    outer loop
      vertex   -1.803125e+01 -1.987500e+01 8.100000e+00
      vertex   -1.803125e+01 -1.947812e+01 8.500000e+00
      vertex   -1.803125e+01 -1.947812e+01 8.100000e+00
    endloop
  endfacet
  facet normal -0.000000e+00 -1.000000e+00 -0.000000e+00
    outer loop
      vertex   -1.803125e+01 -1.947812e+01 8.500000e+00
      vertex   -1.961875e+01 -1.947812e+01 8.500000e+00
      vertex   -1.803125e+01 -1.947812e+01 8.100000e+00
    endloop
  endfacet
  facet normal 0.000000e+00 -1.000000e+00 0.000000e+00
    outer loop
      vertex   -1.803125e+01 -1.947812e+01 8.100000e+00
      vertex   -1.961875e+01 -1.947812e+01 8.500000e+00
      vertex   -1.961875e+01 -1.947812e+01 8.100000e+00
    endloop
  endfacet
  facet normal 1.000000e+00 0.000000e+00 0.000000e+00
    outer loop
      vertex   -1.961875e+01 -1.947812e+01 8.500000e+00
      vertex   -1.961875e+01 -1.987500e+01 8.500000e+00
      vertex   -1.961875e+01 -1.947812e+01 8.100000e+00
    endloop
  endfacet
  facet normal 1.000000e+00 0.000000e+00 0.000000e+00
    outer loop
      vertex   -1.961875e+01 -1.947812e+01 8.100000e+00
      vertex   -1.961875e+01 -1.987500e+01 8.500000e+00
      vertex   -1.961875e+01 -1.987500e+01 8.100000e+00
    endloop
  endfacet
  facet normal -2.237930e-15 1.000000e+00 0.000000e+00
    outer loop
      vertex   -1.961875e+01 -1.987500e+01 8.500000e+00
      vertex   -1.803125e+01 -1.987500e+01 8.500000e+00
      vertex   -1.961875e+01 -1.987500e+01 8.100000e+00
    endloop
  endfacet
  facet normal -2.237930e-15 1.000000e+00 0.000000e+00
    outer loop
      vertex   -1.961875e+01 -1.987500e+01 8.100000e+00
      vertex   -1.803125e+01 -1.987500e+01 8.500000e+00
      vertex   -1.803125e+01 -1.987500e+01 8.100000e+00
    endloop
  endfacet
  facet normal 0.000000e+00 0.000000e+00 1.000000e+00
    outer loop
      vertex   -1.961875e+01 -1.987500e+01 8.100000e+00
      vertex   -1.803125e+01 -1.987500e+01 8.100000e+00
      vertex   -1.961875e+01 -1.947812e+01 8.100000e+00
    endloop
  endfacet
  facet normal -0.000000e+00 0.000000e+00 1.000000e+00
    outer loop
      vertex   -1.961875e+01 -1.947812e+01 8.100000e+00
      vertex   -1.803125e+01 -1.987500e+01 8.100000e+00
      vertex   -1.803125e+01 -1.947812e+01 8.100000e+00
    endloop
  endfacet
  facet normal -1.000000e+00 -3.356895e-15 -0.000000e+00
    outer loop
      vertex   -1.362500e+00 -2.106563e+01 8.500000e+00
      vertex   -1.362500e+00 -2.066875e+01 8.500000e+00
      vertex   -1.362500e+00 -2.106563e+01 8.100000e+00
    endloop
  endfacet
  facet normal -1.000000e+00 -3.356895e-15 0.000000e+00
    outer loop
      vertex   -1.362500e+00 -2.106563e+01 8.100000e+00
      vertex   -1.362500e+00 -2.066875e+01 8.500000e+00
      vertex   -1.362500e+00 -2.066875e+01 8.100000e+00
    endloop
  endfacet
  facet normal -0.000000e+00 -1.000000e+00 -0.000000e+00
    outer loop
      vertex   -1.362500e+00 -2.066875e+01 8.500000e+00
      vertex   -2.950000e+00 -2.066875e+01 8.500000e+00
      vertex   -1.362500e+00 -2.066875e+01 8.100000e+00
    endloop
  endfacet
  facet normal 0.000000e+00 -1.000000e+00 0.000000e+00
    outer loop
      vertex   -1.362500e+00 -2.066875e+01 8.100000e+00
      vertex   -2.950000e+00 -2.066875e+01 8.500000e+00
      vertex   -2.950000e+00 -2.066875e+01 8.100000e+00
    endloop
  endfacet
  facet normal 1.000000e+00 3.356895e-15 0.000000e+00
    outer loop
      vertex   -2.950000e+00 -2.066875e+01 8.500000e+00
      vertex   -2.950000e+00 -2.106563e+01 8.500000e+00
      vertex   -2.950000e+00 -2.066875e+01 8.100000e+00
    endloop
  endfacet
  facet normal 1.000000e+00 3.356895e-15 0.000000e+00
    outer loop
      vertex   -2.950000e+00 -2.066875e+01 8.100000e+00
      vertex   -2.950000e+00 -2.106563e+01 8.500000e+00
      vertex   -2.950000e+00 -2.106563e+01 8.100000e+00
    endloop
  endfacet
  facet normal -0.000000e+00 1.000000e+00 0.000000e+00
    outer loop
      vertex   -2.950000e+00 -2.106563e+01 8.500000e+00
      vertex   -1.362500e+00 -2.106563e+01 8.500000e+00
      vertex   -2.950000e+00 -2.106563e+01 8.100000e+00
    endloop
  endfacet
  facet normal 0.000000e+00 1.000000e+00 0.000000e+00
    outer loop
      vertex   -2.950000e+00 -2.106563e+01 8.100000e+00
      vertex   -1.362500e+00 -2.106563e+01 8.500000e+00
      vertex   -1.362500e+00 -2.106563e+01 8.100000e+00
    endloop
  endfacet
  facet normal 0.000000e+00 -0.000000e+00 1.000000e+00
    outer loop
      vertex   -2.950000e+00 -2.106563e+01 8.100000e+00
      vertex   -1.362500e+00 -2.106563e+01 8.100000e+00
      vertex   -2.950000e+00 -2.066875e+01 8.100000e+00
    endloop
  endfacet
  facet normal -0.000000e+00 0.000000e+00 1.000000e+00
    outer loop
      vertex   -2.950000e+00 -2.066875e+01 8.100000e+00
      vertex   -1.362500e+00 -2.106563e+01 8.100000e+00
      vertex   -1.362500e+00 -2.066875e+01 8.100000e+00
    endloop
  endfacet
  facet normal -1.000000e+00 4.475860e-15 0.000000e+00
    outer loop
      vertex   -1.565000e+01 -2.106562e+01 8.500000e+00
      vertex   -1.565000e+01 -2.066875e+01 8.500000e+00
      vertex   -1.565000e+01 -2.106562e+01 8.100000e+00
    endloop
  endfacet
  facet normal -1.000000e+00 4.475860e-15 0.000000e+00
    outer loop
      vertex   -1.565000e+01 -2.106562e+01 8.100000e+00
      vertex   -1.565000e+01 -2.066875e+01 8.500000e+00
      vertex   -1.565000e+01 -2.066875e+01 8.100000e+00
    endloop
  endfacet
  facet normal -0.000000e+00 -1.000000e+00 -0.000000e+00
    outer loop
      vertex   -1.565000e+01 -2.066875e+01 8.500000e+00
      vertex   -1.644375e+01 -2.066875e+01 8.500000e+00
      vertex   -1.565000e+01 -2.066875e+01 8.100000e+00
    endloop
  endfacet
  facet normal 0.000000e+00 -1.000000e+00 0.000000e+00
    outer loop
      vertex   -1.565000e+01 -2.066875e+01 8.100000e+00
      vertex   -1.644375e+01 -2.066875e+01 8.500000e+00
      vertex   -1.644375e+01 -2.066875e+01 8.100000e+00
    endloop
  endfacet
  facet normal 1.000000e+00 -8.951720e-15 0.000000e+00
    outer loop
      vertex   -1.644375e+01 -2.066875e+01 8.500000e+00
      vertex   -1.644375e+01 -2.106563e+01 8.500000e+00
      vertex   -1.644375e+01 -2.066875e+01 8.100000e+00
    endloop
  endfacet
  facet normal 1.000000e+00 -8.951720e-15 0.000000e+00
    outer loop
      vertex   -1.644375e+01 -2.066875e+01 8.100000e+00
      vertex   -1.644375e+01 -2.106563e+01 8.500000e+00
      vertex   -1.644375e+01 -2.106563e+01 8.100000e+00
    endloop
  endfacet
  facet normal -8.951720e-15 1.000000e+00 0.000000e+00
    outer loop
      vertex   -1.644375e+01 -2.106563e+01 8.500000e+00
      vertex   -1.565000e+01 -2.106562e+01 8.500000e+00
      vertex   -1.644375e+01 -2.106563e+01 8.100000e+00
    endloop
  endfacet
  facet normal -8.951720e-15 1.000000e+00 0.000000e+00
    outer loop
      vertex   -1.644375e+01 -2.106563e+01 8.100000e+00
      vertex   -1.565000e+01 -2.106562e+01 8.500000e+00
      vertex   -1.565000e+01 -2.106562e+01 8.100000e+00
    endloop
  endfacet
  facet normal 0.000000e+00 0.000000e+00 1.000000e+00
    outer loop
      vertex   -1.644375e+01 -2.106563e+01 8.100000e+00
      vertex   -1.565000e+01 -2.106562e+01 8.100000e+00
      vertex   -1.644375e+01 -2.066875e+01 8.100000e+00
    endloop
  endfacet
  facet normal -0.000000e+00 0.000000e+00 1.000000e+00
    outer loop
      vertex   -1.644375e+01 -2.066875e+01 8.100000e+00
      vertex   -1.565000e+01 -2.106562e+01 8.100000e+00
      vertex   -1.565000e+01 -2.066875e+01 8.100000e+00
    endloop
  endfacet
  facet normal -1.000000e+00 -5.594825e-15 -0.000000e+00
    outer loop
      vertex   3.400000e+00 -1.828750e+01 8.500000e+00
      vertex   3.400000e+00 -1.789063e+01 8.500000e+00
      vertex   3.400000e+00 -1.828750e+01 8.100000e+00
    endloop
  endfacet
  facet normal -1.000000e+00 -5.594825e-15 0.000000e+00
    outer loop
      vertex   3.400000e+00 -1.828750e+01 8.100000e+00
      vertex   3.400000e+00 -1.789063e+01 8.500000e+00
      vertex   3.400000e+00 -1.789063e+01 8.100000e+00
    endloop
  endfacet
  facet normal -3.197043e-16 -1.000000e+00 -0.000000e+00
    outer loop
      vertex   3.400000e+00 -1.789063e+01 8.500000e+00
      vertex   -7.712500e+00 -1.789063e+01 8.500000e+00
      vertex   3.400000e+00 -1.789063e+01 8.100000e+00
    endloop
  endfacet
  facet normal -3.197043e-16 -1.000000e+00 0.000000e+00
    outer loop
      vertex   3.400000e+00 -1.789063e+01 8.100000e+00
      vertex   -7.712500e+00 -1.789063e+01 8.500000e+00
      vertex   -7.712500e+00 -1.789063e+01 8.100000e+00
    endloop
  endfacet
  facet normal 1.000000e+00 4.475860e-15 0.000000e+00
    outer loop
      vertex   -7.712500e+00 -1.789063e+01 8.500000e+00
      vertex   -7.712500e+00 -1.828750e+01 8.500000e+00
      vertex   -7.712500e+00 -1.789063e+01 8.100000e+00
    endloop
  endfacet
  facet normal 1.000000e+00 4.475860e-15 0.000000e+00
    outer loop
      vertex   -7.712500e+00 -1.789063e+01 8.100000e+00
      vertex   -7.712500e+00 -1.828750e+01 8.500000e+00
      vertex   -7.712500e+00 -1.828750e+01 8.100000e+00
    endloop
  endfacet
  facet normal 3.197043e-16 1.000000e+00 0.000000e+00
    outer loop
      vertex   -7.712500e+00 -1.828750e+01 8.500000e+00
      vertex   3.400000e+00 -1.828750e+01 8.500000e+00
      vertex   -7.712500e+00 -1.828750e+01 8.100000e+00
    endloop
  endfacet
  facet normal 3.197043e-16 1.000000e+00 0.000000e+00
    outer loop
      vertex   -7.712500e+00 -1.828750e+01 8.100000e+00
      vertex   3.400000e+00 -1.828750e+01 8.500000e+00
      vertex   3.400000e+00 -1.828750e+01 8.100000e+00
    endloop
  endfacet
  facet normal -0.000000e+00 -0.000000e+00 1.000000e+00
    outer loop
      vertex   -7.712500e+00 -1.828750e+01 8.100000e+00
      vertex   3.400000e+00 -1.828750e+01 8.100000e+00
      vertex   -7.712500e+00 -1.789063e+01 8.100000e+00
    endloop
  endfacet
  facet normal 0.000000e+00 0.000000e+00 1.000000e+00
    outer loop
      vertex   -7.712500e+00 -1.789063e+01 8.100000e+00
      vertex   3.400000e+00 -1.828750e+01 8.100000e+00
      vertex   3.400000e+00 -1.789063e+01 8.100000e+00
    endloop
  endfacet
  facet normal -1.000000e+00 0.000000e+00 0.000000e+00
    outer loop
      vertex   -8.756250e+00 -6.234375e+00 8.500000e+00
      vertex   -8.756250e+00 -4.940625e+00 8.500000e+00
      vertex   -8.756250e+00 -6.234375e+00 8.100000e+00
    endloop
  endfacet
  facet normal -1.000000e+00 0.000000e+00 0.000000e+00
    outer loop
      vertex   -8.756250e+00 -6.234375e+00 8.100000e+00
      vertex   -8.756250e+00 -4.940625e+00 8.500000e+00
      vertex   -8.756250e+00 -4.940625e+00 8.100000e+00
    endloop
  endfacet
  facet normal -0.000000e+00 1.000000e+00 0.000000e+00
    outer loop
      vertex   -8.756250e+00 -4.940625e+00 8.500000e+00
      vertex   -7.462500e+00 -4.940625e+00 8.500000e+00
      vertex   -8.756250e+00 -4.940625e+00 8.100000e+00
    endloop
  endfacet
  facet normal 0.000000e+00 1.000000e+00 0.000000e+00
    outer loop
      vertex   -8.756250e+00 -4.940625e+00 8.100000e+00
      vertex   -7.462500e+00 -4.940625e+00 8.500000e+00
      vertex   -7.462500e+00 -4.940625e+00 8.100000e+00
    endloop
  endfacet
  facet normal 1.000000e+00 0.000000e+00 0.000000e+00
    outer loop
      vertex   -7.462500e+00 -4.940625e+00 8.500000e+00
      vertex   -7.462500e+00 -6.234375e+00 8.500000e+00
      vertex   -7.462500e+00 -4.940625e+00 8.100000e+00
    endloop
  endfacet
  facet normal 1.000000e+00 0.000000e+00 0.000000e+00
    outer loop
      vertex   -7.462500e+00 -4.940625e+00 8.100000e+00
      vertex   -7.462500e+00 -6.234375e+00 8.500000e+00
      vertex   -7.462500e+00 -6.234375e+00 8.100000e+00
    endloop
  endfacet
  facet normal -0.000000e+00 -1.000000e+00 -0.000000e+00
    outer loop
      vertex   -7.462500e+00 -6.234375e+00 8.500000e+00
      vertex   -8.756250e+00 -6.234375e+00 8.500000e+00
      vertex   -7.462500e+00 -6.234375e+00 8.100000e+00
    endloop
  endfacet
  facet normal 0.000000e+00 -1.000000e+00 0.000000e+00
    outer loop
      vertex   -7.462500e+00 -6.234375e+00 8.100000e+00
      vertex   -8.756250e+00 -6.234375e+00 8.500000e+00
      vertex   -8.756250e+00 -6.234375e+00 8.100000e+00
    endloop
  endfacet
  facet normal 0.000000e+00 -0.000000e+00 1.000000e+00
    outer loop
      vertex   -6.518750e+00 -1.551250e+01 8.100000e+00
      vertex   -6.518750e+00 -1.352813e+01 8.100000e+00
      vertex   -7.312500e+00 -1.551250e+01 8.100000e+00
    endloop
  endfacet
  facet normal 0.000000e+00 -0.000000e+00 1.000000e+00
    outer loop
      vertex   -7.312500e+00 -1.551250e+01 8.100000e+00
      vertex   -6.518750e+00 -1.352813e+01 8.100000e+00
      vertex   -1.128750e+01 -1.034688e+01 8.100000e+00
    endloop
  endfacet
  facet normal 0.000000e+00 0.000000e+00 1.000000e+00
    outer loop
      vertex   -7.312500e+00 -1.551250e+01 8.100000e+00
      vertex   -1.128750e+01 -1.034688e+01 8.100000e+00
      vertex   -1.247813e+01 -1.114063e+01 8.100000e+00
    endloop
  endfacet
  facet normal 0.000000e+00 0.000000e+00 1.000000e+00
    outer loop
      vertex   -1.247813e+01 -1.114063e+01 8.100000e+00
      vertex   -1.128750e+01 -1.034688e+01 8.100000e+00
      vertex   -1.247813e+01 -1.034688e+01 8.100000e+00
    endloop
  endfacet
  facet normal 0.000000e+00 0.000000e+00 1.000000e+00
    outer loop
      vertex   -1.128750e+01 -1.034688e+01 8.100000e+00
      vertex   -6.518750e+00 -1.352813e+01 8.100000e+00
      vertex   -6.518750e+00 -1.114063e+01 8.100000e+00
    endloop
  endfacet
  facet normal 0.000000e+00 0.000000e+00 1.000000e+00
    outer loop
      vertex   -6.518750e+00 -1.114063e+01 8.100000e+00
      vertex   -6.518750e+00 -1.352813e+01 8.100000e+00
      vertex   -4.931250e+00 -1.352813e+01 8.100000e+00
    endloop
  endfacet
  facet normal -0.000000e+00 0.000000e+00 1.000000e+00
    outer loop
      vertex   -6.518750e+00 -1.114063e+01 8.100000e+00
      vertex   -4.931250e+00 -1.352813e+01 8.100000e+00
      vertex   -4.931250e+00 -1.114063e+01 8.100000e+00
    endloop
  endfacet
  facet normal -0.000000e+00 0.000000e+00 1.000000e+00
    outer loop
      vertex   -1.128750e+01 -1.034688e+01 8.100000e+00
      vertex   -6.518750e+00 -1.114063e+01 8.100000e+00
      vertex   -1.049375e+01 -9.553125e+00 8.100000e+00
    endloop
  endfacet
  facet normal 0.000000e+00 0.000000e+00 1.000000e+00
    outer loop
      vertex   -1.049375e+01 -9.553125e+00 8.100000e+00
      vertex   -6.518750e+00 -1.114063e+01 8.100000e+00
      vertex   -6.518750e+00 -1.035313e+01 8.100000e+00
    endloop
  endfacet
  facet normal 9.745456e-17 4.842274e-16 1.000000e+00
    outer loop
      vertex   -1.049375e+01 -9.553125e+00 8.100000e+00
      vertex   -6.518750e+00 -1.035313e+01 8.100000e+00
      vertex   -8.756250e+00 -6.234375e+00 8.100000e+00
    endloop
  endfacet
  facet normal -0.000000e+00 4.312854e-16 1.000000e+00
    outer loop
      vertex   -8.756250e+00 -6.234375e+00 8.100000e+00
      vertex   -6.518750e+00 -1.035313e+01 8.100000e+00
      vertex   -7.462500e+00 -6.234375e+00 8.100000e+00
    endloop
  endfacet
  facet normal -1.934766e-16 3.869532e-16 1.000000e+00
    outer loop
      vertex   -7.462500e+00 -6.234375e+00 8.100000e+00
      vertex   -6.518750e+00 -1.035313e+01 8.100000e+00
      vertex   -3.343750e+00 -8.765625e+00 8.100000e+00
    endloop
  endfacet
  facet normal -3.879932e-16 7.044337e-17 1.000000e+00
    outer loop
      vertex   -7.462500e+00 -6.234375e+00 8.100000e+00
      vertex   -3.343750e+00 -8.765625e+00 8.100000e+00
      vertex   -2.550000e+00 -4.393750e+00 8.100000e+00
    endloop
  endfacet
  facet normal 0.000000e+00 0.000000e+00 1.000000e+00
    outer loop
      vertex   -2.550000e+00 -4.393750e+00 8.100000e+00
      vertex   -3.343750e+00 -8.765625e+00 8.100000e+00
      vertex   -1.756250e+00 -8.765625e+00 8.100000e+00
    endloop
  endfacet
  facet normal -0.000000e+00 0.000000e+00 1.000000e+00
    outer loop
      vertex   -2.550000e+00 -4.393750e+00 8.100000e+00
      vertex   -1.756250e+00 -8.765625e+00 8.100000e+00
      vertex   -1.756250e+00 -4.393750e+00 8.100000e+00
    endloop
  endfacet
  facet normal 0.000000e+00 0.000000e+00 1.000000e+00
    outer loop
      vertex   -6.518750e+00 -1.035313e+01 8.100000e+00
      vertex   -3.343750e+00 -1.035313e+01 8.100000e+00
      vertex   -3.343750e+00 -8.765625e+00 8.100000e+00
    endloop
  endfacet
  facet normal -3.615994e-16 0.000000e+00 1.000000e+00
    outer loop
      vertex   -7.462500e+00 -6.234375e+00 8.100000e+00
      vertex   -2.550000e+00 -4.393750e+00 8.100000e+00
      vertex   -7.462500e+00 -4.940625e+00 8.100000e+00
    endloop
  endfacet
  facet normal -3.615994e-16 1.213851e-30 1.000000e+00
    outer loop
      vertex   -7.462500e+00 -4.940625e+00 8.100000e+00
      vertex   -2.550000e+00 -4.393750e+00 8.100000e+00
      vertex   -2.550000e+00 -3.600000e+00 8.100000e+00
    endloop
  endfacet
  facet normal -1.645952e-31 -1.325021e-15 1.000000e+00
    outer loop
      vertex   -7.462500e+00 -4.940625e+00 8.100000e+00
      vertex   -2.550000e+00 -3.600000e+00 8.100000e+00
      vertex   -9.700000e+00 -3.600000e+00 8.100000e+00
    endloop
  endfacet
  facet normal 0.000000e+00 -1.325021e-15 1.000000e+00
    outer loop
      vertex   -7.462500e+00 -4.940625e+00 8.100000e+00
      vertex   -9.700000e+00 -3.600000e+00 8.100000e+00
      vertex   -8.756250e+00 -4.940625e+00 8.100000e+00
    endloop
  endfacet
  facet normal 1.882232e-15 0.000000e+00 1.000000e+00
    outer loop
      vertex   -8.756250e+00 -4.940625e+00 8.100000e+00
      vertex   -9.700000e+00 -3.600000e+00 8.100000e+00
      vertex   -9.700000e+00 -4.393750e+00 8.100000e+00
    endloop
  endfacet
  facet normal 1.882232e-15 0.000000e+00 1.000000e+00
    outer loop
      vertex   -8.756250e+00 -4.940625e+00 8.100000e+00
      vertex   -9.700000e+00 -4.393750e+00 8.100000e+00
      vertex   -8.756250e+00 -6.234375e+00 8.100000e+00
    endloop
  endfacet
  facet normal 0.000000e+00 -9.650835e-16 1.000000e+00
    outer loop
      vertex   -8.756250e+00 -6.234375e+00 8.100000e+00
      vertex   -9.700000e+00 -4.393750e+00 8.100000e+00
      vertex   -1.049375e+01 -4.393750e+00 8.100000e+00
    endloop
  endfacet
  facet normal 1.022364e-15 0.000000e+00 1.000000e+00
    outer loop
      vertex   -8.756250e+00 -6.234375e+00 8.100000e+00
      vertex   -1.049375e+01 -4.393750e+00 8.100000e+00
      vertex   -1.049375e+01 -9.553125e+00 8.100000e+00
    endloop
  endfacet
  facet normal 0.000000e+00 0.000000e+00 1.000000e+00
    outer loop
      vertex   -1.049375e+01 -9.553125e+00 8.100000e+00
      vertex   -1.128750e+01 -9.553125e+00 8.100000e+00
      vertex   -1.128750e+01 -1.034688e+01 8.100000e+00
    endloop
  endfacet
  facet normal 0.000000e+00 0.000000e+00 1.000000e+00
    outer loop
      vertex   -1.366875e+01 -1.114062e+01 8.100000e+00
      vertex   -1.366875e+01 -1.193438e+01 8.100000e+00
      vertex   -1.247813e+01 -1.114063e+01 8.100000e+00
    endloop
  endfacet
  facet normal 0.000000e+00 0.000000e+00 1.000000e+00
    outer loop
      vertex   -1.247813e+01 -1.114063e+01 8.100000e+00
      vertex   -1.366875e+01 -1.193438e+01 8.100000e+00
      vertex   -8.900000e+00 -1.749688e+01 8.100000e+00
    endloop
  endfacet
  facet normal 0.000000e+00 0.000000e+00 1.000000e+00
    outer loop
      vertex   -1.247813e+01 -1.114063e+01 8.100000e+00
      vertex   -8.900000e+00 -1.749688e+01 8.100000e+00
      vertex   -8.106250e+00 -1.670313e+01 8.100000e+00
    endloop
  endfacet
  facet normal 0.000000e+00 0.000000e+00 1.000000e+00
    outer loop
      vertex   -8.106250e+00 -1.670313e+01 8.100000e+00
      vertex   -8.900000e+00 -1.749688e+01 8.100000e+00
      vertex   -8.106250e+00 -1.749687e+01 8.100000e+00
    endloop
  endfacet
  facet normal -0.000000e+00 0.000000e+00 1.000000e+00
    outer loop
      vertex   -1.446250e+01 -1.193438e+01 8.100000e+00
      vertex   -1.446250e+01 -1.272813e+01 8.100000e+00
      vertex   -1.366875e+01 -1.193438e+01 8.100000e+00
    endloop
  endfacet
  facet normal 0.000000e+00 0.000000e+00 1.000000e+00
    outer loop
      vertex   -1.366875e+01 -1.193438e+01 8.100000e+00
      vertex   -1.446250e+01 -1.272813e+01 8.100000e+00
      vertex   -8.900000e+00 -1.749688e+01 8.100000e+00
    endloop
  endfacet
  facet normal 0.000000e+00 0.000000e+00 1.000000e+00
    outer loop
      vertex   -1.525000e+01 -1.272812e+01 8.100000e+00
      vertex   -1.605000e+01 -1.670312e+01 8.100000e+00
      vertex   -1.446250e+01 -1.272813e+01 8.100000e+00
    endloop
  endfacet
  facet normal 0.000000e+00 0.000000e+00 1.000000e+00
    outer loop
      vertex   -1.446250e+01 -1.272813e+01 8.100000e+00
      vertex   -1.605000e+01 -1.670312e+01 8.100000e+00
      vertex   -1.525625e+01 -1.749688e+01 8.100000e+00
    endloop
  endfacet
  facet normal 0.000000e+00 0.000000e+00 1.000000e+00
    outer loop
      vertex   -1.446250e+01 -1.272813e+01 8.100000e+00
      vertex   -1.525625e+01 -1.749688e+01 8.100000e+00
      vertex   -1.446250e+01 -1.829062e+01 8.100000e+00
    endloop
  endfacet
  facet normal 0.000000e+00 0.000000e+00 1.000000e+00
    outer loop
      vertex   -1.446250e+01 -1.829062e+01 8.100000e+00
      vertex   -1.525625e+01 -1.749688e+01 8.100000e+00
      vertex   -1.525625e+01 -1.829062e+01 8.100000e+00
    endloop
  endfacet
  facet normal 0.000000e+00 0.000000e+00 1.000000e+00
    outer loop
      vertex   -1.525000e+01 -1.193437e+01 8.100000e+00
      vertex   -1.604375e+01 -1.193437e+01 8.100000e+00
      vertex   -1.525000e+01 -1.272812e+01 8.100000e+00
    endloop
  endfacet
  facet normal 0.000000e+00 0.000000e+00 1.000000e+00
    outer loop
      vertex   -1.525000e+01 -1.272812e+01 8.100000e+00
      vertex   -1.604375e+01 -1.193437e+01 8.100000e+00
      vertex   -1.763750e+01 -1.511563e+01 8.100000e+00
    endloop
  endfacet
  facet normal 0.000000e+00 0.000000e+00 1.000000e+00
    outer loop
      vertex   -1.525000e+01 -1.272812e+01 8.100000e+00
      vertex   -1.763750e+01 -1.511563e+01 8.100000e+00
      vertex   -1.684375e+01 -1.590937e+01 8.100000e+00
    endloop
  endfacet
  facet normal 0.000000e+00 0.000000e+00 1.000000e+00
    outer loop
      vertex   -1.684375e+01 -1.590937e+01 8.100000e+00
      vertex   -1.763750e+01 -1.511563e+01 8.100000e+00
      vertex   -1.763750e+01 -1.590937e+01 8.100000e+00
    endloop
  endfacet
  facet normal 0.000000e+00 0.000000e+00 1.000000e+00
    outer loop
      vertex   -1.604375e+01 -1.114063e+01 8.100000e+00
      vertex   -1.683750e+01 -1.114063e+01 8.100000e+00
      vertex   -1.604375e+01 -1.193437e+01 8.100000e+00
    endloop
  endfacet
  facet normal 0.000000e+00 0.000000e+00 1.000000e+00
    outer loop
      vertex   -1.604375e+01 -1.193437e+01 8.100000e+00
      vertex   -1.683750e+01 -1.114063e+01 8.100000e+00
      vertex   -1.763750e+01 -1.511563e+01 8.100000e+00
    endloop
  endfacet
  facet normal 0.000000e+00 0.000000e+00 1.000000e+00
    outer loop
      vertex   -1.683750e+01 -9.553125e+00 8.100000e+00
      vertex   -1.843125e+01 -9.553125e+00 8.100000e+00
      vertex   -1.683750e+01 -1.114063e+01 8.100000e+00
    endloop
  endfacet
  facet normal 0.000000e+00 0.000000e+00 1.000000e+00
    outer loop
      vertex   -1.683750e+01 -1.114063e+01 8.100000e+00
      vertex   -1.843125e+01 -9.553125e+00 8.100000e+00
      vertex   -1.843125e+01 -1.511563e+01 8.100000e+00
    endloop
  endfacet
  facet normal 0.000000e+00 0.000000e+00 1.000000e+00
    outer loop
      vertex   -1.683750e+01 -1.114063e+01 8.100000e+00
      vertex   -1.843125e+01 -1.511563e+01 8.100000e+00
      vertex   -1.763750e+01 -1.511563e+01 8.100000e+00
    endloop
  endfacet
  facet normal 0.000000e+00 0.000000e+00 1.000000e+00
    outer loop
      vertex   -1.684375e+01 -1.670312e+01 8.100000e+00
      vertex   -1.605000e+01 -1.670312e+01 8.100000e+00
      vertex   -1.684375e+01 -1.590937e+01 8.100000e+00
    endloop
  endfacet
  facet normal -0.000000e+00 0.000000e+00 1.000000e+00
    outer loop
      vertex   -1.684375e+01 -1.590937e+01 8.100000e+00
      vertex   -1.605000e+01 -1.670312e+01 8.100000e+00
      vertex   -1.525000e+01 -1.272812e+01 8.100000e+00
    endloop
  endfacet
  facet normal 0.000000e+00 0.000000e+00 1.000000e+00
    outer loop
      vertex   -1.605000e+01 -1.670312e+01 8.100000e+00
      vertex   -1.605000e+01 -1.749688e+01 8.100000e+00
      vertex   -1.525625e+01 -1.749688e+01 8.100000e+00
    endloop
  endfacet
  facet normal 0.000000e+00 0.000000e+00 1.000000e+00
    outer loop
      vertex   -1.446250e+01 -1.272813e+01 8.100000e+00
      vertex   -1.446250e+01 -1.829062e+01 8.100000e+00
      vertex   -1.207500e+01 -1.908438e+01 8.100000e+00
    endloop
  endfacet
  facet normal 0.000000e+00 0.000000e+00 1.000000e+00
    outer loop
      vertex   -1.207500e+01 -1.908438e+01 8.100000e+00
      vertex   -1.446250e+01 -1.829062e+01 8.100000e+00
      vertex   -1.446250e+01 -2.146563e+01 8.100000e+00
    endloop
  endfacet
  facet normal 0.000000e+00 0.000000e+00 1.000000e+00
    outer loop
      vertex   -1.207500e+01 -1.908438e+01 8.100000e+00
      vertex   -1.446250e+01 -2.146563e+01 8.100000e+00
      vertex   -1.207500e+01 -2.146563e+01 8.100000e+00
    endloop
  endfacet
  facet normal 0.000000e+00 0.000000e+00 1.000000e+00
    outer loop
      vertex   -1.446250e+01 -1.272813e+01 8.100000e+00
      vertex   -1.207500e+01 -1.908438e+01 8.100000e+00
      vertex   -8.900000e+00 -1.749688e+01 8.100000e+00
    endloop
  endfacet
  facet normal 0.000000e+00 0.000000e+00 1.000000e+00
    outer loop
      vertex   -8.900000e+00 -1.749688e+01 8.100000e+00
      vertex   -1.207500e+01 -1.908438e+01 8.100000e+00
      vertex   -1.049375e+01 -1.908438e+01 8.100000e+00
    endloop
  endfacet
  facet normal 0.000000e+00 0.000000e+00 1.000000e+00
    outer loop
      vertex   -8.900000e+00 -1.749688e+01 8.100000e+00
      vertex   -1.049375e+01 -1.908438e+01 8.100000e+00
      vertex   -8.900000e+00 -1.987188e+01 8.100000e+00
    endloop
  endfacet
  facet normal 0.000000e+00 0.000000e+00 1.000000e+00
    outer loop
      vertex   -8.900000e+00 -1.987188e+01 8.100000e+00
      vertex   -1.049375e+01 -1.908438e+01 8.100000e+00
      vertex   -1.049375e+01 -2.146563e+01 8.100000e+00
    endloop
  endfacet
  facet normal 0.000000e+00 0.000000e+00 1.000000e+00
    outer loop
      vertex   -8.900000e+00 -1.987188e+01 8.100000e+00
      vertex   -1.049375e+01 -2.146563e+01 8.100000e+00
      vertex   -8.106250e+00 -2.146563e+01 8.100000e+00
    endloop
  endfacet
  facet normal 0.000000e+00 -0.000000e+00 1.000000e+00
    outer loop
      vertex   -8.106250e+00 -2.146563e+01 8.100000e+00
      vertex   -8.106250e+00 -1.987188e+01 8.100000e+00
      vertex   -8.900000e+00 -1.987188e+01 8.100000e+00
    endloop
  endfacet
  facet normal 0.000000e+00 -0.000000e+00 1.000000e+00
    outer loop
      vertex   -7.312500e+00 -1.670313e+01 8.100000e+00
      vertex   -7.312500e+00 -1.551250e+01 8.100000e+00
      vertex   -8.106250e+00 -1.670313e+01 8.100000e+00
    endloop
  endfacet
  facet normal 0.000000e+00 -0.000000e+00 1.000000e+00
    outer loop
      vertex   -8.106250e+00 -1.670313e+01 8.100000e+00
      vertex   -7.312500e+00 -1.551250e+01 8.100000e+00
      vertex   -1.247813e+01 -1.114063e+01 8.100000e+00
    endloop
  endfacet
  facet normal -1.000000e+00 0.000000e+00 0.000000e+00
    outer loop
      vertex   -2.041250e+01 -2.106562e+01 8.500000e+00
      vertex   -2.041250e+01 -2.066875e+01 8.500000e+00
      vertex   -2.041250e+01 -2.106562e+01 8.100000e+00
    endloop
  endfacet
  facet normal -1.000000e+00 0.000000e+00 0.000000e+00
    outer loop
      vertex   -2.041250e+01 -2.106562e+01 8.100000e+00
      vertex   -2.041250e+01 -2.066875e+01 8.500000e+00
      vertex   -2.041250e+01 -2.066875e+01 8.100000e+00
    endloop
  endfacet
  facet normal -0.000000e+00 -1.000000e+00 -0.000000e+00
    outer loop
      vertex   -2.041250e+01 -2.066875e+01 8.500000e+00
      vertex   -2.200000e+01 -2.066875e+01 8.500000e+00
      vertex   -2.041250e+01 -2.066875e+01 8.100000e+00
    endloop
  endfacet
  facet normal 0.000000e+00 -1.000000e+00 0.000000e+00
    outer loop
      vertex   -2.041250e+01 -2.066875e+01 8.100000e+00
      vertex   -2.200000e+01 -2.066875e+01 8.500000e+00
      vertex   -2.200000e+01 -2.066875e+01 8.100000e+00
    endloop
  endfacet
  facet normal 1.000000e+00 0.000000e+00 0.000000e+00
    outer loop
      vertex   -2.200000e+01 -2.066875e+01 8.500000e+00
      vertex   -2.200000e+01 -2.106563e+01 8.500000e+00
      vertex   -2.200000e+01 -2.066875e+01 8.100000e+00
    endloop
  endfacet
  facet normal 1.000000e+00 0.000000e+00 0.000000e+00
    outer loop
      vertex   -2.200000e+01 -2.066875e+01 8.100000e+00
      vertex   -2.200000e+01 -2.106563e+01 8.500000e+00
      vertex   -2.200000e+01 -2.106563e+01 8.100000e+00
    endloop
  endfacet
  facet normal -4.475860e-15 1.000000e+00 0.000000e+00
    outer loop
      vertex   -2.200000e+01 -2.106563e+01 8.500000e+00
      vertex   -2.041250e+01 -2.106562e+01 8.500000e+00
      vertex   -2.200000e+01 -2.106563e+01 8.100000e+00
    endloop
  endfacet
  facet normal -4.475860e-15 1.000000e+00 0.000000e+00
    outer loop
      vertex   -2.200000e+01 -2.106563e+01 8.100000e+00
      vertex   -2.041250e+01 -2.106562e+01 8.500000e+00
      vertex   -2.041250e+01 -2.106562e+01 8.100000e+00
    endloop
  endfacet
  facet normal 0.000000e+00 0.000000e+00 1.000000e+00
    outer loop
      vertex   -2.200000e+01 -2.106563e+01 8.100000e+00
      vertex   -2.041250e+01 -2.106562e+01 8.100000e+00
      vertex   -2.200000e+01 -2.066875e+01 8.100000e+00
    endloop
  endfacet
  facet normal -0.000000e+00 0.000000e+00 1.000000e+00
    outer loop
      vertex   -2.200000e+01 -2.066875e+01 8.100000e+00
      vertex   -2.041250e+01 -2.106562e+01 8.100000e+00
      vertex   -2.041250e+01 -2.066875e+01 8.100000e+00
    endloop
  endfacet
  facet normal -1.000000e+00 -1.118965e-15 -0.000000e+00
    outer loop
      vertex   1.018750e+00 -1.947813e+01 8.500000e+00
      vertex   1.018750e+00 -1.908125e+01 8.500000e+00
      vertex   1.018750e+00 -1.947813e+01 8.100000e+00
    endloop
  endfacet
  facet normal -1.000000e+00 -1.118965e-15 0.000000e+00
    outer loop
      vertex   1.018750e+00 -1.947813e+01 8.100000e+00
      vertex   1.018750e+00 -1.908125e+01 8.500000e+00
      vertex   1.018750e+00 -1.908125e+01 8.100000e+00
    endloop
  endfacet
  facet normal -0.000000e+00 -1.000000e+00 -0.000000e+00
    outer loop
      vertex   1.018750e+00 -1.908125e+01 8.500000e+00
      vertex   -1.718750e-01 -1.908125e+01 8.500000e+00
      vertex   1.018750e+00 -1.908125e+01 8.100000e+00
    endloop
  endfacet
  facet normal 0.000000e+00 -1.000000e+00 0.000000e+00
    outer loop
      vertex   1.018750e+00 -1.908125e+01 8.100000e+00
      vertex   -1.718750e-01 -1.908125e+01 8.500000e+00
      vertex   -1.718750e-01 -1.908125e+01 8.100000e+00
    endloop
  endfacet
  facet normal 1.000000e+00 1.398706e-15 0.000000e+00
    outer loop
      vertex   -1.718750e-01 -1.908125e+01 8.500000e+00
      vertex   -1.718750e-01 -1.947813e+01 8.500000e+00
      vertex   -1.718750e-01 -1.908125e+01 8.100000e+00
    endloop
  endfacet
  facet normal 1.000000e+00 1.398706e-15 0.000000e+00
    outer loop
      vertex   -1.718750e-01 -1.908125e+01 8.100000e+00
      vertex   -1.718750e-01 -1.947813e+01 8.500000e+00
      vertex   -1.718750e-01 -1.947813e+01 8.100000e+00
    endloop
  endfacet
  facet normal -0.000000e+00 1.000000e+00 0.000000e+00
    outer loop
      vertex   -1.718750e-01 -1.947813e+01 8.500000e+00
      vertex   1.018750e+00 -1.947813e+01 8.500000e+00
      vertex   -1.718750e-01 -1.947813e+01 8.100000e+00
    endloop
  endfacet
  facet normal 0.000000e+00 1.000000e+00 0.000000e+00
    outer loop
      vertex   -1.718750e-01 -1.947813e+01 8.100000e+00
      vertex   1.018750e+00 -1.947813e+01 8.500000e+00
      vertex   1.018750e+00 -1.947813e+01 8.100000e+00
    endloop
  endfacet
  facet normal 0.000000e+00 -0.000000e+00 1.000000e+00
    outer loop
      vertex   -1.718750e-01 -1.947813e+01 8.100000e+00
      vertex   1.018750e+00 -1.947813e+01 8.100000e+00
      vertex   -1.718750e-01 -1.908125e+01 8.100000e+00
    endloop
  endfacet
  facet normal -0.000000e+00 0.000000e+00 1.000000e+00
    outer loop
      vertex   -1.718750e-01 -1.908125e+01 8.100000e+00
      vertex   1.018750e+00 -1.947813e+01 8.100000e+00
      vertex   1.018750e+00 -1.908125e+01 8.100000e+00
    endloop
  endfacet
  facet normal 0.000000e+00 0.000000e+00 1.000000e+00
    outer loop
      vertex   -8.756250e+00 -6.234375e+00 8.500000e+00
      vertex   -7.462500e+00 -6.234375e+00 8.500000e+00
      vertex   -8.756250e+00 -4.940625e+00 8.500000e+00
    endloop
  endfacet
  facet normal -0.000000e+00 0.000000e+00 1.000000e+00
    outer loop
      vertex   -8.756250e+00 -4.940625e+00 8.500000e+00
      vertex   -7.462500e+00 -6.234375e+00 8.500000e+00
      vertex   -7.462500e+00 -4.940625e+00 8.500000e+00
    endloop
  endfacet
  facet normal 0.000000e+00 7.071068e-01 -7.071068e-01
    outer loop
      vertex   -1.777500e+01 2.785000e+01 5.500000e+00
      vertex   1.777500e+01 2.785000e+01 5.500000e+00
      vertex   -1.777500e+01 2.685000e+01 4.500000e+00
    endloop
  endfacet
  facet normal 0.000000e+00 7.071068e-01 -7.071068e-01
    outer loop
      vertex   -1.777500e+01 2.685000e+01 4.500000e+00
      vertex   1.777500e+01 2.785000e+01 5.500000e+00
      vertex   1.777500e+01 2.685000e+01 4.500000e+00
    endloop
  endfacet
  facet normal -7.066805e-01 3.471699e-02 -7.066805e-01
    outer loop
      vertex   -2.777500e+01 1.785000e+01 5.500000e+00
      vertex   -2.772685e+01 1.883017e+01 5.500000e+00
      vertex   -2.677500e+01 1.785000e+01 4.500000e+00
    endloop
  endfacet
  facet normal -7.054880e-01 3.697306e-02 -7.077568e-01
    outer loop
      vertex   -2.677500e+01 1.785000e+01 4.500000e+00
      vertex   -2.772685e+01 1.883017e+01 5.500000e+00
      vertex   -2.672570e+01 1.879076e+01 4.500000e+00
    endloop
  endfacet
  facet normal -7.008195e-01 1.039568e-01 -7.057231e-01
    outer loop
      vertex   -2.672570e+01 1.879076e+01 4.500000e+00
      vertex   -2.772685e+01 1.883017e+01 5.500000e+00
      vertex   -2.758285e+01 1.980090e+01 5.500000e+00
    endloop
  endfacet
  facet normal -6.967881e-01 1.103604e-01 -7.087361e-01
    outer loop
      vertex   -2.672570e+01 1.879076e+01 4.500000e+00
      vertex   -2.758285e+01 1.980090e+01 5.500000e+00
      vertex   -2.657833e+01 1.972121e+01 4.500000e+00
    endloop
  endfacet
  facet normal -6.880504e-01 1.723477e-01 -7.048992e-01
    outer loop
      vertex   -2.657833e+01 1.972121e+01 4.500000e+00
      vertex   -2.758285e+01 1.980090e+01 5.500000e+00
      vertex   -2.734440e+01 2.075285e+01 5.500000e+00
    endloop
  endfacet
  facet normal -6.806331e-01 1.823751e-01 -7.095617e-01
    outer loop
      vertex   -2.657833e+01 1.972121e+01 4.500000e+00
      vertex   -2.734440e+01 2.075285e+01 5.500000e+00
      vertex   -2.633451e+01 2.063115e+01 4.500000e+00
    endloop
  endfacet
  facet normal -6.684881e-01 2.391889e-01 -7.042104e-01
    outer loop
      vertex   -2.633451e+01 2.063115e+01 4.500000e+00
      vertex   -2.734440e+01 2.075285e+01 5.500000e+00
      vertex   -2.701380e+01 2.167683e+01 5.500000e+00
    endloop
  endfacet
  facet normal -6.572075e-01 2.522783e-01 -7.102351e-01
    outer loop
      vertex   -2.633451e+01 2.063115e+01 4.500000e+00
      vertex   -2.701380e+01 2.167683e+01 5.500000e+00
      vertex   -2.599691e+01 2.151063e+01 4.500000e+00
    endloop
  endfacet
  facet normal -6.423196e-01 3.037945e-01 -7.036579e-01
    outer loop
      vertex   -2.599691e+01 2.151063e+01 4.500000e+00
      vertex   -2.701380e+01 2.167683e+01 5.500000e+00
      vertex   -2.659421e+01 2.256397e+01 5.500000e+00
    endloop
  endfacet
  facet normal -6.267671e-01 3.193538e-01 -7.107575e-01
    outer loop
      vertex   -2.599691e+01 2.151063e+01 4.500000e+00
      vertex   -2.659421e+01 2.256397e+01 5.500000e+00
      vertex   -2.556923e+01 2.235000e+01 4.500000e+00
    endloop
  endfacet
  facet normal -6.098020e-01 3.655013e-01 -7.032427e-01
    outer loop
      vertex   -2.556923e+01 2.235000e+01 4.500000e+00
      vertex   -2.659421e+01 2.256397e+01 5.500000e+00
      vertex   -2.608970e+01 2.340570e+01 5.500000e+00
    endloop
  endfacet
  facet normal -5.896362e-01 3.829142e-01 -7.111299e-01
    outer loop
      vertex   -2.556923e+01 2.235000e+01 4.500000e+00
      vertex   -2.608970e+01 2.340570e+01 5.500000e+00
      vertex   -2.505615e+01 2.314007e+01 4.500000e+00
    endloop
  endfacet
  facet normal -5.712605e-01 4.236756e-01 -7.029655e-01
    outer loop
      vertex   -2.505615e+01 2.314007e+01 4.500000e+00
      vertex   -2.608970e+01 2.340570e+01 5.500000e+00
      vertex   -2.550510e+01 2.419393e+01 5.500000e+00
    endloop
  endfacet
  facet normal -5.462052e-01 4.423083e-01 -7.113531e-01
    outer loop
      vertex   -2.505615e+01 2.314007e+01 4.500000e+00
      vertex   -2.550510e+01 2.419393e+01 5.500000e+00
      vertex   -2.446330e+01 2.387218e+01 4.500000e+00
    endloop
  endfacet
  facet normal -5.270838e-01 4.777209e-01 -7.028267e-01
    outer loop
      vertex   -2.446330e+01 2.387218e+01 4.500000e+00
      vertex   -2.550510e+01 2.419393e+01 5.500000e+00
      vertex   -2.484607e+01 2.492107e+01 5.500000e+00
    endloop
  endfacet
  facet normal -4.969260e-01 4.969260e-01 -7.114275e-01
    outer loop
      vertex   -2.446330e+01 2.387218e+01 4.500000e+00
      vertex   -2.484607e+01 2.492107e+01 5.500000e+00
      vertex   -2.379718e+01 2.453830e+01 4.500000e+00
    endloop
  endfacet
  facet normal -4.777209e-01 5.270838e-01 -7.028267e-01
    outer loop
      vertex   -2.379718e+01 2.453830e+01 4.500000e+00
      vertex   -2.484607e+01 2.492107e+01 5.500000e+00
      vertex   -2.411893e+01 2.558010e+01 5.500000e+00
    endloop
  endfacet
  facet normal -4.423083e-01 5.462052e-01 -7.113531e-01
    outer loop
      vertex   -2.379718e+01 2.453830e+01 4.500000e+00
      vertex   -2.411893e+01 2.558010e+01 5.500000e+00
      vertex   -2.306507e+01 2.513115e+01 4.500000e+00
    endloop
  endfacet
  facet normal -4.236756e-01 5.712605e-01 -7.029655e-01
    outer loop
      vertex   -2.306507e+01 2.513115e+01 4.500000e+00
      vertex   -2.411893e+01 2.558010e+01 5.500000e+00
      vertex   -2.333070e+01 2.616470e+01 5.500000e+00
    endloop
  endfacet
  facet normal -3.829142e-01 5.896362e-01 -7.111299e-01
    outer loop
      vertex   -2.306507e+01 2.513115e+01 4.500000e+00
      vertex   -2.333070e+01 2.616470e+01 5.500000e+00
      vertex   -2.227500e+01 2.564423e+01 4.500000e+00
    endloop
  endfacet
  facet normal -3.655013e-01 6.098020e-01 -7.032427e-01
    outer loop
      vertex   -2.227500e+01 2.564423e+01 4.500000e+00
      vertex   -2.333070e+01 2.616470e+01 5.500000e+00
      vertex   -2.248897e+01 2.666921e+01 5.500000e+00
    endloop
  endfacet
  facet normal -3.193538e-01 6.267671e-01 -7.107575e-01
    outer loop
      vertex   -2.227500e+01 2.564423e+01 4.500000e+00
      vertex   -2.248897e+01 2.666921e+01 5.500000e+00
      vertex   -2.143563e+01 2.607191e+01 4.500000e+00
    endloop
  endfacet
  facet normal -3.037945e-01 6.423196e-01 -7.036579e-01
    outer loop
      vertex   -2.143563e+01 2.607191e+01 4.500000e+00
      vertex   -2.248897e+01 2.666921e+01 5.500000e+00
      vertex   -2.160183e+01 2.708880e+01 5.500000e+00
    endloop
  endfacet
  facet normal -2.522783e-01 6.572075e-01 -7.102351e-01
    outer loop
      vertex   -2.143563e+01 2.607191e+01 4.500000e+00
      vertex   -2.160183e+01 2.708880e+01 5.500000e+00
      vertex   -2.055615e+01 2.640951e+01 4.500000e+00
    endloop
  endfacet
  facet normal -2.391889e-01 6.684881e-01 -7.042104e-01
    outer loop
      vertex   -2.055615e+01 2.640951e+01 4.500000e+00
      vertex   -2.160183e+01 2.708880e+01 5.500000e+00
      vertex   -2.067785e+01 2.741940e+01 5.500000e+00
    endloop
  endfacet
  facet normal -1.823751e-01 6.806331e-01 -7.095617e-01
    outer loop
      vertex   -2.055615e+01 2.640951e+01 4.500000e+00
      vertex   -2.067785e+01 2.741940e+01 5.500000e+00
      vertex   -1.964621e+01 2.665333e+01 4.500000e+00
    endloop
  endfacet
  facet normal -1.723477e-01 6.880504e-01 -7.048992e-01
    outer loop
      vertex   -1.964621e+01 2.665333e+01 4.500000e+00
      vertex   -2.067785e+01 2.741940e+01 5.500000e+00
      vertex   -1.972590e+01 2.765785e+01 5.500000e+00
    endloop
  endfacet
  facet normal -1.103604e-01 6.967881e-01 -7.087361e-01
    outer loop
      vertex   -1.964621e+01 2.665333e+01 4.500000e+00
      vertex   -1.972590e+01 2.765785e+01 5.500000e+00
      vertex   -1.871576e+01 2.680070e+01 4.500000e+00
    endloop
  endfacet
  facet normal -1.039568e-01 7.008195e-01 -7.057231e-01
    outer loop
      vertex   -1.871576e+01 2.680070e+01 4.500000e+00
      vertex   -1.972590e+01 2.765785e+01 5.500000e+00
      vertex   -1.875517e+01 2.780185e+01 5.500000e+00
    endloop
  endfacet
  facet normal -3.697306e-02 7.054880e-01 -7.077568e-01
    outer loop
      vertex   -1.871576e+01 2.680070e+01 4.500000e+00
      vertex   -1.875517e+01 2.780185e+01 5.500000e+00
      vertex   -1.777500e+01 2.685000e+01 4.500000e+00
    endloop
  endfacet
  facet normal -3.471699e-02 7.066805e-01 -7.066805e-01
    outer loop
      vertex   -1.777500e+01 2.685000e+01 4.500000e+00
      vertex   -1.875517e+01 2.780185e+01 5.500000e+00
      vertex   -1.777500e+01 2.785000e+01 5.500000e+00
    endloop
  endfacet
  facet normal -7.071068e-01 -7.036829e-17 -7.071068e-01
    outer loop
      vertex   -2.677500e+01 -1.785000e+01 4.500000e+00
      vertex   -2.777500e+01 -1.785000e+01 5.500000e+00
      vertex   -2.677500e+01 1.785000e+01 4.500000e+00
    endloop
  endfacet
  facet normal -7.071068e-01 0.000000e+00 -7.071068e-01
    outer loop
      vertex   -2.677500e+01 1.785000e+01 4.500000e+00
      vertex   -2.777500e+01 -1.785000e+01 5.500000e+00
      vertex   -2.777500e+01 1.785000e+01 5.500000e+00
    endloop
  endfacet
  facet normal -3.471699e-02 -7.066805e-01 -7.066805e-01
    outer loop
      vertex   -1.777500e+01 -2.785000e+01 5.500000e+00
      vertex   -1.875517e+01 -2.780185e+01 5.500000e+00
      vertex   -1.777500e+01 -2.685000e+01 4.500000e+00
    endloop
  endfacet
  facet normal -3.697306e-02 -7.054880e-01 -7.077568e-01
    outer loop
      vertex   -1.777500e+01 -2.685000e+01 4.500000e+00
      vertex   -1.875517e+01 -2.780185e+01 5.500000e+00
      vertex   -1.871576e+01 -2.680070e+01 4.500000e+00
    endloop
  endfacet
  facet normal -1.039568e-01 -7.008195e-01 -7.057231e-01
    outer loop
      vertex   -1.871576e+01 -2.680070e+01 4.500000e+00
      vertex   -1.875517e+01 -2.780185e+01 5.500000e+00
      vertex   -1.972590e+01 -2.765785e+01 5.500000e+00
    endloop
  endfacet
  facet normal -1.103604e-01 -6.967881e-01 -7.087361e-01
    outer loop
      vertex   -1.871576e+01 -2.680070e+01 4.500000e+00
      vertex   -1.972590e+01 -2.765785e+01 5.500000e+00
      vertex   -1.964621e+01 -2.665333e+01 4.500000e+00
    endloop
  endfacet
  facet normal -1.723477e-01 -6.880504e-01 -7.048992e-01
    outer loop
      vertex   -1.964621e+01 -2.665333e+01 4.500000e+00
      vertex   -1.972590e+01 -2.765785e+01 5.500000e+00
      vertex   -2.067785e+01 -2.741940e+01 5.500000e+00
    endloop
  endfacet
  facet normal -1.823751e-01 -6.806331e-01 -7.095617e-01
    outer loop
      vertex   -1.964621e+01 -2.665333e+01 4.500000e+00
      vertex   -2.067785e+01 -2.741940e+01 5.500000e+00
      vertex   -2.055615e+01 -2.640951e+01 4.500000e+00
    endloop
  endfacet
  facet normal -2.391889e-01 -6.684881e-01 -7.042104e-01
    outer loop
      vertex   -2.055615e+01 -2.640951e+01 4.500000e+00
      vertex   -2.067785e+01 -2.741940e+01 5.500000e+00
      vertex   -2.160183e+01 -2.708880e+01 5.500000e+00
    endloop
  endfacet
  facet normal -2.522783e-01 -6.572075e-01 -7.102351e-01
    outer loop
      vertex   -2.055615e+01 -2.640951e+01 4.500000e+00
      vertex   -2.160183e+01 -2.708880e+01 5.500000e+00
      vertex   -2.143563e+01 -2.607191e+01 4.500000e+00
    endloop
  endfacet
  facet normal -3.037945e-01 -6.423196e-01 -7.036579e-01
    outer loop
      vertex   -2.143563e+01 -2.607191e+01 4.500000e+00
      vertex   -2.160183e+01 -2.708880e+01 5.500000e+00
      vertex   -2.248897e+01 -2.666921e+01 5.500000e+00
    endloop
  endfacet
  facet normal -3.193538e-01 -6.267671e-01 -7.107575e-01
    outer loop
      vertex   -2.143563e+01 -2.607191e+01 4.500000e+00
      vertex   -2.248897e+01 -2.666921e+01 5.500000e+00
      vertex   -2.227500e+01 -2.564423e+01 4.500000e+00
    endloop
  endfacet
  facet normal -3.655013e-01 -6.098020e-01 -7.032427e-01
    outer loop
      vertex   -2.227500e+01 -2.564423e+01 4.500000e+00
      vertex   -2.248897e+01 -2.666921e+01 5.500000e+00
      vertex   -2.333070e+01 -2.616470e+01 5.500000e+00
    endloop
  endfacet
  facet normal -3.829142e-01 -5.896362e-01 -7.111299e-01
    outer loop
      vertex   -2.227500e+01 -2.564423e+01 4.500000e+00
      vertex   -2.333070e+01 -2.616470e+01 5.500000e+00
      vertex   -2.306507e+01 -2.513115e+01 4.500000e+00
    endloop
  endfacet
  facet normal -4.236756e-01 -5.712605e-01 -7.029655e-01
    outer loop
      vertex   -2.306507e+01 -2.513115e+01 4.500000e+00
      vertex   -2.333070e+01 -2.616470e+01 5.500000e+00
      vertex   -2.411893e+01 -2.558010e+01 5.500000e+00
    endloop
  endfacet
  facet normal -4.423083e-01 -5.462052e-01 -7.113531e-01
    outer loop
      vertex   -2.306507e+01 -2.513115e+01 4.500000e+00
      vertex   -2.411893e+01 -2.558010e+01 5.500000e+00
      vertex   -2.379718e+01 -2.453830e+01 4.500000e+00
    endloop
  endfacet
  facet normal -4.777209e-01 -5.270838e-01 -7.028267e-01
    outer loop
      vertex   -2.379718e+01 -2.453830e+01 4.500000e+00
      vertex   -2.411893e+01 -2.558010e+01 5.500000e+00
      vertex   -2.484607e+01 -2.492107e+01 5.500000e+00
    endloop
  endfacet
  facet normal -4.969260e-01 -4.969260e-01 -7.114275e-01
    outer loop
      vertex   -2.379718e+01 -2.453830e+01 4.500000e+00
      vertex   -2.484607e+01 -2.492107e+01 5.500000e+00
      vertex   -2.446330e+01 -2.387218e+01 4.500000e+00
    endloop
  endfacet
  facet normal -5.270838e-01 -4.777209e-01 -7.028267e-01
    outer loop
      vertex   -2.446330e+01 -2.387218e+01 4.500000e+00
      vertex   -2.484607e+01 -2.492107e+01 5.500000e+00
      vertex   -2.550510e+01 -2.419393e+01 5.500000e+00
    endloop
  endfacet
  facet normal -5.462052e-01 -4.423083e-01 -7.113531e-01
    outer loop
      vertex   -2.446330e+01 -2.387218e+01 4.500000e+00
      vertex   -2.550510e+01 -2.419393e+01 5.500000e+00
      vertex   -2.505615e+01 -2.314007e+01 4.500000e+00
    endloop
  endfacet
  facet normal -5.712605e-01 -4.236756e-01 -7.029655e-01
    outer loop
      vertex   -2.505615e+01 -2.314007e+01 4.500000e+00
      vertex   -2.550510e+01 -2.419393e+01 5.500000e+00
      vertex   -2.608970e+01 -2.340570e+01 5.500000e+00
    endloop
  endfacet
  facet normal -5.896362e-01 -3.829142e-01 -7.111299e-01
    outer loop
      vertex   -2.505615e+01 -2.314007e+01 4.500000e+00
      vertex   -2.608970e+01 -2.340570e+01 5.500000e+00
      vertex   -2.556923e+01 -2.235000e+01 4.500000e+00
    endloop
  endfacet
  facet normal -6.098020e-01 -3.655013e-01 -7.032427e-01
    outer loop
      vertex   -2.556923e+01 -2.235000e+01 4.500000e+00
      vertex   -2.608970e+01 -2.340570e+01 5.500000e+00
      vertex   -2.659421e+01 -2.256397e+01 5.500000e+00
    endloop
  endfacet
  facet normal -6.267671e-01 -3.193538e-01 -7.107575e-01
    outer loop
      vertex   -2.556923e+01 -2.235000e+01 4.500000e+00
      vertex   -2.659421e+01 -2.256397e+01 5.500000e+00
      vertex   -2.599691e+01 -2.151063e+01 4.500000e+00
    endloop
  endfacet
  facet normal -6.423196e-01 -3.037945e-01 -7.036579e-01
    outer loop
      vertex   -2.599691e+01 -2.151063e+01 4.500000e+00
      vertex   -2.659421e+01 -2.256397e+01 5.500000e+00
      vertex   -2.701380e+01 -2.167683e+01 5.500000e+00
    endloop
  endfacet
  facet normal -6.572075e-01 -2.522783e-01 -7.102351e-01
    outer loop
      vertex   -2.599691e+01 -2.151063e+01 4.500000e+00
      vertex   -2.701380e+01 -2.167683e+01 5.500000e+00
      vertex   -2.633451e+01 -2.063115e+01 4.500000e+00
    endloop
  endfacet
  facet normal -6.684881e-01 -2.391889e-01 -7.042104e-01
    outer loop
      vertex   -2.633451e+01 -2.063115e+01 4.500000e+00
      vertex   -2.701380e+01 -2.167683e+01 5.500000e+00
      vertex   -2.734440e+01 -2.075285e+01 5.500000e+00
    endloop
  endfacet
  facet normal -6.806331e-01 -1.823751e-01 -7.095617e-01
    outer loop
      vertex   -2.633451e+01 -2.063115e+01 4.500000e+00
      vertex   -2.734440e+01 -2.075285e+01 5.500000e+00
      vertex   -2.657833e+01 -1.972121e+01 4.500000e+00
    endloop
  endfacet
  facet normal -6.880504e-01 -1.723477e-01 -7.048992e-01
    outer loop
      vertex   -2.657833e+01 -1.972121e+01 4.500000e+00
      vertex   -2.734440e+01 -2.075285e+01 5.500000e+00
      vertex   -2.758285e+01 -1.980090e+01 5.500000e+00
    endloop
  endfacet
  facet normal -6.967881e-01 -1.103604e-01 -7.087361e-01
    outer loop
      vertex   -2.657833e+01 -1.972121e+01 4.500000e+00
      vertex   -2.758285e+01 -1.980090e+01 5.500000e+00
      vertex   -2.672570e+01 -1.879076e+01 4.500000e+00
    endloop
  endfacet
  facet normal -7.008195e-01 -1.039568e-01 -7.057231e-01
    outer loop
      vertex   -2.672570e+01 -1.879076e+01 4.500000e+00
      vertex   -2.758285e+01 -1.980090e+01 5.500000e+00
      vertex   -2.772685e+01 -1.883017e+01 5.500000e+00
    endloop
  endfacet
  facet normal -7.054880e-01 -3.697306e-02 -7.077568e-01
    outer loop
      vertex   -2.672570e+01 -1.879076e+01 4.500000e+00
      vertex   -2.772685e+01 -1.883017e+01 5.500000e+00
      vertex   -2.677500e+01 -1.785000e+01 4.500000e+00
    endloop
  endfacet
  facet normal -7.066805e-01 -3.471699e-02 -7.066805e-01
    outer loop
      vertex   -2.677500e+01 -1.785000e+01 4.500000e+00
      vertex   -2.772685e+01 -1.883017e+01 5.500000e+00
      vertex   -2.777500e+01 -1.785000e+01 5.500000e+00
    endloop
  endfacet
  facet normal 7.066520e-17 -7.071068e-01 -7.071068e-01
    outer loop
      vertex   1.777500e+01 -2.785000e+01 5.500000e+00
      vertex   -1.777500e+01 -2.785000e+01 5.500000e+00
      vertex   1.777500e+01 -2.685000e+01 4.500000e+00
    endloop
  endfacet
  facet normal 2.826608e-16 -7.071068e-01 -7.071068e-01
    outer loop
      vertex   1.777500e+01 -2.685000e+01 4.500000e+00
      vertex   -1.777500e+01 -2.785000e+01 5.500000e+00
      vertex   -1.777500e+01 -2.685000e+01 4.500000e+00
    endloop
  endfacet
  facet normal 7.066805e-01 -3.471699e-02 -7.066805e-01
    outer loop
      vertex   2.777500e+01 -1.785000e+01 5.500000e+00
      vertex   2.772685e+01 -1.883017e+01 5.500000e+00
      vertex   2.677500e+01 -1.785000e+01 4.500000e+00
    endloop
  endfacet
  facet normal 7.054880e-01 -3.697306e-02 -7.077568e-01
    outer loop
      vertex   2.677500e+01 -1.785000e+01 4.500000e+00
      vertex   2.772685e+01 -1.883017e+01 5.500000e+00
      vertex   2.672570e+01 -1.879076e+01 4.500000e+00
    endloop
  endfacet
  facet normal 7.008195e-01 -1.039568e-01 -7.057231e-01
    outer loop
      vertex   2.672570e+01 -1.879076e+01 4.500000e+00
      vertex   2.772685e+01 -1.883017e+01 5.500000e+00
      vertex   2.758285e+01 -1.980090e+01 5.500000e+00
    endloop
  endfacet
  facet normal 6.967881e-01 -1.103604e-01 -7.087361e-01
    outer loop
      vertex   2.672570e+01 -1.879076e+01 4.500000e+00
      vertex   2.758285e+01 -1.980090e+01 5.500000e+00
      vertex   2.657833e+01 -1.972121e+01 4.500000e+00
    endloop
  endfacet
  facet normal 6.880504e-01 -1.723477e-01 -7.048992e-01
    outer loop
      vertex   2.657833e+01 -1.972121e+01 4.500000e+00
      vertex   2.758285e+01 -1.980090e+01 5.500000e+00
      vertex   2.734440e+01 -2.075285e+01 5.500000e+00
    endloop
  endfacet
  facet normal 6.806331e-01 -1.823751e-01 -7.095617e-01
    outer loop
      vertex   2.657833e+01 -1.972121e+01 4.500000e+00
      vertex   2.734440e+01 -2.075285e+01 5.500000e+00
      vertex   2.633451e+01 -2.063115e+01 4.500000e+00
    endloop
  endfacet
  facet normal 6.684881e-01 -2.391889e-01 -7.042104e-01
    outer loop
      vertex   2.633451e+01 -2.063115e+01 4.500000e+00
      vertex   2.734440e+01 -2.075285e+01 5.500000e+00
      vertex   2.701380e+01 -2.167683e+01 5.500000e+00
    endloop
  endfacet
  facet normal 6.572075e-01 -2.522783e-01 -7.102351e-01
    outer loop
      vertex   2.633451e+01 -2.063115e+01 4.500000e+00
      vertex   2.701380e+01 -2.167683e+01 5.500000e+00
      vertex   2.599691e+01 -2.151063e+01 4.500000e+00
    endloop
  endfacet
  facet normal 6.423196e-01 -3.037945e-01 -7.036579e-01
    outer loop
      vertex   2.599691e+01 -2.151063e+01 4.500000e+00
      vertex   2.701380e+01 -2.167683e+01 5.500000e+00
      vertex   2.659421e+01 -2.256397e+01 5.500000e+00
    endloop
  endfacet
  facet normal 6.267671e-01 -3.193538e-01 -7.107575e-01
    outer loop
      vertex   2.599691e+01 -2.151063e+01 4.500000e+00
      vertex   2.659421e+01 -2.256397e+01 5.500000e+00
      vertex   2.556923e+01 -2.235000e+01 4.500000e+00
    endloop
  endfacet
  facet normal 6.098020e-01 -3.655013e-01 -7.032427e-01
    outer loop
      vertex   2.556923e+01 -2.235000e+01 4.500000e+00
      vertex   2.659421e+01 -2.256397e+01 5.500000e+00
      vertex   2.608970e+01 -2.340570e+01 5.500000e+00
    endloop
  endfacet
  facet normal 5.896362e-01 -3.829142e-01 -7.111299e-01
    outer loop
      vertex   2.556923e+01 -2.235000e+01 4.500000e+00
      vertex   2.608970e+01 -2.340570e+01 5.500000e+00
      vertex   2.505615e+01 -2.314007e+01 4.500000e+00
    endloop
  endfacet
  facet normal 5.712605e-01 -4.236756e-01 -7.029655e-01
    outer loop
      vertex   2.505615e+01 -2.314007e+01 4.500000e+00
      vertex   2.608970e+01 -2.340570e+01 5.500000e+00
      vertex   2.550510e+01 -2.419393e+01 5.500000e+00
    endloop
  endfacet
  facet normal 5.462052e-01 -4.423083e-01 -7.113531e-01
    outer loop
      vertex   2.505615e+01 -2.314007e+01 4.500000e+00
      vertex   2.550510e+01 -2.419393e+01 5.500000e+00
      vertex   2.446330e+01 -2.387218e+01 4.500000e+00
    endloop
  endfacet
  facet normal 5.270838e-01 -4.777209e-01 -7.028267e-01
    outer loop
      vertex   2.446330e+01 -2.387218e+01 4.500000e+00
      vertex   2.550510e+01 -2.419393e+01 5.500000e+00
      vertex   2.484607e+01 -2.492107e+01 5.500000e+00
    endloop
  endfacet
  facet normal 4.969260e-01 -4.969260e-01 -7.114275e-01
    outer loop
      vertex   2.446330e+01 -2.387218e+01 4.500000e+00
      vertex   2.484607e+01 -2.492107e+01 5.500000e+00
      vertex   2.379718e+01 -2.453830e+01 4.500000e+00
    endloop
  endfacet
  facet normal 4.777209e-01 -5.270838e-01 -7.028267e-01
    outer loop
      vertex   2.379718e+01 -2.453830e+01 4.500000e+00
      vertex   2.484607e+01 -2.492107e+01 5.500000e+00
      vertex   2.411893e+01 -2.558010e+01 5.500000e+00
    endloop
  endfacet
  facet normal 4.423083e-01 -5.462052e-01 -7.113531e-01
    outer loop
      vertex   2.379718e+01 -2.453830e+01 4.500000e+00
      vertex   2.411893e+01 -2.558010e+01 5.500000e+00
      vertex   2.306507e+01 -2.513115e+01 4.500000e+00
    endloop
  endfacet
  facet normal 4.236756e-01 -5.712605e-01 -7.029655e-01
    outer loop
      vertex   2.306507e+01 -2.513115e+01 4.500000e+00
      vertex   2.411893e+01 -2.558010e+01 5.500000e+00
      vertex   2.333070e+01 -2.616470e+01 5.500000e+00
    endloop
  endfacet
  facet normal 3.829142e-01 -5.896362e-01 -7.111299e-01
    outer loop
      vertex   2.306507e+01 -2.513115e+01 4.500000e+00
      vertex   2.333070e+01 -2.616470e+01 5.500000e+00
      vertex   2.227500e+01 -2.564423e+01 4.500000e+00
    endloop
  endfacet
  facet normal 3.655013e-01 -6.098020e-01 -7.032427e-01
    outer loop
      vertex   2.227500e+01 -2.564423e+01 4.500000e+00
      vertex   2.333070e+01 -2.616470e+01 5.500000e+00
      vertex   2.248897e+01 -2.666921e+01 5.500000e+00
    endloop
  endfacet
  facet normal 3.193538e-01 -6.267671e-01 -7.107575e-01
    outer loop
      vertex   2.227500e+01 -2.564423e+01 4.500000e+00
      vertex   2.248897e+01 -2.666921e+01 5.500000e+00
      vertex   2.143563e+01 -2.607191e+01 4.500000e+00
    endloop
  endfacet
  facet normal 3.037945e-01 -6.423196e-01 -7.036579e-01
    outer loop
      vertex   2.143563e+01 -2.607191e+01 4.500000e+00
      vertex   2.248897e+01 -2.666921e+01 5.500000e+00
      vertex   2.160183e+01 -2.708880e+01 5.500000e+00
    endloop
  endfacet
  facet normal 2.522783e-01 -6.572075e-01 -7.102351e-01
    outer loop
      vertex   2.143563e+01 -2.607191e+01 4.500000e+00
      vertex   2.160183e+01 -2.708880e+01 5.500000e+00
      vertex   2.055615e+01 -2.640951e+01 4.500000e+00
    endloop
  endfacet
  facet normal 2.391889e-01 -6.684881e-01 -7.042104e-01
    outer loop
      vertex   2.055615e+01 -2.640951e+01 4.500000e+00
      vertex   2.160183e+01 -2.708880e+01 5.500000e+00
      vertex   2.067785e+01 -2.741940e+01 5.500000e+00
    endloop
  endfacet
  facet normal 1.823751e-01 -6.806331e-01 -7.095617e-01
    outer loop
      vertex   2.055615e+01 -2.640951e+01 4.500000e+00
      vertex   2.067785e+01 -2.741940e+01 5.500000e+00
      vertex   1.964621e+01 -2.665333e+01 4.500000e+00
    endloop
  endfacet
  facet normal 1.723477e-01 -6.880504e-01 -7.048992e-01
    outer loop
      vertex   1.964621e+01 -2.665333e+01 4.500000e+00
      vertex   2.067785e+01 -2.741940e+01 5.500000e+00
      vertex   1.972590e+01 -2.765785e+01 5.500000e+00
    endloop
  endfacet
  facet normal 1.103604e-01 -6.967881e-01 -7.087361e-01
    outer loop
      vertex   1.964621e+01 -2.665333e+01 4.500000e+00
      vertex   1.972590e+01 -2.765785e+01 5.500000e+00
      vertex   1.871576e+01 -2.680070e+01 4.500000e+00
    endloop
  endfacet
  facet normal 1.039568e-01 -7.008195e-01 -7.057231e-01
    outer loop
      vertex   1.871576e+01 -2.680070e+01 4.500000e+00
      vertex   1.972590e+01 -2.765785e+01 5.500000e+00
      vertex   1.875517e+01 -2.780185e+01 5.500000e+00
    endloop
  endfacet
  facet normal 3.697306e-02 -7.054880e-01 -7.077568e-01
    outer loop
      vertex   1.871576e+01 -2.680070e+01 4.500000e+00
      vertex   1.875517e+01 -2.780185e+01 5.500000e+00
      vertex   1.777500e+01 -2.685000e+01 4.500000e+00
    endloop
  endfacet
  facet normal 3.471699e-02 -7.066805e-01 -7.066805e-01
    outer loop
      vertex   1.777500e+01 -2.685000e+01 4.500000e+00
      vertex   1.875517e+01 -2.780185e+01 5.500000e+00
      vertex   1.777500e+01 -2.785000e+01 5.500000e+00
    endloop
  endfacet
  facet normal 7.071068e-01 -1.407366e-16 -7.071068e-01
    outer loop
      vertex   2.677500e+01 1.785000e+01 4.500000e+00
      vertex   2.777500e+01 1.785000e+01 5.500000e+00
      vertex   2.677500e+01 -1.785000e+01 4.500000e+00
    endloop
  endfacet
  facet normal 7.071068e-01 -2.814732e-16 -7.071068e-01
    outer loop
      vertex   2.677500e+01 -1.785000e+01 4.500000e+00
      vertex   2.777500e+01 1.785000e+01 5.500000e+00
      vertex   2.777500e+01 -1.785000e+01 5.500000e+00
    endloop
  endfacet
  facet normal 3.471699e-02 7.066805e-01 -7.066805e-01
    outer loop
      vertex   1.777500e+01 2.785000e+01 5.500000e+00
      vertex   1.875517e+01 2.780185e+01 5.500000e+00
      vertex   1.777500e+01 2.685000e+01 4.500000e+00
    endloop
  endfacet
  facet normal 3.697306e-02 7.054880e-01 -7.077568e-01
    outer loop
      vertex   1.777500e+01 2.685000e+01 4.500000e+00
      vertex   1.875517e+01 2.780185e+01 5.500000e+00
      vertex   1.871576e+01 2.680070e+01 4.500000e+00
    endloop
  endfacet
  facet normal 1.039568e-01 7.008195e-01 -7.057231e-01
    outer loop
      vertex   1.871576e+01 2.680070e+01 4.500000e+00
      vertex   1.875517e+01 2.780185e+01 5.500000e+00
      vertex   1.972590e+01 2.765785e+01 5.500000e+00
    endloop
  endfacet
  facet normal 1.103604e-01 6.967881e-01 -7.087361e-01
    outer loop
      vertex   1.871576e+01 2.680070e+01 4.500000e+00
      vertex   1.972590e+01 2.765785e+01 5.500000e+00
      vertex   1.964621e+01 2.665333e+01 4.500000e+00
    endloop
  endfacet
  facet normal 1.723477e-01 6.880504e-01 -7.048992e-01
    outer loop
      vertex   1.964621e+01 2.665333e+01 4.500000e+00
      vertex   1.972590e+01 2.765785e+01 5.500000e+00
      vertex   2.067785e+01 2.741940e+01 5.500000e+00
    endloop
  endfacet
  facet normal 1.823751e-01 6.806331e-01 -7.095617e-01
    outer loop
      vertex   1.964621e+01 2.665333e+01 4.500000e+00
      vertex   2.067785e+01 2.741940e+01 5.500000e+00
      vertex   2.055615e+01 2.640951e+01 4.500000e+00
    endloop
  endfacet
  facet normal 2.391889e-01 6.684881e-01 -7.042104e-01
    outer loop
      vertex   2.055615e+01 2.640951e+01 4.500000e+00
      vertex   2.067785e+01 2.741940e+01 5.500000e+00
      vertex   2.160183e+01 2.708880e+01 5.500000e+00
    endloop
  endfacet
  facet normal 2.522783e-01 6.572075e-01 -7.102351e-01
    outer loop
      vertex   2.055615e+01 2.640951e+01 4.500000e+00
      vertex   2.160183e+01 2.708880e+01 5.500000e+00
      vertex   2.143563e+01 2.607191e+01 4.500000e+00
    endloop
  endfacet
  facet normal 3.037945e-01 6.423196e-01 -7.036579e-01
    outer loop
      vertex   2.143563e+01 2.607191e+01 4.500000e+00
      vertex   2.160183e+01 2.708880e+01 5.500000e+00
      vertex   2.248897e+01 2.666921e+01 5.500000e+00
    endloop
  endfacet
  facet normal 3.193538e-01 6.267671e-01 -7.107575e-01
    outer loop
      vertex   2.143563e+01 2.607191e+01 4.500000e+00
      vertex   2.248897e+01 2.666921e+01 5.500000e+00
      vertex   2.227500e+01 2.564423e+01 4.500000e+00
    endloop
  endfacet
  facet normal 3.655013e-01 6.098020e-01 -7.032427e-01
    outer loop
      vertex   2.227500e+01 2.564423e+01 4.500000e+00
      vertex   2.248897e+01 2.666921e+01 5.500000e+00
      vertex   2.333070e+01 2.616470e+01 5.500000e+00
    endloop
  endfacet
  facet normal 3.829142e-01 5.896362e-01 -7.111299e-01
    outer loop
      vertex   2.227500e+01 2.564423e+01 4.500000e+00
      vertex   2.333070e+01 2.616470e+01 5.500000e+00
      vertex   2.306507e+01 2.513115e+01 4.500000e+00
    endloop
  endfacet
  facet normal 4.236756e-01 5.712605e-01 -7.029655e-01
    outer loop
      vertex   2.306507e+01 2.513115e+01 4.500000e+00
      vertex   2.333070e+01 2.616470e+01 5.500000e+00
      vertex   2.411893e+01 2.558010e+01 5.500000e+00
    endloop
  endfacet
  facet normal 4.423083e-01 5.462052e-01 -7.113531e-01
    outer loop
      vertex   2.306507e+01 2.513115e+01 4.500000e+00
      vertex   2.411893e+01 2.558010e+01 5.500000e+00
      vertex   2.379718e+01 2.453830e+01 4.500000e+00
    endloop
  endfacet
  facet normal 4.777209e-01 5.270838e-01 -7.028267e-01
    outer loop
      vertex   2.379718e+01 2.453830e+01 4.500000e+00
      vertex   2.411893e+01 2.558010e+01 5.500000e+00
      vertex   2.484607e+01 2.492107e+01 5.500000e+00
    endloop
  endfacet
  facet normal 4.969260e-01 4.969260e-01 -7.114275e-01
    outer loop
      vertex   2.379718e+01 2.453830e+01 4.500000e+00
      vertex   2.484607e+01 2.492107e+01 5.500000e+00
      vertex   2.446330e+01 2.387218e+01 4.500000e+00
    endloop
  endfacet
  facet normal 5.270838e-01 4.777209e-01 -7.028267e-01
    outer loop
      vertex   2.446330e+01 2.387218e+01 4.500000e+00
      vertex   2.484607e+01 2.492107e+01 5.500000e+00
      vertex   2.550510e+01 2.419393e+01 5.500000e+00
    endloop
  endfacet
  facet normal 5.462052e-01 4.423083e-01 -7.113531e-01
    outer loop
      vertex   2.446330e+01 2.387218e+01 4.500000e+00
      vertex   2.550510e+01 2.419393e+01 5.500000e+00
      vertex   2.505615e+01 2.314007e+01 4.500000e+00
    endloop
  endfacet
  facet normal 5.712605e-01 4.236756e-01 -7.029655e-01
    outer loop
      vertex   2.505615e+01 2.314007e+01 4.500000e+00
      vertex   2.550510e+01 2.419393e+01 5.500000e+00
      vertex   2.608970e+01 2.340570e+01 5.500000e+00
    endloop
  endfacet
  facet normal 5.896362e-01 3.829142e-01 -7.111299e-01
    outer loop
      vertex   2.505615e+01 2.314007e+01 4.500000e+00
      vertex   2.608970e+01 2.340570e+01 5.500000e+00
      vertex   2.556923e+01 2.235000e+01 4.500000e+00
    endloop
  endfacet
  facet normal 6.098020e-01 3.655013e-01 -7.032427e-01
    outer loop
      vertex   2.556923e+01 2.235000e+01 4.500000e+00
      vertex   2.608970e+01 2.340570e+01 5.500000e+00
      vertex   2.659421e+01 2.256397e+01 5.500000e+00
    endloop
  endfacet
  facet normal 6.267671e-01 3.193538e-01 -7.107575e-01
    outer loop
      vertex   2.556923e+01 2.235000e+01 4.500000e+00
      vertex   2.659421e+01 2.256397e+01 5.500000e+00
      vertex   2.599691e+01 2.151063e+01 4.500000e+00
    endloop
  endfacet
  facet normal 6.423196e-01 3.037945e-01 -7.036579e-01
    outer loop
      vertex   2.599691e+01 2.151063e+01 4.500000e+00
      vertex   2.659421e+01 2.256397e+01 5.500000e+00
      vertex   2.701380e+01 2.167683e+01 5.500000e+00
    endloop
  endfacet
  facet normal 6.572075e-01 2.522783e-01 -7.102351e-01
    outer loop
      vertex   2.599691e+01 2.151063e+01 4.500000e+00
      vertex   2.701380e+01 2.167683e+01 5.500000e+00
      vertex   2.633451e+01 2.063115e+01 4.500000e+00
    endloop
  endfacet
  facet normal 6.684881e-01 2.391889e-01 -7.042104e-01
    outer loop
      vertex   2.633451e+01 2.063115e+01 4.500000e+00
      vertex   2.701380e+01 2.167683e+01 5.500000e+00
      vertex   2.734440e+01 2.075285e+01 5.500000e+00
    endloop
  endfacet
  facet normal 6.806331e-01 1.823751e-01 -7.095617e-01
    outer loop
      vertex   2.633451e+01 2.063115e+01 4.500000e+00
      vertex   2.734440e+01 2.075285e+01 5.500000e+00
      vertex   2.657833e+01 1.972121e+01 4.500000e+00
    endloop
  endfacet
  facet normal 6.880504e-01 1.723477e-01 -7.048992e-01
    outer loop
      vertex   2.657833e+01 1.972121e+01 4.500000e+00
      vertex   2.734440e+01 2.075285e+01 5.500000e+00
      vertex   2.758285e+01 1.980090e+01 5.500000e+00
    endloop
  endfacet
  facet normal 6.967881e-01 1.103604e-01 -7.087361e-01
    outer loop
      vertex   2.657833e+01 1.972121e+01 4.500000e+00
      vertex   2.758285e+01 1.980090e+01 5.500000e+00
      vertex   2.672570e+01 1.879076e+01 4.500000e+00
    endloop
  endfacet
  facet normal 7.008195e-01 1.039568e-01 -7.057231e-01
    outer loop
      vertex   2.672570e+01 1.879076e+01 4.500000e+00
      vertex   2.758285e+01 1.980090e+01 5.500000e+00
      vertex   2.772685e+01 1.883017e+01 5.500000e+00
    endloop
  endfacet
  facet normal 7.054880e-01 3.697306e-02 -7.077568e-01
    outer loop
      vertex   2.672570e+01 1.879076e+01 4.500000e+00
      vertex   2.772685e+01 1.883017e+01 5.500000e+00
      vertex   2.677500e+01 1.785000e+01 4.500000e+00
    endloop
  endfacet
  facet normal 7.066805e-01 3.471699e-02 -7.066805e-01
    outer loop
      vertex   2.677500e+01 1.785000e+01 4.500000e+00
      vertex   2.772685e+01 1.883017e+01 5.500000e+00
      vertex   2.777500e+01 1.785000e+01 5.500000e+00
    endloop
  endfacet
  facet normal 4.906767e-02 -9.987955e-01 0.000000e+00
    outer loop
      vertex   1.777500e+01 -2.785000e+01 7.500000e+00
      vertex   1.777500e+01 -2.785000e+01 5.500000e+00
      vertex   1.875517e+01 -2.780185e+01 7.500000e+00
    endloop
  endfacet
  facet normal 4.906767e-02 -9.987955e-01 0.000000e+00
    outer loop
      vertex   1.875517e+01 -2.780185e+01 7.500000e+00
      vertex   1.777500e+01 -2.785000e+01 5.500000e+00
      vertex   1.875517e+01 -2.780185e+01 5.500000e+00
    endloop
  endfacet
  facet normal 1.467305e-01 -9.891765e-01 0.000000e+00
    outer loop
      vertex   1.875517e+01 -2.780185e+01 7.500000e+00
      vertex   1.875517e+01 -2.780185e+01 5.500000e+00
      vertex   1.972590e+01 -2.765785e+01 7.500000e+00
    endloop
  endfacet
  facet normal 1.467305e-01 -9.891765e-01 0.000000e+00
    outer loop
      vertex   1.972590e+01 -2.765785e+01 7.500000e+00
      vertex   1.875517e+01 -2.780185e+01 5.500000e+00
      vertex   1.972590e+01 -2.765785e+01 5.500000e+00
    endloop
  endfacet
  facet normal 2.429802e-01 -9.700313e-01 0.000000e+00
    outer loop
      vertex   1.972590e+01 -2.765785e+01 7.500000e+00
      vertex   1.972590e+01 -2.765785e+01 5.500000e+00
      vertex   2.067785e+01 -2.741940e+01 7.500000e+00
    endloop
  endfacet
  facet normal 2.429802e-01 -9.700313e-01 0.000000e+00
    outer loop
      vertex   2.067785e+01 -2.741940e+01 7.500000e+00
      vertex   1.972590e+01 -2.765785e+01 5.500000e+00
      vertex   2.067785e+01 -2.741940e+01 5.500000e+00
    endloop
  endfacet
  facet normal 3.368899e-01 -9.415441e-01 0.000000e+00
    outer loop
      vertex   2.067785e+01 -2.741940e+01 7.500000e+00
      vertex   2.067785e+01 -2.741940e+01 5.500000e+00
      vertex   2.160183e+01 -2.708880e+01 7.500000e+00
    endloop
  endfacet
  facet normal 3.368899e-01 -9.415441e-01 0.000000e+00
    outer loop
      vertex   2.160183e+01 -2.708880e+01 7.500000e+00
      vertex   2.067785e+01 -2.741940e+01 5.500000e+00
      vertex   2.160183e+01 -2.708880e+01 5.500000e+00
    endloop
  endfacet
  facet normal 4.275551e-01 -9.039893e-01 0.000000e+00
    outer loop
      vertex   2.160183e+01 -2.708880e+01 7.500000e+00
      vertex   2.160183e+01 -2.708880e+01 5.500000e+00
      vertex   2.248897e+01 -2.666921e+01 7.500000e+00
    endloop
  endfacet
  facet normal 4.275551e-01 -9.039893e-01 7.594904e-16
    outer loop
      vertex   2.248897e+01 -2.666921e+01 7.500000e+00
      vertex   2.160183e+01 -2.708880e+01 5.500000e+00
      vertex   2.248897e+01 -2.666921e+01 5.500000e+00
    endloop
  endfacet
  facet normal 5.141027e-01 -8.577286e-01 9.132299e-16
    outer loop
      vertex   2.248897e+01 -2.666921e+01 7.500000e+00
      vertex   2.248897e+01 -2.666921e+01 5.500000e+00
      vertex   2.333070e+01 -2.616470e+01 7.500000e+00
    endloop
  endfacet
  facet normal 5.141027e-01 -8.577286e-01 0.000000e+00
    outer loop
      vertex   2.333070e+01 -2.616470e+01 7.500000e+00
      vertex   2.248897e+01 -2.666921e+01 5.500000e+00
      vertex   2.333070e+01 -2.616470e+01 5.500000e+00
    endloop
  endfacet
  facet normal 5.956993e-01 -8.032075e-01 0.000000e+00
    outer loop
      vertex   2.333070e+01 -2.616470e+01 7.500000e+00
      vertex   2.333070e+01 -2.616470e+01 5.500000e+00
      vertex   2.411893e+01 -2.558010e+01 7.500000e+00
    endloop
  endfacet
  facet normal 5.956993e-01 -8.032075e-01 0.000000e+00
    outer loop
      vertex   2.411893e+01 -2.558010e+01 7.500000e+00
      vertex   2.333070e+01 -2.616470e+01 5.500000e+00
      vertex   2.411893e+01 -2.558010e+01 5.500000e+00
    endloop
  endfacet
  facet normal 6.715590e-01 -7.409511e-01 0.000000e+00
    outer loop
      vertex   2.411893e+01 -2.558010e+01 7.500000e+00
      vertex   2.411893e+01 -2.558010e+01 5.500000e+00
      vertex   2.484607e+01 -2.492107e+01 7.500000e+00
    endloop
  endfacet
  facet normal 6.715590e-01 -7.409511e-01 0.000000e+00
    outer loop
      vertex   2.484607e+01 -2.492107e+01 7.500000e+00
      vertex   2.411893e+01 -2.558010e+01 5.500000e+00
      vertex   2.484607e+01 -2.492107e+01 5.500000e+00
    endloop
  endfacet
  facet normal 7.409511e-01 -6.715590e-01 0.000000e+00
    outer loop
      vertex   2.484607e+01 -2.492107e+01 7.500000e+00
      vertex   2.484607e+01 -2.492107e+01 5.500000e+00
      vertex   2.550510e+01 -2.419393e+01 7.500000e+00
    endloop
  endfacet
  facet normal 7.409511e-01 -6.715590e-01 0.000000e+00
    outer loop
      vertex   2.550510e+01 -2.419393e+01 7.500000e+00
      vertex   2.484607e+01 -2.492107e+01 5.500000e+00
      vertex   2.550510e+01 -2.419393e+01 5.500000e+00
    endloop
  endfacet
  facet normal 8.032075e-01 -5.956993e-01 0.000000e+00
    outer loop
      vertex   2.550510e+01 -2.419393e+01 7.500000e+00
      vertex   2.550510e+01 -2.419393e+01 5.500000e+00
      vertex   2.608970e+01 -2.340570e+01 7.500000e+00
    endloop
  endfacet
  facet normal 8.032075e-01 -5.956993e-01 0.000000e+00
    outer loop
      vertex   2.608970e+01 -2.340570e+01 7.500000e+00
      vertex   2.550510e+01 -2.419393e+01 5.500000e+00
      vertex   2.608970e+01 -2.340570e+01 5.500000e+00
    endloop
  endfacet
  facet normal 8.577286e-01 -5.141027e-01 0.000000e+00
    outer loop
      vertex   2.608970e+01 -2.340570e+01 7.500000e+00
      vertex   2.608970e+01 -2.340570e+01 5.500000e+00
      vertex   2.659421e+01 -2.256397e+01 7.500000e+00
    endloop
  endfacet
  facet normal 8.577286e-01 -5.141027e-01 0.000000e+00
    outer loop
      vertex   2.659421e+01 -2.256397e+01 7.500000e+00
      vertex   2.608970e+01 -2.340570e+01 5.500000e+00
      vertex   2.659421e+01 -2.256397e+01 5.500000e+00
    endloop
  endfacet
  facet normal 9.039893e-01 -4.275551e-01 0.000000e+00
    outer loop
      vertex   2.659421e+01 -2.256397e+01 7.500000e+00
      vertex   2.659421e+01 -2.256397e+01 5.500000e+00
      vertex   2.701380e+01 -2.167683e+01 7.500000e+00
    endloop
  endfacet
  facet normal 9.039893e-01 -4.275551e-01 0.000000e+00
    outer loop
      vertex   2.701380e+01 -2.167683e+01 7.500000e+00
      vertex   2.659421e+01 -2.256397e+01 5.500000e+00
      vertex   2.701380e+01 -2.167683e+01 5.500000e+00
    endloop
  endfacet
  facet normal 9.415441e-01 -3.368899e-01 0.000000e+00
    outer loop
      vertex   2.701380e+01 -2.167683e+01 7.500000e+00
      vertex   2.701380e+01 -2.167683e+01 5.500000e+00
      vertex   2.734440e+01 -2.075285e+01 7.500000e+00
    endloop
  endfacet
  facet normal 9.415441e-01 -3.368899e-01 0.000000e+00
    outer loop
      vertex   2.734440e+01 -2.075285e+01 7.500000e+00
      vertex   2.701380e+01 -2.167683e+01 5.500000e+00
      vertex   2.734440e+01 -2.075285e+01 5.500000e+00
    endloop
  endfacet
  facet normal 9.700313e-01 -2.429802e-01 0.000000e+00
    outer loop
      vertex   2.734440e+01 -2.075285e+01 7.500000e+00
      vertex   2.734440e+01 -2.075285e+01 5.500000e+00
      vertex   2.758285e+01 -1.980090e+01 7.500000e+00
    endloop
  endfacet
  facet normal 9.700313e-01 -2.429802e-01 0.000000e+00
    outer loop
      vertex   2.758285e+01 -1.980090e+01 7.500000e+00
      vertex   2.734440e+01 -2.075285e+01 5.500000e+00
      vertex   2.758285e+01 -1.980090e+01 5.500000e+00
    endloop
  endfacet
  facet normal 9.891765e-01 -1.467305e-01 0.000000e+00
    outer loop
      vertex   2.758285e+01 -1.980090e+01 7.500000e+00
      vertex   2.758285e+01 -1.980090e+01 5.500000e+00
      vertex   2.772685e+01 -1.883017e+01 7.500000e+00
    endloop
  endfacet
  facet normal 9.891765e-01 -1.467305e-01 0.000000e+00
    outer loop
      vertex   2.772685e+01 -1.883017e+01 7.500000e+00
      vertex   2.758285e+01 -1.980090e+01 5.500000e+00
      vertex   2.772685e+01 -1.883017e+01 5.500000e+00
    endloop
  endfacet
  facet normal 9.987955e-01 -4.906767e-02 0.000000e+00
    outer loop
      vertex   2.772685e+01 -1.883017e+01 7.500000e+00
      vertex   2.772685e+01 -1.883017e+01 5.500000e+00
      vertex   2.777500e+01 -1.785000e+01 7.500000e+00
    endloop
  endfacet
  facet normal 9.987955e-01 -4.906767e-02 0.000000e+00
    outer loop
      vertex   2.777500e+01 -1.785000e+01 7.500000e+00
      vertex   2.772685e+01 -1.883017e+01 5.500000e+00
      vertex   2.777500e+01 -1.785000e+01 5.500000e+00
    endloop
  endfacet
  facet normal 1.000000e+00 -3.980632e-16 0.000000e+00
    outer loop
      vertex   2.777500e+01 -1.785000e+01 5.500000e+00
      vertex   2.777500e+01 1.785000e+01 5.500000e+00
      vertex   2.777500e+01 -1.785000e+01 7.500000e+00
    endloop
  endfacet
  facet normal 1.000000e+00 -3.980632e-16 0.000000e+00
    outer loop
      vertex   2.777500e+01 -1.785000e+01 7.500000e+00
      vertex   2.777500e+01 1.785000e+01 5.500000e+00
      vertex   2.777500e+01 1.785000e+01 7.500000e+00
    endloop
  endfacet
  facet normal 9.987955e-01 4.906767e-02 0.000000e+00
    outer loop
      vertex   2.777500e+01 1.785000e+01 7.500000e+00
      vertex   2.777500e+01 1.785000e+01 5.500000e+00
      vertex   2.772685e+01 1.883017e+01 7.500000e+00
    endloop
  endfacet
  facet normal 9.987955e-01 4.906767e-02 0.000000e+00
    outer loop
      vertex   2.772685e+01 1.883017e+01 7.500000e+00
      vertex   2.777500e+01 1.785000e+01 5.500000e+00
      vertex   2.772685e+01 1.883017e+01 5.500000e+00
    endloop
  endfacet
  facet normal 9.891765e-01 1.467305e-01 0.000000e+00
    outer loop
      vertex   2.772685e+01 1.883017e+01 7.500000e+00
      vertex   2.772685e+01 1.883017e+01 5.500000e+00
      vertex   2.758285e+01 1.980090e+01 7.500000e+00
    endloop
  endfacet
  facet normal 9.891765e-01 1.467305e-01 0.000000e+00
    outer loop
      vertex   2.758285e+01 1.980090e+01 7.500000e+00
      vertex   2.772685e+01 1.883017e+01 5.500000e+00
      vertex   2.758285e+01 1.980090e+01 5.500000e+00
    endloop
  endfacet
  facet normal 9.700313e-01 2.429802e-01 0.000000e+00
    outer loop
      vertex   2.758285e+01 1.980090e+01 7.500000e+00
      vertex   2.758285e+01 1.980090e+01 5.500000e+00
      vertex   2.734440e+01 2.075285e+01 7.500000e+00
    endloop
  endfacet
  facet normal 9.700313e-01 2.429802e-01 0.000000e+00
    outer loop
      vertex   2.734440e+01 2.075285e+01 7.500000e+00
      vertex   2.758285e+01 1.980090e+01 5.500000e+00
      vertex   2.734440e+01 2.075285e+01 5.500000e+00
    endloop
  endfacet
  facet normal 9.415441e-01 3.368899e-01 0.000000e+00
    outer loop
      vertex   2.734440e+01 2.075285e+01 7.500000e+00
      vertex   2.734440e+01 2.075285e+01 5.500000e+00
      vertex   2.701380e+01 2.167683e+01 7.500000e+00
    endloop
  endfacet
  facet normal 9.415441e-01 3.368899e-01 0.000000e+00
    outer loop
      vertex   2.701380e+01 2.167683e+01 7.500000e+00
      vertex   2.734440e+01 2.075285e+01 5.500000e+00
      vertex   2.701380e+01 2.167683e+01 5.500000e+00
    endloop
  endfacet
  facet normal 9.039893e-01 4.275551e-01 0.000000e+00
    outer loop
      vertex   2.701380e+01 2.167683e+01 7.500000e+00
      vertex   2.701380e+01 2.167683e+01 5.500000e+00
      vertex   2.659421e+01 2.256397e+01 7.500000e+00
    endloop
  endfacet
  facet normal 9.039893e-01 4.275551e-01 -1.605808e-15
    outer loop
      vertex   2.659421e+01 2.256397e+01 7.500000e+00
      vertex   2.701380e+01 2.167683e+01 5.500000e+00
      vertex   2.659421e+01 2.256397e+01 5.500000e+00
    endloop
  endfacet
  facet normal 8.577286e-01 5.141027e-01 -1.523632e-15
    outer loop
      vertex   2.659421e+01 2.256397e+01 7.500000e+00
      vertex   2.659421e+01 2.256397e+01 5.500000e+00
      vertex   2.608970e+01 2.340570e+01 7.500000e+00
    endloop
  endfacet
  facet normal 8.577286e-01 5.141027e-01 0.000000e+00
    outer loop
      vertex   2.608970e+01 2.340570e+01 7.500000e+00
      vertex   2.659421e+01 2.256397e+01 5.500000e+00
      vertex   2.608970e+01 2.340570e+01 5.500000e+00
    endloop
  endfacet
  facet normal 8.032075e-01 5.956993e-01 0.000000e+00
    outer loop
      vertex   2.608970e+01 2.340570e+01 7.500000e+00
      vertex   2.608970e+01 2.340570e+01 5.500000e+00
      vertex   2.550510e+01 2.419393e+01 7.500000e+00
    endloop
  endfacet
  facet normal 8.032075e-01 5.956993e-01 0.000000e+00
    outer loop
      vertex   2.550510e+01 2.419393e+01 7.500000e+00
      vertex   2.608970e+01 2.340570e+01 5.500000e+00
      vertex   2.550510e+01 2.419393e+01 5.500000e+00
    endloop
  endfacet
  facet normal 7.409511e-01 6.715590e-01 0.000000e+00
    outer loop
      vertex   2.550510e+01 2.419393e+01 7.500000e+00
      vertex   2.550510e+01 2.419393e+01 5.500000e+00
      vertex   2.484607e+01 2.492107e+01 7.500000e+00
    endloop
  endfacet
  facet normal 7.409511e-01 6.715590e-01 0.000000e+00
    outer loop
      vertex   2.484607e+01 2.492107e+01 7.500000e+00
      vertex   2.550510e+01 2.419393e+01 5.500000e+00
      vertex   2.484607e+01 2.492107e+01 5.500000e+00
    endloop
  endfacet
  facet normal 6.715590e-01 7.409511e-01 0.000000e+00
    outer loop
      vertex   2.484607e+01 2.492107e+01 7.500000e+00
      vertex   2.484607e+01 2.492107e+01 5.500000e+00
      vertex   2.411893e+01 2.558010e+01 7.500000e+00
    endloop
  endfacet
  facet normal 6.715590e-01 7.409511e-01 0.000000e+00
    outer loop
      vertex   2.411893e+01 2.558010e+01 7.500000e+00
      vertex   2.484607e+01 2.492107e+01 5.500000e+00
      vertex   2.411893e+01 2.558010e+01 5.500000e+00
    endloop
  endfacet
  facet normal 5.956993e-01 8.032075e-01 0.000000e+00
    outer loop
      vertex   2.411893e+01 2.558010e+01 7.500000e+00
      vertex   2.411893e+01 2.558010e+01 5.500000e+00
      vertex   2.333070e+01 2.616470e+01 7.500000e+00
    endloop
  endfacet
  facet normal 5.956993e-01 8.032075e-01 0.000000e+00
    outer loop
      vertex   2.333070e+01 2.616470e+01 7.500000e+00
      vertex   2.411893e+01 2.558010e+01 5.500000e+00
      vertex   2.333070e+01 2.616470e+01 5.500000e+00
    endloop
  endfacet
  facet normal 5.141027e-01 8.577286e-01 0.000000e+00
    outer loop
      vertex   2.333070e+01 2.616470e+01 7.500000e+00
      vertex   2.333070e+01 2.616470e+01 5.500000e+00
      vertex   2.248897e+01 2.666921e+01 7.500000e+00
    endloop
  endfacet
  facet normal 5.141027e-01 8.577286e-01 0.000000e+00
    outer loop
      vertex   2.248897e+01 2.666921e+01 7.500000e+00
      vertex   2.333070e+01 2.616470e+01 5.500000e+00
      vertex   2.248897e+01 2.666921e+01 5.500000e+00
    endloop
  endfacet
  facet normal 4.275551e-01 9.039893e-01 0.000000e+00
    outer loop
      vertex   2.248897e+01 2.666921e+01 7.500000e+00
      vertex   2.248897e+01 2.666921e+01 5.500000e+00
      vertex   2.160183e+01 2.708880e+01 7.500000e+00
    endloop
  endfacet
  facet normal 4.275551e-01 9.039893e-01 0.000000e+00
    outer loop
      vertex   2.160183e+01 2.708880e+01 7.500000e+00
      vertex   2.248897e+01 2.666921e+01 5.500000e+00
      vertex   2.160183e+01 2.708880e+01 5.500000e+00
    endloop
  endfacet
  facet normal 3.368899e-01 9.415441e-01 0.000000e+00
    outer loop
      vertex   2.160183e+01 2.708880e+01 7.500000e+00
      vertex   2.160183e+01 2.708880e+01 5.500000e+00
      vertex   2.067785e+01 2.741940e+01 7.500000e+00
    endloop
  endfacet
  facet normal 3.368899e-01 9.415441e-01 0.000000e+00
    outer loop
      vertex   2.067785e+01 2.741940e+01 7.500000e+00
      vertex   2.160183e+01 2.708880e+01 5.500000e+00
      vertex   2.067785e+01 2.741940e+01 5.500000e+00
    endloop
  endfacet
  facet normal 2.429802e-01 9.700313e-01 0.000000e+00
    outer loop
      vertex   2.067785e+01 2.741940e+01 7.500000e+00
      vertex   2.067785e+01 2.741940e+01 5.500000e+00
      vertex   1.972590e+01 2.765785e+01 7.500000e+00
    endloop
  endfacet
  facet normal 2.429802e-01 9.700313e-01 0.000000e+00
    outer loop
      vertex   1.972590e+01 2.765785e+01 7.500000e+00
      vertex   2.067785e+01 2.741940e+01 5.500000e+00
      vertex   1.972590e+01 2.765785e+01 5.500000e+00
    endloop
  endfacet
  facet normal 1.467305e-01 9.891765e-01 0.000000e+00
    outer loop
      vertex   1.972590e+01 2.765785e+01 7.500000e+00
      vertex   1.972590e+01 2.765785e+01 5.500000e+00
      vertex   1.875517e+01 2.780185e+01 7.500000e+00
    endloop
  endfacet
  facet normal 1.467305e-01 9.891765e-01 0.000000e+00
    outer loop
      vertex   1.875517e+01 2.780185e+01 7.500000e+00
      vertex   1.972590e+01 2.765785e+01 5.500000e+00
      vertex   1.875517e+01 2.780185e+01 5.500000e+00
    endloop
  endfacet
  facet normal 4.906767e-02 9.987955e-01 0.000000e+00
    outer loop
      vertex   1.875517e+01 2.780185e+01 7.500000e+00
      vertex   1.875517e+01 2.780185e+01 5.500000e+00
      vertex   1.777500e+01 2.785000e+01 7.500000e+00
    endloop
  endfacet
  facet normal 4.906767e-02 9.987955e-01 0.000000e+00
    outer loop
      vertex   1.777500e+01 2.785000e+01 7.500000e+00
      vertex   1.875517e+01 2.780185e+01 5.500000e+00
      vertex   1.777500e+01 2.785000e+01 5.500000e+00
    endloop
  endfacet
  facet normal 0.000000e+00 1.000000e+00 -0.000000e+00
    outer loop
      vertex   1.777500e+01 2.785000e+01 5.500000e+00
      vertex   -1.777500e+01 2.785000e+01 5.500000e+00
      vertex   1.777500e+01 2.785000e+01 7.500000e+00
    endloop
  endfacet
  facet normal 0.000000e+00 1.000000e+00 0.000000e+00
    outer loop
      vertex   1.777500e+01 2.785000e+01 7.500000e+00
      vertex   -1.777500e+01 2.785000e+01 5.500000e+00
      vertex   -1.777500e+01 2.785000e+01 7.500000e+00
    endloop
  endfacet
  facet normal -0.000000e+00 7.071068e-01 7.071068e-01
    outer loop
      vertex   -1.777500e+01 2.685000e+01 8.500000e+00
      vertex   1.777500e+01 2.685000e+01 8.500000e+00
      vertex   -1.777500e+01 2.785000e+01 7.500000e+00
    endloop
  endfacet
  facet normal -0.000000e+00 7.071068e-01 7.071068e-01
    outer loop
      vertex   -1.777500e+01 2.785000e+01 7.500000e+00
      vertex   1.777500e+01 2.685000e+01 8.500000e+00
      vertex   1.777500e+01 2.785000e+01 7.500000e+00
    endloop
  endfacet
  facet normal -7.066805e-01 3.471699e-02 7.066805e-01
    outer loop
      vertex   -2.777500e+01 1.785000e+01 7.500000e+00
      vertex   -2.677500e+01 1.785000e+01 8.500000e+00
      vertex   -2.772685e+01 1.883017e+01 7.500000e+00
    endloop
  endfacet
  facet normal -7.054880e-01 3.697306e-02 7.077568e-01
    outer loop
      vertex   -2.772685e+01 1.883017e+01 7.500000e+00
      vertex   -2.677500e+01 1.785000e+01 8.500000e+00
      vertex   -2.672570e+01 1.879076e+01 8.500000e+00
    endloop
  endfacet
  facet normal -7.008195e-01 1.039568e-01 7.057231e-01
    outer loop
      vertex   -2.772685e+01 1.883017e+01 7.500000e+00
      vertex   -2.672570e+01 1.879076e+01 8.500000e+00
      vertex   -2.758285e+01 1.980090e+01 7.500000e+00
    endloop
  endfacet
  facet normal -6.967881e-01 1.103604e-01 7.087361e-01
    outer loop
      vertex   -2.758285e+01 1.980090e+01 7.500000e+00
      vertex   -2.672570e+01 1.879076e+01 8.500000e+00
      vertex   -2.657833e+01 1.972121e+01 8.500000e+00
    endloop
  endfacet
  facet normal -6.880504e-01 1.723477e-01 7.048992e-01
    outer loop
      vertex   -2.758285e+01 1.980090e+01 7.500000e+00
      vertex   -2.657833e+01 1.972121e+01 8.500000e+00
      vertex   -2.734440e+01 2.075285e+01 7.500000e+00
    endloop
  endfacet
  facet normal -6.806331e-01 1.823751e-01 7.095617e-01
    outer loop
      vertex   -2.734440e+01 2.075285e+01 7.500000e+00
      vertex   -2.657833e+01 1.972121e+01 8.500000e+00
      vertex   -2.633451e+01 2.063115e+01 8.500000e+00
    endloop
  endfacet
  facet normal -6.684881e-01 2.391889e-01 7.042104e-01
    outer loop
      vertex   -2.734440e+01 2.075285e+01 7.500000e+00
      vertex   -2.633451e+01 2.063115e+01 8.500000e+00
      vertex   -2.701380e+01 2.167683e+01 7.500000e+00
    endloop
  endfacet
  facet normal -6.572075e-01 2.522783e-01 7.102351e-01
    outer loop
      vertex   -2.701380e+01 2.167683e+01 7.500000e+00
      vertex   -2.633451e+01 2.063115e+01 8.500000e+00
      vertex   -2.599691e+01 2.151063e+01 8.500000e+00
    endloop
  endfacet
  facet normal -6.423196e-01 3.037945e-01 7.036579e-01
    outer loop
      vertex   -2.701380e+01 2.167683e+01 7.500000e+00
      vertex   -2.599691e+01 2.151063e+01 8.500000e+00
      vertex   -2.659421e+01 2.256397e+01 7.500000e+00
    endloop
  endfacet
  facet normal -6.267671e-01 3.193538e-01 7.107575e-01
    outer loop
      vertex   -2.659421e+01 2.256397e+01 7.500000e+00
      vertex   -2.599691e+01 2.151063e+01 8.500000e+00
      vertex   -2.556923e+01 2.235000e+01 8.500000e+00
    endloop
  endfacet
  facet normal -6.098020e-01 3.655013e-01 7.032427e-01
    outer loop
      vertex   -2.659421e+01 2.256397e+01 7.500000e+00
      vertex   -2.556923e+01 2.235000e+01 8.500000e+00
      vertex   -2.608970e+01 2.340570e+01 7.500000e+00
    endloop
  endfacet
  facet normal -5.896362e-01 3.829142e-01 7.111299e-01
    outer loop
      vertex   -2.608970e+01 2.340570e+01 7.500000e+00
      vertex   -2.556923e+01 2.235000e+01 8.500000e+00
      vertex   -2.505615e+01 2.314007e+01 8.500000e+00
    endloop
  endfacet
  facet normal -5.712605e-01 4.236756e-01 7.029655e-01
    outer loop
      vertex   -2.608970e+01 2.340570e+01 7.500000e+00
      vertex   -2.505615e+01 2.314007e+01 8.500000e+00
      vertex   -2.550510e+01 2.419393e+01 7.500000e+00
    endloop
  endfacet
  facet normal -5.462052e-01 4.423083e-01 7.113531e-01
    outer loop
      vertex   -2.550510e+01 2.419393e+01 7.500000e+00
      vertex   -2.505615e+01 2.314007e+01 8.500000e+00
      vertex   -2.446330e+01 2.387218e+01 8.500000e+00
    endloop
  endfacet
  facet normal -5.270838e-01 4.777209e-01 7.028267e-01
    outer loop
      vertex   -2.550510e+01 2.419393e+01 7.500000e+00
      vertex   -2.446330e+01 2.387218e+01 8.500000e+00
      vertex   -2.484607e+01 2.492107e+01 7.500000e+00
    endloop
  endfacet
  facet normal -4.969260e-01 4.969260e-01 7.114275e-01
    outer loop
      vertex   -2.484607e+01 2.492107e+01 7.500000e+00
      vertex   -2.446330e+01 2.387218e+01 8.500000e+00
      vertex   -2.379718e+01 2.453830e+01 8.500000e+00
    endloop
  endfacet
  facet normal -4.777209e-01 5.270838e-01 7.028267e-01
    outer loop
      vertex   -2.484607e+01 2.492107e+01 7.500000e+00
      vertex   -2.379718e+01 2.453830e+01 8.500000e+00
      vertex   -2.411893e+01 2.558010e+01 7.500000e+00
    endloop
  endfacet
  facet normal -4.423083e-01 5.462052e-01 7.113531e-01
    outer loop
      vertex   -2.411893e+01 2.558010e+01 7.500000e+00
      vertex   -2.379718e+01 2.453830e+01 8.500000e+00
      vertex   -2.306507e+01 2.513115e+01 8.500000e+00
    endloop
  endfacet
  facet normal -4.236756e-01 5.712605e-01 7.029655e-01
    outer loop
      vertex   -2.411893e+01 2.558010e+01 7.500000e+00
      vertex   -2.306507e+01 2.513115e+01 8.500000e+00
      vertex   -2.333070e+01 2.616470e+01 7.500000e+00
    endloop
  endfacet
  facet normal -3.829142e-01 5.896362e-01 7.111299e-01
    outer loop
      vertex   -2.333070e+01 2.616470e+01 7.500000e+00
      vertex   -2.306507e+01 2.513115e+01 8.500000e+00
      vertex   -2.227500e+01 2.564423e+01 8.500000e+00
    endloop
  endfacet
  facet normal -3.655013e-01 6.098020e-01 7.032427e-01
    outer loop
      vertex   -2.333070e+01 2.616470e+01 7.500000e+00
      vertex   -2.227500e+01 2.564423e+01 8.500000e+00
      vertex   -2.248897e+01 2.666921e+01 7.500000e+00
    endloop
  endfacet
  facet normal -3.193538e-01 6.267671e-01 7.107575e-01
    outer loop
      vertex   -2.248897e+01 2.666921e+01 7.500000e+00
      vertex   -2.227500e+01 2.564423e+01 8.500000e+00
      vertex   -2.143563e+01 2.607191e+01 8.500000e+00
    endloop
  endfacet
  facet normal -3.037945e-01 6.423196e-01 7.036579e-01
    outer loop
      vertex   -2.248897e+01 2.666921e+01 7.500000e+00
      vertex   -2.143563e+01 2.607191e+01 8.500000e+00
      vertex   -2.160183e+01 2.708880e+01 7.500000e+00
    endloop
  endfacet
  facet normal -2.522783e-01 6.572075e-01 7.102351e-01
    outer loop
      vertex   -2.160183e+01 2.708880e+01 7.500000e+00
      vertex   -2.143563e+01 2.607191e+01 8.500000e+00
      vertex   -2.055615e+01 2.640951e+01 8.500000e+00
    endloop
  endfacet
  facet normal -2.391889e-01 6.684881e-01 7.042104e-01
    outer loop
      vertex   -2.160183e+01 2.708880e+01 7.500000e+00
      vertex   -2.055615e+01 2.640951e+01 8.500000e+00
      vertex   -2.067785e+01 2.741940e+01 7.500000e+00
    endloop
  endfacet
  facet normal -1.823751e-01 6.806331e-01 7.095617e-01
    outer loop
      vertex   -2.067785e+01 2.741940e+01 7.500000e+00
      vertex   -2.055615e+01 2.640951e+01 8.500000e+00
      vertex   -1.964621e+01 2.665333e+01 8.500000e+00
    endloop
  endfacet
  facet normal -1.723477e-01 6.880504e-01 7.048992e-01
    outer loop
      vertex   -2.067785e+01 2.741940e+01 7.500000e+00
      vertex   -1.964621e+01 2.665333e+01 8.500000e+00
      vertex   -1.972590e+01 2.765785e+01 7.500000e+00
    endloop
  endfacet
  facet normal -1.103604e-01 6.967881e-01 7.087361e-01
    outer loop
      vertex   -1.972590e+01 2.765785e+01 7.500000e+00
      vertex   -1.964621e+01 2.665333e+01 8.500000e+00
      vertex   -1.871576e+01 2.680070e+01 8.500000e+00
    endloop
  endfacet
  facet normal -1.039568e-01 7.008195e-01 7.057231e-01
    outer loop
      vertex   -1.972590e+01 2.765785e+01 7.500000e+00
      vertex   -1.871576e+01 2.680070e+01 8.500000e+00
      vertex   -1.875517e+01 2.780185e+01 7.500000e+00
    endloop
  endfacet
  facet normal -3.697306e-02 7.054880e-01 7.077568e-01
    outer loop
      vertex   -1.875517e+01 2.780185e+01 7.500000e+00
      vertex   -1.871576e+01 2.680070e+01 8.500000e+00
      vertex   -1.777500e+01 2.685000e+01 8.500000e+00
    endloop
  endfacet
  facet normal -3.471699e-02 7.066805e-01 7.066805e-01
    outer loop
      vertex   -1.875517e+01 2.780185e+01 7.500000e+00
      vertex   -1.777500e+01 2.685000e+01 8.500000e+00
      vertex   -1.777500e+01 2.785000e+01 7.500000e+00
    endloop
  endfacet
  facet normal -7.071068e-01 0.000000e+00 7.071068e-01
    outer loop
      vertex   -2.777500e+01 -1.785000e+01 7.500000e+00
      vertex   -2.677500e+01 -1.785000e+01 8.500000e+00
      vertex   -2.777500e+01 1.785000e+01 7.500000e+00
    endloop
  endfacet
  facet normal -7.071068e-01 -7.036829e-17 7.071068e-01
    outer loop
      vertex   -2.777500e+01 1.785000e+01 7.500000e+00
      vertex   -2.677500e+01 -1.785000e+01 8.500000e+00
      vertex   -2.677500e+01 1.785000e+01 8.500000e+00
    endloop
  endfacet
  facet normal -3.471699e-02 -7.066805e-01 7.066805e-01
    outer loop
      vertex   -1.777500e+01 -2.785000e+01 7.500000e+00
      vertex   -1.777500e+01 -2.685000e+01 8.500000e+00
      vertex   -1.875517e+01 -2.780185e+01 7.500000e+00
    endloop
  endfacet
  facet normal -3.697306e-02 -7.054880e-01 7.077568e-01
    outer loop
      vertex   -1.875517e+01 -2.780185e+01 7.500000e+00
      vertex   -1.777500e+01 -2.685000e+01 8.500000e+00
      vertex   -1.871576e+01 -2.680070e+01 8.500000e+00
    endloop
  endfacet
  facet normal -1.039568e-01 -7.008195e-01 7.057231e-01
    outer loop
      vertex   -1.875517e+01 -2.780185e+01 7.500000e+00
      vertex   -1.871576e+01 -2.680070e+01 8.500000e+00
      vertex   -1.972590e+01 -2.765785e+01 7.500000e+00
    endloop
  endfacet
  facet normal -1.103604e-01 -6.967881e-01 7.087361e-01
    outer loop
      vertex   -1.972590e+01 -2.765785e+01 7.500000e+00
      vertex   -1.871576e+01 -2.680070e+01 8.500000e+00
      vertex   -1.964621e+01 -2.665333e+01 8.500000e+00
    endloop
  endfacet
  facet normal -1.723477e-01 -6.880504e-01 7.048992e-01
    outer loop
      vertex   -1.972590e+01 -2.765785e+01 7.500000e+00
      vertex   -1.964621e+01 -2.665333e+01 8.500000e+00
      vertex   -2.067785e+01 -2.741940e+01 7.500000e+00
    endloop
  endfacet
  facet normal -1.823751e-01 -6.806331e-01 7.095617e-01
    outer loop
      vertex   -2.067785e+01 -2.741940e+01 7.500000e+00
      vertex   -1.964621e+01 -2.665333e+01 8.500000e+00
      vertex   -2.055615e+01 -2.640951e+01 8.500000e+00
    endloop
  endfacet
  facet normal -2.391889e-01 -6.684881e-01 7.042104e-01
    outer loop
      vertex   -2.067785e+01 -2.741940e+01 7.500000e+00
      vertex   -2.055615e+01 -2.640951e+01 8.500000e+00
      vertex   -2.160183e+01 -2.708880e+01 7.500000e+00
    endloop
  endfacet
  facet normal -2.522783e-01 -6.572075e-01 7.102351e-01
    outer loop
      vertex   -2.160183e+01 -2.708880e+01 7.500000e+00
      vertex   -2.055615e+01 -2.640951e+01 8.500000e+00
      vertex   -2.143563e+01 -2.607191e+01 8.500000e+00
    endloop
  endfacet
  facet normal -3.037945e-01 -6.423196e-01 7.036579e-01
    outer loop
      vertex   -2.160183e+01 -2.708880e+01 7.500000e+00
      vertex   -2.143563e+01 -2.607191e+01 8.500000e+00
      vertex   -2.248897e+01 -2.666921e+01 7.500000e+00
    endloop
  endfacet
  facet normal -3.193538e-01 -6.267671e-01 7.107575e-01
    outer loop
      vertex   -2.248897e+01 -2.666921e+01 7.500000e+00
      vertex   -2.143563e+01 -2.607191e+01 8.500000e+00
      vertex   -2.227500e+01 -2.564423e+01 8.500000e+00
    endloop
  endfacet
  facet normal -3.655013e-01 -6.098020e-01 7.032427e-01
    outer loop
      vertex   -2.248897e+01 -2.666921e+01 7.500000e+00
      vertex   -2.227500e+01 -2.564423e+01 8.500000e+00
      vertex   -2.333070e+01 -2.616470e+01 7.500000e+00
    endloop
  endfacet
  facet normal -3.829142e-01 -5.896362e-01 7.111299e-01
    outer loop
      vertex   -2.333070e+01 -2.616470e+01 7.500000e+00
      vertex   -2.227500e+01 -2.564423e+01 8.500000e+00
      vertex   -2.306507e+01 -2.513115e+01 8.500000e+00
    endloop
  endfacet
  facet normal -4.236756e-01 -5.712605e-01 7.029655e-01
    outer loop
      vertex   -2.333070e+01 -2.616470e+01 7.500000e+00
      vertex   -2.306507e+01 -2.513115e+01 8.500000e+00
      vertex   -2.411893e+01 -2.558010e+01 7.500000e+00
    endloop
  endfacet
  facet normal -4.423083e-01 -5.462052e-01 7.113531e-01
    outer loop
      vertex   -2.411893e+01 -2.558010e+01 7.500000e+00
      vertex   -2.306507e+01 -2.513115e+01 8.500000e+00
      vertex   -2.379718e+01 -2.453830e+01 8.500000e+00
    endloop
  endfacet
  facet normal -4.777209e-01 -5.270838e-01 7.028267e-01
    outer loop
      vertex   -2.411893e+01 -2.558010e+01 7.500000e+00
      vertex   -2.379718e+01 -2.453830e+01 8.500000e+00
      vertex   -2.484607e+01 -2.492107e+01 7.500000e+00
    endloop
  endfacet
  facet normal -4.969260e-01 -4.969260e-01 7.114275e-01
    outer loop
      vertex   -2.484607e+01 -2.492107e+01 7.500000e+00
      vertex   -2.379718e+01 -2.453830e+01 8.500000e+00
      vertex   -2.446330e+01 -2.387218e+01 8.500000e+00
    endloop
  endfacet
  facet normal -5.270838e-01 -4.777209e-01 7.028267e-01
    outer loop
      vertex   -2.484607e+01 -2.492107e+01 7.500000e+00
      vertex   -2.446330e+01 -2.387218e+01 8.500000e+00
      vertex   -2.550510e+01 -2.419393e+01 7.500000e+00
    endloop
  endfacet
  facet normal -5.462052e-01 -4.423083e-01 7.113531e-01
    outer loop
      vertex   -2.550510e+01 -2.419393e+01 7.500000e+00
      vertex   -2.446330e+01 -2.387218e+01 8.500000e+00
      vertex   -2.505615e+01 -2.314007e+01 8.500000e+00
    endloop
  endfacet
  facet normal -5.712605e-01 -4.236756e-01 7.029655e-01
    outer loop
      vertex   -2.550510e+01 -2.419393e+01 7.500000e+00
      vertex   -2.505615e+01 -2.314007e+01 8.500000e+00
      vertex   -2.608970e+01 -2.340570e+01 7.500000e+00
    endloop
  endfacet
  facet normal -5.896362e-01 -3.829142e-01 7.111299e-01
    outer loop
      vertex   -2.608970e+01 -2.340570e+01 7.500000e+00
      vertex   -2.505615e+01 -2.314007e+01 8.500000e+00
      vertex   -2.556923e+01 -2.235000e+01 8.500000e+00
    endloop
  endfacet
  facet normal -6.098020e-01 -3.655013e-01 7.032427e-01
    outer loop
      vertex   -2.608970e+01 -2.340570e+01 7.500000e+00
      vertex   -2.556923e+01 -2.235000e+01 8.500000e+00
      vertex   -2.659421e+01 -2.256397e+01 7.500000e+00
    endloop
  endfacet
  facet normal -6.267671e-01 -3.193538e-01 7.107575e-01
    outer loop
      vertex   -2.659421e+01 -2.256397e+01 7.500000e+00
      vertex   -2.556923e+01 -2.235000e+01 8.500000e+00
      vertex   -2.599691e+01 -2.151063e+01 8.500000e+00
    endloop
  endfacet
  facet normal -6.423196e-01 -3.037945e-01 7.036579e-01
    outer loop
      vertex   -2.659421e+01 -2.256397e+01 7.500000e+00
      vertex   -2.599691e+01 -2.151063e+01 8.500000e+00
      vertex   -2.701380e+01 -2.167683e+01 7.500000e+00
    endloop
  endfacet
  facet normal -6.572075e-01 -2.522783e-01 7.102351e-01
    outer loop
      vertex   -2.701380e+01 -2.167683e+01 7.500000e+00
      vertex   -2.599691e+01 -2.151063e+01 8.500000e+00
      vertex   -2.633451e+01 -2.063115e+01 8.500000e+00
    endloop
  endfacet
  facet normal -6.684881e-01 -2.391889e-01 7.042104e-01
    outer loop
      vertex   -2.701380e+01 -2.167683e+01 7.500000e+00
      vertex   -2.633451e+01 -2.063115e+01 8.500000e+00
      vertex   -2.734440e+01 -2.075285e+01 7.500000e+00
    endloop
  endfacet
  facet normal -6.806331e-01 -1.823751e-01 7.095617e-01
    outer loop
      vertex   -2.734440e+01 -2.075285e+01 7.500000e+00
      vertex   -2.633451e+01 -2.063115e+01 8.500000e+00
      vertex   -2.657833e+01 -1.972121e+01 8.500000e+00
    endloop
  endfacet
  facet normal -6.880504e-01 -1.723477e-01 7.048992e-01
    outer loop
      vertex   -2.734440e+01 -2.075285e+01 7.500000e+00
      vertex   -2.657833e+01 -1.972121e+01 8.500000e+00
      vertex   -2.758285e+01 -1.980090e+01 7.500000e+00
    endloop
  endfacet
  facet normal -6.967881e-01 -1.103604e-01 7.087361e-01
    outer loop
      vertex   -2.758285e+01 -1.980090e+01 7.500000e+00
      vertex   -2.657833e+01 -1.972121e+01 8.500000e+00
      vertex   -2.672570e+01 -1.879076e+01 8.500000e+00
    endloop
  endfacet
  facet normal -7.008195e-01 -1.039568e-01 7.057231e-01
    outer loop
      vertex   -2.758285e+01 -1.980090e+01 7.500000e+00
      vertex   -2.672570e+01 -1.879076e+01 8.500000e+00
      vertex   -2.772685e+01 -1.883017e+01 7.500000e+00
    endloop
  endfacet
  facet normal -7.054880e-01 -3.697306e-02 7.077568e-01
    outer loop
      vertex   -2.772685e+01 -1.883017e+01 7.500000e+00
      vertex   -2.672570e+01 -1.879076e+01 8.500000e+00
      vertex   -2.677500e+01 -1.785000e+01 8.500000e+00
    endloop
  endfacet
  facet normal -7.066805e-01 -3.471699e-02 7.066805e-01
    outer loop
      vertex   -2.772685e+01 -1.883017e+01 7.500000e+00
      vertex   -2.677500e+01 -1.785000e+01 8.500000e+00
      vertex   -2.777500e+01 -1.785000e+01 7.500000e+00
    endloop
  endfacet
  facet normal 2.826608e-16 -7.071068e-01 7.071068e-01
    outer loop
      vertex   1.777500e+01 -2.685000e+01 8.500000e+00
      vertex   -1.777500e+01 -2.685000e+01 8.500000e+00
      vertex   1.777500e+01 -2.785000e+01 7.500000e+00
    endloop
  endfacet
  facet normal 7.066520e-17 -7.071068e-01 7.071068e-01
    outer loop
      vertex   1.777500e+01 -2.785000e+01 7.500000e+00
      vertex   -1.777500e+01 -2.685000e+01 8.500000e+00
      vertex   -1.777500e+01 -2.785000e+01 7.500000e+00
    endloop
  endfacet
  facet normal 7.066805e-01 -3.471699e-02 7.066805e-01
    outer loop
      vertex   2.777500e+01 -1.785000e+01 7.500000e+00
      vertex   2.677500e+01 -1.785000e+01 8.500000e+00
      vertex   2.772685e+01 -1.883017e+01 7.500000e+00
    endloop
  endfacet
  facet normal 7.054880e-01 -3.697306e-02 7.077568e-01
    outer loop
      vertex   2.772685e+01 -1.883017e+01 7.500000e+00
      vertex   2.677500e+01 -1.785000e+01 8.500000e+00
      vertex   2.672570e+01 -1.879076e+01 8.500000e+00
    endloop
  endfacet
  facet normal 7.008195e-01 -1.039568e-01 7.057231e-01
    outer loop
      vertex   2.772685e+01 -1.883017e+01 7.500000e+00
      vertex   2.672570e+01 -1.879076e+01 8.500000e+00
      vertex   2.758285e+01 -1.980090e+01 7.500000e+00
    endloop
  endfacet
  facet normal 6.967881e-01 -1.103604e-01 7.087361e-01
    outer loop
      vertex   2.758285e+01 -1.980090e+01 7.500000e+00
      vertex   2.672570e+01 -1.879076e+01 8.500000e+00
      vertex   2.657833e+01 -1.972121e+01 8.500000e+00
    endloop
  endfacet
  facet normal 6.880504e-01 -1.723477e-01 7.048992e-01
    outer loop
      vertex   2.758285e+01 -1.980090e+01 7.500000e+00
      vertex   2.657833e+01 -1.972121e+01 8.500000e+00
      vertex   2.734440e+01 -2.075285e+01 7.500000e+00
    endloop
  endfacet
  facet normal 6.806331e-01 -1.823751e-01 7.095617e-01
    outer loop
      vertex   2.734440e+01 -2.075285e+01 7.500000e+00
      vertex   2.657833e+01 -1.972121e+01 8.500000e+00
      vertex   2.633451e+01 -2.063115e+01 8.500000e+00
    endloop
  endfacet
  facet normal 6.684881e-01 -2.391889e-01 7.042104e-01
    outer loop
      vertex   2.734440e+01 -2.075285e+01 7.500000e+00
      vertex   2.633451e+01 -2.063115e+01 8.500000e+00
      vertex   2.701380e+01 -2.167683e+01 7.500000e+00
    endloop
  endfacet
  facet normal 6.572075e-01 -2.522783e-01 7.102351e-01
    outer loop
      vertex   2.701380e+01 -2.167683e+01 7.500000e+00
      vertex   2.633451e+01 -2.063115e+01 8.500000e+00
      vertex   2.599691e+01 -2.151063e+01 8.500000e+00
    endloop
  endfacet
  facet normal 6.423196e-01 -3.037945e-01 7.036579e-01
    outer loop
      vertex   2.701380e+01 -2.167683e+01 7.500000e+00
      vertex   2.599691e+01 -2.151063e+01 8.500000e+00
      vertex   2.659421e+01 -2.256397e+01 7.500000e+00
    endloop
  endfacet
  facet normal 6.267671e-01 -3.193538e-01 7.107575e-01
    outer loop
      vertex   2.659421e+01 -2.256397e+01 7.500000e+00
      vertex   2.599691e+01 -2.151063e+01 8.500000e+00
      vertex   2.556923e+01 -2.235000e+01 8.500000e+00
    endloop
  endfacet
  facet normal 6.098020e-01 -3.655013e-01 7.032427e-01
    outer loop
      vertex   2.659421e+01 -2.256397e+01 7.500000e+00
      vertex   2.556923e+01 -2.235000e+01 8.500000e+00
      vertex   2.608970e+01 -2.340570e+01 7.500000e+00
    endloop
  endfacet
  facet normal 5.896362e-01 -3.829142e-01 7.111299e-01
    outer loop
      vertex   2.608970e+01 -2.340570e+01 7.500000e+00
      vertex   2.556923e+01 -2.235000e+01 8.500000e+00
      vertex   2.505615e+01 -2.314007e+01 8.500000e+00
    endloop
  endfacet
  facet normal 5.712605e-01 -4.236756e-01 7.029655e-01
    outer loop
      vertex   2.608970e+01 -2.340570e+01 7.500000e+00
      vertex   2.505615e+01 -2.314007e+01 8.500000e+00
      vertex   2.550510e+01 -2.419393e+01 7.500000e+00
    endloop
  endfacet
  facet normal 5.462052e-01 -4.423083e-01 7.113531e-01
    outer loop
      vertex   2.550510e+01 -2.419393e+01 7.500000e+00
      vertex   2.505615e+01 -2.314007e+01 8.500000e+00
      vertex   2.446330e+01 -2.387218e+01 8.500000e+00
    endloop
  endfacet
  facet normal 5.270838e-01 -4.777209e-01 7.028267e-01
    outer loop
      vertex   2.550510e+01 -2.419393e+01 7.500000e+00
      vertex   2.446330e+01 -2.387218e+01 8.500000e+00
      vertex   2.484607e+01 -2.492107e+01 7.500000e+00
    endloop
  endfacet
  facet normal 4.969260e-01 -4.969260e-01 7.114275e-01
    outer loop
      vertex   2.484607e+01 -2.492107e+01 7.500000e+00
      vertex   2.446330e+01 -2.387218e+01 8.500000e+00
      vertex   2.379718e+01 -2.453830e+01 8.500000e+00
    endloop
  endfacet
  facet normal 4.777209e-01 -5.270838e-01 7.028267e-01
    outer loop
      vertex   2.484607e+01 -2.492107e+01 7.500000e+00
      vertex   2.379718e+01 -2.453830e+01 8.500000e+00
      vertex   2.411893e+01 -2.558010e+01 7.500000e+00
    endloop
  endfacet
  facet normal 4.423083e-01 -5.462052e-01 7.113531e-01
    outer loop
      vertex   2.411893e+01 -2.558010e+01 7.500000e+00
      vertex   2.379718e+01 -2.453830e+01 8.500000e+00
      vertex   2.306507e+01 -2.513115e+01 8.500000e+00
    endloop
  endfacet
  facet normal 4.236756e-01 -5.712605e-01 7.029655e-01
    outer loop
      vertex   2.411893e+01 -2.558010e+01 7.500000e+00
      vertex   2.306507e+01 -2.513115e+01 8.500000e+00
      vertex   2.333070e+01 -2.616470e+01 7.500000e+00
    endloop
  endfacet
  facet normal 3.829142e-01 -5.896362e-01 7.111299e-01
    outer loop
      vertex   2.333070e+01 -2.616470e+01 7.500000e+00
      vertex   2.306507e+01 -2.513115e+01 8.500000e+00
      vertex   2.227500e+01 -2.564423e+01 8.500000e+00
    endloop
  endfacet
  facet normal 3.655013e-01 -6.098020e-01 7.032427e-01
    outer loop
      vertex   2.333070e+01 -2.616470e+01 7.500000e+00
      vertex   2.227500e+01 -2.564423e+01 8.500000e+00
      vertex   2.248897e+01 -2.666921e+01 7.500000e+00
    endloop
  endfacet
  facet normal 3.193538e-01 -6.267671e-01 7.107575e-01
    outer loop
      vertex   2.248897e+01 -2.666921e+01 7.500000e+00
      vertex   2.227500e+01 -2.564423e+01 8.500000e+00
      vertex   2.143563e+01 -2.607191e+01 8.500000e+00
    endloop
  endfacet
  facet normal 3.037945e-01 -6.423196e-01 7.036579e-01
    outer loop
      vertex   2.248897e+01 -2.666921e+01 7.500000e+00
      vertex   2.143563e+01 -2.607191e+01 8.500000e+00
      vertex   2.160183e+01 -2.708880e+01 7.500000e+00
    endloop
  endfacet
  facet normal 2.522783e-01 -6.572075e-01 7.102351e-01
    outer loop
      vertex   2.160183e+01 -2.708880e+01 7.500000e+00
      vertex   2.143563e+01 -2.607191e+01 8.500000e+00
      vertex   2.055615e+01 -2.640951e+01 8.500000e+00
    endloop
  endfacet
  facet normal 2.391889e-01 -6.684881e-01 7.042104e-01
    outer loop
      vertex   2.160183e+01 -2.708880e+01 7.500000e+00
      vertex   2.055615e+01 -2.640951e+01 8.500000e+00
      vertex   2.067785e+01 -2.741940e+01 7.500000e+00
    endloop
  endfacet
  facet normal 1.823751e-01 -6.806331e-01 7.095617e-01
    outer loop
      vertex   2.067785e+01 -2.741940e+01 7.500000e+00
      vertex   2.055615e+01 -2.640951e+01 8.500000e+00
      vertex   1.964621e+01 -2.665333e+01 8.500000e+00
    endloop
  endfacet
  facet normal 1.723477e-01 -6.880504e-01 7.048992e-01
    outer loop
      vertex   2.067785e+01 -2.741940e+01 7.500000e+00
      vertex   1.964621e+01 -2.665333e+01 8.500000e+00
      vertex   1.972590e+01 -2.765785e+01 7.500000e+00
    endloop
  endfacet
  facet normal 1.103604e-01 -6.967881e-01 7.087361e-01
    outer loop
      vertex   1.972590e+01 -2.765785e+01 7.500000e+00
      vertex   1.964621e+01 -2.665333e+01 8.500000e+00
      vertex   1.871576e+01 -2.680070e+01 8.500000e+00
    endloop
  endfacet
  facet normal 1.039568e-01 -7.008195e-01 7.057231e-01
    outer loop
      vertex   1.972590e+01 -2.765785e+01 7.500000e+00
      vertex   1.871576e+01 -2.680070e+01 8.500000e+00
      vertex   1.875517e+01 -2.780185e+01 7.500000e+00
    endloop
  endfacet
  facet normal 3.697306e-02 -7.054880e-01 7.077568e-01
    outer loop
      vertex   1.875517e+01 -2.780185e+01 7.500000e+00
      vertex   1.871576e+01 -2.680070e+01 8.500000e+00
      vertex   1.777500e+01 -2.685000e+01 8.500000e+00
    endloop
  endfacet
  facet normal 3.471699e-02 -7.066805e-01 7.066805e-01
    outer loop
      vertex   1.875517e+01 -2.780185e+01 7.500000e+00
      vertex   1.777500e+01 -2.685000e+01 8.500000e+00
      vertex   1.777500e+01 -2.785000e+01 7.500000e+00
    endloop
  endfacet
  facet normal 7.071068e-01 -2.814732e-16 7.071068e-01
    outer loop
      vertex   2.777500e+01 1.785000e+01 7.500000e+00
      vertex   2.677500e+01 1.785000e+01 8.500000e+00
      vertex   2.777500e+01 -1.785000e+01 7.500000e+00
    endloop
  endfacet
  facet normal 7.071068e-01 -1.407366e-16 7.071068e-01
    outer loop
      vertex   2.777500e+01 -1.785000e+01 7.500000e+00
      vertex   2.677500e+01 1.785000e+01 8.500000e+00
      vertex   2.677500e+01 -1.785000e+01 8.500000e+00
    endloop
  endfacet
  facet normal 3.471699e-02 7.066805e-01 7.066805e-01
    outer loop
      vertex   1.777500e+01 2.785000e+01 7.500000e+00
      vertex   1.777500e+01 2.685000e+01 8.500000e+00
      vertex   1.875517e+01 2.780185e+01 7.500000e+00
    endloop
  endfacet
  facet normal 3.697306e-02 7.054880e-01 7.077568e-01
    outer loop
      vertex   1.875517e+01 2.780185e+01 7.500000e+00
      vertex   1.777500e+01 2.685000e+01 8.500000e+00
      vertex   1.871576e+01 2.680070e+01 8.500000e+00
    endloop
  endfacet
  facet normal 1.039568e-01 7.008195e-01 7.057231e-01
    outer loop
      vertex   1.875517e+01 2.780185e+01 7.500000e+00
      vertex   1.871576e+01 2.680070e+01 8.500000e+00
      vertex   1.972590e+01 2.765785e+01 7.500000e+00
    endloop
  endfacet
  facet normal 1.103604e-01 6.967881e-01 7.087361e-01
    outer loop
      vertex   1.972590e+01 2.765785e+01 7.500000e+00
      vertex   1.871576e+01 2.680070e+01 8.500000e+00
      vertex   1.964621e+01 2.665333e+01 8.500000e+00
    endloop
  endfacet
  facet normal 1.723477e-01 6.880504e-01 7.048992e-01
    outer loop
      vertex   1.972590e+01 2.765785e+01 7.500000e+00
      vertex   1.964621e+01 2.665333e+01 8.500000e+00
      vertex   2.067785e+01 2.741940e+01 7.500000e+00
    endloop
  endfacet
  facet normal 1.823751e-01 6.806331e-01 7.095617e-01
    outer loop
      vertex   2.067785e+01 2.741940e+01 7.500000e+00
      vertex   1.964621e+01 2.665333e+01 8.500000e+00
      vertex   2.055615e+01 2.640951e+01 8.500000e+00
    endloop
  endfacet
  facet normal 2.391889e-01 6.684881e-01 7.042104e-01
    outer loop
      vertex   2.067785e+01 2.741940e+01 7.500000e+00
      vertex   2.055615e+01 2.640951e+01 8.500000e+00
      vertex   2.160183e+01 2.708880e+01 7.500000e+00
    endloop
  endfacet
  facet normal 2.522783e-01 6.572075e-01 7.102351e-01
    outer loop
      vertex   2.160183e+01 2.708880e+01 7.500000e+00
      vertex   2.055615e+01 2.640951e+01 8.500000e+00
      vertex   2.143563e+01 2.607191e+01 8.500000e+00
    endloop
  endfacet
  facet normal 3.037945e-01 6.423196e-01 7.036579e-01
    outer loop
      vertex   2.160183e+01 2.708880e+01 7.500000e+00
      vertex   2.143563e+01 2.607191e+01 8.500000e+00
      vertex   2.248897e+01 2.666921e+01 7.500000e+00
    endloop
  endfacet
  facet normal 3.193538e-01 6.267671e-01 7.107575e-01
    outer loop
      vertex   2.248897e+01 2.666921e+01 7.500000e+00
      vertex   2.143563e+01 2.607191e+01 8.500000e+00
      vertex   2.227500e+01 2.564423e+01 8.500000e+00
    endloop
  endfacet
  facet normal 3.655013e-01 6.098020e-01 7.032427e-01
    outer loop
      vertex   2.248897e+01 2.666921e+01 7.500000e+00
      vertex   2.227500e+01 2.564423e+01 8.500000e+00
      vertex   2.333070e+01 2.616470e+01 7.500000e+00
    endloop
  endfacet
  facet normal 3.829142e-01 5.896362e-01 7.111299e-01
    outer loop
      vertex   2.333070e+01 2.616470e+01 7.500000e+00
      vertex   2.227500e+01 2.564423e+01 8.500000e+00
      vertex   2.306507e+01 2.513115e+01 8.500000e+00
    endloop
  endfacet
  facet normal 4.236756e-01 5.712605e-01 7.029655e-01
    outer loop
      vertex   2.333070e+01 2.616470e+01 7.500000e+00
      vertex   2.306507e+01 2.513115e+01 8.500000e+00
      vertex   2.411893e+01 2.558010e+01 7.500000e+00
    endloop
  endfacet
  facet normal 4.423083e-01 5.462052e-01 7.113531e-01
    outer loop
      vertex   2.411893e+01 2.558010e+01 7.500000e+00
      vertex   2.306507e+01 2.513115e+01 8.500000e+00
      vertex   2.379718e+01 2.453830e+01 8.500000e+00
    endloop
  endfacet
  facet normal 4.777209e-01 5.270838e-01 7.028267e-01
    outer loop
      vertex   2.411893e+01 2.558010e+01 7.500000e+00
      vertex   2.379718e+01 2.453830e+01 8.500000e+00
      vertex   2.484607e+01 2.492107e+01 7.500000e+00
    endloop
  endfacet
  facet normal 4.969260e-01 4.969260e-01 7.114275e-01
    outer loop
      vertex   2.484607e+01 2.492107e+01 7.500000e+00
      vertex   2.379718e+01 2.453830e+01 8.500000e+00
      vertex   2.446330e+01 2.387218e+01 8.500000e+00
    endloop
  endfacet
  facet normal 5.270838e-01 4.777209e-01 7.028267e-01
    outer loop
      vertex   2.484607e+01 2.492107e+01 7.500000e+00
      vertex   2.446330e+01 2.387218e+01 8.500000e+00
      vertex   2.550510e+01 2.419393e+01 7.500000e+00
    endloop
  endfacet
  facet normal 5.462052e-01 4.423083e-01 7.113531e-01
    outer loop
      vertex   2.550510e+01 2.419393e+01 7.500000e+00
      vertex   2.446330e+01 2.387218e+01 8.500000e+00
      vertex   2.505615e+01 2.314007e+01 8.500000e+00
    endloop
  endfacet
  facet normal 5.712605e-01 4.236756e-01 7.029655e-01
    outer loop
      vertex   2.550510e+01 2.419393e+01 7.500000e+00
      vertex   2.505615e+01 2.314007e+01 8.500000e+00
      vertex   2.608970e+01 2.340570e+01 7.500000e+00
    endloop
  endfacet
  facet normal 5.896362e-01 3.829142e-01 7.111299e-01
    outer loop
      vertex   2.608970e+01 2.340570e+01 7.500000e+00
      vertex   2.505615e+01 2.314007e+01 8.500000e+00
      vertex   2.556923e+01 2.235000e+01 8.500000e+00
    endloop
  endfacet
  facet normal 6.098020e-01 3.655013e-01 7.032427e-01
    outer loop
      vertex   2.608970e+01 2.340570e+01 7.500000e+00
      vertex   2.556923e+01 2.235000e+01 8.500000e+00
      vertex   2.659421e+01 2.256397e+01 7.500000e+00
    endloop
  endfacet
  facet normal 6.267671e-01 3.193538e-01 7.107575e-01
    outer loop
      vertex   2.659421e+01 2.256397e+01 7.500000e+00
      vertex   2.556923e+01 2.235000e+01 8.500000e+00
      vertex   2.599691e+01 2.151063e+01 8.500000e+00
    endloop
  endfacet
  facet normal 6.423196e-01 3.037945e-01 7.036579e-01
    outer loop
      vertex   2.659421e+01 2.256397e+01 7.500000e+00
      vertex   2.599691e+01 2.151063e+01 8.500000e+00
      vertex   2.701380e+01 2.167683e+01 7.500000e+00
    endloop
  endfacet
  facet normal 6.572075e-01 2.522783e-01 7.102351e-01
    outer loop
      vertex   2.701380e+01 2.167683e+01 7.500000e+00
      vertex   2.599691e+01 2.151063e+01 8.500000e+00
      vertex   2.633451e+01 2.063115e+01 8.500000e+00
    endloop
  endfacet
  facet normal 6.684881e-01 2.391889e-01 7.042104e-01
    outer loop
      vertex   2.701380e+01 2.167683e+01 7.500000e+00
      vertex   2.633451e+01 2.063115e+01 8.500000e+00
      vertex   2.734440e+01 2.075285e+01 7.500000e+00
    endloop
  endfacet
  facet normal 6.806331e-01 1.823751e-01 7.095617e-01
    outer loop
      vertex   2.734440e+01 2.075285e+01 7.500000e+00
      vertex   2.633451e+01 2.063115e+01 8.500000e+00
      vertex   2.657833e+01 1.972121e+01 8.500000e+00
    endloop
  endfacet
  facet normal 6.880504e-01 1.723477e-01 7.048992e-01
    outer loop
      vertex   2.734440e+01 2.075285e+01 7.500000e+00
      vertex   2.657833e+01 1.972121e+01 8.500000e+00
      vertex   2.758285e+01 1.980090e+01 7.500000e+00
    endloop
  endfacet
  facet normal 6.967881e-01 1.103604e-01 7.087361e-01
    outer loop
      vertex   2.758285e+01 1.980090e+01 7.500000e+00
      vertex   2.657833e+01 1.972121e+01 8.500000e+00
      vertex   2.672570e+01 1.879076e+01 8.500000e+00
    endloop
  endfacet
  facet normal 7.008195e-01 1.039568e-01 7.057231e-01
    outer loop
      vertex   2.758285e+01 1.980090e+01 7.500000e+00
      vertex   2.672570e+01 1.879076e+01 8.500000e+00
      vertex   2.772685e+01 1.883017e+01 7.500000e+00
    endloop
  endfacet
  facet normal 7.054880e-01 3.697306e-02 7.077568e-01
    outer loop
      vertex   2.772685e+01 1.883017e+01 7.500000e+00
      vertex   2.672570e+01 1.879076e+01 8.500000e+00
      vertex   2.677500e+01 1.785000e+01 8.500000e+00
    endloop
  endfacet
  facet normal 7.066805e-01 3.471699e-02 7.066805e-01
    outer loop
      vertex   2.772685e+01 1.883017e+01 7.500000e+00
      vertex   2.677500e+01 1.785000e+01 8.500000e+00
      vertex   2.777500e+01 1.785000e+01 7.500000e+00
    endloop
  endfacet
  facet normal -9.987955e-01 -4.906767e-02 -0.000000e+00
    outer loop
      vertex   -2.777500e+01 -1.785000e+01 7.500000e+00
      vertex   -2.777500e+01 -1.785000e+01 5.500000e+00
      vertex   -2.772685e+01 -1.883017e+01 7.500000e+00
    endloop
  endfacet
  facet normal -9.987955e-01 -4.906767e-02 -8.716170e-17
    outer loop
      vertex   -2.772685e+01 -1.883017e+01 7.500000e+00
      vertex   -2.777500e+01 -1.785000e+01 5.500000e+00
      vertex   -2.772685e+01 -1.883017e+01 5.500000e+00
    endloop
  endfacet
  facet normal -9.891765e-01 -1.467305e-01 -2.606457e-16
    outer loop
      vertex   -2.772685e+01 -1.883017e+01 7.500000e+00
      vertex   -2.772685e+01 -1.883017e+01 5.500000e+00
      vertex   -2.758285e+01 -1.980090e+01 7.500000e+00
    endloop
  endfacet
  facet normal -9.891765e-01 -1.467305e-01 -0.000000e+00
    outer loop
      vertex   -2.758285e+01 -1.980090e+01 7.500000e+00
      vertex   -2.772685e+01 -1.883017e+01 5.500000e+00
      vertex   -2.758285e+01 -1.980090e+01 5.500000e+00
    endloop
  endfacet
  facet normal -9.700313e-01 -2.429802e-01 -0.000000e+00
    outer loop
      vertex   -2.758285e+01 -1.980090e+01 7.500000e+00
      vertex   -2.758285e+01 -1.980090e+01 5.500000e+00
      vertex   -2.734440e+01 -2.075285e+01 7.500000e+00
    endloop
  endfacet
  facet normal -9.700313e-01 -2.429802e-01 -0.000000e+00
    outer loop
      vertex   -2.734440e+01 -2.075285e+01 7.500000e+00
      vertex   -2.758285e+01 -1.980090e+01 5.500000e+00
      vertex   -2.734440e+01 -2.075285e+01 5.500000e+00
    endloop
  endfacet
  facet normal -9.415441e-01 -3.368899e-01 -0.000000e+00
    outer loop
      vertex   -2.734440e+01 -2.075285e+01 7.500000e+00
      vertex   -2.734440e+01 -2.075285e+01 5.500000e+00
      vertex   -2.701380e+01 -2.167683e+01 7.500000e+00
    endloop
  endfacet
  facet normal -9.415441e-01 -3.368899e-01 -0.000000e+00
    outer loop
      vertex   -2.701380e+01 -2.167683e+01 7.500000e+00
      vertex   -2.734440e+01 -2.075285e+01 5.500000e+00
      vertex   -2.701380e+01 -2.167683e+01 5.500000e+00
    endloop
  endfacet
  facet normal -9.039893e-01 -4.275551e-01 -0.000000e+00
    outer loop
      vertex   -2.701380e+01 -2.167683e+01 7.500000e+00
      vertex   -2.701380e+01 -2.167683e+01 5.500000e+00
      vertex   -2.659421e+01 -2.256397e+01 7.500000e+00
    endloop
  endfacet
  facet normal -9.039893e-01 -4.275551e-01 -0.000000e+00
    outer loop
      vertex   -2.659421e+01 -2.256397e+01 7.500000e+00
      vertex   -2.701380e+01 -2.167683e+01 5.500000e+00
      vertex   -2.659421e+01 -2.256397e+01 5.500000e+00
    endloop
  endfacet
  facet normal -8.577286e-01 -5.141027e-01 -0.000000e+00
    outer loop
      vertex   -2.659421e+01 -2.256397e+01 7.500000e+00
      vertex   -2.659421e+01 -2.256397e+01 5.500000e+00
      vertex   -2.608970e+01 -2.340570e+01 7.500000e+00
    endloop
  endfacet
  facet normal -8.577286e-01 -5.141027e-01 -0.000000e+00
    outer loop
      vertex   -2.608970e+01 -2.340570e+01 7.500000e+00
      vertex   -2.659421e+01 -2.256397e+01 5.500000e+00
      vertex   -2.608970e+01 -2.340570e+01 5.500000e+00
    endloop
  endfacet
  facet normal -8.032075e-01 -5.956993e-01 -0.000000e+00
    outer loop
      vertex   -2.608970e+01 -2.340570e+01 7.500000e+00
      vertex   -2.608970e+01 -2.340570e+01 5.500000e+00
      vertex   -2.550510e+01 -2.419393e+01 7.500000e+00
    endloop
  endfacet
  facet normal -8.032075e-01 -5.956993e-01 -0.000000e+00
    outer loop
      vertex   -2.550510e+01 -2.419393e+01 7.500000e+00
      vertex   -2.608970e+01 -2.340570e+01 5.500000e+00
      vertex   -2.550510e+01 -2.419393e+01 5.500000e+00
    endloop
  endfacet
  facet normal -7.409511e-01 -6.715590e-01 -0.000000e+00
    outer loop
      vertex   -2.550510e+01 -2.419393e+01 7.500000e+00
      vertex   -2.550510e+01 -2.419393e+01 5.500000e+00
      vertex   -2.484607e+01 -2.492107e+01 7.500000e+00
    endloop
  endfacet
  facet normal -7.409511e-01 -6.715590e-01 -0.000000e+00
    outer loop
      vertex   -2.484607e+01 -2.492107e+01 7.500000e+00
      vertex   -2.550510e+01 -2.419393e+01 5.500000e+00
      vertex   -2.484607e+01 -2.492107e+01 5.500000e+00
    endloop
  endfacet
  facet normal -6.715590e-01 -7.409511e-01 -0.000000e+00
    outer loop
      vertex   -2.484607e+01 -2.492107e+01 7.500000e+00
      vertex   -2.484607e+01 -2.492107e+01 5.500000e+00
      vertex   -2.411893e+01 -2.558010e+01 7.500000e+00
    endloop
  endfacet
  facet normal -6.715590e-01 -7.409511e-01 -0.000000e+00
    outer loop
      vertex   -2.411893e+01 -2.558010e+01 7.500000e+00
      vertex   -2.484607e+01 -2.492107e+01 5.500000e+00
      vertex   -2.411893e+01 -2.558010e+01 5.500000e+00
    endloop
  endfacet
  facet normal -5.956993e-01 -8.032075e-01 -0.000000e+00
    outer loop
      vertex   -2.411893e+01 -2.558010e+01 7.500000e+00
      vertex   -2.411893e+01 -2.558010e+01 5.500000e+00
      vertex   -2.333070e+01 -2.616470e+01 7.500000e+00
    endloop
  endfacet
  facet normal -5.956993e-01 -8.032075e-01 -0.000000e+00
    outer loop
      vertex   -2.333070e+01 -2.616470e+01 7.500000e+00
      vertex   -2.411893e+01 -2.558010e+01 5.500000e+00
      vertex   -2.333070e+01 -2.616470e+01 5.500000e+00
    endloop
  endfacet
  facet normal -5.141027e-01 -8.577286e-01 -0.000000e+00
    outer loop
      vertex   -2.333070e+01 -2.616470e+01 7.500000e+00
      vertex   -2.333070e+01 -2.616470e+01 5.500000e+00
      vertex   -2.248897e+01 -2.666921e+01 7.500000e+00
    endloop
  endfacet
  facet normal -5.141027e-01 -8.577286e-01 -0.000000e+00
    outer loop
      vertex   -2.248897e+01 -2.666921e+01 7.500000e+00
      vertex   -2.333070e+01 -2.616470e+01 5.500000e+00
      vertex   -2.248897e+01 -2.666921e+01 5.500000e+00
    endloop
  endfacet
  facet normal -4.275551e-01 -9.039893e-01 -0.000000e+00
    outer loop
      vertex   -2.248897e+01 -2.666921e+01 7.500000e+00
      vertex   -2.248897e+01 -2.666921e+01 5.500000e+00
      vertex   -2.160183e+01 -2.708880e+01 7.500000e+00
    endloop
  endfacet
  facet normal -4.275551e-01 -9.039893e-01 -0.000000e+00
    outer loop
      vertex   -2.160183e+01 -2.708880e+01 7.500000e+00
      vertex   -2.248897e+01 -2.666921e+01 5.500000e+00
      vertex   -2.160183e+01 -2.708880e+01 5.500000e+00
    endloop
  endfacet
  facet normal -3.368899e-01 -9.415441e-01 -0.000000e+00
    outer loop
      vertex   -2.160183e+01 -2.708880e+01 7.500000e+00
      vertex   -2.160183e+01 -2.708880e+01 5.500000e+00
      vertex   -2.067785e+01 -2.741940e+01 7.500000e+00
    endloop
  endfacet
  facet normal -3.368899e-01 -9.415441e-01 -0.000000e+00
    outer loop
      vertex   -2.067785e+01 -2.741940e+01 7.500000e+00
      vertex   -2.160183e+01 -2.708880e+01 5.500000e+00
      vertex   -2.067785e+01 -2.741940e+01 5.500000e+00
    endloop
  endfacet
  facet normal -2.429802e-01 -9.700313e-01 -0.000000e+00
    outer loop
      vertex   -2.067785e+01 -2.741940e+01 7.500000e+00
      vertex   -2.067785e+01 -2.741940e+01 5.500000e+00
      vertex   -1.972590e+01 -2.765785e+01 7.500000e+00
    endloop
  endfacet
  facet normal -2.429802e-01 -9.700313e-01 -0.000000e+00
    outer loop
      vertex   -1.972590e+01 -2.765785e+01 7.500000e+00
      vertex   -2.067785e+01 -2.741940e+01 5.500000e+00
      vertex   -1.972590e+01 -2.765785e+01 5.500000e+00
    endloop
  endfacet
  facet normal -1.467305e-01 -9.891765e-01 -0.000000e+00
    outer loop
      vertex   -1.972590e+01 -2.765785e+01 7.500000e+00
      vertex   -1.972590e+01 -2.765785e+01 5.500000e+00
      vertex   -1.875517e+01 -2.780185e+01 7.500000e+00
    endloop
  endfacet
  facet normal -1.467305e-01 -9.891765e-01 -0.000000e+00
    outer loop
      vertex   -1.875517e+01 -2.780185e+01 7.500000e+00
      vertex   -1.972590e+01 -2.765785e+01 5.500000e+00
      vertex   -1.875517e+01 -2.780185e+01 5.500000e+00
    endloop
  endfacet
  facet normal -4.906767e-02 -9.987955e-01 -0.000000e+00
    outer loop
      vertex   -1.875517e+01 -2.780185e+01 7.500000e+00
      vertex   -1.875517e+01 -2.780185e+01 5.500000e+00
      vertex   -1.777500e+01 -2.785000e+01 7.500000e+00
    endloop
  endfacet
  facet normal -4.906767e-02 -9.987955e-01 -0.000000e+00
    outer loop
      vertex   -1.777500e+01 -2.785000e+01 7.500000e+00
      vertex   -1.875517e+01 -2.780185e+01 5.500000e+00
      vertex   -1.777500e+01 -2.785000e+01 5.500000e+00
    endloop
  endfacet
  facet normal -1.000000e+00 0.000000e+00 0.000000e+00
    outer loop
      vertex   -2.777500e+01 1.785000e+01 5.500000e+00
      vertex   -2.777500e+01 -1.785000e+01 5.500000e+00
      vertex   -2.777500e+01 1.785000e+01 7.500000e+00
    endloop
  endfacet
  facet normal -1.000000e+00 -0.000000e+00 0.000000e+00
    outer loop
      vertex   -2.777500e+01 1.785000e+01 7.500000e+00
      vertex   -2.777500e+01 -1.785000e+01 5.500000e+00
      vertex   -2.777500e+01 -1.785000e+01 7.500000e+00
    endloop
  endfacet
  facet normal -4.906767e-02 9.987955e-01 0.000000e+00
    outer loop
      vertex   -1.777500e+01 2.785000e+01 7.500000e+00
      vertex   -1.777500e+01 2.785000e+01 5.500000e+00
      vertex   -1.875517e+01 2.780185e+01 7.500000e+00
    endloop
  endfacet
  facet normal -4.906767e-02 9.987955e-01 8.716170e-17
    outer loop
      vertex   -1.875517e+01 2.780185e+01 7.500000e+00
      vertex   -1.777500e+01 2.785000e+01 5.500000e+00
      vertex   -1.875517e+01 2.780185e+01 5.500000e+00
    endloop
  endfacet
  facet normal -1.467305e-01 9.891765e-01 2.606457e-16
    outer loop
      vertex   -1.875517e+01 2.780185e+01 7.500000e+00
      vertex   -1.875517e+01 2.780185e+01 5.500000e+00
      vertex   -1.972590e+01 2.765785e+01 7.500000e+00
    endloop
  endfacet
  facet normal -1.467305e-01 9.891765e-01 0.000000e+00
    outer loop
      vertex   -1.972590e+01 2.765785e+01 7.500000e+00
      vertex   -1.875517e+01 2.780185e+01 5.500000e+00
      vertex   -1.972590e+01 2.765785e+01 5.500000e+00
    endloop
  endfacet
  facet normal -2.429802e-01 9.700313e-01 0.000000e+00
    outer loop
      vertex   -1.972590e+01 2.765785e+01 7.500000e+00
      vertex   -1.972590e+01 2.765785e+01 5.500000e+00
      vertex   -2.067785e+01 2.741940e+01 7.500000e+00
    endloop
  endfacet
  facet normal -2.429802e-01 9.700313e-01 0.000000e+00
    outer loop
      vertex   -2.067785e+01 2.741940e+01 7.500000e+00
      vertex   -1.972590e+01 2.765785e+01 5.500000e+00
      vertex   -2.067785e+01 2.741940e+01 5.500000e+00
    endloop
  endfacet
  facet normal -3.368899e-01 9.415441e-01 0.000000e+00
    outer loop
      vertex   -2.067785e+01 2.741940e+01 7.500000e+00
      vertex   -2.067785e+01 2.741940e+01 5.500000e+00
      vertex   -2.160183e+01 2.708880e+01 7.500000e+00
    endloop
  endfacet
  facet normal -3.368899e-01 9.415441e-01 0.000000e+00
    outer loop
      vertex   -2.160183e+01 2.708880e+01 7.500000e+00
      vertex   -2.067785e+01 2.741940e+01 5.500000e+00
      vertex   -2.160183e+01 2.708880e+01 5.500000e+00
    endloop
  endfacet
  facet normal -4.275551e-01 9.039893e-01 0.000000e+00
    outer loop
      vertex   -2.160183e+01 2.708880e+01 7.500000e+00
      vertex   -2.160183e+01 2.708880e+01 5.500000e+00
      vertex   -2.248897e+01 2.666921e+01 7.500000e+00
    endloop
  endfacet
  facet normal -4.275551e-01 9.039893e-01 0.000000e+00
    outer loop
      vertex   -2.248897e+01 2.666921e+01 7.500000e+00
      vertex   -2.160183e+01 2.708880e+01 5.500000e+00
      vertex   -2.248897e+01 2.666921e+01 5.500000e+00
    endloop
  endfacet
  facet normal -5.141027e-01 8.577286e-01 0.000000e+00
    outer loop
      vertex   -2.248897e+01 2.666921e+01 7.500000e+00
      vertex   -2.248897e+01 2.666921e+01 5.500000e+00
      vertex   -2.333070e+01 2.616470e+01 7.500000e+00
    endloop
  endfacet
  facet normal -5.141027e-01 8.577286e-01 0.000000e+00
    outer loop
      vertex   -2.333070e+01 2.616470e+01 7.500000e+00
      vertex   -2.248897e+01 2.666921e+01 5.500000e+00
      vertex   -2.333070e+01 2.616470e+01 5.500000e+00
    endloop
  endfacet
  facet normal -5.956993e-01 8.032075e-01 0.000000e+00
    outer loop
      vertex   -2.333070e+01 2.616470e+01 7.500000e+00
      vertex   -2.333070e+01 2.616470e+01 5.500000e+00
      vertex   -2.411893e+01 2.558010e+01 7.500000e+00
    endloop
  endfacet
  facet normal -5.956993e-01 8.032075e-01 0.000000e+00
    outer loop
      vertex   -2.411893e+01 2.558010e+01 7.500000e+00
      vertex   -2.333070e+01 2.616470e+01 5.500000e+00
      vertex   -2.411893e+01 2.558010e+01 5.500000e+00
    endloop
  endfacet
  facet normal -6.715590e-01 7.409511e-01 0.000000e+00
    outer loop
      vertex   -2.411893e+01 2.558010e+01 7.500000e+00
      vertex   -2.411893e+01 2.558010e+01 5.500000e+00
      vertex   -2.484607e+01 2.492107e+01 7.500000e+00
    endloop
  endfacet
  facet normal -6.715590e-01 7.409511e-01 0.000000e+00
    outer loop
      vertex   -2.484607e+01 2.492107e+01 7.500000e+00
      vertex   -2.411893e+01 2.558010e+01 5.500000e+00
      vertex   -2.484607e+01 2.492107e+01 5.500000e+00
    endloop
  endfacet
  facet normal -7.409511e-01 6.715590e-01 0.000000e+00
    outer loop
      vertex   -2.484607e+01 2.492107e+01 7.500000e+00
      vertex   -2.484607e+01 2.492107e+01 5.500000e+00
      vertex   -2.550510e+01 2.419393e+01 7.500000e+00
    endloop
  endfacet
  facet normal -7.409511e-01 6.715590e-01 0.000000e+00
    outer loop
      vertex   -2.550510e+01 2.419393e+01 7.500000e+00
      vertex   -2.484607e+01 2.492107e+01 5.500000e+00
      vertex   -2.550510e+01 2.419393e+01 5.500000e+00
    endloop
  endfacet
  facet normal -8.032075e-01 5.956993e-01 0.000000e+00
    outer loop
      vertex   -2.550510e+01 2.419393e+01 7.500000e+00
      vertex   -2.550510e+01 2.419393e+01 5.500000e+00
      vertex   -2.608970e+01 2.340570e+01 7.500000e+00
    endloop
  endfacet
  facet normal -8.032075e-01 5.956993e-01 0.000000e+00
    outer loop
      vertex   -2.608970e+01 2.340570e+01 7.500000e+00
      vertex   -2.550510e+01 2.419393e+01 5.500000e+00
      vertex   -2.608970e+01 2.340570e+01 5.500000e+00
    endloop
  endfacet
  facet normal -8.577286e-01 5.141027e-01 0.000000e+00
    outer loop
      vertex   -2.608970e+01 2.340570e+01 7.500000e+00
      vertex   -2.608970e+01 2.340570e+01 5.500000e+00
      vertex   -2.659421e+01 2.256397e+01 7.500000e+00
    endloop
  endfacet
  facet normal -8.577286e-01 5.141027e-01 1.826460e-15
    outer loop
      vertex   -2.659421e+01 2.256397e+01 7.500000e+00
      vertex   -2.608970e+01 2.340570e+01 5.500000e+00
      vertex   -2.659421e+01 2.256397e+01 5.500000e+00
    endloop
  endfacet
  facet normal -9.039893e-01 4.275551e-01 1.518981e-15
    outer loop
      vertex   -2.659421e+01 2.256397e+01 7.500000e+00
      vertex   -2.659421e+01 2.256397e+01 5.500000e+00
      vertex   -2.701380e+01 2.167683e+01 7.500000e+00
    endloop
  endfacet
  facet normal -9.039893e-01 4.275551e-01 -7.594904e-16
    outer loop
      vertex   -2.701380e+01 2.167683e+01 7.500000e+00
      vertex   -2.659421e+01 2.256397e+01 5.500000e+00
      vertex   -2.701380e+01 2.167683e+01 5.500000e+00
    endloop
  endfacet
  facet normal -9.415441e-01 3.368899e-01 -5.984366e-16
    outer loop
      vertex   -2.701380e+01 2.167683e+01 7.500000e+00
      vertex   -2.701380e+01 2.167683e+01 5.500000e+00
      vertex   -2.734440e+01 2.075285e+01 7.500000e+00
    endloop
  endfacet
  facet normal -9.415441e-01 3.368899e-01 0.000000e+00
    outer loop
      vertex   -2.734440e+01 2.075285e+01 7.500000e+00
      vertex   -2.701380e+01 2.167683e+01 5.500000e+00
      vertex   -2.734440e+01 2.075285e+01 5.500000e+00
    endloop
  endfacet
  facet normal -9.700313e-01 2.429802e-01 0.000000e+00
    outer loop
      vertex   -2.734440e+01 2.075285e+01 7.500000e+00
      vertex   -2.734440e+01 2.075285e+01 5.500000e+00
      vertex   -2.758285e+01 1.980090e+01 7.500000e+00
    endloop
  endfacet
  facet normal -9.700313e-01 2.429802e-01 0.000000e+00
    outer loop
      vertex   -2.758285e+01 1.980090e+01 7.500000e+00
      vertex   -2.734440e+01 2.075285e+01 5.500000e+00
      vertex   -2.758285e+01 1.980090e+01 5.500000e+00
    endloop
  endfacet
  facet normal -9.891765e-01 1.467305e-01 0.000000e+00
    outer loop
      vertex   -2.758285e+01 1.980090e+01 7.500000e+00
      vertex   -2.758285e+01 1.980090e+01 5.500000e+00
      vertex   -2.772685e+01 1.883017e+01 7.500000e+00
    endloop
  endfacet
  facet normal -9.891765e-01 1.467305e-01 0.000000e+00
    outer loop
      vertex   -2.772685e+01 1.883017e+01 7.500000e+00
      vertex   -2.758285e+01 1.980090e+01 5.500000e+00
      vertex   -2.772685e+01 1.883017e+01 5.500000e+00
    endloop
  endfacet
  facet normal -9.987955e-01 4.906767e-02 0.000000e+00
    outer loop
      vertex   -2.772685e+01 1.883017e+01 7.500000e+00
      vertex   -2.772685e+01 1.883017e+01 5.500000e+00
      vertex   -2.777500e+01 1.785000e+01 7.500000e+00
    endloop
  endfacet
  facet normal -9.987955e-01 4.906767e-02 0.000000e+00
    outer loop
      vertex   -2.777500e+01 1.785000e+01 7.500000e+00
      vertex   -2.772685e+01 1.883017e+01 5.500000e+00
      vertex   -2.777500e+01 1.785000e+01 5.500000e+00
    endloop
  endfacet
  facet normal 9.914449e-01 1.305262e-01 0.000000e+00
    outer loop
      vertex   1.992100e+01 -9.099406e+00 5.500000e+00
      vertex   1.992100e+01 -9.099406e+00 4.500000e+00
      vertex   1.987500e+01 -8.750000e+00 5.500000e+00
    endloop
  endfacet
  facet normal 9.914449e-01 1.305262e-01 0.000000e+00
    outer loop
      vertex   1.987500e+01 -8.750000e+00 5.500000e+00
      vertex   1.992100e+01 -9.099406e+00 4.500000e+00
      vertex   1.987500e+01 -8.750000e+00 4.500000e+00
    endloop
  endfacet
  facet normal 9.914449e-01 -1.305262e-01 0.000000e+00
    outer loop
      vertex   1.987500e+01 -8.750000e+00 5.500000e+00
      vertex   1.987500e+01 -8.750000e+00 4.500000e+00
      vertex   1.992100e+01 -8.400594e+00 5.500000e+00
    endloop
  endfacet
  facet normal 9.914449e-01 -1.305262e-01 0.000000e+00
    outer loop
      vertex   1.992100e+01 -8.400594e+00 5.500000e+00
      vertex   1.987500e+01 -8.750000e+00 4.500000e+00
      vertex   1.992100e+01 -8.400594e+00 4.500000e+00
    endloop
  endfacet
  facet normal 9.238795e-01 -3.826834e-01 0.000000e+00
    outer loop
      vertex   1.992100e+01 -8.400594e+00 5.500000e+00
      vertex   1.992100e+01 -8.400594e+00 4.500000e+00
      vertex   2.005587e+01 -8.075000e+00 5.500000e+00
    endloop
  endfacet
  facet normal 9.238795e-01 -3.826834e-01 0.000000e+00
    outer loop
      vertex   2.005587e+01 -8.075000e+00 5.500000e+00
      vertex   1.992100e+01 -8.400594e+00 4.500000e+00
      vertex   2.005587e+01 -8.075000e+00 4.500000e+00
    endloop
  endfacet
  facet normal 7.933533e-01 -6.087614e-01 0.000000e+00
    outer loop
      vertex   2.005587e+01 -8.075000e+00 5.500000e+00
      vertex   2.005587e+01 -8.075000e+00 4.500000e+00
      vertex   2.027041e+01 -7.795406e+00 5.500000e+00
    endloop
  endfacet
  facet normal 7.933533e-01 -6.087614e-01 0.000000e+00
    outer loop
      vertex   2.027041e+01 -7.795406e+00 5.500000e+00
      vertex   2.005587e+01 -8.075000e+00 4.500000e+00
      vertex   2.027041e+01 -7.795406e+00 4.500000e+00
    endloop
  endfacet
  facet normal 6.087614e-01 -7.933533e-01 0.000000e+00
    outer loop
      vertex   2.027041e+01 -7.795406e+00 5.500000e+00
      vertex   2.027041e+01 -7.795406e+00 4.500000e+00
      vertex   2.055000e+01 -7.580866e+00 5.500000e+00
    endloop
  endfacet
  facet normal 6.087614e-01 -7.933533e-01 2.162755e-15
    outer loop
      vertex   2.055000e+01 -7.580866e+00 5.500000e+00
      vertex   2.027041e+01 -7.795406e+00 4.500000e+00
      vertex   2.055000e+01 -7.580866e+00 4.500000e+00
    endloop
  endfacet
  facet normal 3.826834e-01 -9.238795e-01 1.359565e-15
    outer loop
      vertex   2.055000e+01 -7.580866e+00 5.500000e+00
      vertex   2.055000e+01 -7.580866e+00 4.500000e+00
      vertex   2.087559e+01 -7.446000e+00 5.500000e+00
    endloop
  endfacet
  facet normal 3.826834e-01 -9.238795e-01 0.000000e+00
    outer loop
      vertex   2.087559e+01 -7.446000e+00 5.500000e+00
      vertex   2.055000e+01 -7.580866e+00 4.500000e+00
      vertex   2.087559e+01 -7.446000e+00 4.500000e+00
    endloop
  endfacet
  facet normal 1.305262e-01 -9.914449e-01 0.000000e+00
    outer loop
      vertex   2.087559e+01 -7.446000e+00 5.500000e+00
      vertex   2.087559e+01 -7.446000e+00 4.500000e+00
      vertex   2.122500e+01 -7.400000e+00 5.500000e+00
    endloop
  endfacet
  facet normal 1.305262e-01 -9.914449e-01 0.000000e+00
    outer loop
      vertex   2.122500e+01 -7.400000e+00 5.500000e+00
      vertex   2.087559e+01 -7.446000e+00 4.500000e+00
      vertex   2.122500e+01 -7.400000e+00 4.500000e+00
    endloop
  endfacet
  facet normal -1.305262e-01 -9.914449e-01 -0.000000e+00
    outer loop
      vertex   2.122500e+01 -7.400000e+00 5.500000e+00
      vertex   2.122500e+01 -7.400000e+00 4.500000e+00
      vertex   2.157441e+01 -7.446000e+00 5.500000e+00
    endloop
  endfacet
  facet normal -1.305262e-01 -9.914449e-01 -0.000000e+00
    outer loop
      vertex   2.157441e+01 -7.446000e+00 5.500000e+00
      vertex   2.122500e+01 -7.400000e+00 4.500000e+00
      vertex   2.157441e+01 -7.446000e+00 4.500000e+00
    endloop
  endfacet
  facet normal -3.826834e-01 -9.238795e-01 -0.000000e+00
    outer loop
      vertex   2.157441e+01 -7.446000e+00 5.500000e+00
      vertex   2.157441e+01 -7.446000e+00 4.500000e+00
      vertex   2.190000e+01 -7.580866e+00 5.500000e+00
    endloop
  endfacet
  facet normal -3.826834e-01 -9.238795e-01 -5.389948e-16
    outer loop
      vertex   2.190000e+01 -7.580866e+00 5.500000e+00
      vertex   2.157441e+01 -7.446000e+00 4.500000e+00
      vertex   2.190000e+01 -7.580866e+00 4.500000e+00
    endloop
  endfacet
  facet normal -6.087614e-01 -7.933533e-01 -1.458116e-15
    outer loop
      vertex   2.190000e+01 -7.580866e+00 5.500000e+00
      vertex   2.190000e+01 -7.580866e+00 4.500000e+00
      vertex   2.217959e+01 -7.795406e+00 5.500000e+00
    endloop
  endfacet
  facet normal -6.087614e-01 -7.933533e-01 7.046393e-16
    outer loop
      vertex   2.217959e+01 -7.795406e+00 5.500000e+00
      vertex   2.190000e+01 -7.580866e+00 4.500000e+00
      vertex   2.217959e+01 -7.795406e+00 4.500000e+00
    endloop
  endfacet
  facet normal -7.933533e-01 -6.087614e-01 5.406888e-16
    outer loop
      vertex   2.217959e+01 -7.795406e+00 5.500000e+00
      vertex   2.217959e+01 -7.795406e+00 4.500000e+00
      vertex   2.239413e+01 -8.075000e+00 5.500000e+00
    endloop
  endfacet
  facet normal -7.933533e-01 -6.087614e-01 -0.000000e+00
    outer loop
      vertex   2.239413e+01 -8.075000e+00 5.500000e+00
      vertex   2.217959e+01 -7.795406e+00 4.500000e+00
      vertex   2.239413e+01 -8.075000e+00 4.500000e+00
    endloop
  endfacet
  facet normal -9.238795e-01 -3.826834e-01 -0.000000e+00
    outer loop
      vertex   2.239413e+01 -8.075000e+00 5.500000e+00
      vertex   2.239413e+01 -8.075000e+00 4.500000e+00
      vertex   2.252900e+01 -8.400594e+00 5.500000e+00
    endloop
  endfacet
  facet normal -9.238795e-01 -3.826834e-01 6.797823e-16
    outer loop
      vertex   2.252900e+01 -8.400594e+00 5.500000e+00
      vertex   2.239413e+01 -8.075000e+00 4.500000e+00
      vertex   2.252900e+01 -8.400594e+00 4.500000e+00
    endloop
  endfacet
  facet normal -9.914449e-01 -1.305262e-01 2.318611e-16
    outer loop
      vertex   2.252900e+01 -8.400594e+00 5.500000e+00
      vertex   2.252900e+01 -8.400594e+00 4.500000e+00
      vertex   2.257500e+01 -8.750000e+00 5.500000e+00
    endloop
  endfacet
  facet normal -9.914449e-01 -1.305262e-01 -0.000000e+00
    outer loop
      vertex   2.257500e+01 -8.750000e+00 5.500000e+00
      vertex   2.252900e+01 -8.400594e+00 4.500000e+00
      vertex   2.257500e+01 -8.750000e+00 4.500000e+00
    endloop
  endfacet
  facet normal -9.914449e-01 1.305262e-01 0.000000e+00
    outer loop
      vertex   2.257500e+01 -8.750000e+00 5.500000e+00
      vertex   2.257500e+01 -8.750000e+00 4.500000e+00
      vertex   2.252900e+01 -9.099406e+00 5.500000e+00
    endloop
  endfacet
  facet normal -9.914449e-01 1.305262e-01 -2.318611e-16
    outer loop
      vertex   2.252900e+01 -9.099406e+00 5.500000e+00
      vertex   2.257500e+01 -8.750000e+00 4.500000e+00
      vertex   2.252900e+01 -9.099406e+00 4.500000e+00
    endloop
  endfacet
  facet normal -9.238795e-01 3.826834e-01 -6.797823e-16
    outer loop
      vertex   2.252900e+01 -9.099406e+00 5.500000e+00
      vertex   2.252900e+01 -9.099406e+00 4.500000e+00
      vertex   2.239413e+01 -9.425000e+00 5.500000e+00
    endloop
  endfacet
  facet normal -9.238795e-01 3.826834e-01 0.000000e+00
    outer loop
      vertex   2.239413e+01 -9.425000e+00 5.500000e+00
      vertex   2.252900e+01 -9.099406e+00 4.500000e+00
      vertex   2.239413e+01 -9.425000e+00 4.500000e+00
    endloop
  endfacet
  facet normal -7.933533e-01 6.087614e-01 0.000000e+00
    outer loop
      vertex   2.239413e+01 -9.425000e+00 5.500000e+00
      vertex   2.239413e+01 -9.425000e+00 4.500000e+00
      vertex   2.217959e+01 -9.704594e+00 5.500000e+00
    endloop
  endfacet
  facet normal -7.933533e-01 6.087614e-01 -1.081378e-15
    outer loop
      vertex   2.217959e+01 -9.704594e+00 5.500000e+00
      vertex   2.239413e+01 -9.425000e+00 4.500000e+00
      vertex   2.217959e+01 -9.704594e+00 4.500000e+00
    endloop
  endfacet
  facet normal -6.087614e-01 7.933533e-01 -1.409279e-15
    outer loop
      vertex   2.217959e+01 -9.704594e+00 5.500000e+00
      vertex   2.217959e+01 -9.704594e+00 4.500000e+00
      vertex   2.190000e+01 -9.919134e+00 5.500000e+00
    endloop
  endfacet
  facet normal -6.087614e-01 7.933533e-01 2.162755e-15
    outer loop
      vertex   2.190000e+01 -9.919134e+00 5.500000e+00
      vertex   2.217959e+01 -9.704594e+00 4.500000e+00
      vertex   2.190000e+01 -9.919134e+00 4.500000e+00
    endloop
  endfacet
  facet normal -3.826834e-01 9.238795e-01 1.359565e-15
    outer loop
      vertex   2.190000e+01 -9.919134e+00 5.500000e+00
      vertex   2.190000e+01 -9.919134e+00 4.500000e+00
      vertex   2.157441e+01 -1.005400e+01 5.500000e+00
    endloop
  endfacet
  facet normal -3.826834e-01 9.238795e-01 0.000000e+00
    outer loop
      vertex   2.157441e+01 -1.005400e+01 5.500000e+00
      vertex   2.190000e+01 -9.919134e+00 4.500000e+00
      vertex   2.157441e+01 -1.005400e+01 4.500000e+00
    endloop
  endfacet
  facet normal -1.305262e-01 9.914449e-01 0.000000e+00
    outer loop
      vertex   2.157441e+01 -1.005400e+01 5.500000e+00
      vertex   2.157441e+01 -1.005400e+01 4.500000e+00
      vertex   2.122500e+01 -1.010000e+01 5.500000e+00
    endloop
  endfacet
  facet normal -1.305262e-01 9.914449e-01 0.000000e+00
    outer loop
      vertex   2.122500e+01 -1.010000e+01 5.500000e+00
      vertex   2.157441e+01 -1.005400e+01 4.500000e+00
      vertex   2.122500e+01 -1.010000e+01 4.500000e+00
    endloop
  endfacet
  facet normal 1.305262e-01 9.914449e-01 0.000000e+00
    outer loop
      vertex   2.122500e+01 -1.010000e+01 5.500000e+00
      vertex   2.122500e+01 -1.010000e+01 4.500000e+00
      vertex   2.087559e+01 -1.005400e+01 5.500000e+00
    endloop
  endfacet
  facet normal 1.305262e-01 9.914449e-01 0.000000e+00
    outer loop
      vertex   2.087559e+01 -1.005400e+01 5.500000e+00
      vertex   2.122500e+01 -1.010000e+01 4.500000e+00
      vertex   2.087559e+01 -1.005400e+01 4.500000e+00
    endloop
  endfacet
  facet normal 3.826834e-01 9.238795e-01 0.000000e+00
    outer loop
      vertex   2.087559e+01 -1.005400e+01 5.500000e+00
      vertex   2.087559e+01 -1.005400e+01 4.500000e+00
      vertex   2.055000e+01 -9.919134e+00 5.500000e+00
    endloop
  endfacet
  facet normal 3.826834e-01 9.238795e-01 -1.359565e-15
    outer loop
      vertex   2.055000e+01 -9.919134e+00 5.500000e+00
      vertex   2.087559e+01 -1.005400e+01 4.500000e+00
      vertex   2.055000e+01 -9.919134e+00 4.500000e+00
    endloop
  endfacet
  facet normal 6.087614e-01 7.933533e-01 -2.162755e-15
    outer loop
      vertex   2.055000e+01 -9.919134e+00 5.500000e+00
      vertex   2.055000e+01 -9.919134e+00 4.500000e+00
      vertex   2.027041e+01 -9.704594e+00 5.500000e+00
    endloop
  endfacet
  facet normal 6.087614e-01 7.933533e-01 0.000000e+00
    outer loop
      vertex   2.027041e+01 -9.704594e+00 5.500000e+00
      vertex   2.055000e+01 -9.919134e+00 4.500000e+00
      vertex   2.027041e+01 -9.704594e+00 4.500000e+00
    endloop
  endfacet
  facet normal 7.933533e-01 6.087614e-01 0.000000e+00
    outer loop
      vertex   2.027041e+01 -9.704594e+00 5.500000e+00
      vertex   2.027041e+01 -9.704594e+00 4.500000e+00
      vertex   2.005587e+01 -9.425000e+00 5.500000e+00
    endloop
  endfacet
  facet normal 7.933533e-01 6.087614e-01 0.000000e+00
    outer loop
      vertex   2.005587e+01 -9.425000e+00 5.500000e+00
      vertex   2.027041e+01 -9.704594e+00 4.500000e+00
      vertex   2.005587e+01 -9.425000e+00 4.500000e+00
    endloop
  endfacet
  facet normal 9.238795e-01 3.826834e-01 0.000000e+00
    outer loop
      vertex   2.005587e+01 -9.425000e+00 5.500000e+00
      vertex   2.005587e+01 -9.425000e+00 4.500000e+00
      vertex   1.992100e+01 -9.099406e+00 5.500000e+00
    endloop
  endfacet
  facet normal 9.238795e-01 3.826834e-01 0.000000e+00
    outer loop
      vertex   1.992100e+01 -9.099406e+00 5.500000e+00
      vertex   2.005587e+01 -9.425000e+00 4.500000e+00
      vertex   1.992100e+01 -9.099406e+00 4.500000e+00
    endloop
  endfacet
  facet normal -9.914449e-01 1.305262e-01 0.000000e+00
    outer loop
      vertex   -2.000653e+01 2.103613e+01 4.500000e+00
      vertex   -2.000653e+01 2.103613e+01 5.500000e+00
      vertex   -1.996053e+01 2.138553e+01 4.500000e+00
    endloop
  endfacet
  facet normal -9.914449e-01 1.305262e-01 0.000000e+00
    outer loop
      vertex   -1.996053e+01 2.138553e+01 4.500000e+00
      vertex   -2.000653e+01 2.103613e+01 5.500000e+00
      vertex   -1.996053e+01 2.138553e+01 5.500000e+00
    endloop
  endfacet
  facet normal -9.914449e-01 -1.305262e-01 0.000000e+00
    outer loop
      vertex   -1.996053e+01 2.138553e+01 4.500000e+00
      vertex   -1.996053e+01 2.138553e+01 5.500000e+00
      vertex   -2.000653e+01 2.173494e+01 4.500000e+00
    endloop
  endfacet
  facet normal -9.914449e-01 -1.305262e-01 0.000000e+00
    outer loop
      vertex   -2.000653e+01 2.173494e+01 4.500000e+00
      vertex   -1.996053e+01 2.138553e+01 5.500000e+00
      vertex   -2.000653e+01 2.173494e+01 5.500000e+00
    endloop
  endfacet
  facet normal -9.238795e-01 -3.826834e-01 0.000000e+00
    outer loop
      vertex   -2.000653e+01 2.173494e+01 4.500000e+00
      vertex   -2.000653e+01 2.173494e+01 5.500000e+00
      vertex   -2.014140e+01 2.206053e+01 4.500000e+00
    endloop
  endfacet
  facet normal -9.238795e-01 -3.826834e-01 0.000000e+00
    outer loop
      vertex   -2.014140e+01 2.206053e+01 4.500000e+00
      vertex   -2.000653e+01 2.173494e+01 5.500000e+00
      vertex   -2.014140e+01 2.206053e+01 5.500000e+00
    endloop
  endfacet
  facet normal -7.933533e-01 -6.087614e-01 0.000000e+00
    outer loop
      vertex   -2.014140e+01 2.206053e+01 4.500000e+00
      vertex   -2.014140e+01 2.206053e+01 5.500000e+00
      vertex   -2.035594e+01 2.234013e+01 4.500000e+00
    endloop
  endfacet
  facet normal -7.933533e-01 -6.087614e-01 0.000000e+00
    outer loop
      vertex   -2.035594e+01 2.234013e+01 4.500000e+00
      vertex   -2.014140e+01 2.206053e+01 5.500000e+00
      vertex   -2.035594e+01 2.234013e+01 5.500000e+00
    endloop
  endfacet
  facet normal -6.087614e-01 -7.933533e-01 0.000000e+00
    outer loop
      vertex   -2.035594e+01 2.234013e+01 4.500000e+00
      vertex   -2.035594e+01 2.234013e+01 5.500000e+00
      vertex   -2.063553e+01 2.255467e+01 4.500000e+00
    endloop
  endfacet
  facet normal -6.087614e-01 -7.933533e-01 0.000000e+00
    outer loop
      vertex   -2.063553e+01 2.255467e+01 4.500000e+00
      vertex   -2.035594e+01 2.234013e+01 5.500000e+00
      vertex   -2.063553e+01 2.255467e+01 5.500000e+00
    endloop
  endfacet
  facet normal -3.826834e-01 -9.238795e-01 0.000000e+00
    outer loop
      vertex   -2.063553e+01 2.255467e+01 4.500000e+00
      vertex   -2.063553e+01 2.255467e+01 5.500000e+00
      vertex   -2.096113e+01 2.268953e+01 4.500000e+00
    endloop
  endfacet
  facet normal -3.826834e-01 -9.238795e-01 0.000000e+00
    outer loop
      vertex   -2.096113e+01 2.268953e+01 4.500000e+00
      vertex   -2.063553e+01 2.255467e+01 5.500000e+00
      vertex   -2.096113e+01 2.268953e+01 5.500000e+00
    endloop
  endfacet
  facet normal -1.305262e-01 -9.914449e-01 0.000000e+00
    outer loop
      vertex   -2.096113e+01 2.268953e+01 4.500000e+00
      vertex   -2.096113e+01 2.268953e+01 5.500000e+00
      vertex   -2.131053e+01 2.273553e+01 4.500000e+00
    endloop
  endfacet
  facet normal -1.305262e-01 -9.914449e-01 0.000000e+00
    outer loop
      vertex   -2.131053e+01 2.273553e+01 4.500000e+00
      vertex   -2.096113e+01 2.268953e+01 5.500000e+00
      vertex   -2.131053e+01 2.273553e+01 5.500000e+00
    endloop
  endfacet
  facet normal 1.305262e-01 -9.914449e-01 0.000000e+00
    outer loop
      vertex   -2.131053e+01 2.273553e+01 4.500000e+00
      vertex   -2.131053e+01 2.273553e+01 5.500000e+00
      vertex   -2.165994e+01 2.268953e+01 4.500000e+00
    endloop
  endfacet
  facet normal 1.305262e-01 -9.914449e-01 0.000000e+00
    outer loop
      vertex   -2.165994e+01 2.268953e+01 4.500000e+00
      vertex   -2.131053e+01 2.273553e+01 5.500000e+00
      vertex   -2.165994e+01 2.268953e+01 5.500000e+00
    endloop
  endfacet
  facet normal 3.826834e-01 -9.238795e-01 0.000000e+00
    outer loop
      vertex   -2.165994e+01 2.268953e+01 4.500000e+00
      vertex   -2.165994e+01 2.268953e+01 5.500000e+00
      vertex   -2.198553e+01 2.255467e+01 4.500000e+00
    endloop
  endfacet
  facet normal 3.826834e-01 -9.238795e-01 0.000000e+00
    outer loop
      vertex   -2.198553e+01 2.255467e+01 4.500000e+00
      vertex   -2.165994e+01 2.268953e+01 5.500000e+00
      vertex   -2.198553e+01 2.255467e+01 5.500000e+00
    endloop
  endfacet
  facet normal 6.087614e-01 -7.933533e-01 0.000000e+00
    outer loop
      vertex   -2.198553e+01 2.255467e+01 4.500000e+00
      vertex   -2.198553e+01 2.255467e+01 5.500000e+00
      vertex   -2.226513e+01 2.234013e+01 4.500000e+00
    endloop
  endfacet
  facet normal 6.087614e-01 -7.933533e-01 2.162755e-15
    outer loop
      vertex   -2.226513e+01 2.234013e+01 4.500000e+00
      vertex   -2.198553e+01 2.255467e+01 5.500000e+00
      vertex   -2.226513e+01 2.234013e+01 5.500000e+00
    endloop
  endfacet
  facet normal 7.933533e-01 -6.087614e-01 2.818557e-15
    outer loop
      vertex   -2.226513e+01 2.234013e+01 4.500000e+00
      vertex   -2.226513e+01 2.234013e+01 5.500000e+00
      vertex   -2.247967e+01 2.206053e+01 4.500000e+00
    endloop
  endfacet
  facet normal 7.933533e-01 -6.087614e-01 0.000000e+00
    outer loop
      vertex   -2.247967e+01 2.206053e+01 4.500000e+00
      vertex   -2.226513e+01 2.234013e+01 5.500000e+00
      vertex   -2.247967e+01 2.206053e+01 5.500000e+00
    endloop
  endfacet
  facet normal 9.238795e-01 -3.826834e-01 0.000000e+00
    outer loop
      vertex   -2.247967e+01 2.206053e+01 4.500000e+00
      vertex   -2.247967e+01 2.206053e+01 5.500000e+00
      vertex   -2.261453e+01 2.173494e+01 4.500000e+00
    endloop
  endfacet
  facet normal 9.238795e-01 -3.826834e-01 0.000000e+00
    outer loop
      vertex   -2.261453e+01 2.173494e+01 4.500000e+00
      vertex   -2.247967e+01 2.206053e+01 5.500000e+00
      vertex   -2.261453e+01 2.173494e+01 5.500000e+00
    endloop
  endfacet
  facet normal 9.914449e-01 -1.305262e-01 0.000000e+00
    outer loop
      vertex   -2.261453e+01 2.173494e+01 4.500000e+00
      vertex   -2.261453e+01 2.173494e+01 5.500000e+00
      vertex   -2.266053e+01 2.138553e+01 4.500000e+00
    endloop
  endfacet
  facet normal 9.914449e-01 -1.305262e-01 0.000000e+00
    outer loop
      vertex   -2.266053e+01 2.138553e+01 4.500000e+00
      vertex   -2.261453e+01 2.173494e+01 5.500000e+00
      vertex   -2.266053e+01 2.138553e+01 5.500000e+00
    endloop
  endfacet
  facet normal 9.914449e-01 1.305262e-01 -0.000000e+00
    outer loop
      vertex   -2.266053e+01 2.138553e+01 4.500000e+00
      vertex   -2.266053e+01 2.138553e+01 5.500000e+00
      vertex   -2.261453e+01 2.103613e+01 4.500000e+00
    endloop
  endfacet
  facet normal 9.914449e-01 1.305262e-01 -0.000000e+00
    outer loop
      vertex   -2.261453e+01 2.103613e+01 4.500000e+00
      vertex   -2.266053e+01 2.138553e+01 5.500000e+00
      vertex   -2.261453e+01 2.103613e+01 5.500000e+00
    endloop
  endfacet
  facet normal 9.238795e-01 3.826834e-01 -0.000000e+00
    outer loop
      vertex   -2.261453e+01 2.103613e+01 4.500000e+00
      vertex   -2.261453e+01 2.103613e+01 5.500000e+00
      vertex   -2.247967e+01 2.071053e+01 4.500000e+00
    endloop
  endfacet
  facet normal 9.238795e-01 3.826834e-01 -0.000000e+00
    outer loop
      vertex   -2.247967e+01 2.071053e+01 4.500000e+00
      vertex   -2.261453e+01 2.103613e+01 5.500000e+00
      vertex   -2.247967e+01 2.071053e+01 5.500000e+00
    endloop
  endfacet
  facet normal 7.933533e-01 6.087614e-01 -0.000000e+00
    outer loop
      vertex   -2.247967e+01 2.071053e+01 4.500000e+00
      vertex   -2.247967e+01 2.071053e+01 5.500000e+00
      vertex   -2.226513e+01 2.043094e+01 4.500000e+00
    endloop
  endfacet
  facet normal 7.933533e-01 6.087614e-01 -2.818557e-15
    outer loop
      vertex   -2.226513e+01 2.043094e+01 4.500000e+00
      vertex   -2.247967e+01 2.071053e+01 5.500000e+00
      vertex   -2.226513e+01 2.043094e+01 5.500000e+00
    endloop
  endfacet
  facet normal 6.087614e-01 7.933533e-01 -2.162755e-15
    outer loop
      vertex   -2.226513e+01 2.043094e+01 4.500000e+00
      vertex   -2.226513e+01 2.043094e+01 5.500000e+00
      vertex   -2.198553e+01 2.021640e+01 4.500000e+00
    endloop
  endfacet
  facet normal 6.087614e-01 7.933533e-01 -0.000000e+00
    outer loop
      vertex   -2.198553e+01 2.021640e+01 4.500000e+00
      vertex   -2.226513e+01 2.043094e+01 5.500000e+00
      vertex   -2.198553e+01 2.021640e+01 5.500000e+00
    endloop
  endfacet
  facet normal 3.826834e-01 9.238795e-01 -0.000000e+00
    outer loop
      vertex   -2.198553e+01 2.021640e+01 4.500000e+00
      vertex   -2.198553e+01 2.021640e+01 5.500000e+00
      vertex   -2.165994e+01 2.008153e+01 4.500000e+00
    endloop
  endfacet
  facet normal 3.826834e-01 9.238795e-01 -0.000000e+00
    outer loop
      vertex   -2.165994e+01 2.008153e+01 4.500000e+00
      vertex   -2.198553e+01 2.021640e+01 5.500000e+00
      vertex   -2.165994e+01 2.008153e+01 5.500000e+00
    endloop
  endfacet
  facet normal 1.305262e-01 9.914449e-01 -0.000000e+00
    outer loop
      vertex   -2.165994e+01 2.008153e+01 4.500000e+00
      vertex   -2.165994e+01 2.008153e+01 5.500000e+00
      vertex   -2.131053e+01 2.003553e+01 4.500000e+00
    endloop
  endfacet
  facet normal 1.305262e-01 9.914449e-01 -0.000000e+00
    outer loop
      vertex   -2.131053e+01 2.003553e+01 4.500000e+00
      vertex   -2.165994e+01 2.008153e+01 5.500000e+00
      vertex   -2.131053e+01 2.003553e+01 5.500000e+00
    endloop
  endfacet
  facet normal -1.305262e-01 9.914449e-01 0.000000e+00
    outer loop
      vertex   -2.131053e+01 2.003553e+01 4.500000e+00
      vertex   -2.131053e+01 2.003553e+01 5.500000e+00
      vertex   -2.096113e+01 2.008153e+01 4.500000e+00
    endloop
  endfacet
  facet normal -1.305262e-01 9.914449e-01 0.000000e+00
    outer loop
      vertex   -2.096113e+01 2.008153e+01 4.500000e+00
      vertex   -2.131053e+01 2.003553e+01 5.500000e+00
      vertex   -2.096113e+01 2.008153e+01 5.500000e+00
    endloop
  endfacet
  facet normal -3.826834e-01 9.238795e-01 0.000000e+00
    outer loop
      vertex   -2.096113e+01 2.008153e+01 4.500000e+00
      vertex   -2.096113e+01 2.008153e+01 5.500000e+00
      vertex   -2.063553e+01 2.021640e+01 4.500000e+00
    endloop
  endfacet
  facet normal -3.826834e-01 9.238795e-01 0.000000e+00
    outer loop
      vertex   -2.063553e+01 2.021640e+01 4.500000e+00
      vertex   -2.096113e+01 2.008153e+01 5.500000e+00
      vertex   -2.063553e+01 2.021640e+01 5.500000e+00
    endloop
  endfacet
  facet normal -6.087614e-01 7.933533e-01 0.000000e+00
    outer loop
      vertex   -2.063553e+01 2.021640e+01 4.500000e+00
      vertex   -2.063553e+01 2.021640e+01 5.500000e+00
      vertex   -2.035594e+01 2.043094e+01 4.500000e+00
    endloop
  endfacet
  facet normal -6.087614e-01 7.933533e-01 0.000000e+00
    outer loop
      vertex   -2.035594e+01 2.043094e+01 4.500000e+00
      vertex   -2.063553e+01 2.021640e+01 5.500000e+00
      vertex   -2.035594e+01 2.043094e+01 5.500000e+00
    endloop
  endfacet
  facet normal -7.933533e-01 6.087614e-01 0.000000e+00
    outer loop
      vertex   -2.035594e+01 2.043094e+01 4.500000e+00
      vertex   -2.035594e+01 2.043094e+01 5.500000e+00
      vertex   -2.014140e+01 2.071053e+01 4.500000e+00
    endloop
  endfacet
  facet normal -7.933533e-01 6.087614e-01 0.000000e+00
    outer loop
      vertex   -2.014140e+01 2.071053e+01 4.500000e+00
      vertex   -2.035594e+01 2.043094e+01 5.500000e+00
      vertex   -2.014140e+01 2.071053e+01 5.500000e+00
    endloop
  endfacet
  facet normal -9.238795e-01 3.826834e-01 0.000000e+00
    outer loop
      vertex   -2.014140e+01 2.071053e+01 4.500000e+00
      vertex   -2.014140e+01 2.071053e+01 5.500000e+00
      vertex   -2.000653e+01 2.103613e+01 4.500000e+00
    endloop
  endfacet
  facet normal -9.238795e-01 3.826834e-01 0.000000e+00
    outer loop
      vertex   -2.000653e+01 2.103613e+01 4.500000e+00
      vertex   -2.014140e+01 2.071053e+01 5.500000e+00
      vertex   -2.000653e+01 2.103613e+01 5.500000e+00
    endloop
  endfacet
  facet normal -0.000000e+00 0.000000e+00 1.000000e+00
    outer loop
      vertex   -2.000653e+01 2.103613e+01 5.500000e+00
      vertex   -1.823575e+01 2.082754e+01 5.500000e+00
      vertex   -1.996053e+01 2.138553e+01 5.500000e+00
    endloop
  endfacet
  facet normal -0.000000e+00 0.000000e+00 1.000000e+00
    outer loop
      vertex   -1.996053e+01 2.138553e+01 5.500000e+00
      vertex   -1.823575e+01 2.082754e+01 5.500000e+00
      vertex   -1.818553e+01 2.138553e+01 5.500000e+00
    endloop
  endfacet
  facet normal 0.000000e+00 0.000000e+00 1.000000e+00
    outer loop
      vertex   -1.996053e+01 2.138553e+01 5.500000e+00
      vertex   -1.818553e+01 2.138553e+01 5.500000e+00
      vertex   -1.823575e+01 2.194352e+01 5.500000e+00
    endloop
  endfacet
  facet normal 0.000000e+00 0.000000e+00 1.000000e+00
    outer loop
      vertex   -1.823575e+01 2.082754e+01 5.500000e+00
      vertex   -2.000653e+01 2.103613e+01 5.500000e+00
      vertex   -1.838480e+01 2.028749e+01 5.500000e+00
    endloop
  endfacet
  facet normal 0.000000e+00 0.000000e+00 1.000000e+00
    outer loop
      vertex   -1.838480e+01 2.028749e+01 5.500000e+00
      vertex   -2.000653e+01 2.103613e+01 5.500000e+00
      vertex   -2.014140e+01 2.071053e+01 5.500000e+00
    endloop
  endfacet
  facet normal 0.000000e+00 0.000000e+00 1.000000e+00
    outer loop
      vertex   -1.838480e+01 2.028749e+01 5.500000e+00
      vertex   -2.014140e+01 2.071053e+01 5.500000e+00
      vertex   -1.862788e+01 1.978272e+01 5.500000e+00
    endloop
  endfacet
  facet normal 0.000000e+00 0.000000e+00 1.000000e+00
    outer loop
      vertex   -1.862788e+01 1.978272e+01 5.500000e+00
      vertex   -2.014140e+01 2.071053e+01 5.500000e+00
      vertex   -1.895719e+01 1.932948e+01 5.500000e+00
    endloop
  endfacet
  facet normal 0.000000e+00 0.000000e+00 1.000000e+00
    outer loop
      vertex   -1.895719e+01 1.932948e+01 5.500000e+00
      vertex   -2.014140e+01 2.071053e+01 5.500000e+00
      vertex   -2.035594e+01 2.043094e+01 5.500000e+00
    endloop
  endfacet
  facet normal 0.000000e+00 0.000000e+00 1.000000e+00
    outer loop
      vertex   -1.895719e+01 1.932948e+01 5.500000e+00
      vertex   -2.035594e+01 2.043094e+01 5.500000e+00
      vertex   -1.936213e+01 1.894231e+01 5.500000e+00
    endloop
  endfacet
  facet normal 0.000000e+00 0.000000e+00 1.000000e+00
    outer loop
      vertex   -1.936213e+01 1.894231e+01 5.500000e+00
      vertex   -2.035594e+01 2.043094e+01 5.500000e+00
      vertex   -2.063553e+01 2.021640e+01 5.500000e+00
    endloop
  endfacet
  facet normal 0.000000e+00 0.000000e+00 1.000000e+00
    outer loop
      vertex   -1.936213e+01 1.894231e+01 5.500000e+00
      vertex   -2.063553e+01 2.021640e+01 5.500000e+00
      vertex   -1.982969e+01 1.863367e+01 5.500000e+00
    endloop
  endfacet
  facet normal 0.000000e+00 0.000000e+00 1.000000e+00
    outer loop
      vertex   -1.982969e+01 1.863367e+01 5.500000e+00
      vertex   -2.063553e+01 2.021640e+01 5.500000e+00
      vertex   -2.034486e+01 1.841348e+01 5.500000e+00
    endloop
  endfacet
  facet normal 0.000000e+00 0.000000e+00 1.000000e+00
    outer loop
      vertex   -2.034486e+01 1.841348e+01 5.500000e+00
      vertex   -2.063553e+01 2.021640e+01 5.500000e+00
      vertex   -2.096113e+01 2.008153e+01 5.500000e+00
    endloop
  endfacet
  facet normal 0.000000e+00 0.000000e+00 1.000000e+00
    outer loop
      vertex   -2.034486e+01 1.841348e+01 5.500000e+00
      vertex   -2.096113e+01 2.008153e+01 5.500000e+00
      vertex   -2.089105e+01 1.828882e+01 5.500000e+00
    endloop
  endfacet
  facet normal 0.000000e+00 0.000000e+00 1.000000e+00
    outer loop
      vertex   -2.089105e+01 1.828882e+01 5.500000e+00
      vertex   -2.096113e+01 2.008153e+01 5.500000e+00
      vertex   -2.131053e+01 2.003553e+01 5.500000e+00
    endloop
  endfacet
  facet normal 0.000000e+00 0.000000e+00 1.000000e+00
    outer loop
      vertex   -2.089105e+01 1.828882e+01 5.500000e+00
      vertex   -2.131053e+01 2.003553e+01 5.500000e+00
      vertex   -2.145074e+01 1.826368e+01 5.500000e+00
    endloop
  endfacet
  facet normal 0.000000e+00 -0.000000e+00 1.000000e+00
    outer loop
      vertex   -2.145074e+01 1.826368e+01 5.500000e+00
      vertex   -2.131053e+01 2.003553e+01 5.500000e+00
      vertex   -2.165994e+01 2.008153e+01 5.500000e+00
    endloop
  endfacet
  facet normal 0.000000e+00 0.000000e+00 1.000000e+00
    outer loop
      vertex   -2.145074e+01 1.826368e+01 5.500000e+00
      vertex   -2.165994e+01 2.008153e+01 5.500000e+00
      vertex   -2.200591e+01 1.833888e+01 5.500000e+00
    endloop
  endfacet
  facet normal 0.000000e+00 -0.000000e+00 1.000000e+00
    outer loop
      vertex   -2.200591e+01 1.833888e+01 5.500000e+00
      vertex   -2.165994e+01 2.008153e+01 5.500000e+00
      vertex   -2.253874e+01 1.851201e+01 5.500000e+00
    endloop
  endfacet
  facet normal 0.000000e+00 0.000000e+00 1.000000e+00
    outer loop
      vertex   -2.253874e+01 1.851201e+01 5.500000e+00
      vertex   -2.165994e+01 2.008153e+01 5.500000e+00
      vertex   -2.198553e+01 2.021640e+01 5.500000e+00
    endloop
  endfacet
  facet normal 0.000000e+00 -0.000000e+00 1.000000e+00
    outer loop
      vertex   -2.253874e+01 1.851201e+01 5.500000e+00
      vertex   -2.198553e+01 2.021640e+01 5.500000e+00
      vertex   -2.303209e+01 1.877749e+01 5.500000e+00
    endloop
  endfacet
  facet normal 0.000000e+00 0.000000e+00 1.000000e+00
    outer loop
      vertex   -2.303209e+01 1.877749e+01 5.500000e+00
      vertex   -2.198553e+01 2.021640e+01 5.500000e+00
      vertex   -2.226513e+01 2.043094e+01 5.500000e+00
    endloop
  endfacet
  facet normal 0.000000e+00 -0.000000e+00 1.000000e+00
    outer loop
      vertex   -2.303209e+01 1.877749e+01 5.500000e+00
      vertex   -2.226513e+01 2.043094e+01 5.500000e+00
      vertex   -2.347010e+01 1.912680e+01 5.500000e+00
    endloop
  endfacet
  facet normal 0.000000e+00 -0.000000e+00 1.000000e+00
    outer loop
      vertex   -2.347010e+01 1.912680e+01 5.500000e+00
      vertex   -2.226513e+01 2.043094e+01 5.500000e+00
      vertex   -2.383871e+01 1.954870e+01 5.500000e+00
    endloop
  endfacet
  facet normal 0.000000e+00 0.000000e+00 1.000000e+00
    outer loop
      vertex   -2.383871e+01 1.954870e+01 5.500000e+00
      vertex   -2.226513e+01 2.043094e+01 5.500000e+00
      vertex   -2.247967e+01 2.071053e+01 5.500000e+00
    endloop
  endfacet
  facet normal 0.000000e+00 -0.000000e+00 1.000000e+00
    outer loop
      vertex   -2.383871e+01 1.954870e+01 5.500000e+00
      vertex   -2.247967e+01 2.071053e+01 5.500000e+00
      vertex   -2.412606e+01 2.002965e+01 5.500000e+00
    endloop
  endfacet
  facet normal 0.000000e+00 0.000000e+00 1.000000e+00
    outer loop
      vertex   -2.412606e+01 2.002965e+01 5.500000e+00
      vertex   -2.247967e+01 2.071053e+01 5.500000e+00
      vertex   -2.261453e+01 2.103613e+01 5.500000e+00
    endloop
  endfacet
  facet normal 0.000000e+00 -0.000000e+00 1.000000e+00
    outer loop
      vertex   -2.412606e+01 2.002965e+01 5.500000e+00
      vertex   -2.261453e+01 2.103613e+01 5.500000e+00
      vertex   -2.432292e+01 2.055417e+01 5.500000e+00
    endloop
  endfacet
  facet normal 0.000000e+00 -0.000000e+00 1.000000e+00
    outer loop
      vertex   -2.432292e+01 2.055417e+01 5.500000e+00
      vertex   -2.261453e+01 2.103613e+01 5.500000e+00
      vertex   -2.442295e+01 2.110541e+01 5.500000e+00
    endloop
  endfacet
  facet normal -0.000000e+00 0.000000e+00 1.000000e+00
    outer loop
      vertex   -2.442295e+01 2.110541e+01 5.500000e+00
      vertex   -2.261453e+01 2.103613e+01 5.500000e+00
      vertex   -2.266053e+01 2.138553e+01 5.500000e+00
    endloop
  endfacet
  facet normal 0.000000e+00 0.000000e+00 1.000000e+00
    outer loop
      vertex   -2.442295e+01 2.110541e+01 5.500000e+00
      vertex   -2.266053e+01 2.138553e+01 5.500000e+00
      vertex   -2.442295e+01 2.166566e+01 5.500000e+00
    endloop
  endfacet
  facet normal -0.000000e+00 0.000000e+00 1.000000e+00
    outer loop
      vertex   -2.442295e+01 2.166566e+01 5.500000e+00
      vertex   -2.266053e+01 2.138553e+01 5.500000e+00
      vertex   -2.261453e+01 2.173494e+01 5.500000e+00
    endloop
  endfacet
  facet normal 0.000000e+00 0.000000e+00 1.000000e+00
    outer loop
      vertex   -2.442295e+01 2.166566e+01 5.500000e+00
      vertex   -2.261453e+01 2.173494e+01 5.500000e+00
      vertex   -2.432292e+01 2.221690e+01 5.500000e+00
    endloop
  endfacet
  facet normal -0.000000e+00 0.000000e+00 1.000000e+00
    outer loop
      vertex   -2.432292e+01 2.221690e+01 5.500000e+00
      vertex   -2.261453e+01 2.173494e+01 5.500000e+00
      vertex   -2.412606e+01 2.274142e+01 5.500000e+00
    endloop
  endfacet
  facet normal 0.000000e+00 0.000000e+00 1.000000e+00
    outer loop
      vertex   -2.412606e+01 2.274142e+01 5.500000e+00
      vertex   -2.261453e+01 2.173494e+01 5.500000e+00
      vertex   -2.247967e+01 2.206053e+01 5.500000e+00
    endloop
  endfacet
  facet normal -0.000000e+00 0.000000e+00 1.000000e+00
    outer loop
      vertex   -2.412606e+01 2.274142e+01 5.500000e+00
      vertex   -2.247967e+01 2.206053e+01 5.500000e+00
      vertex   -2.383871e+01 2.322236e+01 5.500000e+00
    endloop
  endfacet
  facet normal 0.000000e+00 0.000000e+00 1.000000e+00
    outer loop
      vertex   -2.383871e+01 2.322236e+01 5.500000e+00
      vertex   -2.247967e+01 2.206053e+01 5.500000e+00
      vertex   -2.226513e+01 2.234013e+01 5.500000e+00
    endloop
  endfacet
  facet normal -0.000000e+00 0.000000e+00 1.000000e+00
    outer loop
      vertex   -2.383871e+01 2.322236e+01 5.500000e+00
      vertex   -2.226513e+01 2.234013e+01 5.500000e+00
      vertex   -2.347010e+01 2.364427e+01 5.500000e+00
    endloop
  endfacet
  facet normal -0.000000e+00 0.000000e+00 1.000000e+00
    outer loop
      vertex   -2.347010e+01 2.364427e+01 5.500000e+00
      vertex   -2.226513e+01 2.234013e+01 5.500000e+00
      vertex   -2.303209e+01 2.399358e+01 5.500000e+00
    endloop
  endfacet
  facet normal 0.000000e+00 0.000000e+00 1.000000e+00
    outer loop
      vertex   -2.303209e+01 2.399358e+01 5.500000e+00
      vertex   -2.226513e+01 2.234013e+01 5.500000e+00
      vertex   -2.198553e+01 2.255467e+01 5.500000e+00
    endloop
  endfacet
  facet normal -0.000000e+00 0.000000e+00 1.000000e+00
    outer loop
      vertex   -2.303209e+01 2.399358e+01 5.500000e+00
      vertex   -2.198553e+01 2.255467e+01 5.500000e+00
      vertex   -2.253874e+01 2.425906e+01 5.500000e+00
    endloop
  endfacet
  facet normal 0.000000e+00 0.000000e+00 1.000000e+00
    outer loop
      vertex   -2.253874e+01 2.425906e+01 5.500000e+00
      vertex   -2.198553e+01 2.255467e+01 5.500000e+00
      vertex   -2.165994e+01 2.268953e+01 5.500000e+00
    endloop
  endfacet
  facet normal -0.000000e+00 0.000000e+00 1.000000e+00
    outer loop
      vertex   -2.253874e+01 2.425906e+01 5.500000e+00
      vertex   -2.165994e+01 2.268953e+01 5.500000e+00
      vertex   -2.200591e+01 2.443218e+01 5.500000e+00
    endloop
  endfacet
  facet normal -0.000000e+00 0.000000e+00 1.000000e+00
    outer loop
      vertex   -2.200591e+01 2.443218e+01 5.500000e+00
      vertex   -2.165994e+01 2.268953e+01 5.500000e+00
      vertex   -2.145074e+01 2.450739e+01 5.500000e+00
    endloop
  endfacet
  facet normal 0.000000e+00 0.000000e+00 1.000000e+00
    outer loop
      vertex   -2.145074e+01 2.450739e+01 5.500000e+00
      vertex   -2.165994e+01 2.268953e+01 5.500000e+00
      vertex   -2.131053e+01 2.273553e+01 5.500000e+00
    endloop
  endfacet
  facet normal 0.000000e+00 0.000000e+00 1.000000e+00
    outer loop
      vertex   -2.145074e+01 2.450739e+01 5.500000e+00
      vertex   -2.131053e+01 2.273553e+01 5.500000e+00
      vertex   -2.089105e+01 2.448225e+01 5.500000e+00
    endloop
  endfacet
  facet normal 0.000000e+00 0.000000e+00 1.000000e+00
    outer loop
      vertex   -2.089105e+01 2.448225e+01 5.500000e+00
      vertex   -2.131053e+01 2.273553e+01 5.500000e+00
      vertex   -2.096113e+01 2.268953e+01 5.500000e+00
    endloop
  endfacet
  facet normal 0.000000e+00 0.000000e+00 1.000000e+00
    outer loop
      vertex   -2.089105e+01 2.448225e+01 5.500000e+00
      vertex   -2.096113e+01 2.268953e+01 5.500000e+00
      vertex   -2.034486e+01 2.435759e+01 5.500000e+00
    endloop
  endfacet
  facet normal 0.000000e+00 0.000000e+00 1.000000e+00
    outer loop
      vertex   -2.034486e+01 2.435759e+01 5.500000e+00
      vertex   -2.096113e+01 2.268953e+01 5.500000e+00
      vertex   -2.063553e+01 2.255467e+01 5.500000e+00
    endloop
  endfacet
  facet normal 0.000000e+00 0.000000e+00 1.000000e+00
    outer loop
      vertex   -2.034486e+01 2.435759e+01 5.500000e+00
      vertex   -2.063553e+01 2.255467e+01 5.500000e+00
      vertex   -1.982969e+01 2.413739e+01 5.500000e+00
    endloop
  endfacet
  facet normal 0.000000e+00 0.000000e+00 1.000000e+00
    outer loop
      vertex   -1.982969e+01 2.413739e+01 5.500000e+00
      vertex   -2.063553e+01 2.255467e+01 5.500000e+00
      vertex   -1.936213e+01 2.382876e+01 5.500000e+00
    endloop
  endfacet
  facet normal 0.000000e+00 0.000000e+00 1.000000e+00
    outer loop
      vertex   -1.936213e+01 2.382876e+01 5.500000e+00
      vertex   -2.063553e+01 2.255467e+01 5.500000e+00
      vertex   -2.035594e+01 2.234013e+01 5.500000e+00
    endloop
  endfacet
  facet normal 0.000000e+00 0.000000e+00 1.000000e+00
    outer loop
      vertex   -1.936213e+01 2.382876e+01 5.500000e+00
      vertex   -2.035594e+01 2.234013e+01 5.500000e+00
      vertex   -1.895719e+01 2.344159e+01 5.500000e+00
    endloop
  endfacet
  facet normal 0.000000e+00 0.000000e+00 1.000000e+00
    outer loop
      vertex   -1.895719e+01 2.344159e+01 5.500000e+00
      vertex   -2.035594e+01 2.234013e+01 5.500000e+00
      vertex   -2.014140e+01 2.206053e+01 5.500000e+00
    endloop
  endfacet
  facet normal 0.000000e+00 0.000000e+00 1.000000e+00
    outer loop
      vertex   -1.895719e+01 2.344159e+01 5.500000e+00
      vertex   -2.014140e+01 2.206053e+01 5.500000e+00
      vertex   -1.862788e+01 2.298834e+01 5.500000e+00
    endloop
  endfacet
  facet normal 0.000000e+00 0.000000e+00 1.000000e+00
    outer loop
      vertex   -1.862788e+01 2.298834e+01 5.500000e+00
      vertex   -2.014140e+01 2.206053e+01 5.500000e+00
      vertex   -1.838480e+01 2.248358e+01 5.500000e+00
    endloop
  endfacet
  facet normal 0.000000e+00 0.000000e+00 1.000000e+00
    outer loop
      vertex   -1.838480e+01 2.248358e+01 5.500000e+00
      vertex   -2.014140e+01 2.206053e+01 5.500000e+00
      vertex   -2.000653e+01 2.173494e+01 5.500000e+00
    endloop
  endfacet
  facet normal 0.000000e+00 0.000000e+00 1.000000e+00
    outer loop
      vertex   -1.838480e+01 2.248358e+01 5.500000e+00
      vertex   -2.000653e+01 2.173494e+01 5.500000e+00
      vertex   -1.823575e+01 2.194352e+01 5.500000e+00
    endloop
  endfacet
  facet normal 0.000000e+00 0.000000e+00 1.000000e+00
    outer loop
      vertex   -1.823575e+01 2.194352e+01 5.500000e+00
      vertex   -2.000653e+01 2.173494e+01 5.500000e+00
      vertex   -1.996053e+01 2.138553e+01 5.500000e+00
    endloop
  endfacet
  facet normal -4.939152e-16 6.502517e-17 1.000000e+00
    outer loop
      vertex   1.992100e+01 -8.400594e+00 5.500000e+00
      vertex   1.815022e+01 -8.192010e+00 5.500000e+00
      vertex   1.987500e+01 -8.750000e+00 5.500000e+00
    endloop
  endfacet
  facet normal -5.003822e-16 4.503521e-17 1.000000e+00
    outer loop
      vertex   1.987500e+01 -8.750000e+00 5.500000e+00
      vertex   1.815022e+01 -8.192010e+00 5.500000e+00
      vertex   1.810000e+01 -8.750000e+00 5.500000e+00
    endloop
  endfacet
  facet normal -5.003822e-16 -4.503521e-17 1.000000e+00
    outer loop
      vertex   1.987500e+01 -8.750000e+00 5.500000e+00
      vertex   1.810000e+01 -8.750000e+00 5.500000e+00
      vertex   1.815022e+01 -9.307990e+00 5.500000e+00
    endloop
  endfacet
  facet normal -4.857825e-16 1.340675e-16 1.000000e+00
    outer loop
      vertex   1.815022e+01 -8.192010e+00 5.500000e+00
      vertex   1.992100e+01 -8.400594e+00 5.500000e+00
      vertex   1.829927e+01 -7.651954e+00 5.500000e+00
    endloop
  endfacet
  facet normal -4.597598e-16 1.904388e-16 1.000000e+00
    outer loop
      vertex   1.829927e+01 -7.651954e+00 5.500000e+00
      vertex   1.992100e+01 -8.400594e+00 5.500000e+00
      vertex   2.005587e+01 -8.075000e+00 5.500000e+00
    endloop
  endfacet
  facet normal -4.530764e-16 2.181901e-16 1.000000e+00
    outer loop
      vertex   1.829927e+01 -7.651954e+00 5.500000e+00
      vertex   2.005587e+01 -8.075000e+00 5.500000e+00
      vertex   1.854235e+01 -7.147190e+00 5.500000e+00
    endloop
  endfacet
  facet normal -4.060037e-16 2.949789e-16 1.000000e+00
    outer loop
      vertex   1.854235e+01 -7.147190e+00 5.500000e+00
      vertex   2.005587e+01 -8.075000e+00 5.500000e+00
      vertex   1.887165e+01 -6.693941e+00 5.500000e+00
    endloop
  endfacet
  facet normal -3.958125e-16 3.037176e-16 1.000000e+00
    outer loop
      vertex   1.887165e+01 -6.693941e+00 5.500000e+00
      vertex   2.005587e+01 -8.075000e+00 5.500000e+00
      vertex   2.027041e+01 -7.795406e+00 5.500000e+00
    endloop
  endfacet
  facet normal -3.481966e-16 3.641851e-16 1.000000e+00
    outer loop
      vertex   1.887165e+01 -6.693941e+00 5.500000e+00
      vertex   2.027041e+01 -7.795406e+00 5.500000e+00
      vertex   1.927659e+01 -6.306777e+00 5.500000e+00
    endloop
  endfacet
  facet normal -3.027368e-16 3.945342e-16 1.000000e+00
    outer loop
      vertex   1.927659e+01 -6.306777e+00 5.500000e+00
      vertex   2.027041e+01 -7.795406e+00 5.500000e+00
      vertex   2.055000e+01 -7.580866e+00 5.500000e+00
    endloop
  endfacet
  facet normal -2.772466e-16 4.200107e-16 1.000000e+00
    outer loop
      vertex   1.927659e+01 -6.306777e+00 5.500000e+00
      vertex   2.055000e+01 -7.580866e+00 5.500000e+00
      vertex   1.974416e+01 -5.998139e+00 5.500000e+00
    endloop
  endfacet
  facet normal -1.969872e-16 4.608745e-16 1.000000e+00
    outer loop
      vertex   1.974416e+01 -5.998139e+00 5.500000e+00
      vertex   2.055000e+01 -7.580866e+00 5.500000e+00
      vertex   2.025932e+01 -5.777948e+00 5.500000e+00
    endloop
  endfacet
  facet normal -1.912815e-16 4.617944e-16 1.000000e+00
    outer loop
      vertex   2.025932e+01 -5.777948e+00 5.500000e+00
      vertex   2.055000e+01 -7.580866e+00 5.500000e+00
      vertex   2.087559e+01 -7.446000e+00 5.500000e+00
    endloop
  endfacet
  facet normal -1.120803e-16 4.910558e-16 1.000000e+00
    outer loop
      vertex   2.025932e+01 -5.777948e+00 5.500000e+00
      vertex   2.087559e+01 -7.446000e+00 5.500000e+00
      vertex   2.080552e+01 -5.653282e+00 5.500000e+00
    endloop
  endfacet
  facet normal -6.489155e-17 4.929003e-16 1.000000e+00
    outer loop
      vertex   2.080552e+01 -5.653282e+00 5.500000e+00
      vertex   2.087559e+01 -7.446000e+00 5.500000e+00
      vertex   2.122500e+01 -7.400000e+00 5.500000e+00
    endloop
  endfacet
  facet normal -2.259238e-17 5.030585e-16 1.000000e+00
    outer loop
      vertex   2.080552e+01 -5.653282e+00 5.500000e+00
      vertex   2.122500e+01 -7.400000e+00 5.500000e+00
      vertex   2.136520e+01 -5.628147e+00 5.500000e+00
    endloop
  endfacet
  facet normal 6.531317e-17 4.961028e-16 1.000000e+00
    outer loop
      vertex   2.136520e+01 -5.628147e+00 5.500000e+00
      vertex   2.122500e+01 -7.400000e+00 5.500000e+00
      vertex   2.157441e+01 -7.446000e+00 5.500000e+00
    endloop
  endfacet
  facet normal 6.723159e-17 4.963235e-16 1.000000e+00
    outer loop
      vertex   2.136520e+01 -5.628147e+00 5.500000e+00
      vertex   2.157441e+01 -7.446000e+00 5.500000e+00
      vertex   2.192038e+01 -5.703350e+00 5.500000e+00
    endloop
  endfacet
  facet normal 1.555670e-16 4.787861e-16 1.000000e+00
    outer loop
      vertex   2.192038e+01 -5.703350e+00 5.500000e+00
      vertex   2.157441e+01 -7.446000e+00 5.500000e+00
      vertex   2.245320e+01 -5.876476e+00 5.500000e+00
    endloop
  endfacet
  facet normal 1.902710e-16 4.593549e-16 1.000000e+00
    outer loop
      vertex   2.245320e+01 -5.876476e+00 5.500000e+00
      vertex   2.157441e+01 -7.446000e+00 5.500000e+00
      vertex   2.190000e+01 -7.580866e+00 5.500000e+00
    endloop
  endfacet
  facet normal 2.387262e-16 4.436275e-16 1.000000e+00
    outer loop
      vertex   2.245320e+01 -5.876476e+00 5.500000e+00
      vertex   2.190000e+01 -7.580866e+00 5.500000e+00
      vertex   2.294655e+01 -6.141959e+00 5.500000e+00
    endloop
  endfacet
  facet normal 3.039861e-16 3.961624e-16 1.000000e+00
    outer loop
      vertex   2.294655e+01 -6.141959e+00 5.500000e+00
      vertex   2.190000e+01 -7.580866e+00 5.500000e+00
      vertex   2.217959e+01 -7.795406e+00 5.500000e+00
    endloop
  endfacet
  facet normal 3.127041e-16 3.921185e-16 1.000000e+00
    outer loop
      vertex   2.294655e+01 -6.141959e+00 5.500000e+00
      vertex   2.217959e+01 -7.795406e+00 5.500000e+00
      vertex   2.338457e+01 -6.491266e+00 5.500000e+00
    endloop
  endfacet
  facet normal 3.788560e-16 3.309965e-16 1.000000e+00
    outer loop
      vertex   2.338457e+01 -6.491266e+00 5.500000e+00
      vertex   2.217959e+01 -7.795406e+00 5.500000e+00
      vertex   2.375318e+01 -6.913171e+00 5.500000e+00
    endloop
  endfacet
  facet normal 3.946501e-16 3.028257e-16 1.000000e+00
    outer loop
      vertex   2.375318e+01 -6.913171e+00 5.500000e+00
      vertex   2.217959e+01 -7.795406e+00 5.500000e+00
      vertex   2.239413e+01 -8.075000e+00 5.500000e+00
    endloop
  endfacet
  facet normal 4.325816e-16 2.584555e-16 1.000000e+00
    outer loop
      vertex   2.375318e+01 -6.913171e+00 5.500000e+00
      vertex   2.239413e+01 -8.075000e+00 5.500000e+00
      vertex   2.404053e+01 -7.394113e+00 5.500000e+00
    endloop
  endfacet
  facet normal 4.605717e-16 1.907750e-16 1.000000e+00
    outer loop
      vertex   2.404053e+01 -7.394113e+00 5.500000e+00
      vertex   2.239413e+01 -8.075000e+00 5.500000e+00
      vertex   2.252900e+01 -8.400594e+00 5.500000e+00
    endloop
  endfacet
  facet normal 4.701181e-16 1.764383e-16 1.000000e+00
    outer loop
      vertex   2.404053e+01 -7.394113e+00 5.500000e+00
      vertex   2.252900e+01 -8.400594e+00 5.500000e+00
      vertex   2.423738e+01 -7.918635e+00 5.500000e+00
    endloop
  endfacet
  facet normal 4.945736e-16 8.975188e-17 1.000000e+00
    outer loop
      vertex   2.423738e+01 -7.918635e+00 5.500000e+00
      vertex   2.252900e+01 -8.400594e+00 5.500000e+00
      vertex   2.433742e+01 -8.469877e+00 5.500000e+00
    endloop
  endfacet
  facet normal 4.936248e-16 6.498694e-17 1.000000e+00
    outer loop
      vertex   2.433742e+01 -8.469877e+00 5.500000e+00
      vertex   2.252900e+01 -8.400594e+00 5.500000e+00
      vertex   2.257500e+01 -8.750000e+00 5.500000e+00
    endloop
  endfacet
  facet normal 5.039540e-16 0.000000e+00 1.000000e+00
    outer loop
      vertex   2.433742e+01 -8.469877e+00 5.500000e+00
      vertex   2.257500e+01 -8.750000e+00 5.500000e+00
      vertex   2.433742e+01 -9.030123e+00 5.500000e+00
    endloop
  endfacet
  facet normal 4.936248e-16 -6.498694e-17 1.000000e+00
    outer loop
      vertex   2.433742e+01 -9.030123e+00 5.500000e+00
      vertex   2.257500e+01 -8.750000e+00 5.500000e+00
      vertex   2.252900e+01 -9.099406e+00 5.500000e+00
    endloop
  endfacet
  facet normal 4.945736e-16 -8.975188e-17 1.000000e+00
    outer loop
      vertex   2.433742e+01 -9.030123e+00 5.500000e+00
      vertex   2.252900e+01 -9.099406e+00 5.500000e+00
      vertex   2.423738e+01 -9.581365e+00 5.500000e+00
    endloop
  endfacet
  facet normal 4.701181e-16 -1.764383e-16 1.000000e+00
    outer loop
      vertex   2.423738e+01 -9.581365e+00 5.500000e+00
      vertex   2.252900e+01 -9.099406e+00 5.500000e+00
      vertex   2.404053e+01 -1.010589e+01 5.500000e+00
    endloop
  endfacet
  facet normal 4.605717e-16 -1.907750e-16 1.000000e+00
    outer loop
      vertex   2.404053e+01 -1.010589e+01 5.500000e+00
      vertex   2.252900e+01 -9.099406e+00 5.500000e+00
      vertex   2.239413e+01 -9.425000e+00 5.500000e+00
    endloop
  endfacet
  facet normal 4.325816e-16 -2.584555e-16 1.000000e+00
    outer loop
      vertex   2.404053e+01 -1.010589e+01 5.500000e+00
      vertex   2.239413e+01 -9.425000e+00 5.500000e+00
      vertex   2.375318e+01 -1.058683e+01 5.500000e+00
    endloop
  endfacet
  facet normal 3.946501e-16 -3.028257e-16 1.000000e+00
    outer loop
      vertex   2.375318e+01 -1.058683e+01 5.500000e+00
      vertex   2.239413e+01 -9.425000e+00 5.500000e+00
      vertex   2.217959e+01 -9.704594e+00 5.500000e+00
    endloop
  endfacet
  facet normal 3.788560e-16 -3.309965e-16 1.000000e+00
    outer loop
      vertex   2.375318e+01 -1.058683e+01 5.500000e+00
      vertex   2.217959e+01 -9.704594e+00 5.500000e+00
      vertex   2.338457e+01 -1.100873e+01 5.500000e+00
    endloop
  endfacet
  facet normal 3.127041e-16 -3.921185e-16 1.000000e+00
    outer loop
      vertex   2.338457e+01 -1.100873e+01 5.500000e+00
      vertex   2.217959e+01 -9.704594e+00 5.500000e+00
      vertex   2.294655e+01 -1.135804e+01 5.500000e+00
    endloop
  endfacet
  facet normal 3.039861e-16 -3.961624e-16 1.000000e+00
    outer loop
      vertex   2.294655e+01 -1.135804e+01 5.500000e+00
      vertex   2.217959e+01 -9.704594e+00 5.500000e+00
      vertex   2.190000e+01 -9.919134e+00 5.500000e+00
    endloop
  endfacet
  facet normal 2.387262e-16 -4.436275e-16 1.000000e+00
    outer loop
      vertex   2.294655e+01 -1.135804e+01 5.500000e+00
      vertex   2.190000e+01 -9.919134e+00 5.500000e+00
      vertex   2.245320e+01 -1.162352e+01 5.500000e+00
    endloop
  endfacet
  facet normal 1.902710e-16 -4.593549e-16 1.000000e+00
    outer loop
      vertex   2.245320e+01 -1.162352e+01 5.500000e+00
      vertex   2.190000e+01 -9.919134e+00 5.500000e+00
      vertex   2.157441e+01 -1.005400e+01 5.500000e+00
    endloop
  endfacet
  facet normal 1.555670e-16 -4.787861e-16 1.000000e+00
    outer loop
      vertex   2.245320e+01 -1.162352e+01 5.500000e+00
      vertex   2.157441e+01 -1.005400e+01 5.500000e+00
      vertex   2.192038e+01 -1.179665e+01 5.500000e+00
    endloop
  endfacet
  facet normal 6.723159e-17 -4.963235e-16 1.000000e+00
    outer loop
      vertex   2.192038e+01 -1.179665e+01 5.500000e+00
      vertex   2.157441e+01 -1.005400e+01 5.500000e+00
      vertex   2.136520e+01 -1.187185e+01 5.500000e+00
    endloop
  endfacet
  facet normal 6.531317e-17 -4.961028e-16 1.000000e+00
    outer loop
      vertex   2.136520e+01 -1.187185e+01 5.500000e+00
      vertex   2.157441e+01 -1.005400e+01 5.500000e+00
      vertex   2.122500e+01 -1.010000e+01 5.500000e+00
    endloop
  endfacet
  facet normal -2.259238e-17 -5.030585e-16 1.000000e+00
    outer loop
      vertex   2.136520e+01 -1.187185e+01 5.500000e+00
      vertex   2.122500e+01 -1.010000e+01 5.500000e+00
      vertex   2.080552e+01 -1.184672e+01 5.500000e+00
    endloop
  endfacet
  facet normal -6.489155e-17 -4.929003e-16 1.000000e+00
    outer loop
      vertex   2.080552e+01 -1.184672e+01 5.500000e+00
      vertex   2.122500e+01 -1.010000e+01 5.500000e+00
      vertex   2.087559e+01 -1.005400e+01 5.500000e+00
    endloop
  endfacet
  facet normal -1.120803e-16 -4.910558e-16 1.000000e+00
    outer loop
      vertex   2.080552e+01 -1.184672e+01 5.500000e+00
      vertex   2.087559e+01 -1.005400e+01 5.500000e+00
      vertex   2.025932e+01 -1.172205e+01 5.500000e+00
    endloop
  endfacet
  facet normal -1.912815e-16 -4.617944e-16 1.000000e+00
    outer loop
      vertex   2.025932e+01 -1.172205e+01 5.500000e+00
      vertex   2.087559e+01 -1.005400e+01 5.500000e+00
      vertex   2.055000e+01 -9.919134e+00 5.500000e+00
    endloop
  endfacet
  facet normal -1.969872e-16 -4.608745e-16 1.000000e+00
    outer loop
      vertex   2.025932e+01 -1.172205e+01 5.500000e+00
      vertex   2.055000e+01 -9.919134e+00 5.500000e+00
      vertex   1.974416e+01 -1.150186e+01 5.500000e+00
    endloop
  endfacet
  facet normal -2.772466e-16 -4.200107e-16 1.000000e+00
    outer loop
      vertex   1.974416e+01 -1.150186e+01 5.500000e+00
      vertex   2.055000e+01 -9.919134e+00 5.500000e+00
      vertex   1.927659e+01 -1.119322e+01 5.500000e+00
    endloop
  endfacet
  facet normal -3.027368e-16 -3.945342e-16 1.000000e+00
    outer loop
      vertex   1.927659e+01 -1.119322e+01 5.500000e+00
      vertex   2.055000e+01 -9.919134e+00 5.500000e+00
      vertex   2.027041e+01 -9.704594e+00 5.500000e+00
    endloop
  endfacet
  facet normal -3.481966e-16 -3.641851e-16 1.000000e+00
    outer loop
      vertex   1.927659e+01 -1.119322e+01 5.500000e+00
      vertex   2.027041e+01 -9.704594e+00 5.500000e+00
      vertex   1.887165e+01 -1.080606e+01 5.500000e+00
    endloop
  endfacet
  facet normal -3.958125e-16 -3.037176e-16 1.000000e+00
    outer loop
      vertex   1.887165e+01 -1.080606e+01 5.500000e+00
      vertex   2.027041e+01 -9.704594e+00 5.500000e+00
      vertex   2.005587e+01 -9.425000e+00 5.500000e+00
    endloop
  endfacet
  facet normal -4.060037e-16 -2.949789e-16 1.000000e+00
    outer loop
      vertex   1.887165e+01 -1.080606e+01 5.500000e+00
      vertex   2.005587e+01 -9.425000e+00 5.500000e+00
      vertex   1.854235e+01 -1.035281e+01 5.500000e+00
    endloop
  endfacet
  facet normal -4.530764e-16 -2.181901e-16 1.000000e+00
    outer loop
      vertex   1.854235e+01 -1.035281e+01 5.500000e+00
      vertex   2.005587e+01 -9.425000e+00 5.500000e+00
      vertex   1.829927e+01 -9.848046e+00 5.500000e+00
    endloop
  endfacet
  facet normal -4.597598e-16 -1.904388e-16 1.000000e+00
    outer loop
      vertex   1.829927e+01 -9.848046e+00 5.500000e+00
      vertex   2.005587e+01 -9.425000e+00 5.500000e+00
      vertex   1.992100e+01 -9.099406e+00 5.500000e+00
    endloop
  endfacet
  facet normal -4.857825e-16 -1.340675e-16 1.000000e+00
    outer loop
      vertex   1.829927e+01 -9.848046e+00 5.500000e+00
      vertex   1.992100e+01 -9.099406e+00 5.500000e+00
      vertex   1.815022e+01 -9.307990e+00 5.500000e+00
    endloop
  endfacet
  facet normal -4.939152e-16 -6.502517e-17 1.000000e+00
    outer loop
      vertex   1.815022e+01 -9.307990e+00 5.500000e+00
      vertex   1.992100e+01 -9.099406e+00 5.500000e+00
      vertex   1.987500e+01 -8.750000e+00 5.500000e+00
    endloop
  endfacet
  facet normal 9.959655e-01 -8.963852e-02 4.193407e-03
    outer loop
      vertex   1.815022e+01 -8.192010e+00 5.500000e+00
      vertex   1.811258e+01 -8.469877e+00 8.500000e+00
      vertex   1.810000e+01 -8.750000e+00 5.500000e+00
    endloop
  endfacet
  facet normal 9.999912e-01 -1.608928e-18 -4.193407e-03
    outer loop
      vertex   1.810000e+01 -8.750000e+00 5.500000e+00
      vertex   1.811258e+01 -8.469877e+00 8.500000e+00
      vertex   1.811258e+01 -9.030123e+00 8.500000e+00
    endloop
  endfacet
  facet normal 9.959655e-01 8.963852e-02 4.193407e-03
    outer loop
      vertex   1.810000e+01 -8.750000e+00 5.500000e+00
      vertex   1.811258e+01 -9.030123e+00 8.500000e+00
      vertex   1.815022e+01 -9.307990e+00 5.500000e+00
    endloop
  endfacet
  facet normal 9.839209e-01 1.785553e-01 -4.193407e-03
    outer loop
      vertex   1.815022e+01 -9.307990e+00 5.500000e+00
      vertex   1.811258e+01 -9.030123e+00 8.500000e+00
      vertex   1.821262e+01 -9.581365e+00 8.500000e+00
    endloop
  endfacet
  facet normal 9.639544e-01 2.660345e-01 4.193407e-03
    outer loop
      vertex   1.815022e+01 -9.307990e+00 5.500000e+00
      vertex   1.821262e+01 -9.581365e+00 8.500000e+00
      vertex   1.829927e+01 -9.848046e+00 5.500000e+00
    endloop
  endfacet
  facet normal 9.362266e-01 3.513717e-01 -4.193407e-03
    outer loop
      vertex   1.829927e+01 -9.848046e+00 5.500000e+00
      vertex   1.821262e+01 -9.581365e+00 8.500000e+00
      vertex   1.840947e+01 -1.010589e+01 8.500000e+00
    endloop
  endfacet
  facet normal 9.009609e-01 4.338799e-01 4.193407e-03
    outer loop
      vertex   1.829927e+01 -9.848046e+00 5.500000e+00
      vertex   1.840947e+01 -1.010589e+01 8.500000e+00
      vertex   1.854235e+01 -1.035281e+01 5.500000e+00
    endloop
  endfacet
  facet normal 8.584412e-01 5.128948e-01 -4.193407e-03
    outer loop
      vertex   1.854235e+01 -1.035281e+01 5.500000e+00
      vertex   1.840947e+01 -1.010589e+01 8.500000e+00
      vertex   1.869682e+01 -1.058683e+01 8.500000e+00
    endloop
  endfacet
  facet normal 8.090099e-01 5.877801e-01 4.193407e-03
    outer loop
      vertex   1.854235e+01 -1.035281e+01 5.500000e+00
      vertex   1.869682e+01 -1.058683e+01 8.500000e+00
      vertex   1.887165e+01 -1.080606e+01 5.500000e+00
    endloop
  endfacet
  facet normal 7.530648e-01 6.579329e-01 -4.193407e-03
    outer loop
      vertex   1.887165e+01 -1.080606e+01 5.500000e+00
      vertex   1.869682e+01 -1.058683e+01 8.500000e+00
      vertex   1.906543e+01 -1.100873e+01 8.500000e+00
    endloop
  endfacet
  facet normal 6.910566e-01 7.227885e-01 4.193407e-03
    outer loop
      vertex   1.887165e+01 -1.080606e+01 5.500000e+00
      vertex   1.906543e+01 -1.100873e+01 8.500000e+00
      vertex   1.927659e+01 -1.119322e+01 5.500000e+00
    endloop
  endfacet
  facet normal 6.234843e-01 7.818246e-01 -4.193407e-03
    outer loop
      vertex   1.927659e+01 -1.119322e+01 5.500000e+00
      vertex   1.906543e+01 -1.100873e+01 8.500000e+00
      vertex   1.950345e+01 -1.135804e+01 8.500000e+00
    endloop
  endfacet
  facet normal 5.508921e-01 8.345659e-01 4.193407e-03
    outer loop
      vertex   1.927659e+01 -1.119322e+01 5.500000e+00
      vertex   1.950345e+01 -1.135804e+01 8.500000e+00
      vertex   1.974416e+01 -1.150186e+01 5.500000e+00
    endloop
  endfacet
  facet normal 4.738645e-01 8.805878e-01 -4.193407e-03
    outer loop
      vertex   1.974416e+01 -1.150186e+01 5.500000e+00
      vertex   1.950345e+01 -1.135804e+01 8.500000e+00
      vertex   1.999680e+01 -1.162352e+01 8.500000e+00
    endloop
  endfacet
  facet normal 3.930216e-01 9.195197e-01 4.193407e-03
    outer loop
      vertex   1.974416e+01 -1.150186e+01 5.500000e+00
      vertex   1.999680e+01 -1.162352e+01 8.500000e+00
      vertex   2.025932e+01 -1.172205e+01 5.500000e+00
    endloop
  endfacet
  facet normal 3.090143e-01 9.510482e-01 -4.193407e-03
    outer loop
      vertex   2.025932e+01 -1.172205e+01 5.500000e+00
      vertex   1.999680e+01 -1.162352e+01 8.500000e+00
      vertex   2.052962e+01 -1.179665e+01 8.500000e+00
    endloop
  endfacet
  facet normal 2.225190e-01 9.749193e-01 4.193407e-03
    outer loop
      vertex   2.025932e+01 -1.172205e+01 5.500000e+00
      vertex   2.052962e+01 -1.179665e+01 8.500000e+00
      vertex   2.080552e+01 -1.184672e+01 5.500000e+00
    endloop
  endfacet
  facet normal 1.342321e-01 9.909410e-01 -4.193407e-03
    outer loop
      vertex   2.080552e+01 -1.184672e+01 5.500000e+00
      vertex   2.052962e+01 -1.179665e+01 8.500000e+00
      vertex   2.108480e+01 -1.187185e+01 8.500000e+00
    endloop
  endfacet
  facet normal 4.486444e-02 9.989843e-01 4.193407e-03
    outer loop
      vertex   2.080552e+01 -1.184672e+01 5.500000e+00
      vertex   2.108480e+01 -1.187185e+01 8.500000e+00
      vertex   2.136520e+01 -1.187185e+01 5.500000e+00
    endloop
  endfacet
  facet normal -4.486444e-02 9.989843e-01 -4.193407e-03
    outer loop
      vertex   2.136520e+01 -1.187185e+01 5.500000e+00
      vertex   2.108480e+01 -1.187185e+01 8.500000e+00
      vertex   2.164448e+01 -1.184672e+01 8.500000e+00
    endloop
  endfacet
  facet normal -1.342321e-01 9.909410e-01 4.193407e-03
    outer loop
      vertex   2.136520e+01 -1.187185e+01 5.500000e+00
      vertex   2.164448e+01 -1.184672e+01 8.500000e+00
      vertex   2.192038e+01 -1.179665e+01 5.500000e+00
    endloop
  endfacet
  facet normal -2.225190e-01 9.749193e-01 -4.193407e-03
    outer loop
      vertex   2.192038e+01 -1.179665e+01 5.500000e+00
      vertex   2.164448e+01 -1.184672e+01 8.500000e+00
      vertex   2.219068e+01 -1.172205e+01 8.500000e+00
    endloop
  endfacet
  facet normal -3.090143e-01 9.510482e-01 4.193407e-03
    outer loop
      vertex   2.192038e+01 -1.179665e+01 5.500000e+00
      vertex   2.219068e+01 -1.172205e+01 8.500000e+00
      vertex   2.245320e+01 -1.162352e+01 5.500000e+00
    endloop
  endfacet
  facet normal -3.930216e-01 9.195197e-01 -4.193407e-03
    outer loop
      vertex   2.245320e+01 -1.162352e+01 5.500000e+00
      vertex   2.219068e+01 -1.172205e+01 8.500000e+00
      vertex   2.270584e+01 -1.150186e+01 8.500000e+00
    endloop
  endfacet
  facet normal -4.738645e-01 8.805878e-01 4.193407e-03
    outer loop
      vertex   2.245320e+01 -1.162352e+01 5.500000e+00
      vertex   2.270584e+01 -1.150186e+01 8.500000e+00
      vertex   2.294655e+01 -1.135804e+01 5.500000e+00
    endloop
  endfacet
  facet normal -5.508921e-01 8.345659e-01 -4.193407e-03
    outer loop
      vertex   2.294655e+01 -1.135804e+01 5.500000e+00
      vertex   2.270584e+01 -1.150186e+01 8.500000e+00
      vertex   2.317341e+01 -1.119322e+01 8.500000e+00
    endloop
  endfacet
  facet normal -6.234843e-01 7.818246e-01 4.193407e-03
    outer loop
      vertex   2.294655e+01 -1.135804e+01 5.500000e+00
      vertex   2.317341e+01 -1.119322e+01 8.500000e+00
      vertex   2.338457e+01 -1.100873e+01 5.500000e+00
    endloop
  endfacet
  facet normal -6.910566e-01 7.227885e-01 -4.193407e-03
    outer loop
      vertex   2.338457e+01 -1.100873e+01 5.500000e+00
      vertex   2.317341e+01 -1.119322e+01 8.500000e+00
      vertex   2.357835e+01 -1.080606e+01 8.500000e+00
    endloop
  endfacet
  facet normal -7.530648e-01 6.579329e-01 4.193407e-03
    outer loop
      vertex   2.338457e+01 -1.100873e+01 5.500000e+00
      vertex   2.357835e+01 -1.080606e+01 8.500000e+00
      vertex   2.375318e+01 -1.058683e+01 5.500000e+00
    endloop
  endfacet
  facet normal -8.090099e-01 5.877801e-01 -4.193407e-03
    outer loop
      vertex   2.375318e+01 -1.058683e+01 5.500000e+00
      vertex   2.357835e+01 -1.080606e+01 8.500000e+00
      vertex   2.390765e+01 -1.035281e+01 8.500000e+00
    endloop
  endfacet
  facet normal -8.584412e-01 5.128948e-01 4.193407e-03
    outer loop
      vertex   2.375318e+01 -1.058683e+01 5.500000e+00
      vertex   2.390765e+01 -1.035281e+01 8.500000e+00
      vertex   2.404053e+01 -1.010589e+01 5.500000e+00
    endloop
  endfacet
  facet normal -9.009609e-01 4.338799e-01 -4.193407e-03
    outer loop
      vertex   2.404053e+01 -1.010589e+01 5.500000e+00
      vertex   2.390765e+01 -1.035281e+01 8.500000e+00
      vertex   2.415073e+01 -9.848046e+00 8.500000e+00
    endloop
  endfacet
  facet normal -9.362266e-01 3.513717e-01 4.193407e-03
    outer loop
      vertex   2.404053e+01 -1.010589e+01 5.500000e+00
      vertex   2.415073e+01 -9.848046e+00 8.500000e+00
      vertex   2.423738e+01 -9.581365e+00 5.500000e+00
    endloop
  endfacet
  facet normal -9.639544e-01 2.660345e-01 -4.193407e-03
    outer loop
      vertex   2.423738e+01 -9.581365e+00 5.500000e+00
      vertex   2.415073e+01 -9.848046e+00 8.500000e+00
      vertex   2.429978e+01 -9.307990e+00 8.500000e+00
    endloop
  endfacet
  facet normal -9.839209e-01 1.785553e-01 4.193407e-03
    outer loop
      vertex   2.423738e+01 -9.581365e+00 5.500000e+00
      vertex   2.429978e+01 -9.307990e+00 8.500000e+00
      vertex   2.433742e+01 -9.030123e+00 5.500000e+00
    endloop
  endfacet
  facet normal -9.959655e-01 8.963852e-02 -4.193407e-03
    outer loop
      vertex   2.433742e+01 -9.030123e+00 5.500000e+00
      vertex   2.429978e+01 -9.307990e+00 8.500000e+00
      vertex   2.435000e+01 -8.750000e+00 8.500000e+00
    endloop
  endfacet
  facet normal -9.999912e-01 0.000000e+00 4.193407e-03
    outer loop
      vertex   2.433742e+01 -9.030123e+00 5.500000e+00
      vertex   2.435000e+01 -8.750000e+00 8.500000e+00
      vertex   2.433742e+01 -8.469877e+00 5.500000e+00
    endloop
  endfacet
  facet normal -9.959655e-01 -8.963852e-02 -4.193407e-03
    outer loop
      vertex   2.433742e+01 -8.469877e+00 5.500000e+00
      vertex   2.435000e+01 -8.750000e+00 8.500000e+00
      vertex   2.429978e+01 -8.192010e+00 8.500000e+00
    endloop
  endfacet
  facet normal -9.839209e-01 -1.785553e-01 4.193407e-03
    outer loop
      vertex   2.433742e+01 -8.469877e+00 5.500000e+00
      vertex   2.429978e+01 -8.192010e+00 8.500000e+00
      vertex   2.423738e+01 -7.918635e+00 5.500000e+00
    endloop
  endfacet
  facet normal -9.639544e-01 -2.660345e-01 -4.193407e-03
    outer loop
      vertex   2.423738e+01 -7.918635e+00 5.500000e+00
      vertex   2.429978e+01 -8.192010e+00 8.500000e+00
      vertex   2.415073e+01 -7.651954e+00 8.500000e+00
    endloop
  endfacet
  facet normal -9.362266e-01 -3.513717e-01 4.193407e-03
    outer loop
      vertex   2.423738e+01 -7.918635e+00 5.500000e+00
      vertex   2.415073e+01 -7.651954e+00 8.500000e+00
      vertex   2.404053e+01 -7.394113e+00 5.500000e+00
    endloop
  endfacet
  facet normal -9.009609e-01 -4.338799e-01 -4.193407e-03
    outer loop
      vertex   2.404053e+01 -7.394113e+00 5.500000e+00
      vertex   2.415073e+01 -7.651954e+00 8.500000e+00
      vertex   2.390765e+01 -7.147190e+00 8.500000e+00
    endloop
  endfacet
  facet normal -8.584412e-01 -5.128948e-01 4.193407e-03
    outer loop
      vertex   2.404053e+01 -7.394113e+00 5.500000e+00
      vertex   2.390765e+01 -7.147190e+00 8.500000e+00
      vertex   2.375318e+01 -6.913171e+00 5.500000e+00
    endloop
  endfacet
  facet normal -8.090099e-01 -5.877801e-01 -4.193407e-03
    outer loop
      vertex   2.375318e+01 -6.913171e+00 5.500000e+00
      vertex   2.390765e+01 -7.147190e+00 8.500000e+00
      vertex   2.357835e+01 -6.693941e+00 8.500000e+00
    endloop
  endfacet
  facet normal -7.530648e-01 -6.579329e-01 4.193407e-03
    outer loop
      vertex   2.375318e+01 -6.913171e+00 5.500000e+00
      vertex   2.357835e+01 -6.693941e+00 8.500000e+00
      vertex   2.338457e+01 -6.491266e+00 5.500000e+00
    endloop
  endfacet
  facet normal -6.910566e-01 -7.227885e-01 -4.193407e-03
    outer loop
      vertex   2.338457e+01 -6.491266e+00 5.500000e+00
      vertex   2.357835e+01 -6.693941e+00 8.500000e+00
      vertex   2.317341e+01 -6.306777e+00 8.500000e+00
    endloop
  endfacet
  facet normal -6.234843e-01 -7.818246e-01 4.193407e-03
    outer loop
      vertex   2.338457e+01 -6.491266e+00 5.500000e+00
      vertex   2.317341e+01 -6.306777e+00 8.500000e+00
      vertex   2.294655e+01 -6.141959e+00 5.500000e+00
    endloop
  endfacet
  facet normal -5.508921e-01 -8.345659e-01 -4.193407e-03
    outer loop
      vertex   2.294655e+01 -6.141959e+00 5.500000e+00
      vertex   2.317341e+01 -6.306777e+00 8.500000e+00
      vertex   2.270584e+01 -5.998139e+00 8.500000e+00
    endloop
  endfacet
  facet normal -4.738645e-01 -8.805878e-01 4.193407e-03
    outer loop
      vertex   2.294655e+01 -6.141959e+00 5.500000e+00
      vertex   2.270584e+01 -5.998139e+00 8.500000e+00
      vertex   2.245320e+01 -5.876476e+00 5.500000e+00
    endloop
  endfacet
  facet normal -3.930216e-01 -9.195197e-01 -4.193407e-03
    outer loop
      vertex   2.245320e+01 -5.876476e+00 5.500000e+00
      vertex   2.270584e+01 -5.998139e+00 8.500000e+00
      vertex   2.219068e+01 -5.777948e+00 8.500000e+00
    endloop
  endfacet
  facet normal -3.090143e-01 -9.510482e-01 4.193407e-03
    outer loop
      vertex   2.245320e+01 -5.876476e+00 5.500000e+00
      vertex   2.219068e+01 -5.777948e+00 8.500000e+00
      vertex   2.192038e+01 -5.703350e+00 5.500000e+00
    endloop
  endfacet
  facet normal -2.225190e-01 -9.749193e-01 -4.193407e-03
    outer loop
      vertex   2.192038e+01 -5.703350e+00 5.500000e+00
      vertex   2.219068e+01 -5.777948e+00 8.500000e+00
      vertex   2.164448e+01 -5.653282e+00 8.500000e+00
    endloop
  endfacet
  facet normal -1.342321e-01 -9.909410e-01 4.193407e-03
    outer loop
      vertex   2.192038e+01 -5.703350e+00 5.500000e+00
      vertex   2.164448e+01 -5.653282e+00 8.500000e+00
      vertex   2.136520e+01 -5.628147e+00 5.500000e+00
    endloop
  endfacet
  facet normal -4.486444e-02 -9.989843e-01 -4.193407e-03
    outer loop
      vertex   2.136520e+01 -5.628147e+00 5.500000e+00
      vertex   2.164448e+01 -5.653282e+00 8.500000e+00
      vertex   2.108480e+01 -5.628147e+00 8.500000e+00
    endloop
  endfacet
  facet normal 4.486444e-02 -9.989843e-01 4.193407e-03
    outer loop
      vertex   2.136520e+01 -5.628147e+00 5.500000e+00
      vertex   2.108480e+01 -5.628147e+00 8.500000e+00
      vertex   2.080552e+01 -5.653282e+00 5.500000e+00
    endloop
  endfacet
  facet normal 1.342321e-01 -9.909410e-01 -4.193407e-03
    outer loop
      vertex   2.080552e+01 -5.653282e+00 5.500000e+00
      vertex   2.108480e+01 -5.628147e+00 8.500000e+00
      vertex   2.052962e+01 -5.703350e+00 8.500000e+00
    endloop
  endfacet
  facet normal 2.225190e-01 -9.749193e-01 4.193407e-03
    outer loop
      vertex   2.080552e+01 -5.653282e+00 5.500000e+00
      vertex   2.052962e+01 -5.703350e+00 8.500000e+00
      vertex   2.025932e+01 -5.777948e+00 5.500000e+00
    endloop
  endfacet
  facet normal 3.090143e-01 -9.510482e-01 -4.193407e-03
    outer loop
      vertex   2.025932e+01 -5.777948e+00 5.500000e+00
      vertex   2.052962e+01 -5.703350e+00 8.500000e+00
      vertex   1.999680e+01 -5.876476e+00 8.500000e+00
    endloop
  endfacet
  facet normal 3.930216e-01 -9.195197e-01 4.193407e-03
    outer loop
      vertex   2.025932e+01 -5.777948e+00 5.500000e+00
      vertex   1.999680e+01 -5.876476e+00 8.500000e+00
      vertex   1.974416e+01 -5.998139e+00 5.500000e+00
    endloop
  endfacet
  facet normal 4.738645e-01 -8.805878e-01 -4.193407e-03
    outer loop
      vertex   1.974416e+01 -5.998139e+00 5.500000e+00
      vertex   1.999680e+01 -5.876476e+00 8.500000e+00
      vertex   1.950345e+01 -6.141959e+00 8.500000e+00
    endloop
  endfacet
  facet normal 5.508921e-01 -8.345659e-01 4.193407e-03
    outer loop
      vertex   1.974416e+01 -5.998139e+00 5.500000e+00
      vertex   1.950345e+01 -6.141959e+00 8.500000e+00
      vertex   1.927659e+01 -6.306777e+00 5.500000e+00
    endloop
  endfacet
  facet normal 6.234843e-01 -7.818246e-01 -4.193407e-03
    outer loop
      vertex   1.927659e+01 -6.306777e+00 5.500000e+00
      vertex   1.950345e+01 -6.141959e+00 8.500000e+00
      vertex   1.906543e+01 -6.491266e+00 8.500000e+00
    endloop
  endfacet
  facet normal 6.910566e-01 -7.227885e-01 4.193407e-03
    outer loop
      vertex   1.927659e+01 -6.306777e+00 5.500000e+00
      vertex   1.906543e+01 -6.491266e+00 8.500000e+00
      vertex   1.887165e+01 -6.693941e+00 5.500000e+00
    endloop
  endfacet
  facet normal 7.530648e-01 -6.579329e-01 -4.193407e-03
    outer loop
      vertex   1.887165e+01 -6.693941e+00 5.500000e+00
      vertex   1.906543e+01 -6.491266e+00 8.500000e+00
      vertex   1.869682e+01 -6.913171e+00 8.500000e+00
    endloop
  endfacet
  facet normal 8.090099e-01 -5.877801e-01 4.193407e-03
    outer loop
      vertex   1.887165e+01 -6.693941e+00 5.500000e+00
      vertex   1.869682e+01 -6.913171e+00 8.500000e+00
      vertex   1.854235e+01 -7.147190e+00 5.500000e+00
    endloop
  endfacet
  facet normal 8.584412e-01 -5.128948e-01 -4.193407e-03
    outer loop
      vertex   1.854235e+01 -7.147190e+00 5.500000e+00
      vertex   1.869682e+01 -6.913171e+00 8.500000e+00
      vertex   1.840947e+01 -7.394113e+00 8.500000e+00
    endloop
  endfacet
  facet normal 9.009609e-01 -4.338799e-01 4.193407e-03
    outer loop
      vertex   1.854235e+01 -7.147190e+00 5.500000e+00
      vertex   1.840947e+01 -7.394113e+00 8.500000e+00
      vertex   1.829927e+01 -7.651954e+00 5.500000e+00
    endloop
  endfacet
  facet normal 9.362266e-01 -3.513717e-01 -4.193407e-03
    outer loop
      vertex   1.829927e+01 -7.651954e+00 5.500000e+00
      vertex   1.840947e+01 -7.394113e+00 8.500000e+00
      vertex   1.821262e+01 -7.918635e+00 8.500000e+00
    endloop
  endfacet
  facet normal 9.639544e-01 -2.660345e-01 4.193407e-03
    outer loop
      vertex   1.829927e+01 -7.651954e+00 5.500000e+00
      vertex   1.821262e+01 -7.918635e+00 8.500000e+00
      vertex   1.815022e+01 -8.192010e+00 5.500000e+00
    endloop
  endfacet
  facet normal 9.839209e-01 -1.785553e-01 -4.193407e-03
    outer loop
      vertex   1.815022e+01 -8.192010e+00 5.500000e+00
      vertex   1.821262e+01 -7.918635e+00 8.500000e+00
      vertex   1.811258e+01 -8.469877e+00 8.500000e+00
    endloop
  endfacet
  facet normal 9.993569e-17 -1.000000e+00 0.000000e+00
    outer loop
      vertex   -1.777500e+01 -2.785000e+01 5.500000e+00
      vertex   1.777500e+01 -2.785000e+01 5.500000e+00
      vertex   -1.777500e+01 -2.785000e+01 7.500000e+00
    endloop
  endfacet
  facet normal 9.993569e-17 -1.000000e+00 0.000000e+00
    outer loop
      vertex   -1.777500e+01 -2.785000e+01 7.500000e+00
      vertex   1.777500e+01 -2.785000e+01 5.500000e+00
      vertex   1.777500e+01 -2.785000e+01 7.500000e+00
    endloop
  endfacet
  facet normal -1.000000e+00 0.000000e+00 0.000000e+00
    outer loop
      vertex   -2.200000e+01 -2.066875e+01 8.100000e+00
      vertex   -2.200000e+01 -2.106563e+01 8.100000e+00
      vertex   -2.200000e+01 -2.066875e+01 8.500000e+00
    endloop
  endfacet
  facet normal -1.000000e+00 -0.000000e+00 0.000000e+00
    outer loop
      vertex   -2.200000e+01 -2.066875e+01 8.500000e+00
      vertex   -2.200000e+01 -2.106563e+01 8.100000e+00
      vertex   -2.200000e+01 -2.106563e+01 8.500000e+00
    endloop
  endfacet
  facet normal 0.000000e+00 1.000000e+00 -0.000000e+00
    outer loop
      vertex   -2.041250e+01 -2.066875e+01 8.100000e+00
      vertex   -2.200000e+01 -2.066875e+01 8.100000e+00
      vertex   -2.041250e+01 -2.066875e+01 8.500000e+00
    endloop
  endfacet
  facet normal 0.000000e+00 1.000000e+00 0.000000e+00
    outer loop
      vertex   -2.041250e+01 -2.066875e+01 8.500000e+00
      vertex   -2.200000e+01 -2.066875e+01 8.100000e+00
      vertex   -2.200000e+01 -2.066875e+01 8.500000e+00
    endloop
  endfacet
  facet normal 1.000000e+00 0.000000e+00 0.000000e+00
    outer loop
      vertex   -2.041250e+01 -2.106562e+01 8.100000e+00
      vertex   -2.041250e+01 -2.066875e+01 8.100000e+00
      vertex   -2.041250e+01 -2.106562e+01 8.500000e+00
    endloop
  endfacet
  facet normal 1.000000e+00 -0.000000e+00 0.000000e+00
    outer loop
      vertex   -2.041250e+01 -2.106562e+01 8.500000e+00
      vertex   -2.041250e+01 -2.066875e+01 8.100000e+00
      vertex   -2.041250e+01 -2.066875e+01 8.500000e+00
    endloop
  endfacet
  facet normal 4.475860e-15 -1.000000e+00 0.000000e+00
    outer loop
      vertex   -2.200000e+01 -2.106563e+01 8.100000e+00
      vertex   -2.041250e+01 -2.106562e+01 8.100000e+00
      vertex   -2.200000e+01 -2.106563e+01 8.500000e+00
    endloop
  endfacet
  facet normal 4.475860e-15 -1.000000e+00 0.000000e+00
    outer loop
      vertex   -2.200000e+01 -2.106563e+01 8.500000e+00
      vertex   -2.041250e+01 -2.106562e+01 8.100000e+00
      vertex   -2.041250e+01 -2.106562e+01 8.500000e+00
    endloop
  endfacet
  facet normal 0.000000e+00 0.000000e+00 1.000000e+00
    outer loop
      vertex   -2.200000e+01 -2.106563e+01 8.500000e+00
      vertex   -2.041250e+01 -2.106562e+01 8.500000e+00
      vertex   -2.200000e+01 -2.066875e+01 8.500000e+00
    endloop
  endfacet
  facet normal -0.000000e+00 0.000000e+00 1.000000e+00
    outer loop
      vertex   -2.200000e+01 -2.066875e+01 8.500000e+00
      vertex   -2.041250e+01 -2.106562e+01 8.500000e+00
      vertex   -2.041250e+01 -2.066875e+01 8.500000e+00
    endloop
  endfacet
  facet normal -0.000000e+00 0.000000e+00 -1.000000e+00
    outer loop
      vertex   -2.041250e+01 -2.106562e+01 8.100000e+00
      vertex   -2.200000e+01 -2.106563e+01 8.100000e+00
      vertex   -2.041250e+01 -2.066875e+01 8.100000e+00
    endloop
  endfacet
  facet normal -0.000000e+00 0.000000e+00 -1.000000e+00
    outer loop
      vertex   -2.041250e+01 -2.066875e+01 8.100000e+00
      vertex   -2.200000e+01 -2.106563e+01 8.100000e+00
      vertex   -2.200000e+01 -2.066875e+01 8.100000e+00
    endloop
  endfacet
  facet normal -1.000000e+00 8.951720e-15 0.000000e+00
    outer loop
      vertex   -1.644375e+01 -2.066875e+01 8.100000e+00
      vertex   -1.644375e+01 -2.106563e+01 8.100000e+00
      vertex   -1.644375e+01 -2.066875e+01 8.500000e+00
    endloop
  endfacet
  facet normal -1.000000e+00 8.951720e-15 0.000000e+00
    outer loop
      vertex   -1.644375e+01 -2.066875e+01 8.500000e+00
      vertex   -1.644375e+01 -2.106563e+01 8.100000e+00
      vertex   -1.644375e+01 -2.106563e+01 8.500000e+00
    endloop
  endfacet
  facet normal 0.000000e+00 1.000000e+00 -0.000000e+00
    outer loop
      vertex   -1.565000e+01 -2.066875e+01 8.100000e+00
      vertex   -1.644375e+01 -2.066875e+01 8.100000e+00
      vertex   -1.565000e+01 -2.066875e+01 8.500000e+00
    endloop
  endfacet
  facet normal 0.000000e+00 1.000000e+00 0.000000e+00
    outer loop
      vertex   -1.565000e+01 -2.066875e+01 8.500000e+00
      vertex   -1.644375e+01 -2.066875e+01 8.100000e+00
      vertex   -1.644375e+01 -2.066875e+01 8.500000e+00
    endloop
  endfacet
  facet normal 1.000000e+00 -4.475860e-15 0.000000e+00
    outer loop
      vertex   -1.565000e+01 -2.106562e+01 8.100000e+00
      vertex   -1.565000e+01 -2.066875e+01 8.100000e+00
      vertex   -1.565000e+01 -2.106562e+01 8.500000e+00
    endloop
  endfacet
  facet normal 1.000000e+00 -4.475860e-15 0.000000e+00
    outer loop
      vertex   -1.565000e+01 -2.106562e+01 8.500000e+00
      vertex   -1.565000e+01 -2.066875e+01 8.100000e+00
      vertex   -1.565000e+01 -2.066875e+01 8.500000e+00
    endloop
  endfacet
  facet normal 8.951720e-15 -1.000000e+00 0.000000e+00
    outer loop
      vertex   -1.644375e+01 -2.106563e+01 8.100000e+00
      vertex   -1.565000e+01 -2.106562e+01 8.100000e+00
      vertex   -1.644375e+01 -2.106563e+01 8.500000e+00
    endloop
  endfacet
  facet normal 8.951720e-15 -1.000000e+00 0.000000e+00
    outer loop
      vertex   -1.644375e+01 -2.106563e+01 8.500000e+00
      vertex   -1.565000e+01 -2.106562e+01 8.100000e+00
      vertex   -1.565000e+01 -2.106562e+01 8.500000e+00
    endloop
  endfacet
  facet normal 0.000000e+00 0.000000e+00 1.000000e+00
    outer loop
      vertex   -1.644375e+01 -2.106563e+01 8.500000e+00
      vertex   -1.565000e+01 -2.106562e+01 8.500000e+00
      vertex   -1.644375e+01 -2.066875e+01 8.500000e+00
    endloop
  endfacet
  facet normal -0.000000e+00 0.000000e+00 1.000000e+00
    outer loop
      vertex   -1.644375e+01 -2.066875e+01 8.500000e+00
      vertex   -1.565000e+01 -2.106562e+01 8.500000e+00
      vertex   -1.565000e+01 -2.066875e+01 8.500000e+00
    endloop
  endfacet
  facet normal -0.000000e+00 0.000000e+00 -1.000000e+00
    outer loop
      vertex   -1.565000e+01 -2.106562e+01 8.100000e+00
      vertex   -1.644375e+01 -2.106563e+01 8.100000e+00
      vertex   -1.565000e+01 -2.066875e+01 8.100000e+00
    endloop
  endfacet
  facet normal -0.000000e+00 0.000000e+00 -1.000000e+00
    outer loop
      vertex   -1.565000e+01 -2.066875e+01 8.100000e+00
      vertex   -1.644375e+01 -2.106563e+01 8.100000e+00
      vertex   -1.644375e+01 -2.066875e+01 8.100000e+00
    endloop
  endfacet
  facet normal -1.000000e+00 -3.356895e-15 0.000000e+00
    outer loop
      vertex   -2.950000e+00 -2.066875e+01 8.100000e+00
      vertex   -2.950000e+00 -2.106563e+01 8.100000e+00
      vertex   -2.950000e+00 -2.066875e+01 8.500000e+00
    endloop
  endfacet
  facet normal -1.000000e+00 -3.356895e-15 0.000000e+00
    outer loop
      vertex   -2.950000e+00 -2.066875e+01 8.500000e+00
      vertex   -2.950000e+00 -2.106563e+01 8.100000e+00
      vertex   -2.950000e+00 -2.106563e+01 8.500000e+00
    endloop
  endfacet
  facet normal 0.000000e+00 1.000000e+00 -0.000000e+00
    outer loop
      vertex   -1.362500e+00 -2.066875e+01 8.100000e+00
      vertex   -2.950000e+00 -2.066875e+01 8.100000e+00
      vertex   -1.362500e+00 -2.066875e+01 8.500000e+00
    endloop
  endfacet
  facet normal 0.000000e+00 1.000000e+00 0.000000e+00
    outer loop
      vertex   -1.362500e+00 -2.066875e+01 8.500000e+00
      vertex   -2.950000e+00 -2.066875e+01 8.100000e+00
      vertex   -2.950000e+00 -2.066875e+01 8.500000e+00
    endloop
  endfacet
  facet normal 1.000000e+00 3.356895e-15 -0.000000e+00
    outer loop
      vertex   -1.362500e+00 -2.106563e+01 8.100000e+00
      vertex   -1.362500e+00 -2.066875e+01 8.100000e+00
      vertex   -1.362500e+00 -2.106563e+01 8.500000e+00
    endloop
  endfacet
  facet normal 1.000000e+00 3.356895e-15 0.000000e+00
    outer loop
      vertex   -1.362500e+00 -2.106563e+01 8.500000e+00
      vertex   -1.362500e+00 -2.066875e+01 8.100000e+00
      vertex   -1.362500e+00 -2.066875e+01 8.500000e+00
    endloop
  endfacet
  facet normal 0.000000e+00 -1.000000e+00 0.000000e+00
    outer loop
      vertex   -2.950000e+00 -2.106563e+01 8.100000e+00
      vertex   -1.362500e+00 -2.106563e+01 8.100000e+00
      vertex   -2.950000e+00 -2.106563e+01 8.500000e+00
    endloop
  endfacet
  facet normal 0.000000e+00 -1.000000e+00 0.000000e+00
    outer loop
      vertex   -2.950000e+00 -2.106563e+01 8.500000e+00
      vertex   -1.362500e+00 -2.106563e+01 8.100000e+00
      vertex   -1.362500e+00 -2.106563e+01 8.500000e+00
    endloop
  endfacet
  facet normal 0.000000e+00 -0.000000e+00 1.000000e+00
    outer loop
      vertex   -2.950000e+00 -2.106563e+01 8.500000e+00
      vertex   -1.362500e+00 -2.106563e+01 8.500000e+00
      vertex   -2.950000e+00 -2.066875e+01 8.500000e+00
    endloop
  endfacet
  facet normal -0.000000e+00 0.000000e+00 1.000000e+00
    outer loop
      vertex   -2.950000e+00 -2.066875e+01 8.500000e+00
      vertex   -1.362500e+00 -2.106563e+01 8.500000e+00
      vertex   -1.362500e+00 -2.066875e+01 8.500000e+00
    endloop
  endfacet
  facet normal 0.000000e+00 0.000000e+00 -1.000000e+00
    outer loop
      vertex   -1.362500e+00 -2.106563e+01 8.100000e+00
      vertex   -2.950000e+00 -2.106563e+01 8.100000e+00
      vertex   -1.362500e+00 -2.066875e+01 8.100000e+00
    endloop
  endfacet
  facet normal -0.000000e+00 0.000000e+00 -1.000000e+00
    outer loop
      vertex   -1.362500e+00 -2.066875e+01 8.100000e+00
      vertex   -2.950000e+00 -2.106563e+01 8.100000e+00
      vertex   -2.950000e+00 -2.066875e+01 8.100000e+00
    endloop
  endfacet
  facet normal -1.000000e+00 -4.475860e-15 0.000000e+00
    outer loop
      vertex   -7.712500e+00 -1.789063e+01 8.100000e+00
      vertex   -7.712500e+00 -1.828750e+01 8.100000e+00
      vertex   -7.712500e+00 -1.789063e+01 8.500000e+00
    endloop
  endfacet
  facet normal -1.000000e+00 -4.475860e-15 0.000000e+00
    outer loop
      vertex   -7.712500e+00 -1.789063e+01 8.500000e+00
      vertex   -7.712500e+00 -1.828750e+01 8.100000e+00
      vertex   -7.712500e+00 -1.828750e+01 8.500000e+00
    endloop
  endfacet
  facet normal 3.197043e-16 1.000000e+00 -0.000000e+00
    outer loop
      vertex   3.400000e+00 -1.789063e+01 8.100000e+00
      vertex   -7.712500e+00 -1.789063e+01 8.100000e+00
      vertex   3.400000e+00 -1.789063e+01 8.500000e+00
    endloop
  endfacet
  facet normal 3.197043e-16 1.000000e+00 0.000000e+00
    outer loop
      vertex   3.400000e+00 -1.789063e+01 8.500000e+00
      vertex   -7.712500e+00 -1.789063e+01 8.100000e+00
      vertex   -7.712500e+00 -1.789063e+01 8.500000e+00
    endloop
  endfacet
  facet normal 1.000000e+00 5.594825e-15 -0.000000e+00
    outer loop
      vertex   3.400000e+00 -1.828750e+01 8.100000e+00
      vertex   3.400000e+00 -1.789063e+01 8.100000e+00
      vertex   3.400000e+00 -1.828750e+01 8.500000e+00
    endloop
  endfacet
  facet normal 1.000000e+00 5.594825e-15 0.000000e+00
    outer loop
      vertex   3.400000e+00 -1.828750e+01 8.500000e+00
      vertex   3.400000e+00 -1.789063e+01 8.100000e+00
      vertex   3.400000e+00 -1.789063e+01 8.500000e+00
    endloop
  endfacet
  facet normal -3.197043e-16 -1.000000e+00 0.000000e+00
    outer loop
      vertex   -7.712500e+00 -1.828750e+01 8.100000e+00
      vertex   3.400000e+00 -1.828750e+01 8.100000e+00
      vertex   -7.712500e+00 -1.828750e+01 8.500000e+00
    endloop
  endfacet
  facet normal -3.197043e-16 -1.000000e+00 0.000000e+00
    outer loop
      vertex   -7.712500e+00 -1.828750e+01 8.500000e+00
      vertex   3.400000e+00 -1.828750e+01 8.100000e+00
      vertex   3.400000e+00 -1.828750e+01 8.500000e+00
    endloop
  endfacet
  facet normal -0.000000e+00 -0.000000e+00 1.000000e+00
    outer loop
      vertex   -7.712500e+00 -1.828750e+01 8.500000e+00
      vertex   3.400000e+00 -1.828750e+01 8.500000e+00
      vertex   -7.712500e+00 -1.789063e+01 8.500000e+00
    endloop
  endfacet
  facet normal 0.000000e+00 0.000000e+00 1.000000e+00
    outer loop
      vertex   -7.712500e+00 -1.789063e+01 8.500000e+00
      vertex   3.400000e+00 -1.828750e+01 8.500000e+00
      vertex   3.400000e+00 -1.789063e+01 8.500000e+00
    endloop
  endfacet
  facet normal 0.000000e+00 0.000000e+00 -1.000000e+00
    outer loop
      vertex   3.400000e+00 -1.828750e+01 8.100000e+00
      vertex   -7.712500e+00 -1.828750e+01 8.100000e+00
      vertex   3.400000e+00 -1.789063e+01 8.100000e+00
    endloop
  endfacet
  facet normal -0.000000e+00 0.000000e+00 -1.000000e+00
    outer loop
      vertex   3.400000e+00 -1.789063e+01 8.100000e+00
      vertex   -7.712500e+00 -1.828750e+01 8.100000e+00
      vertex   -7.712500e+00 -1.789063e+01 8.100000e+00
    endloop
  endfacet
  facet normal -1.000000e+00 0.000000e+00 0.000000e+00
    outer loop
      vertex   -7.462500e+00 -4.940625e+00 8.100000e+00
      vertex   -7.462500e+00 -6.234375e+00 8.100000e+00
      vertex   -7.462500e+00 -4.940625e+00 8.500000e+00
    endloop
  endfacet
  facet normal -1.000000e+00 -0.000000e+00 0.000000e+00
    outer loop
      vertex   -7.462500e+00 -4.940625e+00 8.500000e+00
      vertex   -7.462500e+00 -6.234375e+00 8.100000e+00
      vertex   -7.462500e+00 -6.234375e+00 8.500000e+00
    endloop
  endfacet
  facet normal 0.000000e+00 -1.000000e+00 0.000000e+00
    outer loop
      vertex   -8.756250e+00 -4.940625e+00 8.100000e+00
      vertex   -7.462500e+00 -4.940625e+00 8.100000e+00
      vertex   -8.756250e+00 -4.940625e+00 8.500000e+00
    endloop
  endfacet
  facet normal 0.000000e+00 -1.000000e+00 0.000000e+00
    outer loop
      vertex   -8.756250e+00 -4.940625e+00 8.500000e+00
      vertex   -7.462500e+00 -4.940625e+00 8.100000e+00
      vertex   -7.462500e+00 -4.940625e+00 8.500000e+00
    endloop
  endfacet
  facet normal 1.000000e+00 0.000000e+00 0.000000e+00
    outer loop
      vertex   -8.756250e+00 -6.234375e+00 8.100000e+00
      vertex   -8.756250e+00 -4.940625e+00 8.100000e+00
      vertex   -8.756250e+00 -6.234375e+00 8.500000e+00
    endloop
  endfacet
  facet normal 1.000000e+00 -0.000000e+00 0.000000e+00
    outer loop
      vertex   -8.756250e+00 -6.234375e+00 8.500000e+00
      vertex   -8.756250e+00 -4.940625e+00 8.100000e+00
      vertex   -8.756250e+00 -4.940625e+00 8.500000e+00
    endloop
  endfacet
  facet normal 0.000000e+00 1.000000e+00 -0.000000e+00
    outer loop
      vertex   -7.462500e+00 -6.234375e+00 8.100000e+00
      vertex   -8.756250e+00 -6.234375e+00 8.100000e+00
      vertex   -7.462500e+00 -6.234375e+00 8.500000e+00
    endloop
  endfacet
  facet normal 0.000000e+00 1.000000e+00 0.000000e+00
    outer loop
      vertex   -7.462500e+00 -6.234375e+00 8.500000e+00
      vertex   -8.756250e+00 -6.234375e+00 8.100000e+00
      vertex   -8.756250e+00 -6.234375e+00 8.500000e+00
    endloop
  endfacet
  facet normal 6.713790e-15 -1.000000e+00 0.000000e+00
    outer loop
      vertex   -7.312500e+00 -1.551250e+01 8.100000e+00
      vertex   -6.518750e+00 -1.551250e+01 8.100000e+00
      vertex   -7.312500e+00 -1.551250e+01 8.500000e+00
    endloop
  endfacet
  facet normal 6.713790e-15 -1.000000e+00 0.000000e+00
    outer loop
      vertex   -7.312500e+00 -1.551250e+01 8.500000e+00
      vertex   -6.518750e+00 -1.551250e+01 8.100000e+00
      vertex   -6.518750e+00 -1.551250e+01 8.500000e+00
    endloop
  endfacet
  facet normal 1.000000e+00 -1.491953e-15 0.000000e+00
    outer loop
      vertex   -7.312500e+00 -1.670313e+01 8.100000e+00
      vertex   -7.312500e+00 -1.551250e+01 8.100000e+00
      vertex   -7.312500e+00 -1.670313e+01 8.500000e+00
    endloop
  endfacet
  facet normal 1.000000e+00 -1.491953e-15 0.000000e+00
    outer loop
      vertex   -7.312500e+00 -1.670313e+01 8.500000e+00
      vertex   -7.312500e+00 -1.551250e+01 8.100000e+00
      vertex   -7.312500e+00 -1.551250e+01 8.500000e+00
    endloop
  endfacet
  facet normal -4.475860e-15 -1.000000e+00 0.000000e+00
    outer loop
      vertex   -8.106250e+00 -1.670313e+01 8.100000e+00
      vertex   -7.312500e+00 -1.670313e+01 8.100000e+00
      vertex   -8.106250e+00 -1.670313e+01 8.500000e+00
    endloop
  endfacet
  facet normal -4.475860e-15 -1.000000e+00 0.000000e+00
    outer loop
      vertex   -8.106250e+00 -1.670313e+01 8.500000e+00
      vertex   -7.312500e+00 -1.670313e+01 8.100000e+00
      vertex   -7.312500e+00 -1.670313e+01 8.500000e+00
    endloop
  endfacet
  facet normal 1.000000e+00 0.000000e+00 0.000000e+00
    outer loop
      vertex   -8.106250e+00 -1.749687e+01 8.100000e+00
      vertex   -8.106250e+00 -1.670313e+01 8.100000e+00
      vertex   -8.106250e+00 -1.749687e+01 8.500000e+00
    endloop
  endfacet
  facet normal 1.000000e+00 -0.000000e+00 0.000000e+00
    outer loop
      vertex   -8.106250e+00 -1.749687e+01 8.500000e+00
      vertex   -8.106250e+00 -1.670313e+01 8.100000e+00
      vertex   -8.106250e+00 -1.670313e+01 8.500000e+00
    endloop
  endfacet
  facet normal 4.475860e-15 -1.000000e+00 0.000000e+00
    outer loop
      vertex   -8.900000e+00 -1.749688e+01 8.100000e+00
      vertex   -8.106250e+00 -1.749687e+01 8.100000e+00
      vertex   -8.900000e+00 -1.749688e+01 8.500000e+00
    endloop
  endfacet
  facet normal 4.475860e-15 -1.000000e+00 0.000000e+00
    outer loop
      vertex   -8.900000e+00 -1.749688e+01 8.500000e+00
      vertex   -8.106250e+00 -1.749687e+01 8.100000e+00
      vertex   -8.106250e+00 -1.749687e+01 8.500000e+00
    endloop
  endfacet
  facet normal 1.000000e+00 0.000000e+00 0.000000e+00
    outer loop
      vertex   -8.900000e+00 -1.987188e+01 8.100000e+00
      vertex   -8.900000e+00 -1.749688e+01 8.100000e+00
      vertex   -8.900000e+00 -1.987188e+01 8.500000e+00
    endloop
  endfacet
  facet normal 1.000000e+00 -0.000000e+00 0.000000e+00
    outer loop
      vertex   -8.900000e+00 -1.987188e+01 8.500000e+00
      vertex   -8.900000e+00 -1.749688e+01 8.100000e+00
      vertex   -8.900000e+00 -1.749688e+01 8.500000e+00
    endloop
  endfacet
  facet normal 0.000000e+00 1.000000e+00 -0.000000e+00
    outer loop
      vertex   -8.106250e+00 -1.987188e+01 8.100000e+00
      vertex   -8.900000e+00 -1.987188e+01 8.100000e+00
      vertex   -8.106250e+00 -1.987188e+01 8.500000e+00
    endloop
  endfacet
  facet normal 0.000000e+00 1.000000e+00 0.000000e+00
    outer loop
      vertex   -8.106250e+00 -1.987188e+01 8.500000e+00
      vertex   -8.900000e+00 -1.987188e+01 8.100000e+00
      vertex   -8.900000e+00 -1.987188e+01 8.500000e+00
    endloop
  endfacet
  facet normal 1.000000e+00 0.000000e+00 0.000000e+00
    outer loop
      vertex   -8.106250e+00 -2.146563e+01 8.100000e+00
      vertex   -8.106250e+00 -1.987188e+01 8.100000e+00
      vertex   -8.106250e+00 -2.146563e+01 8.500000e+00
    endloop
  endfacet
  facet normal 1.000000e+00 -0.000000e+00 0.000000e+00
    outer loop
      vertex   -8.106250e+00 -2.146563e+01 8.500000e+00
      vertex   -8.106250e+00 -1.987188e+01 8.100000e+00
      vertex   -8.106250e+00 -1.987188e+01 8.500000e+00
    endloop
  endfacet
  facet normal 0.000000e+00 -1.000000e+00 0.000000e+00
    outer loop
      vertex   -1.049375e+01 -2.146563e+01 8.100000e+00
      vertex   -8.106250e+00 -2.146563e+01 8.100000e+00
      vertex   -1.049375e+01 -2.146563e+01 8.500000e+00
    endloop
  endfacet
  facet normal 0.000000e+00 -1.000000e+00 0.000000e+00
    outer loop
      vertex   -1.049375e+01 -2.146563e+01 8.500000e+00
      vertex   -8.106250e+00 -2.146563e+01 8.100000e+00
      vertex   -8.106250e+00 -2.146563e+01 8.500000e+00
    endloop
  endfacet
  facet normal -1.000000e+00 0.000000e+00 0.000000e+00
    outer loop
      vertex   -1.049375e+01 -1.908438e+01 8.100000e+00
      vertex   -1.049375e+01 -2.146563e+01 8.100000e+00
      vertex   -1.049375e+01 -1.908438e+01 8.500000e+00
    endloop
  endfacet
  facet normal -1.000000e+00 -0.000000e+00 0.000000e+00
    outer loop
      vertex   -1.049375e+01 -1.908438e+01 8.500000e+00
      vertex   -1.049375e+01 -2.146563e+01 8.100000e+00
      vertex   -1.049375e+01 -2.146563e+01 8.500000e+00
    endloop
  endfacet
  facet normal 4.493551e-15 -1.000000e+00 0.000000e+00
    outer loop
      vertex   -1.207500e+01 -1.908438e+01 8.100000e+00
      vertex   -1.049375e+01 -1.908438e+01 8.100000e+00
      vertex   -1.207500e+01 -1.908438e+01 8.500000e+00
    endloop
  endfacet
  facet normal 4.493551e-15 -1.000000e+00 0.000000e+00
    outer loop
      vertex   -1.207500e+01 -1.908438e+01 8.500000e+00
      vertex   -1.049375e+01 -1.908438e+01 8.100000e+00
      vertex   -1.049375e+01 -1.908438e+01 8.500000e+00
    endloop
  endfacet
  facet normal 1.000000e+00 0.000000e+00 0.000000e+00
    outer loop
      vertex   -1.207500e+01 -2.146563e+01 8.100000e+00
      vertex   -1.207500e+01 -1.908438e+01 8.100000e+00
      vertex   -1.207500e+01 -2.146563e+01 8.500000e+00
    endloop
  endfacet
  facet normal 1.000000e+00 -0.000000e+00 0.000000e+00
    outer loop
      vertex   -1.207500e+01 -2.146563e+01 8.500000e+00
      vertex   -1.207500e+01 -1.908438e+01 8.100000e+00
      vertex   -1.207500e+01 -1.908438e+01 8.500000e+00
    endloop
  endfacet
  facet normal 0.000000e+00 -1.000000e+00 0.000000e+00
    outer loop
      vertex   -1.446250e+01 -2.146563e+01 8.100000e+00
      vertex   -1.207500e+01 -2.146563e+01 8.100000e+00
      vertex   -1.446250e+01 -2.146563e+01 8.500000e+00
    endloop
  endfacet
  facet normal 0.000000e+00 -1.000000e+00 0.000000e+00
    outer loop
      vertex   -1.446250e+01 -2.146563e+01 8.500000e+00
      vertex   -1.207500e+01 -2.146563e+01 8.100000e+00
      vertex   -1.207500e+01 -2.146563e+01 8.500000e+00
    endloop
  endfacet
  facet normal -1.000000e+00 0.000000e+00 0.000000e+00
    outer loop
      vertex   -1.446250e+01 -1.829062e+01 8.100000e+00
      vertex   -1.446250e+01 -2.146563e+01 8.100000e+00
      vertex   -1.446250e+01 -1.829062e+01 8.500000e+00
    endloop
  endfacet
  facet normal -1.000000e+00 -0.000000e+00 0.000000e+00
    outer loop
      vertex   -1.446250e+01 -1.829062e+01 8.500000e+00
      vertex   -1.446250e+01 -2.146563e+01 8.100000e+00
      vertex   -1.446250e+01 -2.146563e+01 8.500000e+00
    endloop
  endfacet
  facet normal 0.000000e+00 -1.000000e+00 0.000000e+00
    outer loop
      vertex   -1.525625e+01 -1.829062e+01 8.100000e+00
      vertex   -1.446250e+01 -1.829062e+01 8.100000e+00
      vertex   -1.525625e+01 -1.829062e+01 8.500000e+00
    endloop
  endfacet
  facet normal 0.000000e+00 -1.000000e+00 0.000000e+00
    outer loop
      vertex   -1.525625e+01 -1.829062e+01 8.500000e+00
      vertex   -1.446250e+01 -1.829062e+01 8.100000e+00
      vertex   -1.446250e+01 -1.829062e+01 8.500000e+00
    endloop
  endfacet
  facet normal -1.000000e+00 0.000000e+00 0.000000e+00
    outer loop
      vertex   -1.525625e+01 -1.749688e+01 8.100000e+00
      vertex   -1.525625e+01 -1.829062e+01 8.100000e+00
      vertex   -1.525625e+01 -1.749688e+01 8.500000e+00
    endloop
  endfacet
  facet normal -1.000000e+00 -0.000000e+00 0.000000e+00
    outer loop
      vertex   -1.525625e+01 -1.749688e+01 8.500000e+00
      vertex   -1.525625e+01 -1.829062e+01 8.100000e+00
      vertex   -1.525625e+01 -1.829062e+01 8.500000e+00
    endloop
  endfacet
  facet normal 4.475860e-15 -1.000000e+00 0.000000e+00
    outer loop
      vertex   -1.605000e+01 -1.749688e+01 8.100000e+00
      vertex   -1.525625e+01 -1.749688e+01 8.100000e+00
      vertex   -1.605000e+01 -1.749688e+01 8.500000e+00
    endloop
  endfacet
  facet normal 4.475860e-15 -1.000000e+00 0.000000e+00
    outer loop
      vertex   -1.605000e+01 -1.749688e+01 8.500000e+00
      vertex   -1.525625e+01 -1.749688e+01 8.100000e+00
      vertex   -1.525625e+01 -1.749688e+01 8.500000e+00
    endloop
  endfacet
  facet normal -1.000000e+00 0.000000e+00 0.000000e+00
    outer loop
      vertex   -1.605000e+01 -1.670312e+01 8.100000e+00
      vertex   -1.605000e+01 -1.749688e+01 8.100000e+00
      vertex   -1.605000e+01 -1.670312e+01 8.500000e+00
    endloop
  endfacet
  facet normal -1.000000e+00 -0.000000e+00 0.000000e+00
    outer loop
      vertex   -1.605000e+01 -1.670312e+01 8.500000e+00
      vertex   -1.605000e+01 -1.749688e+01 8.100000e+00
      vertex   -1.605000e+01 -1.749688e+01 8.500000e+00
    endloop
  endfacet
  facet normal 0.000000e+00 -1.000000e+00 0.000000e+00
    outer loop
      vertex   -1.684375e+01 -1.670312e+01 8.100000e+00
      vertex   -1.605000e+01 -1.670312e+01 8.100000e+00
      vertex   -1.684375e+01 -1.670312e+01 8.500000e+00
    endloop
  endfacet
  facet normal 0.000000e+00 -1.000000e+00 0.000000e+00
    outer loop
      vertex   -1.684375e+01 -1.670312e+01 8.500000e+00
      vertex   -1.605000e+01 -1.670312e+01 8.100000e+00
      vertex   -1.605000e+01 -1.670312e+01 8.500000e+00
    endloop
  endfacet
  facet normal -1.000000e+00 0.000000e+00 0.000000e+00
    outer loop
      vertex   -1.684375e+01 -1.590937e+01 8.100000e+00
      vertex   -1.684375e+01 -1.670312e+01 8.100000e+00
      vertex   -1.684375e+01 -1.590937e+01 8.500000e+00
    endloop
  endfacet
  facet normal -1.000000e+00 -0.000000e+00 0.000000e+00
    outer loop
      vertex   -1.684375e+01 -1.590937e+01 8.500000e+00
      vertex   -1.684375e+01 -1.670312e+01 8.100000e+00
      vertex   -1.684375e+01 -1.670312e+01 8.500000e+00
    endloop
  endfacet
  facet normal 0.000000e+00 -1.000000e+00 0.000000e+00
    outer loop
      vertex   -1.763750e+01 -1.590937e+01 8.100000e+00
      vertex   -1.684375e+01 -1.590937e+01 8.100000e+00
      vertex   -1.763750e+01 -1.590937e+01 8.500000e+00
    endloop
  endfacet
  facet normal 0.000000e+00 -1.000000e+00 0.000000e+00
    outer loop
      vertex   -1.763750e+01 -1.590937e+01 8.500000e+00
      vertex   -1.684375e+01 -1.590937e+01 8.100000e+00
      vertex   -1.684375e+01 -1.590937e+01 8.500000e+00
    endloop
  endfacet
  facet normal -1.000000e+00 -4.475860e-15 0.000000e+00
    outer loop
      vertex   -1.763750e+01 -1.511563e+01 8.100000e+00
      vertex   -1.763750e+01 -1.590937e+01 8.100000e+00
      vertex   -1.763750e+01 -1.511563e+01 8.500000e+00
    endloop
  endfacet
  facet normal -1.000000e+00 -4.475860e-15 0.000000e+00
    outer loop
      vertex   -1.763750e+01 -1.511563e+01 8.500000e+00
      vertex   -1.763750e+01 -1.590937e+01 8.100000e+00
      vertex   -1.763750e+01 -1.590937e+01 8.500000e+00
    endloop
  endfacet
  facet normal 4.475860e-15 -1.000000e+00 0.000000e+00
    outer loop
      vertex   -1.843125e+01 -1.511563e+01 8.100000e+00
      vertex   -1.763750e+01 -1.511563e+01 8.100000e+00
      vertex   -1.843125e+01 -1.511563e+01 8.500000e+00
    endloop
  endfacet
  facet normal 4.475860e-15 -1.000000e+00 0.000000e+00
    outer loop
      vertex   -1.843125e+01 -1.511563e+01 8.500000e+00
      vertex   -1.763750e+01 -1.511563e+01 8.100000e+00
      vertex   -1.763750e+01 -1.511563e+01 8.500000e+00
    endloop
  endfacet
  facet normal -1.000000e+00 0.000000e+00 0.000000e+00
    outer loop
      vertex   -1.843125e+01 -9.553125e+00 8.100000e+00
      vertex   -1.843125e+01 -1.511563e+01 8.100000e+00
      vertex   -1.843125e+01 -9.553125e+00 8.500000e+00
    endloop
  endfacet
  facet normal -1.000000e+00 -0.000000e+00 0.000000e+00
    outer loop
      vertex   -1.843125e+01 -9.553125e+00 8.500000e+00
      vertex   -1.843125e+01 -1.511563e+01 8.100000e+00
      vertex   -1.843125e+01 -1.511563e+01 8.500000e+00
    endloop
  endfacet
  facet normal -2.229154e-15 1.000000e+00 0.000000e+00
    outer loop
      vertex   -1.683750e+01 -9.553125e+00 8.100000e+00
      vertex   -1.843125e+01 -9.553125e+00 8.100000e+00
      vertex   -1.683750e+01 -9.553125e+00 8.500000e+00
    endloop
  endfacet
  facet normal -2.229154e-15 1.000000e+00 0.000000e+00
    outer loop
      vertex   -1.683750e+01 -9.553125e+00 8.500000e+00
      vertex   -1.843125e+01 -9.553125e+00 8.100000e+00
      vertex   -1.843125e+01 -9.553125e+00 8.500000e+00
    endloop
  endfacet
  facet normal 1.000000e+00 0.000000e+00 0.000000e+00
    outer loop
      vertex   -1.683750e+01 -1.114063e+01 8.100000e+00
      vertex   -1.683750e+01 -9.553125e+00 8.100000e+00
      vertex   -1.683750e+01 -1.114063e+01 8.500000e+00
    endloop
  endfacet
  facet normal 1.000000e+00 -0.000000e+00 0.000000e+00
    outer loop
      vertex   -1.683750e+01 -1.114063e+01 8.500000e+00
      vertex   -1.683750e+01 -9.553125e+00 8.100000e+00
      vertex   -1.683750e+01 -9.553125e+00 8.500000e+00
    endloop
  endfacet
  facet normal 2.237930e-15 1.000000e+00 -0.000000e+00
    outer loop
      vertex   -1.604375e+01 -1.114063e+01 8.100000e+00
      vertex   -1.683750e+01 -1.114063e+01 8.100000e+00
      vertex   -1.604375e+01 -1.114063e+01 8.500000e+00
    endloop
  endfacet
  facet normal 2.237930e-15 1.000000e+00 0.000000e+00
    outer loop
      vertex   -1.604375e+01 -1.114063e+01 8.500000e+00
      vertex   -1.683750e+01 -1.114063e+01 8.100000e+00
      vertex   -1.683750e+01 -1.114063e+01 8.500000e+00
    endloop
  endfacet
  facet normal 1.000000e+00 4.475860e-15 -0.000000e+00
    outer loop
      vertex   -1.604375e+01 -1.193437e+01 8.100000e+00
      vertex   -1.604375e+01 -1.114063e+01 8.100000e+00
      vertex   -1.604375e+01 -1.193437e+01 8.500000e+00
    endloop
  endfacet
  facet normal 1.000000e+00 4.475860e-15 0.000000e+00
    outer loop
      vertex   -1.604375e+01 -1.193437e+01 8.500000e+00
      vertex   -1.604375e+01 -1.114063e+01 8.100000e+00
      vertex   -1.604375e+01 -1.114063e+01 8.500000e+00
    endloop
  endfacet
  facet normal -2.237930e-15 1.000000e+00 0.000000e+00
    outer loop
      vertex   -1.525000e+01 -1.193437e+01 8.100000e+00
      vertex   -1.604375e+01 -1.193437e+01 8.100000e+00
      vertex   -1.525000e+01 -1.193437e+01 8.500000e+00
    endloop
  endfacet
  facet normal -2.237930e-15 1.000000e+00 0.000000e+00
    outer loop
      vertex   -1.525000e+01 -1.193437e+01 8.500000e+00
      vertex   -1.604375e+01 -1.193437e+01 8.100000e+00
      vertex   -1.604375e+01 -1.193437e+01 8.500000e+00
    endloop
  endfacet
  facet normal 1.000000e+00 0.000000e+00 0.000000e+00
    outer loop
      vertex   -1.525000e+01 -1.272812e+01 8.100000e+00
      vertex   -1.525000e+01 -1.193437e+01 8.100000e+00
      vertex   -1.525000e+01 -1.272812e+01 8.500000e+00
    endloop
  endfacet
  facet normal 1.000000e+00 -0.000000e+00 0.000000e+00
    outer loop
      vertex   -1.525000e+01 -1.272812e+01 8.500000e+00
      vertex   -1.525000e+01 -1.193437e+01 8.100000e+00
      vertex   -1.525000e+01 -1.193437e+01 8.500000e+00
    endloop
  endfacet
  facet normal 4.511382e-15 1.000000e+00 -0.000000e+00
    outer loop
      vertex   -1.446250e+01 -1.272813e+01 8.100000e+00
      vertex   -1.525000e+01 -1.272812e+01 8.100000e+00
      vertex   -1.446250e+01 -1.272813e+01 8.500000e+00
    endloop
  endfacet
  facet normal 4.511382e-15 1.000000e+00 0.000000e+00
    outer loop
      vertex   -1.446250e+01 -1.272813e+01 8.500000e+00
      vertex   -1.525000e+01 -1.272812e+01 8.100000e+00
      vertex   -1.525000e+01 -1.272812e+01 8.500000e+00
    endloop
  endfacet
  facet normal -1.000000e+00 2.237930e-15 0.000000e+00
    outer loop
      vertex   -1.446250e+01 -1.193438e+01 8.100000e+00
      vertex   -1.446250e+01 -1.272813e+01 8.100000e+00
      vertex   -1.446250e+01 -1.193438e+01 8.500000e+00
    endloop
  endfacet
  facet normal -1.000000e+00 2.237930e-15 0.000000e+00
    outer loop
      vertex   -1.446250e+01 -1.193438e+01 8.500000e+00
      vertex   -1.446250e+01 -1.272813e+01 8.100000e+00
      vertex   -1.446250e+01 -1.272813e+01 8.500000e+00
    endloop
  endfacet
  facet normal -2.237930e-15 1.000000e+00 0.000000e+00
    outer loop
      vertex   -1.366875e+01 -1.193438e+01 8.100000e+00
      vertex   -1.446250e+01 -1.193438e+01 8.100000e+00
      vertex   -1.366875e+01 -1.193438e+01 8.500000e+00
    endloop
  endfacet
  facet normal -2.237930e-15 1.000000e+00 0.000000e+00
    outer loop
      vertex   -1.366875e+01 -1.193438e+01 8.500000e+00
      vertex   -1.446250e+01 -1.193438e+01 8.100000e+00
      vertex   -1.446250e+01 -1.193438e+01 8.500000e+00
    endloop
  endfacet
  facet normal -1.000000e+00 -2.237930e-15 0.000000e+00
    outer loop
      vertex   -1.366875e+01 -1.114062e+01 8.100000e+00
      vertex   -1.366875e+01 -1.193438e+01 8.100000e+00
      vertex   -1.366875e+01 -1.114062e+01 8.500000e+00
    endloop
  endfacet
  facet normal -1.000000e+00 -2.237930e-15 0.000000e+00
    outer loop
      vertex   -1.366875e+01 -1.114062e+01 8.500000e+00
      vertex   -1.366875e+01 -1.193438e+01 8.100000e+00
      vertex   -1.366875e+01 -1.193438e+01 8.500000e+00
    endloop
  endfacet
  facet normal 1.491953e-15 1.000000e+00 -0.000000e+00
    outer loop
      vertex   -1.247813e+01 -1.114063e+01 8.100000e+00
      vertex   -1.366875e+01 -1.114062e+01 8.100000e+00
      vertex   -1.247813e+01 -1.114063e+01 8.500000e+00
    endloop
  endfacet
  facet normal 1.491953e-15 1.000000e+00 0.000000e+00
    outer loop
      vertex   -1.247813e+01 -1.114063e+01 8.500000e+00
      vertex   -1.366875e+01 -1.114062e+01 8.100000e+00
      vertex   -1.366875e+01 -1.114062e+01 8.500000e+00
    endloop
  endfacet
  facet normal -1.000000e+00 0.000000e+00 0.000000e+00
    outer loop
      vertex   -1.247813e+01 -1.034688e+01 8.100000e+00
      vertex   -1.247813e+01 -1.114063e+01 8.100000e+00
      vertex   -1.247813e+01 -1.034688e+01 8.500000e+00
    endloop
  endfacet
  facet normal -1.000000e+00 -0.000000e+00 0.000000e+00
    outer loop
      vertex   -1.247813e+01 -1.034688e+01 8.500000e+00
      vertex   -1.247813e+01 -1.114063e+01 8.100000e+00
      vertex   -1.247813e+01 -1.114063e+01 8.500000e+00
    endloop
  endfacet
  facet normal -1.491953e-15 1.000000e+00 0.000000e+00
    outer loop
      vertex   -1.128750e+01 -1.034688e+01 8.100000e+00
      vertex   -1.247813e+01 -1.034688e+01 8.100000e+00
      vertex   -1.128750e+01 -1.034688e+01 8.500000e+00
    endloop
  endfacet
  facet normal -1.491953e-15 1.000000e+00 0.000000e+00
    outer loop
      vertex   -1.128750e+01 -1.034688e+01 8.500000e+00
      vertex   -1.247813e+01 -1.034688e+01 8.100000e+00
      vertex   -1.247813e+01 -1.034688e+01 8.500000e+00
    endloop
  endfacet
  facet normal -1.000000e+00 4.475860e-15 0.000000e+00
    outer loop
      vertex   -1.128750e+01 -9.553125e+00 8.100000e+00
      vertex   -1.128750e+01 -1.034688e+01 8.100000e+00
      vertex   -1.128750e+01 -9.553125e+00 8.500000e+00
    endloop
  endfacet
  facet normal -1.000000e+00 4.475860e-15 0.000000e+00
    outer loop
      vertex   -1.128750e+01 -9.553125e+00 8.500000e+00
      vertex   -1.128750e+01 -1.034688e+01 8.100000e+00
      vertex   -1.128750e+01 -1.034688e+01 8.500000e+00
    endloop
  endfacet
  facet normal 0.000000e+00 1.000000e+00 -0.000000e+00
    outer loop
      vertex   -1.049375e+01 -9.553125e+00 8.100000e+00
      vertex   -1.128750e+01 -9.553125e+00 8.100000e+00
      vertex   -1.049375e+01 -9.553125e+00 8.500000e+00
    endloop
  endfacet
  facet normal 0.000000e+00 1.000000e+00 0.000000e+00
    outer loop
      vertex   -1.049375e+01 -9.553125e+00 8.500000e+00
      vertex   -1.128750e+01 -9.553125e+00 8.100000e+00
      vertex   -1.128750e+01 -9.553125e+00 8.500000e+00
    endloop
  endfacet
  facet normal -1.000000e+00 0.000000e+00 0.000000e+00
    outer loop
      vertex   -1.049375e+01 -4.393750e+00 8.100000e+00
      vertex   -1.049375e+01 -9.553125e+00 8.100000e+00
      vertex   -1.049375e+01 -4.393750e+00 8.500000e+00
    endloop
  endfacet
  facet normal -1.000000e+00 -0.000000e+00 0.000000e+00
    outer loop
      vertex   -1.049375e+01 -4.393750e+00 8.500000e+00
      vertex   -1.049375e+01 -9.553125e+00 8.100000e+00
      vertex   -1.049375e+01 -9.553125e+00 8.500000e+00
    endloop
  endfacet
  facet normal 0.000000e+00 1.000000e+00 -0.000000e+00
    outer loop
      vertex   -9.700000e+00 -4.393750e+00 8.100000e+00
      vertex   -1.049375e+01 -4.393750e+00 8.100000e+00
      vertex   -9.700000e+00 -4.393750e+00 8.500000e+00
    endloop
  endfacet
  facet normal 0.000000e+00 1.000000e+00 0.000000e+00
    outer loop
      vertex   -9.700000e+00 -4.393750e+00 8.500000e+00
      vertex   -1.049375e+01 -4.393750e+00 8.100000e+00
      vertex   -1.049375e+01 -4.393750e+00 8.500000e+00
    endloop
  endfacet
  facet normal -1.000000e+00 0.000000e+00 0.000000e+00
    outer loop
      vertex   -9.700000e+00 -3.600000e+00 8.100000e+00
      vertex   -9.700000e+00 -4.393750e+00 8.100000e+00
      vertex   -9.700000e+00 -3.600000e+00 8.500000e+00
    endloop
  endfacet
  facet normal -1.000000e+00 -0.000000e+00 0.000000e+00
    outer loop
      vertex   -9.700000e+00 -3.600000e+00 8.500000e+00
      vertex   -9.700000e+00 -4.393750e+00 8.100000e+00
      vertex   -9.700000e+00 -4.393750e+00 8.500000e+00
    endloop
  endfacet
  facet normal 1.242208e-16 1.000000e+00 -0.000000e+00
    outer loop
      vertex   -2.550000e+00 -3.600000e+00 8.100000e+00
      vertex   -9.700000e+00 -3.600000e+00 8.100000e+00
      vertex   -2.550000e+00 -3.600000e+00 8.500000e+00
    endloop
  endfacet
  facet normal 1.242208e-16 1.000000e+00 0.000000e+00
    outer loop
      vertex   -2.550000e+00 -3.600000e+00 8.500000e+00
      vertex   -9.700000e+00 -3.600000e+00 8.100000e+00
      vertex   -9.700000e+00 -3.600000e+00 8.500000e+00
    endloop
  endfacet
  facet normal 1.000000e+00 -2.797412e-15 0.000000e+00
    outer loop
      vertex   -2.550000e+00 -4.393750e+00 8.100000e+00
      vertex   -2.550000e+00 -3.600000e+00 8.100000e+00
      vertex   -2.550000e+00 -4.393750e+00 8.500000e+00
    endloop
  endfacet
  facet normal 1.000000e+00 -2.797412e-15 0.000000e+00
    outer loop
      vertex   -2.550000e+00 -4.393750e+00 8.500000e+00
      vertex   -2.550000e+00 -3.600000e+00 8.100000e+00
      vertex   -2.550000e+00 -3.600000e+00 8.500000e+00
    endloop
  endfacet
  facet normal 0.000000e+00 1.000000e+00 -0.000000e+00
    outer loop
      vertex   -1.756250e+00 -4.393750e+00 8.100000e+00
      vertex   -2.550000e+00 -4.393750e+00 8.100000e+00
      vertex   -1.756250e+00 -4.393750e+00 8.500000e+00
    endloop
  endfacet
  facet normal 0.000000e+00 1.000000e+00 0.000000e+00
    outer loop
      vertex   -1.756250e+00 -4.393750e+00 8.500000e+00
      vertex   -2.550000e+00 -4.393750e+00 8.100000e+00
      vertex   -2.550000e+00 -4.393750e+00 8.500000e+00
    endloop
  endfacet
  facet normal 1.000000e+00 2.539467e-16 -0.000000e+00
    outer loop
      vertex   -1.756250e+00 -8.765625e+00 8.100000e+00
      vertex   -1.756250e+00 -4.393750e+00 8.100000e+00
      vertex   -1.756250e+00 -8.765625e+00 8.500000e+00
    endloop
  endfacet
  facet normal 1.000000e+00 2.539467e-16 2.255499e-31
    outer loop
      vertex   -1.756250e+00 -8.765625e+00 8.500000e+00
      vertex   -1.756250e+00 -4.393750e+00 8.100000e+00
      vertex   -1.756250e+00 -4.393750e+00 8.500000e+00
    endloop
  endfacet
  facet normal 0.000000e+00 -1.000000e+00 0.000000e+00
    outer loop
      vertex   -3.343750e+00 -8.765625e+00 8.100000e+00
      vertex   -1.756250e+00 -8.765625e+00 8.100000e+00
      vertex   -3.343750e+00 -8.765625e+00 8.500000e+00
    endloop
  endfacet
  facet normal 0.000000e+00 -1.000000e+00 0.000000e+00
    outer loop
      vertex   -3.343750e+00 -8.765625e+00 8.500000e+00
      vertex   -1.756250e+00 -8.765625e+00 8.100000e+00
      vertex   -1.756250e+00 -8.765625e+00 8.500000e+00
    endloop
  endfacet
  facet normal 1.000000e+00 -1.398706e-15 0.000000e+00
    outer loop
      vertex   -3.343750e+00 -1.035313e+01 8.100000e+00
      vertex   -3.343750e+00 -8.765625e+00 8.100000e+00
      vertex   -3.343750e+00 -1.035313e+01 8.500000e+00
    endloop
  endfacet
  facet normal 1.000000e+00 -1.398706e-15 0.000000e+00
    outer loop
      vertex   -3.343750e+00 -1.035313e+01 8.500000e+00
      vertex   -3.343750e+00 -8.765625e+00 8.100000e+00
      vertex   -3.343750e+00 -8.765625e+00 8.500000e+00
    endloop
  endfacet
  facet normal 0.000000e+00 -1.000000e+00 0.000000e+00
    outer loop
      vertex   -6.518750e+00 -1.035313e+01 8.100000e+00
      vertex   -3.343750e+00 -1.035313e+01 8.100000e+00
      vertex   -6.518750e+00 -1.035313e+01 8.500000e+00
    endloop
  endfacet
  facet normal 0.000000e+00 -1.000000e+00 0.000000e+00
    outer loop
      vertex   -6.518750e+00 -1.035313e+01 8.500000e+00
      vertex   -3.343750e+00 -1.035313e+01 8.100000e+00
      vertex   -3.343750e+00 -1.035313e+01 8.500000e+00
    endloop
  endfacet
  facet normal 1.000000e+00 1.127846e-15 -0.000000e+00
    outer loop
      vertex   -6.518750e+00 -1.114063e+01 8.100000e+00
      vertex   -6.518750e+00 -1.035313e+01 8.100000e+00
      vertex   -6.518750e+00 -1.114063e+01 8.500000e+00
    endloop
  endfacet
  facet normal 1.000000e+00 1.127846e-15 0.000000e+00
    outer loop
      vertex   -6.518750e+00 -1.114063e+01 8.500000e+00
      vertex   -6.518750e+00 -1.035313e+01 8.100000e+00
      vertex   -6.518750e+00 -1.035313e+01 8.500000e+00
    endloop
  endfacet
  facet normal 0.000000e+00 1.000000e+00 -0.000000e+00
    outer loop
      vertex   -4.931250e+00 -1.114063e+01 8.100000e+00
      vertex   -6.518750e+00 -1.114063e+01 8.100000e+00
      vertex   -4.931250e+00 -1.114063e+01 8.500000e+00
    endloop
  endfacet
  facet normal 0.000000e+00 1.000000e+00 0.000000e+00
    outer loop
      vertex   -4.931250e+00 -1.114063e+01 8.500000e+00
      vertex   -6.518750e+00 -1.114063e+01 8.100000e+00
      vertex   -6.518750e+00 -1.114063e+01 8.500000e+00
    endloop
  endfacet
  facet normal 1.000000e+00 -1.116036e-15 0.000000e+00
    outer loop
      vertex   -4.931250e+00 -1.352813e+01 8.100000e+00
      vertex   -4.931250e+00 -1.114063e+01 8.100000e+00
      vertex   -4.931250e+00 -1.352813e+01 8.500000e+00
    endloop
  endfacet
  facet normal 1.000000e+00 -1.116036e-15 0.000000e+00
    outer loop
      vertex   -4.931250e+00 -1.352813e+01 8.500000e+00
      vertex   -4.931250e+00 -1.114063e+01 8.100000e+00
      vertex   -4.931250e+00 -1.114063e+01 8.500000e+00
    endloop
  endfacet
  facet normal 0.000000e+00 -1.000000e+00 0.000000e+00
    outer loop
      vertex   -6.518750e+00 -1.352813e+01 8.100000e+00
      vertex   -4.931250e+00 -1.352813e+01 8.100000e+00
      vertex   -6.518750e+00 -1.352813e+01 8.500000e+00
    endloop
  endfacet
  facet normal 0.000000e+00 -1.000000e+00 0.000000e+00
    outer loop
      vertex   -6.518750e+00 -1.352813e+01 8.500000e+00
      vertex   -4.931250e+00 -1.352813e+01 8.100000e+00
      vertex   -4.931250e+00 -1.352813e+01 8.500000e+00
    endloop
  endfacet
  facet normal 1.000000e+00 0.000000e+00 0.000000e+00
    outer loop
      vertex   -6.518750e+00 -1.551250e+01 8.100000e+00
      vertex   -6.518750e+00 -1.352813e+01 8.100000e+00
      vertex   -6.518750e+00 -1.551250e+01 8.500000e+00
    endloop
  endfacet
  facet normal 1.000000e+00 -0.000000e+00 0.000000e+00
    outer loop
      vertex   -6.518750e+00 -1.551250e+01 8.500000e+00
      vertex   -6.518750e+00 -1.352813e+01 8.100000e+00
      vertex   -6.518750e+00 -1.352813e+01 8.500000e+00
    endloop
  endfacet
  facet normal -0.000000e+00 4.312854e-16 1.000000e+00
    outer loop
      vertex   -8.756250e+00 -6.234375e+00 8.500000e+00
      vertex   -6.518750e+00 -1.035313e+01 8.500000e+00
      vertex   -7.462500e+00 -6.234375e+00 8.500000e+00
    endloop
  endfacet
  facet normal -1.934766e-16 3.869532e-16 1.000000e+00
    outer loop
      vertex   -7.462500e+00 -6.234375e+00 8.500000e+00
      vertex   -6.518750e+00 -1.035313e+01 8.500000e+00
      vertex   -3.343750e+00 -8.765625e+00 8.500000e+00
    endloop
  endfacet
  facet normal -3.879932e-16 7.044337e-17 1.000000e+00
    outer loop
      vertex   -7.462500e+00 -6.234375e+00 8.500000e+00
      vertex   -3.343750e+00 -8.765625e+00 8.500000e+00
      vertex   -2.550000e+00 -4.393750e+00 8.500000e+00
    endloop
  endfacet
  facet normal 0.000000e+00 0.000000e+00 1.000000e+00
    outer loop
      vertex   -2.550000e+00 -4.393750e+00 8.500000e+00
      vertex   -3.343750e+00 -8.765625e+00 8.500000e+00
      vertex   -1.756250e+00 -8.765625e+00 8.500000e+00
    endloop
  endfacet
  facet normal -0.000000e+00 0.000000e+00 1.000000e+00
    outer loop
      vertex   -2.550000e+00 -4.393750e+00 8.500000e+00
      vertex   -1.756250e+00 -8.765625e+00 8.500000e+00
      vertex   -1.756250e+00 -4.393750e+00 8.500000e+00
    endloop
  endfacet
  facet normal 1.882232e-15 0.000000e+00 1.000000e+00
    outer loop
      vertex   -8.756250e+00 -4.940625e+00 8.500000e+00
      vertex   -9.700000e+00 -4.393750e+00 8.500000e+00
      vertex   -8.756250e+00 -6.234375e+00 8.500000e+00
    endloop
  endfacet
  facet normal 0.000000e+00 -9.650835e-16 1.000000e+00
    outer loop
      vertex   -8.756250e+00 -6.234375e+00 8.500000e+00
      vertex   -9.700000e+00 -4.393750e+00 8.500000e+00
      vertex   -1.049375e+01 -4.393750e+00 8.500000e+00
    endloop
  endfacet
  facet normal 1.022364e-15 0.000000e+00 1.000000e+00
    outer loop
      vertex   -8.756250e+00 -6.234375e+00 8.500000e+00
      vertex   -1.049375e+01 -4.393750e+00 8.500000e+00
      vertex   -1.049375e+01 -9.553125e+00 8.500000e+00
    endloop
  endfacet
  facet normal 1.882232e-15 -0.000000e+00 1.000000e+00
    outer loop
      vertex   -9.700000e+00 -4.393750e+00 8.500000e+00
      vertex   -8.756250e+00 -4.940625e+00 8.500000e+00
      vertex   -9.700000e+00 -3.600000e+00 8.500000e+00
    endloop
  endfacet
  facet normal 0.000000e+00 -1.325021e-15 1.000000e+00
    outer loop
      vertex   -9.700000e+00 -3.600000e+00 8.500000e+00
      vertex   -8.756250e+00 -4.940625e+00 8.500000e+00
      vertex   -7.462500e+00 -4.940625e+00 8.500000e+00
    endloop
  endfacet
  facet normal -1.645952e-31 -1.325021e-15 1.000000e+00
    outer loop
      vertex   -9.700000e+00 -3.600000e+00 8.500000e+00
      vertex   -7.462500e+00 -4.940625e+00 8.500000e+00
      vertex   -2.550000e+00 -3.600000e+00 8.500000e+00
    endloop
  endfacet
  facet normal -3.615994e-16 1.011543e-30 1.000000e+00
    outer loop
      vertex   -2.550000e+00 -3.600000e+00 8.500000e+00
      vertex   -7.462500e+00 -4.940625e+00 8.500000e+00
      vertex   -2.550000e+00 -4.393750e+00 8.500000e+00
    endloop
  endfacet
  facet normal -3.615994e-16 0.000000e+00 1.000000e+00
    outer loop
      vertex   -2.550000e+00 -4.393750e+00 8.500000e+00
      vertex   -7.462500e+00 -4.940625e+00 8.500000e+00
      vertex   -7.462500e+00 -6.234375e+00 8.500000e+00
    endloop
  endfacet
  facet normal 0.000000e+00 -0.000000e+00 1.000000e+00
    outer loop
      vertex   -6.518750e+00 -1.551250e+01 8.500000e+00
      vertex   -6.518750e+00 -1.352813e+01 8.500000e+00
      vertex   -7.312500e+00 -1.551250e+01 8.500000e+00
    endloop
  endfacet
  facet normal 0.000000e+00 -0.000000e+00 1.000000e+00
    outer loop
      vertex   -7.312500e+00 -1.551250e+01 8.500000e+00
      vertex   -6.518750e+00 -1.352813e+01 8.500000e+00
      vertex   -1.128750e+01 -1.034688e+01 8.500000e+00
    endloop
  endfacet
  facet normal 0.000000e+00 0.000000e+00 1.000000e+00
    outer loop
      vertex   -7.312500e+00 -1.551250e+01 8.500000e+00
      vertex   -1.128750e+01 -1.034688e+01 8.500000e+00
      vertex   -1.247813e+01 -1.114063e+01 8.500000e+00
    endloop
  endfacet
  facet normal 0.000000e+00 0.000000e+00 1.000000e+00
    outer loop
      vertex   -1.247813e+01 -1.114063e+01 8.500000e+00
      vertex   -1.128750e+01 -1.034688e+01 8.500000e+00
      vertex   -1.247813e+01 -1.034688e+01 8.500000e+00
    endloop
  endfacet
  facet normal 0.000000e+00 0.000000e+00 1.000000e+00
    outer loop
      vertex   -1.128750e+01 -1.034688e+01 8.500000e+00
      vertex   -6.518750e+00 -1.352813e+01 8.500000e+00
      vertex   -6.518750e+00 -1.114063e+01 8.500000e+00
    endloop
  endfacet
  facet normal 0.000000e+00 0.000000e+00 1.000000e+00
    outer loop
      vertex   -6.518750e+00 -1.114063e+01 8.500000e+00
      vertex   -6.518750e+00 -1.352813e+01 8.500000e+00
      vertex   -4.931250e+00 -1.352813e+01 8.500000e+00
    endloop
  endfacet
  facet normal -0.000000e+00 0.000000e+00 1.000000e+00
    outer loop
      vertex   -6.518750e+00 -1.114063e+01 8.500000e+00
      vertex   -4.931250e+00 -1.352813e+01 8.500000e+00
      vertex   -4.931250e+00 -1.114063e+01 8.500000e+00
    endloop
  endfacet
  facet normal -0.000000e+00 0.000000e+00 1.000000e+00
    outer loop
      vertex   -1.128750e+01 -1.034688e+01 8.500000e+00
      vertex   -6.518750e+00 -1.114063e+01 8.500000e+00
      vertex   -1.049375e+01 -9.553125e+00 8.500000e+00
    endloop
  endfacet
  facet normal 0.000000e+00 0.000000e+00 1.000000e+00
    outer loop
      vertex   -1.049375e+01 -9.553125e+00 8.500000e+00
      vertex   -6.518750e+00 -1.114063e+01 8.500000e+00
      vertex   -6.518750e+00 -1.035313e+01 8.500000e+00
    endloop
  endfacet
  facet normal 9.745456e-17 4.842274e-16 1.000000e+00
    outer loop
      vertex   -1.049375e+01 -9.553125e+00 8.500000e+00
      vertex   -6.518750e+00 -1.035313e+01 8.500000e+00
      vertex   -8.756250e+00 -6.234375e+00 8.500000e+00
    endloop
  endfacet
  facet normal 0.000000e+00 0.000000e+00 1.000000e+00
    outer loop
      vertex   -6.518750e+00 -1.035313e+01 8.500000e+00
      vertex   -3.343750e+00 -1.035313e+01 8.500000e+00
      vertex   -3.343750e+00 -8.765625e+00 8.500000e+00
    endloop
  endfacet
  facet normal 0.000000e+00 0.000000e+00 1.000000e+00
    outer loop
      vertex   -1.049375e+01 -9.553125e+00 8.500000e+00
      vertex   -1.128750e+01 -9.553125e+00 8.500000e+00
      vertex   -1.128750e+01 -1.034688e+01 8.500000e+00
    endloop
  endfacet
  facet normal 0.000000e+00 0.000000e+00 1.000000e+00
    outer loop
      vertex   -1.366875e+01 -1.114062e+01 8.500000e+00
      vertex   -1.366875e+01 -1.193438e+01 8.500000e+00
      vertex   -1.247813e+01 -1.114063e+01 8.500000e+00
    endloop
  endfacet
  facet normal 0.000000e+00 0.000000e+00 1.000000e+00
    outer loop
      vertex   -1.247813e+01 -1.114063e+01 8.500000e+00
      vertex   -1.366875e+01 -1.193438e+01 8.500000e+00
      vertex   -8.900000e+00 -1.749688e+01 8.500000e+00
    endloop
  endfacet
  facet normal 0.000000e+00 0.000000e+00 1.000000e+00
    outer loop
      vertex   -1.247813e+01 -1.114063e+01 8.500000e+00
      vertex   -8.900000e+00 -1.749688e+01 8.500000e+00
      vertex   -8.106250e+00 -1.670313e+01 8.500000e+00
    endloop
  endfacet
  facet normal 0.000000e+00 0.000000e+00 1.000000e+00
    outer loop
      vertex   -8.106250e+00 -1.670313e+01 8.500000e+00
      vertex   -8.900000e+00 -1.749688e+01 8.500000e+00
      vertex   -8.106250e+00 -1.749687e+01 8.500000e+00
    endloop
  endfacet
  facet normal -0.000000e+00 0.000000e+00 1.000000e+00
    outer loop
      vertex   -1.446250e+01 -1.193438e+01 8.500000e+00
      vertex   -1.446250e+01 -1.272813e+01 8.500000e+00
      vertex   -1.366875e+01 -1.193438e+01 8.500000e+00
    endloop
  endfacet
  facet normal 0.000000e+00 0.000000e+00 1.000000e+00
    outer loop
      vertex   -1.366875e+01 -1.193438e+01 8.500000e+00
      vertex   -1.446250e+01 -1.272813e+01 8.500000e+00
      vertex   -8.900000e+00 -1.749688e+01 8.500000e+00
    endloop
  endfacet
  facet normal 0.000000e+00 0.000000e+00 1.000000e+00
    outer loop
      vertex   -1.525000e+01 -1.272812e+01 8.500000e+00
      vertex   -1.605000e+01 -1.670312e+01 8.500000e+00
      vertex   -1.446250e+01 -1.272813e+01 8.500000e+00
    endloop
  endfacet
  facet normal 0.000000e+00 0.000000e+00 1.000000e+00
    outer loop
      vertex   -1.446250e+01 -1.272813e+01 8.500000e+00
      vertex   -1.605000e+01 -1.670312e+01 8.500000e+00
      vertex   -1.525625e+01 -1.749688e+01 8.500000e+00
    endloop
  endfacet
  facet normal 0.000000e+00 0.000000e+00 1.000000e+00
    outer loop
      vertex   -1.446250e+01 -1.272813e+01 8.500000e+00
      vertex   -1.525625e+01 -1.749688e+01 8.500000e+00
      vertex   -1.446250e+01 -1.829062e+01 8.500000e+00
    endloop
  endfacet
  facet normal 0.000000e+00 0.000000e+00 1.000000e+00
    outer loop
      vertex   -1.446250e+01 -1.829062e+01 8.500000e+00
      vertex   -1.525625e+01 -1.749688e+01 8.500000e+00
      vertex   -1.525625e+01 -1.829062e+01 8.500000e+00
    endloop
  endfacet
  facet normal 0.000000e+00 0.000000e+00 1.000000e+00
    outer loop
      vertex   -1.525000e+01 -1.193437e+01 8.500000e+00
      vertex   -1.604375e+01 -1.193437e+01 8.500000e+00
      vertex   -1.525000e+01 -1.272812e+01 8.500000e+00
    endloop
  endfacet
  facet normal 0.000000e+00 0.000000e+00 1.000000e+00
    outer loop
      vertex   -1.525000e+01 -1.272812e+01 8.500000e+00
      vertex   -1.604375e+01 -1.193437e+01 8.500000e+00
      vertex   -1.763750e+01 -1.511563e+01 8.500000e+00
    endloop
  endfacet
  facet normal 0.000000e+00 0.000000e+00 1.000000e+00
    outer loop
      vertex   -1.525000e+01 -1.272812e+01 8.500000e+00
      vertex   -1.763750e+01 -1.511563e+01 8.500000e+00
      vertex   -1.684375e+01 -1.590937e+01 8.500000e+00
    endloop
  endfacet
  facet normal 0.000000e+00 0.000000e+00 1.000000e+00
    outer loop
      vertex   -1.684375e+01 -1.590937e+01 8.500000e+00
      vertex   -1.763750e+01 -1.511563e+01 8.500000e+00
      vertex   -1.763750e+01 -1.590937e+01 8.500000e+00
    endloop
  endfacet
  facet normal 0.000000e+00 0.000000e+00 1.000000e+00
    outer loop
      vertex   -1.604375e+01 -1.114063e+01 8.500000e+00
      vertex   -1.683750e+01 -1.114063e+01 8.500000e+00
      vertex   -1.604375e+01 -1.193437e+01 8.500000e+00
    endloop
  endfacet
  facet normal 0.000000e+00 0.000000e+00 1.000000e+00
    outer loop
      vertex   -1.604375e+01 -1.193437e+01 8.500000e+00
      vertex   -1.683750e+01 -1.114063e+01 8.500000e+00
      vertex   -1.763750e+01 -1.511563e+01 8.500000e+00
    endloop
  endfacet
  facet normal 0.000000e+00 0.000000e+00 1.000000e+00
    outer loop
      vertex   -1.683750e+01 -9.553125e+00 8.500000e+00
      vertex   -1.843125e+01 -9.553125e+00 8.500000e+00
      vertex   -1.683750e+01 -1.114063e+01 8.500000e+00
    endloop
  endfacet
  facet normal 0.000000e+00 0.000000e+00 1.000000e+00
    outer loop
      vertex   -1.683750e+01 -1.114063e+01 8.500000e+00
      vertex   -1.843125e+01 -9.553125e+00 8.500000e+00
      vertex   -1.843125e+01 -1.511563e+01 8.500000e+00
    endloop
  endfacet
  facet normal 0.000000e+00 0.000000e+00 1.000000e+00
    outer loop
      vertex   -1.683750e+01 -1.114063e+01 8.500000e+00
      vertex   -1.843125e+01 -1.511563e+01 8.500000e+00
      vertex   -1.763750e+01 -1.511563e+01 8.500000e+00
    endloop
  endfacet
  facet normal 0.000000e+00 0.000000e+00 1.000000e+00
    outer loop
      vertex   -1.684375e+01 -1.670312e+01 8.500000e+00
      vertex   -1.605000e+01 -1.670312e+01 8.500000e+00
      vertex   -1.684375e+01 -1.590937e+01 8.500000e+00
    endloop
  endfacet
  facet normal -0.000000e+00 0.000000e+00 1.000000e+00
    outer loop
      vertex   -1.684375e+01 -1.590937e+01 8.500000e+00
      vertex   -1.605000e+01 -1.670312e+01 8.500000e+00
      vertex   -1.525000e+01 -1.272812e+01 8.500000e+00
    endloop
  endfacet
  facet normal 0.000000e+00 0.000000e+00 1.000000e+00
    outer loop
      vertex   -1.605000e+01 -1.670312e+01 8.500000e+00
      vertex   -1.605000e+01 -1.749688e+01 8.500000e+00
      vertex   -1.525625e+01 -1.749688e+01 8.500000e+00
    endloop
  endfacet
  facet normal 0.000000e+00 0.000000e+00 1.000000e+00
    outer loop
      vertex   -1.446250e+01 -1.272813e+01 8.500000e+00
      vertex   -1.446250e+01 -1.829062e+01 8.500000e+00
      vertex   -1.207500e+01 -1.908438e+01 8.500000e+00
    endloop
  endfacet
  facet normal 0.000000e+00 0.000000e+00 1.000000e+00
    outer loop
      vertex   -1.207500e+01 -1.908438e+01 8.500000e+00
      vertex   -1.446250e+01 -1.829062e+01 8.500000e+00
      vertex   -1.446250e+01 -2.146563e+01 8.500000e+00
    endloop
  endfacet
  facet normal 0.000000e+00 0.000000e+00 1.000000e+00
    outer loop
      vertex   -1.207500e+01 -1.908438e+01 8.500000e+00
      vertex   -1.446250e+01 -2.146563e+01 8.500000e+00
      vertex   -1.207500e+01 -2.146563e+01 8.500000e+00
    endloop
  endfacet
  facet normal 0.000000e+00 0.000000e+00 1.000000e+00
    outer loop
      vertex   -1.446250e+01 -1.272813e+01 8.500000e+00
      vertex   -1.207500e+01 -1.908438e+01 8.500000e+00
      vertex   -8.900000e+00 -1.749688e+01 8.500000e+00
    endloop
  endfacet
  facet normal 0.000000e+00 0.000000e+00 1.000000e+00
    outer loop
      vertex   -8.900000e+00 -1.749688e+01 8.500000e+00
      vertex   -1.207500e+01 -1.908438e+01 8.500000e+00
      vertex   -1.049375e+01 -1.908438e+01 8.500000e+00
    endloop
  endfacet
  facet normal 0.000000e+00 0.000000e+00 1.000000e+00
    outer loop
      vertex   -8.900000e+00 -1.749688e+01 8.500000e+00
      vertex   -1.049375e+01 -1.908438e+01 8.500000e+00
      vertex   -8.900000e+00 -1.987188e+01 8.500000e+00
    endloop
  endfacet
  facet normal 0.000000e+00 0.000000e+00 1.000000e+00
    outer loop
      vertex   -8.900000e+00 -1.987188e+01 8.500000e+00
      vertex   -1.049375e+01 -1.908438e+01 8.500000e+00
      vertex   -1.049375e+01 -2.146563e+01 8.500000e+00
    endloop
  endfacet
  facet normal 0.000000e+00 0.000000e+00 1.000000e+00
    outer loop
      vertex   -8.900000e+00 -1.987188e+01 8.500000e+00
      vertex   -1.049375e+01 -2.146563e+01 8.500000e+00
      vertex   -8.106250e+00 -2.146563e+01 8.500000e+00
    endloop
  endfacet
  facet normal 0.000000e+00 -0.000000e+00 1.000000e+00
    outer loop
      vertex   -8.106250e+00 -2.146563e+01 8.500000e+00
      vertex   -8.106250e+00 -1.987188e+01 8.500000e+00
      vertex   -8.900000e+00 -1.987188e+01 8.500000e+00
    endloop
  endfacet
  facet normal 0.000000e+00 -0.000000e+00 1.000000e+00
    outer loop
      vertex   -7.312500e+00 -1.670313e+01 8.500000e+00
      vertex   -7.312500e+00 -1.551250e+01 8.500000e+00
      vertex   -8.106250e+00 -1.670313e+01 8.500000e+00
    endloop
  endfacet
  facet normal 0.000000e+00 -0.000000e+00 1.000000e+00
    outer loop
      vertex   -8.106250e+00 -1.670313e+01 8.500000e+00
      vertex   -7.312500e+00 -1.551250e+01 8.500000e+00
      vertex   -1.247813e+01 -1.114063e+01 8.500000e+00
    endloop
  endfacet
  facet normal -0.000000e+00 -4.312854e-16 -1.000000e+00
    outer loop
      vertex   -7.462500e+00 -6.234375e+00 8.100000e+00
      vertex   -6.518750e+00 -1.035313e+01 8.100000e+00
      vertex   -8.756250e+00 -6.234375e+00 8.100000e+00
    endloop
  endfacet
  facet normal -9.745456e-17 -4.842274e-16 -1.000000e+00
    outer loop
      vertex   -8.756250e+00 -6.234375e+00 8.100000e+00
      vertex   -6.518750e+00 -1.035313e+01 8.100000e+00
      vertex   -1.049375e+01 -9.553125e+00 8.100000e+00
    endloop
  endfacet
  facet normal -1.022364e-15 0.000000e+00 -1.000000e+00
    outer loop
      vertex   -8.756250e+00 -6.234375e+00 8.100000e+00
      vertex   -1.049375e+01 -9.553125e+00 8.100000e+00
      vertex   -1.049375e+01 -4.393750e+00 8.100000e+00
    endloop
  endfacet
  facet normal 3.615994e-16 0.000000e+00 -1.000000e+00
    outer loop
      vertex   -7.462500e+00 -4.940625e+00 8.100000e+00
      vertex   -2.550000e+00 -4.393750e+00 8.100000e+00
      vertex   -7.462500e+00 -6.234375e+00 8.100000e+00
    endloop
  endfacet
  facet normal 3.879932e-16 -7.044337e-17 -1.000000e+00
    outer loop
      vertex   -7.462500e+00 -6.234375e+00 8.100000e+00
      vertex   -2.550000e+00 -4.393750e+00 8.100000e+00
      vertex   -3.343750e+00 -8.765625e+00 8.100000e+00
    endloop
  endfacet
  facet normal 1.934766e-16 -3.869532e-16 -1.000000e+00
    outer loop
      vertex   -7.462500e+00 -6.234375e+00 8.100000e+00
      vertex   -3.343750e+00 -8.765625e+00 8.100000e+00
      vertex   -6.518750e+00 -1.035313e+01 8.100000e+00
    endloop
  endfacet
  facet normal 0.000000e+00 0.000000e+00 -1.000000e+00
    outer loop
      vertex   -6.518750e+00 -1.035313e+01 8.100000e+00
      vertex   -3.343750e+00 -8.765625e+00 8.100000e+00
      vertex   -3.343750e+00 -1.035313e+01 8.100000e+00
    endloop
  endfacet
  facet normal 0.000000e+00 1.325021e-15 -1.000000e+00
    outer loop
      vertex   -8.756250e+00 -4.940625e+00 8.100000e+00
      vertex   -9.700000e+00 -3.600000e+00 8.100000e+00
      vertex   -7.462500e+00 -4.940625e+00 8.100000e+00
    endloop
  endfacet
  facet normal 1.645952e-31 1.325021e-15 -1.000000e+00
    outer loop
      vertex   -7.462500e+00 -4.940625e+00 8.100000e+00
      vertex   -9.700000e+00 -3.600000e+00 8.100000e+00
      vertex   -2.550000e+00 -3.600000e+00 8.100000e+00
    endloop
  endfacet
  facet normal 3.615994e-16 -1.213851e-30 -1.000000e+00
    outer loop
      vertex   -7.462500e+00 -4.940625e+00 8.100000e+00
      vertex   -2.550000e+00 -3.600000e+00 8.100000e+00
      vertex   -2.550000e+00 -4.393750e+00 8.100000e+00
    endloop
  endfacet
  facet normal -1.882232e-15 -0.000000e+00 -1.000000e+00
    outer loop
      vertex   -9.700000e+00 -3.600000e+00 8.100000e+00
      vertex   -8.756250e+00 -4.940625e+00 8.100000e+00
      vertex   -9.700000e+00 -4.393750e+00 8.100000e+00
    endloop
  endfacet
  facet normal -1.882232e-15 0.000000e+00 -1.000000e+00
    outer loop
      vertex   -9.700000e+00 -4.393750e+00 8.100000e+00
      vertex   -8.756250e+00 -4.940625e+00 8.100000e+00
      vertex   -8.756250e+00 -6.234375e+00 8.100000e+00
    endloop
  endfacet
  facet normal 0.000000e+00 9.650835e-16 -1.000000e+00
    outer loop
      vertex   -9.700000e+00 -4.393750e+00 8.100000e+00
      vertex   -8.756250e+00 -6.234375e+00 8.100000e+00
      vertex   -1.049375e+01 -4.393750e+00 8.100000e+00
    endloop
  endfacet
  facet normal -0.000000e+00 0.000000e+00 -1.000000e+00
    outer loop
      vertex   -6.518750e+00 -1.551250e+01 8.100000e+00
      vertex   -7.312500e+00 -1.551250e+01 8.100000e+00
      vertex   -6.518750e+00 -1.352813e+01 8.100000e+00
    endloop
  endfacet
  facet normal -0.000000e+00 0.000000e+00 -1.000000e+00
    outer loop
      vertex   -6.518750e+00 -1.352813e+01 8.100000e+00
      vertex   -7.312500e+00 -1.551250e+01 8.100000e+00
      vertex   -1.128750e+01 -1.034688e+01 8.100000e+00
    endloop
  endfacet
  facet normal 0.000000e+00 0.000000e+00 -1.000000e+00
    outer loop
      vertex   -6.518750e+00 -1.352813e+01 8.100000e+00
      vertex   -1.128750e+01 -1.034688e+01 8.100000e+00
      vertex   -6.518750e+00 -1.114063e+01 8.100000e+00
    endloop
  endfacet
  facet normal 0.000000e+00 0.000000e+00 -1.000000e+00
    outer loop
      vertex   -6.518750e+00 -1.114063e+01 8.100000e+00
      vertex   -1.128750e+01 -1.034688e+01 8.100000e+00
      vertex   -1.049375e+01 -9.553125e+00 8.100000e+00
    endloop
  endfacet
  facet normal 0.000000e+00 0.000000e+00 -1.000000e+00
    outer loop
      vertex   -6.518750e+00 -1.114063e+01 8.100000e+00
      vertex   -1.049375e+01 -9.553125e+00 8.100000e+00
      vertex   -6.518750e+00 -1.035313e+01 8.100000e+00
    endloop
  endfacet
  facet normal 0.000000e+00 0.000000e+00 -1.000000e+00
    outer loop
      vertex   -7.312500e+00 -1.670313e+01 8.100000e+00
      vertex   -8.106250e+00 -1.670313e+01 8.100000e+00
      vertex   -7.312500e+00 -1.551250e+01 8.100000e+00
    endloop
  endfacet
  facet normal -0.000000e+00 0.000000e+00 -1.000000e+00
    outer loop
      vertex   -7.312500e+00 -1.551250e+01 8.100000e+00
      vertex   -8.106250e+00 -1.670313e+01 8.100000e+00
      vertex   -1.247813e+01 -1.114063e+01 8.100000e+00
    endloop
  endfacet
  facet normal 0.000000e+00 0.000000e+00 -1.000000e+00
    outer loop
      vertex   -7.312500e+00 -1.551250e+01 8.100000e+00
      vertex   -1.247813e+01 -1.114063e+01 8.100000e+00
      vertex   -1.128750e+01 -1.034688e+01 8.100000e+00
    endloop
  endfacet
  facet normal 0.000000e+00 0.000000e+00 -1.000000e+00
    outer loop
      vertex   -1.128750e+01 -1.034688e+01 8.100000e+00
      vertex   -1.247813e+01 -1.114063e+01 8.100000e+00
      vertex   -1.247813e+01 -1.034688e+01 8.100000e+00
    endloop
  endfacet
  facet normal -0.000000e+00 0.000000e+00 -1.000000e+00
    outer loop
      vertex   -8.106250e+00 -1.749687e+01 8.100000e+00
      vertex   -8.900000e+00 -1.749688e+01 8.100000e+00
      vertex   -8.106250e+00 -1.670313e+01 8.100000e+00
    endloop
  endfacet
  facet normal -0.000000e+00 0.000000e+00 -1.000000e+00
    outer loop
      vertex   -8.106250e+00 -1.670313e+01 8.100000e+00
      vertex   -8.900000e+00 -1.749688e+01 8.100000e+00
      vertex   -1.247813e+01 -1.114063e+01 8.100000e+00
    endloop
  endfacet
  facet normal 0.000000e+00 0.000000e+00 -1.000000e+00
    outer loop
      vertex   -8.900000e+00 -1.987188e+01 8.100000e+00
      vertex   -1.049375e+01 -1.908438e+01 8.100000e+00
      vertex   -8.900000e+00 -1.749688e+01 8.100000e+00
    endloop
  endfacet
  facet normal 0.000000e+00 0.000000e+00 -1.000000e+00
    outer loop
      vertex   -8.900000e+00 -1.749688e+01 8.100000e+00
      vertex   -1.049375e+01 -1.908438e+01 8.100000e+00
      vertex   -1.207500e+01 -1.908438e+01 8.100000e+00
    endloop
  endfacet
  facet normal -0.000000e+00 0.000000e+00 -1.000000e+00
    outer loop
      vertex   -8.900000e+00 -1.749688e+01 8.100000e+00
      vertex   -1.207500e+01 -1.908438e+01 8.100000e+00
      vertex   -1.446250e+01 -1.272813e+01 8.100000e+00
    endloop
  endfacet
  facet normal 0.000000e+00 -0.000000e+00 -1.000000e+00
    outer loop
      vertex   -1.446250e+01 -1.272813e+01 8.100000e+00
      vertex   -1.207500e+01 -1.908438e+01 8.100000e+00
      vertex   -1.446250e+01 -1.829062e+01 8.100000e+00
    endloop
  endfacet
  facet normal 0.000000e+00 0.000000e+00 -1.000000e+00
    outer loop
      vertex   -1.446250e+01 -1.272813e+01 8.100000e+00
      vertex   -1.446250e+01 -1.829062e+01 8.100000e+00
      vertex   -1.525625e+01 -1.749688e+01 8.100000e+00
    endloop
  endfacet
  facet normal 0.000000e+00 0.000000e+00 -1.000000e+00
    outer loop
      vertex   -1.525625e+01 -1.749688e+01 8.100000e+00
      vertex   -1.446250e+01 -1.829062e+01 8.100000e+00
      vertex   -1.525625e+01 -1.829062e+01 8.100000e+00
    endloop
  endfacet
  facet normal -0.000000e+00 -0.000000e+00 -1.000000e+00
    outer loop
      vertex   -8.106250e+00 -1.987188e+01 8.100000e+00
      vertex   -8.106250e+00 -2.146563e+01 8.100000e+00
      vertex   -8.900000e+00 -1.987188e+01 8.100000e+00
    endloop
  endfacet
  facet normal 0.000000e+00 -0.000000e+00 -1.000000e+00
    outer loop
      vertex   -8.900000e+00 -1.987188e+01 8.100000e+00
      vertex   -8.106250e+00 -2.146563e+01 8.100000e+00
      vertex   -1.049375e+01 -2.146563e+01 8.100000e+00
    endloop
  endfacet
  facet normal -0.000000e+00 0.000000e+00 -1.000000e+00
    outer loop
      vertex   -8.900000e+00 -1.987188e+01 8.100000e+00
      vertex   -1.049375e+01 -2.146563e+01 8.100000e+00
      vertex   -1.049375e+01 -1.908438e+01 8.100000e+00
    endloop
  endfacet
  facet normal 0.000000e+00 0.000000e+00 -1.000000e+00
    outer loop
      vertex   -1.207500e+01 -2.146563e+01 8.100000e+00
      vertex   -1.446250e+01 -2.146563e+01 8.100000e+00
      vertex   -1.207500e+01 -1.908438e+01 8.100000e+00
    endloop
  endfacet
  facet normal -0.000000e+00 0.000000e+00 -1.000000e+00
    outer loop
      vertex   -1.207500e+01 -1.908438e+01 8.100000e+00
      vertex   -1.446250e+01 -2.146563e+01 8.100000e+00
      vertex   -1.446250e+01 -1.829062e+01 8.100000e+00
    endloop
  endfacet
  facet normal 0.000000e+00 0.000000e+00 -1.000000e+00
    outer loop
      vertex   -1.605000e+01 -1.749688e+01 8.100000e+00
      vertex   -1.605000e+01 -1.670312e+01 8.100000e+00
      vertex   -1.525625e+01 -1.749688e+01 8.100000e+00
    endloop
  endfacet
  facet normal 0.000000e+00 0.000000e+00 -1.000000e+00
    outer loop
      vertex   -1.525625e+01 -1.749688e+01 8.100000e+00
      vertex   -1.605000e+01 -1.670312e+01 8.100000e+00
      vertex   -1.446250e+01 -1.272813e+01 8.100000e+00
    endloop
  endfacet
  facet normal 0.000000e+00 0.000000e+00 -1.000000e+00
    outer loop
      vertex   -1.684375e+01 -1.670312e+01 8.100000e+00
      vertex   -1.684375e+01 -1.590937e+01 8.100000e+00
      vertex   -1.605000e+01 -1.670312e+01 8.100000e+00
    endloop
  endfacet
  facet normal 0.000000e+00 0.000000e+00 -1.000000e+00
    outer loop
      vertex   -1.605000e+01 -1.670312e+01 8.100000e+00
      vertex   -1.684375e+01 -1.590937e+01 8.100000e+00
      vertex   -1.525000e+01 -1.272812e+01 8.100000e+00
    endloop
  endfacet
  facet normal 0.000000e+00 0.000000e+00 -1.000000e+00
    outer loop
      vertex   -1.605000e+01 -1.670312e+01 8.100000e+00
      vertex   -1.525000e+01 -1.272812e+01 8.100000e+00
      vertex   -1.446250e+01 -1.272813e+01 8.100000e+00
    endloop
  endfacet
  facet normal 0.000000e+00 0.000000e+00 -1.000000e+00
    outer loop
      vertex   -1.763750e+01 -1.590937e+01 8.100000e+00
      vertex   -1.763750e+01 -1.511563e+01 8.100000e+00
      vertex   -1.684375e+01 -1.590937e+01 8.100000e+00
    endloop
  endfacet
  facet normal 0.000000e+00 0.000000e+00 -1.000000e+00
    outer loop
      vertex   -1.684375e+01 -1.590937e+01 8.100000e+00
      vertex   -1.763750e+01 -1.511563e+01 8.100000e+00
      vertex   -1.525000e+01 -1.272812e+01 8.100000e+00
    endloop
  endfacet
  facet normal 0.000000e+00 0.000000e+00 -1.000000e+00
    outer loop
      vertex   -1.843125e+01 -1.511563e+01 8.100000e+00
      vertex   -1.683750e+01 -1.114063e+01 8.100000e+00
      vertex   -1.763750e+01 -1.511563e+01 8.100000e+00
    endloop
  endfacet
  facet normal 0.000000e+00 0.000000e+00 -1.000000e+00
    outer loop
      vertex   -1.763750e+01 -1.511563e+01 8.100000e+00
      vertex   -1.683750e+01 -1.114063e+01 8.100000e+00
      vertex   -1.604375e+01 -1.193437e+01 8.100000e+00
    endloop
  endfacet
  facet normal 0.000000e+00 0.000000e+00 -1.000000e+00
    outer loop
      vertex   -1.763750e+01 -1.511563e+01 8.100000e+00
      vertex   -1.604375e+01 -1.193437e+01 8.100000e+00
      vertex   -1.525000e+01 -1.272812e+01 8.100000e+00
    endloop
  endfacet
  facet normal 0.000000e+00 0.000000e+00 -1.000000e+00
    outer loop
      vertex   -1.525000e+01 -1.272812e+01 8.100000e+00
      vertex   -1.604375e+01 -1.193437e+01 8.100000e+00
      vertex   -1.525000e+01 -1.193437e+01 8.100000e+00
    endloop
  endfacet
  facet normal 0.000000e+00 0.000000e+00 -1.000000e+00
    outer loop
      vertex   -1.843125e+01 -1.511563e+01 8.100000e+00
      vertex   -1.843125e+01 -9.553125e+00 8.100000e+00
      vertex   -1.683750e+01 -1.114063e+01 8.100000e+00
    endloop
  endfacet
  facet normal 0.000000e+00 0.000000e+00 -1.000000e+00
    outer loop
      vertex   -1.683750e+01 -1.114063e+01 8.100000e+00
      vertex   -1.843125e+01 -9.553125e+00 8.100000e+00
      vertex   -1.683750e+01 -9.553125e+00 8.100000e+00
    endloop
  endfacet
  facet normal 0.000000e+00 0.000000e+00 -1.000000e+00
    outer loop
      vertex   -1.683750e+01 -1.114063e+01 8.100000e+00
      vertex   -1.604375e+01 -1.114063e+01 8.100000e+00
      vertex   -1.604375e+01 -1.193437e+01 8.100000e+00
    endloop
  endfacet
  facet normal 0.000000e+00 -0.000000e+00 -1.000000e+00
    outer loop
      vertex   -1.446250e+01 -1.193438e+01 8.100000e+00
      vertex   -1.366875e+01 -1.193438e+01 8.100000e+00
      vertex   -1.446250e+01 -1.272813e+01 8.100000e+00
    endloop
  endfacet
  facet normal 0.000000e+00 0.000000e+00 -1.000000e+00
    outer loop
      vertex   -1.446250e+01 -1.272813e+01 8.100000e+00
      vertex   -1.366875e+01 -1.193438e+01 8.100000e+00
      vertex   -8.900000e+00 -1.749688e+01 8.100000e+00
    endloop
  endfacet
  facet normal 0.000000e+00 0.000000e+00 -1.000000e+00
    outer loop
      vertex   -1.366875e+01 -1.114062e+01 8.100000e+00
      vertex   -1.247813e+01 -1.114063e+01 8.100000e+00
      vertex   -1.366875e+01 -1.193438e+01 8.100000e+00
    endloop
  endfacet
  facet normal 0.000000e+00 0.000000e+00 -1.000000e+00
    outer loop
      vertex   -1.366875e+01 -1.193438e+01 8.100000e+00
      vertex   -1.247813e+01 -1.114063e+01 8.100000e+00
      vertex   -8.900000e+00 -1.749688e+01 8.100000e+00
    endloop
  endfacet
  facet normal 0.000000e+00 0.000000e+00 -1.000000e+00
    outer loop
      vertex   -1.128750e+01 -1.034688e+01 8.100000e+00
      vertex   -1.128750e+01 -9.553125e+00 8.100000e+00
      vertex   -1.049375e+01 -9.553125e+00 8.100000e+00
    endloop
  endfacet
  facet normal -0.000000e+00 -0.000000e+00 -1.000000e+00
    outer loop
      vertex   -1.756250e+00 -4.393750e+00 8.100000e+00
      vertex   -1.756250e+00 -8.765625e+00 8.100000e+00
      vertex   -2.550000e+00 -4.393750e+00 8.100000e+00
    endloop
  endfacet
  facet normal 0.000000e+00 -0.000000e+00 -1.000000e+00
    outer loop
      vertex   -2.550000e+00 -4.393750e+00 8.100000e+00
      vertex   -1.756250e+00 -8.765625e+00 8.100000e+00
      vertex   -3.343750e+00 -8.765625e+00 8.100000e+00
    endloop
  endfacet
  facet normal -0.000000e+00 0.000000e+00 -1.000000e+00
    outer loop
      vertex   -4.931250e+00 -1.114063e+01 8.100000e+00
      vertex   -4.931250e+00 -1.352813e+01 8.100000e+00
      vertex   -6.518750e+00 -1.114063e+01 8.100000e+00
    endloop
  endfacet
  facet normal 0.000000e+00 0.000000e+00 -1.000000e+00
    outer loop
      vertex   -6.518750e+00 -1.114063e+01 8.100000e+00
      vertex   -4.931250e+00 -1.352813e+01 8.100000e+00
      vertex   -6.518750e+00 -1.352813e+01 8.100000e+00
    endloop
  endfacet
  facet normal -1.000000e+00 -4.475860e-15 0.000000e+00
    outer loop
      vertex   -5.728125e+00 -2.027188e+01 8.100000e+00
      vertex   -5.728125e+00 -2.066875e+01 8.100000e+00
      vertex   -5.728125e+00 -2.027188e+01 8.500000e+00
    endloop
  endfacet
  facet normal -1.000000e+00 -4.475860e-15 0.000000e+00
    outer loop
      vertex   -5.728125e+00 -2.027188e+01 8.500000e+00
      vertex   -5.728125e+00 -2.066875e+01 8.100000e+00
      vertex   -5.728125e+00 -2.066875e+01 8.500000e+00
    endloop
  endfacet
  facet normal 0.000000e+00 1.000000e+00 -0.000000e+00
    outer loop
      vertex   -5.331250e+00 -2.027188e+01 8.100000e+00
      vertex   -5.728125e+00 -2.027188e+01 8.100000e+00
      vertex   -5.331250e+00 -2.027188e+01 8.500000e+00
    endloop
  endfacet
  facet normal 0.000000e+00 1.000000e+00 0.000000e+00
    outer loop
      vertex   -5.331250e+00 -2.027188e+01 8.500000e+00
      vertex   -5.728125e+00 -2.027188e+01 8.100000e+00
      vertex   -5.728125e+00 -2.027188e+01 8.500000e+00
    endloop
  endfacet
  facet normal 1.000000e+00 2.237930e-15 -0.000000e+00
    outer loop
      vertex   -5.331250e+00 -2.066875e+01 8.100000e+00
      vertex   -5.331250e+00 -2.027188e+01 8.100000e+00
      vertex   -5.331250e+00 -2.066875e+01 8.500000e+00
    endloop
  endfacet
  facet normal 1.000000e+00 2.237930e-15 0.000000e+00
    outer loop
      vertex   -5.331250e+00 -2.066875e+01 8.500000e+00
      vertex   -5.331250e+00 -2.027188e+01 8.100000e+00
      vertex   -5.331250e+00 -2.027188e+01 8.500000e+00
    endloop
  endfacet
  facet normal 8.951720e-15 -1.000000e+00 0.000000e+00
    outer loop
      vertex   -5.728125e+00 -2.066875e+01 8.100000e+00
      vertex   -5.331250e+00 -2.066875e+01 8.100000e+00
      vertex   -5.728125e+00 -2.066875e+01 8.500000e+00
    endloop
  endfacet
  facet normal 8.951720e-15 -1.000000e+00 0.000000e+00
    outer loop
      vertex   -5.728125e+00 -2.066875e+01 8.500000e+00
      vertex   -5.331250e+00 -2.066875e+01 8.100000e+00
      vertex   -5.331250e+00 -2.066875e+01 8.500000e+00
    endloop
  endfacet
  facet normal 0.000000e+00 -0.000000e+00 1.000000e+00
    outer loop
      vertex   -5.728125e+00 -2.066875e+01 8.500000e+00
      vertex   -5.331250e+00 -2.066875e+01 8.500000e+00
      vertex   -5.728125e+00 -2.027188e+01 8.500000e+00
    endloop
  endfacet
  facet normal -0.000000e+00 0.000000e+00 1.000000e+00
    outer loop
      vertex   -5.728125e+00 -2.027188e+01 8.500000e+00
      vertex   -5.331250e+00 -2.066875e+01 8.500000e+00
      vertex   -5.331250e+00 -2.027188e+01 8.500000e+00
    endloop
  endfacet
  facet normal -0.000000e+00 0.000000e+00 -1.000000e+00
    outer loop
      vertex   -5.331250e+00 -2.066875e+01 8.100000e+00
      vertex   -5.728125e+00 -2.066875e+01 8.100000e+00
      vertex   -5.331250e+00 -2.027188e+01 8.100000e+00
    endloop
  endfacet
  facet normal -0.000000e+00 0.000000e+00 -1.000000e+00
    outer loop
      vertex   -5.331250e+00 -2.027188e+01 8.100000e+00
      vertex   -5.728125e+00 -2.066875e+01 8.100000e+00
      vertex   -5.728125e+00 -2.027188e+01 8.100000e+00
    endloop
  endfacet
  facet normal -1.000000e+00 -1.398706e-15 0.000000e+00
    outer loop
      vertex   -1.718750e-01 -1.908125e+01 8.100000e+00
      vertex   -1.718750e-01 -1.947813e+01 8.100000e+00
      vertex   -1.718750e-01 -1.908125e+01 8.500000e+00
    endloop
  endfacet
  facet normal -1.000000e+00 -1.398706e-15 0.000000e+00
    outer loop
      vertex   -1.718750e-01 -1.908125e+01 8.500000e+00
      vertex   -1.718750e-01 -1.947813e+01 8.100000e+00
      vertex   -1.718750e-01 -1.947813e+01 8.500000e+00
    endloop
  endfacet
  facet normal 0.000000e+00 1.000000e+00 -0.000000e+00
    outer loop
      vertex   1.018750e+00 -1.908125e+01 8.100000e+00
      vertex   -1.718750e-01 -1.908125e+01 8.100000e+00
      vertex   1.018750e+00 -1.908125e+01 8.500000e+00
    endloop
  endfacet
  facet normal 0.000000e+00 1.000000e+00 0.000000e+00
    outer loop
      vertex   1.018750e+00 -1.908125e+01 8.500000e+00
      vertex   -1.718750e-01 -1.908125e+01 8.100000e+00
      vertex   -1.718750e-01 -1.908125e+01 8.500000e+00
    endloop
  endfacet
  facet normal 1.000000e+00 1.118965e-15 -0.000000e+00
    outer loop
      vertex   1.018750e+00 -1.947813e+01 8.100000e+00
      vertex   1.018750e+00 -1.908125e+01 8.100000e+00
      vertex   1.018750e+00 -1.947813e+01 8.500000e+00
    endloop
  endfacet
  facet normal 1.000000e+00 1.118965e-15 0.000000e+00
    outer loop
      vertex   1.018750e+00 -1.947813e+01 8.500000e+00
      vertex   1.018750e+00 -1.908125e+01 8.100000e+00
      vertex   1.018750e+00 -1.908125e+01 8.500000e+00
    endloop
  endfacet
  facet normal 0.000000e+00 -1.000000e+00 0.000000e+00
    outer loop
      vertex   -1.718750e-01 -1.947813e+01 8.100000e+00
      vertex   1.018750e+00 -1.947813e+01 8.100000e+00
      vertex   -1.718750e-01 -1.947813e+01 8.500000e+00
    endloop
  endfacet
  facet normal 0.000000e+00 -1.000000e+00 0.000000e+00
    outer loop
      vertex   -1.718750e-01 -1.947813e+01 8.500000e+00
      vertex   1.018750e+00 -1.947813e+01 8.100000e+00
      vertex   1.018750e+00 -1.947813e+01 8.500000e+00
    endloop
  endfacet
  facet normal 0.000000e+00 -0.000000e+00 1.000000e+00
    outer loop
      vertex   -1.718750e-01 -1.947813e+01 8.500000e+00
      vertex   1.018750e+00 -1.947813e+01 8.500000e+00
      vertex   -1.718750e-01 -1.908125e+01 8.500000e+00
    endloop
  endfacet
  facet normal -0.000000e+00 0.000000e+00 1.000000e+00
    outer loop
      vertex   -1.718750e-01 -1.908125e+01 8.500000e+00
      vertex   1.018750e+00 -1.947813e+01 8.500000e+00
      vertex   1.018750e+00 -1.908125e+01 8.500000e+00
    endloop
  endfacet
  facet normal 0.000000e+00 0.000000e+00 -1.000000e+00
    outer loop
      vertex   1.018750e+00 -1.947813e+01 8.100000e+00
      vertex   -1.718750e-01 -1.947813e+01 8.100000e+00
      vertex   1.018750e+00 -1.908125e+01 8.100000e+00
    endloop
  endfacet
  facet normal -0.000000e+00 0.000000e+00 -1.000000e+00
    outer loop
      vertex   1.018750e+00 -1.908125e+01 8.100000e+00
      vertex   -1.718750e-01 -1.947813e+01 8.100000e+00
      vertex   -1.718750e-01 -1.908125e+01 8.100000e+00
    endloop
  endfacet
  facet normal -1.000000e+00 0.000000e+00 0.000000e+00
    outer loop
      vertex   -1.961875e+01 -1.947812e+01 8.100000e+00
      vertex   -1.961875e+01 -1.987500e+01 8.100000e+00
      vertex   -1.961875e+01 -1.947812e+01 8.500000e+00
    endloop
  endfacet
  facet normal -1.000000e+00 -0.000000e+00 0.000000e+00
    outer loop
      vertex   -1.961875e+01 -1.947812e+01 8.500000e+00
      vertex   -1.961875e+01 -1.987500e+01 8.100000e+00
      vertex   -1.961875e+01 -1.987500e+01 8.500000e+00
    endloop
  endfacet
  facet normal 0.000000e+00 1.000000e+00 -0.000000e+00
    outer loop
      vertex   -1.803125e+01 -1.947812e+01 8.100000e+00
      vertex   -1.961875e+01 -1.947812e+01 8.100000e+00
      vertex   -1.803125e+01 -1.947812e+01 8.500000e+00
    endloop
  endfacet
  facet normal 0.000000e+00 1.000000e+00 0.000000e+00
    outer loop
      vertex   -1.803125e+01 -1.947812e+01 8.500000e+00
      vertex   -1.961875e+01 -1.947812e+01 8.100000e+00
      vertex   -1.961875e+01 -1.947812e+01 8.500000e+00
    endloop
  endfacet
  facet normal 1.000000e+00 0.000000e+00 0.000000e+00
    outer loop
      vertex   -1.803125e+01 -1.987500e+01 8.100000e+00
      vertex   -1.803125e+01 -1.947812e+01 8.100000e+00
      vertex   -1.803125e+01 -1.987500e+01 8.500000e+00
    endloop
  endfacet
  facet normal 1.000000e+00 -0.000000e+00 0.000000e+00
    outer loop
      vertex   -1.803125e+01 -1.987500e+01 8.500000e+00
      vertex   -1.803125e+01 -1.947812e+01 8.100000e+00
      vertex   -1.803125e+01 -1.947812e+01 8.500000e+00
    endloop
  endfacet
  facet normal 2.237930e-15 -1.000000e+00 0.000000e+00
    outer loop
      vertex   -1.961875e+01 -1.987500e+01 8.100000e+00
      vertex   -1.803125e+01 -1.987500e+01 8.100000e+00
      vertex   -1.961875e+01 -1.987500e+01 8.500000e+00
    endloop
  endfacet
  facet normal 2.237930e-15 -1.000000e+00 0.000000e+00
    outer loop
      vertex   -1.961875e+01 -1.987500e+01 8.500000e+00
      vertex   -1.803125e+01 -1.987500e+01 8.100000e+00
      vertex   -1.803125e+01 -1.987500e+01 8.500000e+00
    endloop
  endfacet
  facet normal 0.000000e+00 0.000000e+00 1.000000e+00
    outer loop
      vertex   -1.961875e+01 -1.987500e+01 8.500000e+00
      vertex   -1.803125e+01 -1.987500e+01 8.500000e+00
      vertex   -1.961875e+01 -1.947812e+01 8.500000e+00
    endloop
  endfacet
  facet normal -0.000000e+00 0.000000e+00 1.000000e+00
    outer loop
      vertex   -1.961875e+01 -1.947812e+01 8.500000e+00
      vertex   -1.803125e+01 -1.987500e+01 8.500000e+00
      vertex   -1.803125e+01 -1.947812e+01 8.500000e+00
    endloop
  endfacet
  facet normal -0.000000e+00 0.000000e+00 -1.000000e+00
    outer loop
      vertex   -1.803125e+01 -1.987500e+01 8.100000e+00
      vertex   -1.961875e+01 -1.987500e+01 8.100000e+00
      vertex   -1.803125e+01 -1.947812e+01 8.100000e+00
    endloop
  endfacet
  facet normal -0.000000e+00 0.000000e+00 -1.000000e+00
    outer loop
      vertex   -1.803125e+01 -1.947812e+01 8.100000e+00
      vertex   -1.961875e+01 -1.987500e+01 8.100000e+00
      vertex   -1.961875e+01 -1.947812e+01 8.100000e+00
    endloop
  endfacet
  facet normal -1.000000e+00 1.790344e-14 0.000000e+00
    outer loop
      vertex   -2.200000e+01 -1.789062e+01 8.100000e+00
      vertex   -2.200000e+01 -1.828750e+01 8.100000e+00
      vertex   -2.200000e+01 -1.789062e+01 8.500000e+00
    endloop
  endfacet
  facet normal -1.000000e+00 1.790344e-14 0.000000e+00
    outer loop
      vertex   -2.200000e+01 -1.789062e+01 8.500000e+00
      vertex   -2.200000e+01 -1.828750e+01 8.100000e+00
      vertex   -2.200000e+01 -1.828750e+01 8.500000e+00
    endloop
  endfacet
  facet normal 0.000000e+00 1.000000e+00 -0.000000e+00
    outer loop
      vertex   -1.565000e+01 -1.789062e+01 8.100000e+00
      vertex   -2.200000e+01 -1.789062e+01 8.100000e+00
      vertex   -1.565000e+01 -1.789062e+01 8.500000e+00
    endloop
  endfacet
  facet normal 0.000000e+00 1.000000e+00 0.000000e+00
    outer loop
      vertex   -1.565000e+01 -1.789062e+01 8.500000e+00
      vertex   -2.200000e+01 -1.789062e+01 8.100000e+00
      vertex   -2.200000e+01 -1.789062e+01 8.500000e+00
    endloop
  endfacet
  facet normal 1.000000e+00 -1.342758e-14 0.000000e+00
    outer loop
      vertex   -1.565000e+01 -1.828750e+01 8.100000e+00
      vertex   -1.565000e+01 -1.789062e+01 8.100000e+00
      vertex   -1.565000e+01 -1.828750e+01 8.500000e+00
    endloop
  endfacet
  facet normal 1.000000e+00 -1.342758e-14 0.000000e+00
    outer loop
      vertex   -1.565000e+01 -1.828750e+01 8.500000e+00
      vertex   -1.565000e+01 -1.789062e+01 8.100000e+00
      vertex   -1.565000e+01 -1.789062e+01 8.500000e+00
    endloop
  endfacet
  facet normal -5.594825e-16 -1.000000e+00 0.000000e+00
    outer loop
      vertex   -2.200000e+01 -1.828750e+01 8.100000e+00
      vertex   -1.565000e+01 -1.828750e+01 8.100000e+00
      vertex   -2.200000e+01 -1.828750e+01 8.500000e+00
    endloop
  endfacet
  facet normal -5.594825e-16 -1.000000e+00 0.000000e+00
    outer loop
      vertex   -2.200000e+01 -1.828750e+01 8.500000e+00
      vertex   -1.565000e+01 -1.828750e+01 8.100000e+00
      vertex   -1.565000e+01 -1.828750e+01 8.500000e+00
    endloop
  endfacet
  facet normal -0.000000e+00 0.000000e+00 1.000000e+00
    outer loop
      vertex   -2.200000e+01 -1.828750e+01 8.500000e+00
      vertex   -1.565000e+01 -1.828750e+01 8.500000e+00
      vertex   -2.200000e+01 -1.789062e+01 8.500000e+00
    endloop
  endfacet
  facet normal -0.000000e+00 0.000000e+00 1.000000e+00
    outer loop
      vertex   -2.200000e+01 -1.789062e+01 8.500000e+00
      vertex   -1.565000e+01 -1.828750e+01 8.500000e+00
      vertex   -1.565000e+01 -1.789062e+01 8.500000e+00
    endloop
  endfacet
  facet normal 0.000000e+00 0.000000e+00 -1.000000e+00
    outer loop
      vertex   -1.565000e+01 -1.828750e+01 8.100000e+00
      vertex   -2.200000e+01 -1.828750e+01 8.100000e+00
      vertex   -1.565000e+01 -1.789062e+01 8.100000e+00
    endloop
  endfacet
  facet normal -0.000000e+00 0.000000e+00 -1.000000e+00
    outer loop
      vertex   -1.565000e+01 -1.789062e+01 8.100000e+00
      vertex   -2.200000e+01 -1.828750e+01 8.100000e+00
      vertex   -2.200000e+01 -1.789062e+01 8.100000e+00
    endloop
  endfacet
endsolid
